date_time,temp_c,dew_point_temp_c,rel_hum_%,wind_speed_km_h,visibility_km,press_kpa,weather,month,temp_next_hour,predicted_temp
2012-01-01 00:00:00,-1.8,-3.9,86,4,8.0,101.24,Fog,1,-1.8,
2012-01-01 01:00:00,-1.8,-3.7,87,4,8.0,101.24,Fog,1,-1.8,
2012-01-01 02:00:00,-1.8,-3.4,89,7,4.0,101.26,"Freezing Drizzle,Fog",1,-1.5,
2012-01-01 03:00:00,-1.5,-3.2,88,6,4.0,101.27,"Freezing Drizzle,Fog",1,-1.5,
2012-01-01 04:00:00,-1.5,-3.3,88,7,4.8,101.23,Fog,1,-1.4,
2012-01-01 05:00:00,-1.4,-3.3,87,9,6.4,101.27,Fog,1,-1.5,
2012-01-01 06:00:00,-1.5,-3.1,89,7,6.4,101.29,Fog,1,-1.4,
2012-01-01 07:00:00,-1.4,-3.6,85,7,8.0,101.26,Fog,1,-1.4,
2012-01-01 08:00:00,-1.4,-3.6,85,9,8.0,101.23,Fog,1,-1.3,
2012-01-01 09:00:00,-1.3,-3.1,88,15,4.0,101.2,Fog,1,-1.0,
2012-01-01 10:00:00,-1.0,-2.3,91,9,1.2,101.15,Fog,1,-0.5,
2012-01-01 11:00:00,-0.5,-2.1,89,7,4.0,100.98,Fog,1,-0.2,
2012-01-01 12:00:00,-0.2,-2.0,88,9,4.8,100.79,Fog,1,0.2,
2012-01-01 13:00:00,0.2,-1.7,87,13,4.8,100.58,Fog,1,0.8,
2012-01-01 14:00:00,0.8,-1.1,87,20,4.8,100.31,Fog,1,1.8,
2012-01-01 15:00:00,1.8,-0.4,85,22,6.4,100.07,Fog,1,2.6,
2012-01-01 16:00:00,2.6,-0.2,82,13,12.9,99.93,Mostly Cloudy,1,3.0,
2012-01-01 17:00:00,3.0,0.0,81,13,16.1,99.81,Cloudy,1,3.8,
2012-01-01 18:00:00,3.8,1.0,82,15,12.9,99.74,Rain,1,3.1,
2012-01-01 19:00:00,3.1,1.3,88,15,12.9,99.68,Rain,1,3.2,
2012-01-01 20:00:00,3.2,1.3,87,19,25.0,99.5,Cloudy,1,4.0,
2012-01-01 21:00:00,4.0,1.7,85,20,25.0,99.39,Cloudy,1,4.4,
2012-01-01 22:00:00,4.4,1.9,84,24,19.3,99.32,Rain Showers,1,5.3,
2012-01-01 23:00:00,5.3,2.0,79,30,25.0,99.31,Cloudy,1,5.2,
2012-01-02 00:00:00,5.2,1.5,77,35,25.0,99.26,Rain Showers,1,4.6,
2012-01-02 01:00:00,4.6,0.0,72,39,25.0,99.26,Cloudy,1,3.9,
2012-01-02 02:00:00,3.9,-0.9,71,32,25.0,99.26,Mostly Cloudy,1,3.7,
2012-01-02 03:00:00,3.7,-1.5,69,33,25.0,99.3,Mostly Cloudy,1,2.9,
2012-01-02 04:00:00,2.9,-2.3,69,32,25.0,99.26,Mostly Cloudy,1,2.6,
2012-01-02 05:00:00,2.6,-2.3,70,32,25.0,99.21,Mostly Cloudy,1,2.3,
2012-01-02 06:00:00,2.3,-2.6,70,26,25.0,99.18,Mostly Cloudy,1,2.0,
2012-01-02 07:00:00,2.0,-2.9,70,33,25.0,99.14,Mostly Cloudy,1,1.9,
2012-01-02 08:00:00,1.9,-3.3,68,39,24.1,99.14,Mostly Cloudy,1,1.8,
2012-01-02 09:00:00,1.8,-3.7,67,44,24.1,99.14,Mostly Cloudy,1,1.5,
2012-01-02 10:00:00,1.5,-4.1,66,43,24.1,99.18,Mostly Cloudy,1,2.2,
2012-01-02 11:00:00,2.2,-3.5,66,30,24.1,99.19,Mostly Cloudy,1,1.7,
2012-01-02 12:00:00,1.7,-6.2,56,48,24.1,99.21,Mainly Clear,1,1.1,
2012-01-02 13:00:00,1.1,-6.5,57,37,24.1,99.27,Mostly Cloudy,1,1.1,
2012-01-02 14:00:00,1.1,-6.8,56,33,24.1,99.33,Mostly Cloudy,1,0.0,
2012-01-02 15:00:00,0.0,-7.0,59,33,24.1,99.41,Mostly Cloudy,1,-0.7,
2012-01-02 16:00:00,-0.7,-8.7,55,24,24.1,99.5,Mostly Cloudy,1,-2.1,
2012-01-02 17:00:00,-2.1,-9.5,57,22,25.0,99.66,Snow Showers,1,-4.1,
2012-01-02 18:00:00,-4.1,-11.4,57,28,25.0,99.86,Mostly Cloudy,1,-4.8,
2012-01-02 19:00:00,-4.8,-12.1,57,24,25.0,100.0,Mostly Cloudy,1,-5.6,
2012-01-02 20:00:00,-5.6,-13.4,54,24,25.0,100.07,Snow Showers,1,-5.8,
2012-01-02 21:00:00,-5.8,-12.8,58,26,25.0,100.15,Snow Showers,1,-7.0,
2012-01-02 22:00:00,-7.0,-14.7,54,20,25.0,100.26,Cloudy,1,-7.4,
2012-01-02 23:00:00,-7.4,-14.1,59,17,19.3,100.27,Snow Showers,1,-9.0,
2012-01-03 00:00:00,-9.0,-16.0,57,28,25.0,100.35,Snow Showers,1,-9.7,
2012-01-03 01:00:00,-9.7,-17.2,54,20,25.0,100.43,Cloudy,1,-10.5,
2012-01-03 02:00:00,-10.5,-15.8,65,22,12.9,100.53,Snow Showers,1,-11.3,
2012-01-03 03:00:00,-11.3,-18.7,54,33,25.0,100.61,Snow Showers,1,-12.6,
2012-01-03 04:00:00,-12.6,-20.1,53,24,25.0,100.68,Cloudy,1,-12.9,
2012-01-03 05:00:00,-12.9,-19.1,60,22,25.0,100.76,Snow Showers,1,-13.3,
2012-01-03 06:00:00,-13.3,-19.3,61,19,25.0,100.85,Snow Showers,1,-14.0,
2012-01-03 07:00:00,-14.0,-19.5,63,19,25.0,100.95,Snow,1,-14.8,
2012-01-03 08:00:00,-14.8,-21.3,58,26,24.1,101.07,Mostly Cloudy,1,-15.0,
2012-01-03 09:00:00,-15.0,-21.9,56,19,24.1,101.2,Mostly Cloudy,1,-15.3,
2012-01-03 10:00:00,-15.3,-22.2,56,24,24.1,101.29,Cloudy,1,-14.9,
2012-01-03 11:00:00,-14.9,-22.2,54,22,24.1,101.33,Mostly Cloudy,1,-14.9,
2012-01-03 12:00:00,-14.9,-22.6,52,20,24.1,101.34,Mainly Clear,1,-15.1,
2012-01-03 13:00:00,-15.1,-22.4,54,22,24.1,101.34,Mainly Clear,1,-14.9,
2012-01-03 14:00:00,-14.9,-22.9,50,22,24.1,101.38,Mainly Clear,1,-14.8,
2012-01-03 15:00:00,-14.8,-22.2,53,19,24.1,101.44,Mainly Clear,1,-15.3,
2012-01-03 16:00:00,-15.3,-22.9,52,22,24.1,101.51,Mainly Clear,1,-15.8,
2012-01-03 17:00:00,-15.8,-23.2,53,22,24.1,101.58,Mainly Clear,1,-16.3,
2012-01-03 18:00:00,-16.3,-23.8,52,24,25.0,101.64,Mainly Clear,1,-16.9,
2012-01-03 19:00:00,-16.9,-24.8,50,24,25.0,101.74,Clear,1,-17.3,
2012-01-03 20:00:00,-17.3,-25.4,49,24,25.0,101.82,Mainly Clear,1,-17.0,
2012-01-03 21:00:00,-17.0,-24.6,52,15,25.0,101.86,Mostly Cloudy,1,-17.1,
2012-01-03 22:00:00,-17.1,-24.6,52,20,25.0,101.86,Mostly Cloudy,1,-17.3,
2012-01-03 23:00:00,-17.3,-24.2,55,17,25.0,101.87,Mostly Cloudy,1,-17.5,
2012-01-04 00:00:00,-17.5,-24.2,56,13,25.0,101.88,Mostly Cloudy,1,-17.9,
2012-01-04 01:00:00,-17.9,-24.1,58,11,25.0,101.86,Mainly Clear,1,-18.1,
2012-01-04 02:00:00,-18.1,-23.8,61,15,25.0,101.89,Mainly Clear,1,-18.5,
2012-01-04 03:00:00,-18.5,-24.6,59,13,25.0,101.88,Mainly Clear,1,-18.5,
2012-01-04 04:00:00,-18.5,-24.6,59,13,25.0,101.82,Mainly Clear,1,-18.6,
2012-01-04 05:00:00,-18.6,-24.0,62,9,25.0,101.77,Mainly Clear,1,-18.5,
2012-01-04 06:00:00,-18.5,-24.1,61,11,25.0,101.74,Cloudy,1,-18.2,
2012-01-04 07:00:00,-18.2,-24.1,60,11,25.0,101.75,Cloudy,1,-17.8,
2012-01-04 08:00:00,-17.8,-24.2,57,17,24.1,101.73,Mostly Cloudy,1,-16.8,
2012-01-04 09:00:00,-16.8,-22.5,61,9,24.1,101.68,Mostly Cloudy,1,-15.2,
2012-01-04 10:00:00,-15.2,-20.6,63,7,24.1,101.54,Mostly Cloudy,1,-14.2,
2012-01-04 11:00:00,-14.2,-21.1,56,13,24.1,101.41,Mostly Cloudy,1,-13.7,
2012-01-04 12:00:00,-13.7,-21.7,51,11,24.1,101.25,Snow,1,-12.4,
2012-01-04 13:00:00,-12.4,-20.1,53,11,24.1,101.07,Cloudy,1,-11.3,
2012-01-04 14:00:00,-11.3,-19.0,53,7,19.3,100.97,Snow,1,-10.2,
2012-01-04 15:00:00,-10.2,-16.3,61,11,9.7,100.89,Snow,1,-9.4,
2012-01-04 16:00:00,-9.4,-15.5,61,13,19.3,100.79,Snow,1,-8.9,
2012-01-04 17:00:00,-8.9,-13.2,71,9,4.8,100.76,Snow,1,-8.9,
2012-01-04 18:00:00,-8.9,-12.6,75,11,9.7,100.69,Snow,1,-8.4,
2012-01-04 19:00:00,-8.4,-12.7,71,9,16.1,100.65,Snow,1,-7.8,
2012-01-04 20:00:00,-7.8,-12.1,71,9,16.1,100.61,Snow,1,-7.6,
2012-01-04 21:00:00,-7.6,-11.6,73,7,11.3,100.54,Snow,1,-9.5,
2012-01-04 22:00:00,-9.5,-12.7,77,6,9.7,100.5,Snow,1,-9.6,
2012-01-04 23:00:00,-9.6,-12.6,79,6,9.7,100.42,Snow,1,-8.8,
2012-01-05 00:00:00,-8.8,-11.7,79,4,9.7,100.32,Snow,1,-7.5,
2012-01-05 01:00:00,-7.5,-10.2,81,0,9.7,100.29,Snow,1,-5.4,
2012-01-05 02:00:00,-5.4,-8.3,80,9,8.0,100.28,Snow,1,-5.0,
2012-01-05 03:00:00,-5.0,-7.7,81,11,9.7,100.24,Snow,1,-4.1,
2012-01-05 04:00:00,-4.1,-6.5,83,9,4.8,100.21,Snow,1,-7.0,
2012-01-05 05:00:00,-7.0,-9.5,82,4,4.0,100.19,Snow,1,-8.2,
2012-01-05 06:00:00,-8.2,-10.7,82,6,6.4,100.26,Snow,1,-7.1,
2012-01-05 07:00:00,-7.1,-9.7,82,9,9.7,100.31,Snow,1,-6.1,
2012-01-05 08:00:00,-6.1,-9.1,79,11,9.7,100.39,Snow,1,-6.6,
2012-01-05 09:00:00,-6.6,-10.1,76,9,24.1,100.42,Mainly Clear,1,-6.0,
2012-01-05 10:00:00,-6.0,-10.0,73,17,48.3,100.45,Mainly Clear,1,-5.6,
2012-01-05 11:00:00,-5.6,-10.2,70,22,48.3,100.41,Mainly Clear,1,-4.7,
2012-01-05 12:00:00,-4.7,-9.6,69,20,48.3,100.38,Mainly Clear,1,-4.4,
2012-01-05 13:00:00,-4.4,-9.7,66,26,48.3,100.4,Mainly Clear,1,-5.1,
2012-01-05 14:00:00,-5.1,-10.7,65,22,48.3,100.46,Mainly Clear,1,-4.3,
2012-01-05 15:00:00,-4.3,-12.0,55,26,48.3,100.52,Mainly Clear,1,-5.0,
2012-01-05 16:00:00,-5.0,-12.7,55,19,24.1,100.6,Mainly Clear,1,-6.7,
2012-01-05 17:00:00,-6.7,-14.1,56,11,25.0,100.65,Mainly Clear,1,-7.1,
2012-01-05 18:00:00,-7.1,-14.4,56,11,25.0,100.71,Clear,1,-9.2,
2012-01-05 19:00:00,-9.2,-15.4,61,7,25.0,100.8,Clear,1,-9.8,
2012-01-05 20:00:00,-9.8,-15.7,62,9,25.0,100.83,Clear,1,-9.0,
2012-01-05 21:00:00,-9.0,-14.8,63,13,25.0,100.83,Clear,1,-9.9,
2012-01-05 22:00:00,-9.9,-15.7,63,7,25.0,100.85,Cloudy,1,-9.4,
2012-01-05 23:00:00,-9.4,-15.5,61,9,25.0,100.83,Cloudy,1,-9.6,
2012-01-06 00:00:00,-9.6,-16.8,56,13,25.0,100.81,Cloudy,1,-10.0,
2012-01-06 01:00:00,-10.0,-17.3,55,17,25.0,100.81,Cloudy,1,-10.5,
2012-01-06 02:00:00,-10.5,-16.5,61,9,25.0,100.84,Cloudy,1,-10.6,
2012-01-06 03:00:00,-10.6,-16.0,64,0,9.7,100.76,Snow,1,-11.3,
2012-01-06 04:00:00,-11.3,-16.1,68,15,3.2,100.7,Snow,1,-11.8,
2012-01-06 05:00:00,-11.8,-16.0,71,19,2.8,100.61,Snow,1,-12.0,
2012-01-06 06:00:00,-12.0,-16.2,71,22,4.8,100.58,Snow,1,-14.4,
2012-01-06 07:00:00,-14.4,-16.3,85,22,2.4,100.52,Snow,1,-12.3,
2012-01-06 08:00:00,-12.3,-16.2,73,24,11.3,100.51,Snow,1,-12.5,
2012-01-06 09:00:00,-12.5,-16.7,71,26,19.3,100.53,Snow,1,-12.3,
2012-01-06 10:00:00,-12.3,-16.3,72,28,16.1,100.47,Snow,1,-12.0,
2012-01-06 11:00:00,-12.0,-16.0,72,17,24.1,100.36,Snow,1,-11.7,
2012-01-06 12:00:00,-11.7,-15.4,74,28,19.3,100.23,Snow,1,-11.9,
2012-01-06 13:00:00,-11.9,-15.6,74,20,24.1,100.13,Snow,1,-11.2,
2012-01-06 14:00:00,-11.2,-14.8,75,19,19.3,100.07,Snow,1,-11.5,
2012-01-06 15:00:00,-11.5,-14.4,79,19,12.9,100.06,Snow,1,-11.6,
2012-01-06 16:00:00,-11.6,-14.7,78,19,19.3,100.1,Snow,1,-11.2,
2012-01-06 17:00:00,-11.2,-14.3,78,17,25.0,100.15,Snow,1,-10.5,
2012-01-06 18:00:00,-10.5,-13.6,78,17,19.3,100.12,Cloudy,1,-10.5,
2012-01-06 19:00:00,-10.5,-13.4,79,15,25.0,100.13,Cloudy,1,-10.2,
2012-01-06 20:00:00,-10.2,-13.0,80,11,25.0,100.15,Cloudy,1,-9.5,
2012-01-06 21:00:00,-9.5,-12.5,79,9,25.0,100.13,Cloudy,1,-9.3,
2012-01-06 22:00:00,-9.3,-12.2,79,11,19.3,100.16,Cloudy,1,-9.0,
2012-01-06 23:00:00,-9.0,-12.0,79,7,16.1,100.15,Cloudy,1,-8.7,
2012-01-07 00:00:00,-8.7,-11.7,79,6,16.1,100.13,Cloudy,1,-8.5,
2012-01-07 01:00:00,-8.5,-11.4,80,0,19.3,100.11,Cloudy,1,-8.1,
2012-01-07 02:00:00,-8.1,-11.1,79,4,19.3,100.15,Cloudy,1,-7.8,
2012-01-07 03:00:00,-7.8,-10.8,79,4,19.3,100.12,Cloudy,1,-7.5,
2012-01-07 04:00:00,-7.5,-10.5,79,6,19.3,100.1,Cloudy,1,-6.9,
2012-01-07 05:00:00,-6.9,-9.7,80,4,19.3,100.12,Cloudy,1,-6.7,
2012-01-07 06:00:00,-6.7,-9.5,80,7,16.1,100.12,Cloudy,1,-7.0,
2012-01-07 07:00:00,-7.0,-9.7,81,7,16.1,100.16,Cloudy,1,-6.4,
2012-01-07 08:00:00,-6.4,-9.0,82,9,8.0,100.1,"Freezing Drizzle,Fog",1,-6.1,
2012-01-07 09:00:00,-6.1,-8.7,82,7,9.7,100.15,"Freezing Rain,Fog",1,-5.7,
2012-01-07 10:00:00,-5.7,-8.0,84,7,8.0,100.13,Freezing Rain,1,-5.4,
2012-01-07 11:00:00,-5.4,-7.7,84,9,9.7,100.08,Freezing Drizzle,1,-5.5,
2012-01-07 12:00:00,-5.5,-7.8,84,13,9.7,100.05,Freezing Drizzle,1,-4.8,
2012-01-07 13:00:00,-4.8,-7.2,83,15,9.7,100.07,Freezing Rain,1,-4.4,
2012-01-07 14:00:00,-4.4,-6.9,83,6,8.0,100.09,Snow,1,-3.7,
2012-01-07 15:00:00,-3.7,-6.1,83,11,8.0,100.09,Snow,1,-3.6,
2012-01-07 16:00:00,-3.6,-5.9,84,0,8.0,100.15,Snow,1,-3.1,
2012-01-07 17:00:00,-3.1,-5.4,84,13,8.0,100.27,Snow,1,-3.2,
2012-01-07 18:00:00,-3.2,-5.3,85,6,9.7,100.33,Snow,1,-3.0,
2012-01-07 19:00:00,-3.0,-5.0,86,6,8.0,100.41,Snow,1,-1.8,
2012-01-07 20:00:00,-1.8,-3.7,87,4,9.7,100.48,Snow,1,-1.3,
2012-01-07 21:00:00,-1.3,-3.1,88,0,6.4,100.5,Snow,1,-1.5,
2012-01-07 22:00:00,-1.5,-3.0,89,4,4.0,100.54,Fog,1,0.4,
2012-01-07 23:00:00,0.4,-1.5,87,22,9.7,100.62,Snow,1,0.6,
2012-01-08 00:00:00,0.6,-3.2,76,32,25.0,100.72,Cloudy,1,-0.6,
2012-01-08 01:00:00,-0.6,-4.6,74,32,25.0,100.8,Mostly Cloudy,1,-1.7,
2012-01-08 02:00:00,-1.7,-6.2,71,30,25.0,100.98,Mostly Cloudy,1,-3.5,
2012-01-08 03:00:00,-3.5,-8.3,69,32,25.0,101.13,Mainly Clear,1,-4.4,
2012-01-08 04:00:00,-4.4,-9.2,69,22,25.0,101.21,Mainly Clear,1,-5.9,
2012-01-08 05:00:00,-5.9,-10.5,70,13,25.0,101.33,Mainly Clear,1,-5.8,
2012-01-08 06:00:00,-5.8,-10.8,68,13,25.0,101.47,Cloudy,1,-5.6,
2012-01-08 07:00:00,-5.6,-10.3,69,11,25.0,101.59,Cloudy,1,-5.9,
2012-01-08 08:00:00,-5.9,-10.7,69,11,24.1,101.7,Snow,1,-6.4,
2012-01-08 09:00:00,-6.4,-11.9,65,17,24.1,101.81,Snow,1,-6.5,
2012-01-08 10:00:00,-6.5,-11.6,67,17,9.7,101.89,Snow,1,-7.1,
2012-01-08 11:00:00,-7.1,-12.6,65,22,24.1,101.92,Snow,1,-6.7,
2012-01-08 12:00:00,-6.7,-11.9,66,15,24.1,101.9,Snow,1,-6.5,
2012-01-08 13:00:00,-6.5,-12.4,63,15,24.1,101.94,Cloudy,1,-6.5,
2012-01-08 14:00:00,-6.5,-12.0,65,19,24.1,101.97,Mostly Cloudy,1,-6.6,
2012-01-08 15:00:00,-6.6,-12.9,61,20,48.3,102.04,Mostly Cloudy,1,-6.6,
2012-01-08 16:00:00,-6.6,-13.3,59,20,24.1,102.09,Mostly Cloudy,1,-7.2,
2012-01-08 17:00:00,-7.2,-13.8,59,17,25.0,102.17,Mainly Clear,1,-8.1,
2012-01-08 18:00:00,-8.1,-14.1,62,17,25.0,102.23,Mainly Clear,1,-8.0,
2012-01-08 19:00:00,-8.0,-13.9,62,15,25.0,102.26,Mostly Cloudy,1,-8.3,
2012-01-08 20:00:00,-8.3,-13.7,65,15,25.0,102.28,Mostly Cloudy,1,-8.3,
2012-01-08 21:00:00,-8.3,-13.9,64,11,25.0,102.26,Mostly Cloudy,1,-8.7,
2012-01-08 22:00:00,-8.7,-14.0,65,7,25.0,102.22,Mostly Cloudy,1,-9.0,
2012-01-08 23:00:00,-9.0,-13.9,68,7,25.0,102.22,Mostly Cloudy,1,-9.2,
2012-01-09 00:00:00,-9.2,-14.3,66,6,25.0,102.17,Mostly Cloudy,1,-9.8,
2012-01-09 01:00:00,-9.8,-14.5,68,0,25.0,102.13,Mostly Cloudy,1,-9.0,
2012-01-09 02:00:00,-9.0,-14.1,66,4,25.0,102.15,Mostly Cloudy,1,-8.8,
2012-01-09 03:00:00,-8.8,-13.2,70,0,25.0,102.11,Cloudy,1,-8.5,
2012-01-09 04:00:00,-8.5,-13.2,69,9,25.0,102.02,Cloudy,1,-8.4,
2012-01-09 05:00:00,-8.4,-12.7,71,11,25.0,101.93,Cloudy,1,-7.7,
2012-01-09 06:00:00,-7.7,-11.9,72,11,25.0,101.86,Cloudy,1,-6.8,
2012-01-09 07:00:00,-6.8,-11.0,72,15,25.0,101.8,Mostly Cloudy,1,-5.9,
2012-01-09 08:00:00,-5.9,-10.5,70,13,16.1,101.74,Snow,1,-5.4,
2012-01-09 09:00:00,-5.4,-9.2,75,11,12.9,101.68,Snow,1,-4.8,
2012-01-09 10:00:00,-4.8,-8.3,76,9,16.1,101.64,Snow,1,-3.7,
2012-01-09 11:00:00,-3.7,-7.2,77,7,24.1,101.54,Snow,1,-2.5,
2012-01-09 12:00:00,-2.5,-6.6,73,9,24.1,101.4,Cloudy,1,-1.7,
2012-01-09 13:00:00,-1.7,-5.8,74,7,24.1,101.27,Cloudy,1,-1.4,
2012-01-09 14:00:00,-1.4,-5.1,76,7,24.1,101.2,Cloudy,1,-1.0,
2012-01-09 15:00:00,-1.0,-5.1,74,9,24.1,101.13,Mostly Cloudy,1,-1.3,
2012-01-09 16:00:00,-1.3,-5.7,72,11,24.1,101.05,Mostly Cloudy,1,-1.4,
2012-01-09 17:00:00,-1.4,-5.8,72,15,24.1,100.96,Mostly Cloudy,1,-1.0,
2012-01-09 18:00:00,-1.0,-5.6,71,20,25.0,100.9,Mostly Cloudy,1,-1.1,
2012-01-09 19:00:00,-1.1,-5.8,70,19,25.0,100.83,Mostly Cloudy,1,-1.5,
2012-01-09 20:00:00,-1.5,-6.2,70,15,25.0,100.77,Mostly Cloudy,1,-1.7,
2012-01-09 21:00:00,-1.7,-6.3,71,11,25.0,100.64,Mostly Cloudy,1,-0.3,
2012-01-09 22:00:00,-0.3,-6.3,64,19,25.0,100.54,Mostly Cloudy,1,-0.2,
2012-01-09 23:00:00,-0.2,-6.1,64,17,25.0,100.45,Cloudy,1,2.5,
2012-01-10 00:00:00,2.5,-5.2,57,30,25.0,100.38,Cloudy,1,2.3,
2012-01-10 01:00:00,2.3,-3.4,66,35,25.0,100.28,Snow,1,1.4,
2012-01-10 02:00:00,1.4,-2.5,75,19,6.4,100.23,Snow,1,1.6,
2012-01-10 03:00:00,1.6,-2.0,77,28,25.0,100.16,Snow,1,1.2,
2012-01-10 04:00:00,1.2,-1.7,81,26,25.0,100.07,Cloudy,1,0.8,
2012-01-10 05:00:00,0.8,-1.2,86,30,9.7,100.02,"Rain,Snow",1,0.7,
2012-01-10 06:00:00,0.7,-1.2,87,30,8.0,100.04,Snow,1,1.5,
2012-01-10 07:00:00,1.5,-0.7,85,20,8.0,100.08,Snow,1,1.2,
2012-01-10 08:00:00,1.2,-1.1,85,24,16.1,100.11,Cloudy,1,1.6,
2012-01-10 09:00:00,1.6,-0.8,84,17,19.3,100.23,Cloudy,1,2.0,
2012-01-10 10:00:00,2.0,-0.9,81,24,24.1,100.27,Mostly Cloudy,1,2.6,
2012-01-10 11:00:00,2.6,-1.1,77,22,24.1,100.29,Mainly Clear,1,1.4,
2012-01-10 12:00:00,1.4,-3.1,72,30,24.1,100.32,Mostly Cloudy,1,0.7,
2012-01-10 13:00:00,0.7,-5.4,64,26,24.1,100.36,Mostly Cloudy,1,-0.2,
2012-01-10 14:00:00,-0.2,-6.2,64,26,24.1,100.45,Mainly Clear,1,-1.4,
2012-01-10 15:00:00,-1.4,-7.9,61,30,24.1,100.65,Mainly Clear,1,-3.1,
2012-01-10 16:00:00,-3.1,-10.9,55,30,24.1,100.81,Mostly Cloudy,1,-4.0,
2012-01-10 17:00:00,-4.0,-12.0,54,17,24.1,100.91,Mostly Cloudy,1,-4.9,
2012-01-10 18:00:00,-4.9,-12.7,54,15,25.0,101.04,Mostly Cloudy,1,-5.7,
2012-01-10 19:00:00,-5.7,-13.8,53,15,25.0,101.15,Mostly Cloudy,1,-6.4,
2012-01-10 20:00:00,-6.4,-14.3,53,13,25.0,101.24,Mostly Cloudy,1,-6.6,
2012-01-10 21:00:00,-6.6,-13.6,57,9,25.0,101.32,Mostly Cloudy,1,-7.3,
2012-01-10 22:00:00,-7.3,-14.7,55,13,25.0,101.34,Mostly Cloudy,1,-8.6,
2012-01-10 23:00:00,-8.6,-15.6,57,19,25.0,101.44,Mostly Cloudy,1,-9.5,
2012-01-11 00:00:00,-9.5,-16.8,55,17,25.0,101.43,Mostly Cloudy,1,-10.7,
2012-01-11 01:00:00,-10.7,-17.8,56,17,25.0,101.49,Clear,1,-12.0,
2012-01-11 02:00:00,-12.0,-18.9,56,19,25.0,101.57,Clear,1,-12.7,
2012-01-11 03:00:00,-12.7,-19.4,57,19,25.0,101.64,Clear,1,-13.4,
2012-01-11 04:00:00,-13.4,-20.1,57,17,25.0,101.66,Clear,1,-13.9,
2012-01-11 05:00:00,-13.9,-21.0,55,19,25.0,101.66,Mainly Clear,1,-14.4,
2012-01-11 06:00:00,-14.4,-21.1,57,20,25.0,101.72,Mainly Clear,1,-14.4,
2012-01-11 07:00:00,-14.4,-21.0,57,13,25.0,101.77,Mostly Cloudy,1,-14.7,
2012-01-11 08:00:00,-14.7,-21.4,57,15,24.1,101.8,Mostly Cloudy,1,-14.3,
2012-01-11 09:00:00,-14.3,-20.8,58,15,24.1,101.81,Mostly Cloudy,1,-13.9,
2012-01-11 10:00:00,-13.9,-20.9,55,11,19.3,101.89,Cloudy,1,-13.4,
2012-01-11 11:00:00,-13.4,-20.8,54,15,24.1,101.78,Mostly Cloudy,1,-12.7,
2012-01-11 12:00:00,-12.7,-20.4,53,17,24.1,101.68,Cloudy,1,-12.2,
2012-01-11 13:00:00,-12.2,-20.0,52,19,24.1,101.63,Mostly Cloudy,1,-11.4,
2012-01-11 14:00:00,-11.4,-19.4,52,20,24.1,101.56,Mostly Cloudy,1,-11.6,
2012-01-11 15:00:00,-11.6,-19.9,50,20,24.1,101.61,Mostly Cloudy,1,-11.8,
2012-01-11 16:00:00,-11.8,-20.9,47,20,24.1,101.6,Mostly Cloudy,1,-11.9,
2012-01-11 17:00:00,-11.9,-20.1,51,26,24.1,101.56,Mostly Cloudy,1,-12.0,
2012-01-11 18:00:00,-12.0,-19.9,52,24,25.0,101.51,Mostly Cloudy,1,-11.8,
2012-01-11 19:00:00,-11.8,-19.2,54,30,25.0,101.43,Mostly Cloudy,1,-11.2,
2012-01-11 20:00:00,-11.2,-18.1,57,24,25.0,101.4,Cloudy,1,-11.2,
2012-01-11 21:00:00,-11.2,-16.5,65,19,25.0,101.32,Cloudy,1,-10.8,
2012-01-11 22:00:00,-10.8,-16.0,65,22,25.0,101.29,Cloudy,1,-10.7,
2012-01-11 23:00:00,-10.7,-15.7,67,20,25.0,101.19,Mostly Cloudy,1,-10.0,
2012-01-12 00:00:00,-10.0,-15.2,66,19,25.0,101.17,Mostly Cloudy,1,-9.8,
2012-01-12 01:00:00,-9.8,-15.2,65,24,25.0,101.13,Mostly Cloudy,1,-9.4,
2012-01-12 02:00:00,-9.4,-15.0,64,26,25.0,101.08,Cloudy,1,-9.0,
2012-01-12 03:00:00,-9.0,-14.7,63,33,25.0,101.02,Cloudy,1,-8.5,
2012-01-12 04:00:00,-8.5,-14.1,64,22,25.0,100.93,Cloudy,1,-8.0,
2012-01-12 05:00:00,-8.0,-13.7,64,30,25.0,100.81,Cloudy,1,-7.6,
2012-01-12 06:00:00,-7.6,-13.1,65,28,25.0,100.76,Cloudy,1,-7.3,
2012-01-12 07:00:00,-7.3,-12.7,65,28,16.1,100.69,Snow Showers,1,-7.1,
2012-01-12 08:00:00,-7.1,-11.3,72,33,6.4,100.61,Snow,1,-6.8,
2012-01-12 09:00:00,-6.8,-10.5,75,33,3.2,100.54,Snow,1,-6.2,
2012-01-12 10:00:00,-6.2,-9.6,77,35,4.8,100.46,Snow,1,-6.0,
2012-01-12 11:00:00,-6.0,-9.5,76,32,2.0,100.35,Snow,1,-5.8,
2012-01-12 12:00:00,-5.8,-8.9,79,32,4.8,100.22,Snow,1,-5.8,
2012-01-12 13:00:00,-5.8,-8.6,81,33,1.2,100.09,Snow,1,-5.7,
2012-01-12 14:00:00,-5.7,-8.5,81,28,1.2,99.97,Snow,1,-5.2,
2012-01-12 15:00:00,-5.2,-7.6,83,26,0.8,99.9,Moderate Snow,1,-4.9,
2012-01-12 16:00:00,-4.9,-7.3,83,33,0.6,99.88,Moderate Snow,1,-5.1,
2012-01-12 17:00:00,-5.1,-7.6,83,33,1.0,99.83,Snow,1,-5.4,
2012-01-12 18:00:00,-5.4,-8.1,81,35,1.2,99.76,Snow,1,-5.0,
2012-01-12 19:00:00,-5.0,-7.6,82,30,4.0,99.72,Snow,1,-5.0,
2012-01-12 20:00:00,-5.0,-7.8,81,28,6.4,99.64,Snow,1,-4.7,
2012-01-12 21:00:00,-4.7,-7.6,80,24,6.4,99.56,Snow,1,-4.1,
2012-01-12 22:00:00,-4.1,-6.8,81,26,25.0,99.47,Snow,1,-4.6,
2012-01-12 23:00:00,-4.6,-7.0,83,28,3.2,99.4,Snow,1,-5.1,
2012-01-13 00:00:00,-5.1,-7.5,83,28,2.4,99.3,Snow,1,-5.0,
2012-01-13 01:00:00,-5.0,-7.7,81,24,4.8,99.24,Snow,1,-4.8,
2012-01-13 02:00:00,-4.8,-7.5,81,22,25.0,99.22,Snow,1,-4.5,
2012-01-13 03:00:00,-4.5,-6.9,83,19,4.8,99.19,"Freezing Drizzle,Snow",1,-5.0,
2012-01-13 04:00:00,-5.0,-7.4,83,24,11.3,99.13,Cloudy,1,-5.1,
2012-01-13 05:00:00,-5.1,-7.7,82,20,12.9,99.06,Cloudy,1,-5.4,
2012-01-13 06:00:00,-5.4,-7.8,83,22,16.1,98.94,Cloudy,1,-5.1,
2012-01-13 07:00:00,-5.1,-7.7,82,22,16.1,98.84,Cloudy,1,-5.1,
2012-01-13 08:00:00,-5.1,-7.5,83,26,8.0,98.69,Freezing Rain,1,-5.0,
2012-01-13 09:00:00,-5.0,-7.3,84,32,4.8,98.56,"Freezing Rain,Snow Grains",1,-4.8,
2012-01-13 10:00:00,-4.8,-7.2,83,26,12.9,98.44,Freezing Drizzle,1,-4.8,
2012-01-13 11:00:00,-4.8,-7.3,83,28,9.7,98.22,Freezing Rain,1,-4.8,
2012-01-13 12:00:00,-4.8,-7.5,81,24,2.0,98.07,Snow,1,-4.9,
2012-01-13 13:00:00,-4.9,-7.3,83,20,1.2,97.99,Snow,1,-4.8,
2012-01-13 14:00:00,-4.8,-7.0,85,6,2.0,98.07,Snow,1,-4.3,
2012-01-13 15:00:00,-4.3,-6.5,85,13,8.0,98.1,Snow,1,-3.7,
2012-01-13 16:00:00,-3.7,-6.0,84,11,6.4,98.16,Snow,1,-2.9,
2012-01-13 17:00:00,-2.9,-4.8,87,15,1.6,98.23,Snow,1,-1.7,
2012-01-13 18:00:00,-1.7,-3.3,89,26,16.1,98.32,Snow,1,-2.5,
2012-01-13 19:00:00,-2.5,-4.5,86,33,2.0,98.6,Snow,1,-3.2,
2012-01-13 20:00:00,-3.2,-5.1,87,32,2.0,98.89,Snow,1,-4.8,
2012-01-13 21:00:00,-4.8,-7.9,79,37,4.8,99.09,"Snow,Blowing Snow",1,-5.5,
2012-01-13 22:00:00,-5.5,-10.1,70,32,12.9,99.28,Snow,1,-7.6,
2012-01-13 23:00:00,-7.6,-11.2,75,35,9.7,99.51,"Snow,Blowing Snow",1,-8.9,
2012-01-14 00:00:00,-8.9,-13.1,72,39,9.7,99.67,"Snow,Blowing Snow",1,-9.7,
2012-01-14 01:00:00,-9.7,-14.3,69,24,12.9,99.85,Snow,1,-11.2,
2012-01-14 02:00:00,-11.2,-15.5,70,28,9.7,100.01,"Snow,Blowing Snow",1,-12.0,
2012-01-14 03:00:00,-12.0,-16.2,71,24,8.0,100.16,"Snow,Blowing Snow",1,-13.4,
2012-01-14 04:00:00,-13.4,-18.9,63,20,16.1,100.26,Snow,1,-14.3,
2012-01-14 05:00:00,-14.3,-19.8,63,24,25.0,100.39,Cloudy,1,-15.2,
2012-01-14 06:00:00,-15.2,-20.6,63,24,25.0,100.6,Cloudy,1,-16.8,
2012-01-14 07:00:00,-16.8,-22.2,63,26,25.0,100.73,Mostly Cloudy,1,-17.9,
2012-01-14 08:00:00,-17.9,-23.5,62,20,24.1,100.84,Mostly Cloudy,1,-18.0,
2012-01-14 09:00:00,-18.0,-23.6,61,19,24.1,100.97,Cloudy,1,-18.0,
2012-01-14 10:00:00,-18.0,-23.9,60,22,24.1,101.08,Mostly Cloudy,1,-17.8,
2012-01-14 11:00:00,-17.8,-23.9,59,20,24.1,101.14,Mostly Cloudy,1,-17.5,
2012-01-14 12:00:00,-17.5,-23.8,58,20,48.3,101.16,Mostly Cloudy,1,-17.1,
2012-01-14 13:00:00,-17.1,-24.1,55,17,48.3,101.18,Mainly Clear,1,-16.7,
2012-01-14 14:00:00,-16.7,-23.4,56,17,48.3,101.2,Mostly Cloudy,1,-16.7,
2012-01-14 15:00:00,-16.7,-23.4,56,22,48.3,101.24,Mostly Cloudy,1,-16.7,
2012-01-14 16:00:00,-16.7,-24.3,52,19,24.1,101.3,Mostly Cloudy,1,-17.4,
2012-01-14 17:00:00,-17.4,-24.4,54,13,25.0,101.36,Mostly Cloudy,1,-17.7,
2012-01-14 18:00:00,-17.7,-24.3,56,20,25.0,101.46,Mainly Clear,1,-18.3,
2012-01-14 19:00:00,-18.3,-24.4,59,17,25.0,101.56,Mainly Clear,1,-19.6,
2012-01-14 20:00:00,-19.6,-25.8,58,13,25.0,101.62,Mainly Clear,1,-20.0,
2012-01-14 21:00:00,-20.0,-25.9,59,11,25.0,101.65,Mostly Cloudy,1,-19.9,
2012-01-14 22:00:00,-19.9,-26.0,58,13,25.0,101.74,Mostly Cloudy,1,-20.3,
2012-01-14 23:00:00,-20.3,-26.2,59,9,25.0,101.79,Mostly Cloudy,1,-21.2,
2012-01-15 00:00:00,-21.2,-26.8,61,11,25.0,101.81,Cloudy,1,-21.1,
2012-01-15 01:00:00,-21.1,-26.6,61,9,25.0,101.86,Cloudy,1,-21.4,
2012-01-15 02:00:00,-21.4,-26.6,63,9,25.0,101.99,Cloudy,1,-20.7,
2012-01-15 03:00:00,-20.7,-26.1,62,4,25.0,102.04,Cloudy,1,-21.0,
2012-01-15 04:00:00,-21.0,-26.6,61,0,25.0,102.12,Cloudy,1,-21.3,
2012-01-15 05:00:00,-21.3,-26.5,63,6,25.0,102.19,Mostly Cloudy,1,-23.2,
2012-01-15 06:00:00,-23.2,-28.5,62,7,25.0,102.28,Mostly Cloudy,1,-22.8,
2012-01-15 07:00:00,-22.8,-28.0,62,9,25.0,102.37,Mainly Clear,1,-23.3,
2012-01-15 08:00:00,-23.3,-28.5,62,7,24.1,102.45,Clear,1,-22.2,
2012-01-15 09:00:00,-22.2,-27.8,60,9,48.3,102.57,Mainly Clear,1,-20.6,
2012-01-15 10:00:00,-20.6,-26.8,58,9,48.3,102.66,Mainly Clear,1,-19.3,
2012-01-15 11:00:00,-19.3,-26.1,55,9,48.3,102.68,Mainly Clear,1,-18.0,
2012-01-15 12:00:00,-18.0,-25.5,52,13,48.3,102.67,Mainly Clear,1,-16.8,
2012-01-15 13:00:00,-16.8,-24.2,53,20,48.3,102.65,Mainly Clear,1,-16.0,
2012-01-15 14:00:00,-16.0,-23.4,53,26,48.3,102.66,Mainly Clear,1,-15.4,
2012-01-15 15:00:00,-15.4,-22.8,53,24,48.3,102.71,Clear,1,-15.1,
2012-01-15 16:00:00,-15.1,-22.8,52,24,48.3,102.79,Clear,1,-16.2,
2012-01-15 17:00:00,-16.2,-23.2,55,15,25.0,102.85,Clear,1,-16.3,
2012-01-15 18:00:00,-16.3,-22.9,57,17,25.0,102.89,Clear,1,-16.3,
2012-01-15 19:00:00,-16.3,-22.7,58,20,25.0,102.94,Clear,1,-16.7,
2012-01-15 20:00:00,-16.7,-22.4,61,17,25.0,102.98,Clear,1,-16.9,
2012-01-15 21:00:00,-16.9,-22.2,63,15,25.0,103.02,Clear,1,-16.9,
2012-01-15 22:00:00,-16.9,-21.7,66,17,25.0,103.07,Clear,1,-16.9,
2012-01-15 23:00:00,-16.9,-21.4,68,15,25.0,103.09,Clear,1,-17.1,
2012-01-16 00:00:00,-17.1,-21.9,66,15,25.0,103.09,Clear,1,-17.8,
2012-01-16 01:00:00,-17.8,-22.7,65,6,25.0,103.05,Clear,1,-18.5,
2012-01-16 02:00:00,-18.5,-23.0,68,6,25.0,103.08,Clear,1,-19.2,
2012-01-16 03:00:00,-19.2,-23.8,67,6,25.0,103.07,Clear,1,-18.7,
2012-01-16 04:00:00,-18.7,-23.5,66,0,25.0,103.05,Clear,1,-19.1,
2012-01-16 05:00:00,-19.1,-23.3,69,0,25.0,103.02,Clear,1,-18.7,
2012-01-16 06:00:00,-18.7,-23.2,68,0,25.0,103.01,Clear,1,-17.9,
2012-01-16 07:00:00,-17.9,-21.5,73,4,48.3,102.96,Mainly Clear,1,-17.9,
2012-01-16 08:00:00,-17.9,-22.6,67,9,48.3,102.9,Mostly Cloudy,1,-14.4,
2012-01-16 09:00:00,-14.4,-20.7,59,22,48.3,102.75,Cloudy,1,-13.6,
2012-01-16 10:00:00,-13.6,-18.7,65,19,48.3,102.62,Mostly Cloudy,1,-12.7,
2012-01-16 11:00:00,-12.7,-17.7,66,20,48.3,102.44,Mostly Cloudy,1,-10.7,
2012-01-16 12:00:00,-10.7,-16.9,60,19,48.3,102.17,Mostly Cloudy,1,-10.1,
2012-01-16 13:00:00,-10.1,-16.1,61,13,48.3,101.92,Cloudy,1,-9.0,
2012-01-16 14:00:00,-9.0,-13.8,68,13,48.3,101.71,Mostly Cloudy,1,-8.0,
2012-01-16 15:00:00,-8.0,-13.8,63,17,48.3,101.49,Cloudy,1,-7.1,
2012-01-16 16:00:00,-7.1,-14.1,57,9,48.3,101.41,Cloudy,1,-7.6,
2012-01-16 17:00:00,-7.6,-14.8,56,4,25.0,101.34,Mostly Cloudy,1,-12.5,
2012-01-16 18:00:00,-12.5,-17.5,66,15,25.0,101.31,Mainly Clear,1,-14.8,
2012-01-16 19:00:00,-14.8,-19.1,70,15,25.0,101.23,Mainly Clear,1,-14.0,
2012-01-16 20:00:00,-14.0,-18.3,70,13,25.0,101.19,Cloudy,1,-12.9,
2012-01-16 21:00:00,-12.9,-17.1,71,11,25.0,101.12,Cloudy,1,-12.2,
2012-01-16 22:00:00,-12.2,-16.5,70,9,25.0,101.05,Cloudy,1,-11.5,
2012-01-16 23:00:00,-11.5,-15.7,71,7,25.0,100.98,Cloudy,1,-10.8,
2012-01-17 00:00:00,-10.8,-15.0,71,9,25.0,100.94,Cloudy,1,-10.4,
2012-01-17 01:00:00,-10.4,-14.6,71,9,25.0,100.88,Cloudy,1,-9.7,
2012-01-17 02:00:00,-9.7,-13.7,73,9,25.0,100.84,Cloudy,1,-9.2,
2012-01-17 03:00:00,-9.2,-13.2,73,6,25.0,100.84,Cloudy,1,-9.0,
2012-01-17 04:00:00,-9.0,-12.2,78,6,6.4,100.8,Freezing Drizzle,1,-8.3,
2012-01-17 05:00:00,-8.3,-10.4,85,6,3.6,100.75,"Freezing Drizzle,Snow",1,-7.7,
2012-01-17 06:00:00,-7.7,-9.9,84,6,2.4,100.72,"Freezing Drizzle,Snow",1,-7.5,
2012-01-17 07:00:00,-7.5,-9.6,85,9,2.0,100.69,Snow,1,-7.4,
2012-01-17 08:00:00,-7.4,-9.6,84,9,2.4,100.65,Snow,1,-7.0,
2012-01-17 09:00:00,-7.0,-9.5,82,15,4.0,100.59,Snow,1,-6.5,
2012-01-17 10:00:00,-6.5,-9.0,82,15,1.2,100.6,Snow,1,-6.1,
2012-01-17 11:00:00,-6.1,-8.5,83,15,2.4,100.53,Snow,1,-5.3,
2012-01-17 12:00:00,-5.3,-7.9,82,19,2.8,100.38,Snow,1,-5.1,
2012-01-17 13:00:00,-5.1,-7.7,82,22,2.4,100.23,Snow,1,-4.3,
2012-01-17 14:00:00,-4.3,-6.5,85,22,1.6,100.05,Snow,1,-3.7,
2012-01-17 15:00:00,-3.7,-6.0,84,24,1.2,99.9,Snow,1,-3.5,
2012-01-17 16:00:00,-3.5,-6.0,83,28,1.2,99.69,Snow,1,-3.6,
2012-01-17 17:00:00,-3.6,-5.9,84,22,1.6,99.57,Snow,1,-3.5,
2012-01-17 18:00:00,-3.5,-5.8,84,22,2.4,99.38,Snow,1,-3.3,
2012-01-17 19:00:00,-3.3,-5.6,84,24,4.8,99.22,"Freezing Drizzle,Snow",1,-3.6,
2012-01-17 20:00:00,-3.6,-5.7,85,24,3.2,98.98,Freezing Rain,1,-2.9,
2012-01-17 21:00:00,-2.9,-4.9,86,26,2.8,98.71,Freezing Rain,1,-1.6,
2012-01-17 22:00:00,-1.6,-3.2,89,17,3.2,98.47,Freezing Rain,1,-0.6,
2012-01-17 23:00:00,-0.6,-2.1,90,7,2.8,98.32,"Freezing Rain,Fog",1,2.1,
2012-01-18 00:00:00,2.1,0.7,90,11,8.0,98.31,Fog,1,3.7,
2012-01-18 01:00:00,3.7,-2.1,66,83,25.0,98.36,Mostly Cloudy,1,0.5,
2012-01-18 02:00:00,0.5,-4.0,72,70,25.0,98.62,Mostly Cloudy,1,-3.5,
2012-01-18 03:00:00,-3.5,-8.2,70,57,25.0,99.0,Mostly Cloudy,1,-6.1,
2012-01-18 04:00:00,-6.1,-10.9,69,48,25.0,99.36,Snow,1,-7.7,
2012-01-18 05:00:00,-7.7,-12.4,69,46,19.3,99.7,Snow,1,-8.5,
2012-01-18 06:00:00,-8.5,-13.9,65,39,19.3,100.0,Mostly Cloudy,1,-9.8,
2012-01-18 07:00:00,-9.8,-15.4,64,39,19.3,100.22,Mainly Clear,1,-10.9,
2012-01-18 08:00:00,-10.9,-16.6,63,35,24.1,100.43,Mainly Clear,1,-11.2,
2012-01-18 09:00:00,-11.2,-17.2,61,43,24.1,100.65,Mainly Clear,1,-11.2,
2012-01-18 10:00:00,-11.2,-17.2,61,35,24.1,100.78,Mainly Clear,1,-11.1,
2012-01-18 11:00:00,-11.1,-17.7,58,39,24.1,100.92,Mainly Clear,1,-11.0,
2012-01-18 12:00:00,-11.0,-17.8,57,37,24.1,101.0,Mainly Clear,1,-10.6,
2012-01-18 13:00:00,-10.6,-17.8,55,32,24.1,101.09,Mainly Clear,1,-10.3,
2012-01-18 14:00:00,-10.3,-17.6,55,28,48.3,101.19,Mainly Clear,1,-10.4,
2012-01-18 15:00:00,-10.4,-18.0,54,30,48.3,101.32,Mainly Clear,1,-10.6,
2012-01-18 16:00:00,-10.6,-18.4,53,26,48.3,101.45,Mainly Clear,1,-11.3,
2012-01-18 17:00:00,-11.3,-18.8,54,26,48.3,101.54,Clear,1,-12.0,
2012-01-18 18:00:00,-12.0,-18.2,60,22,25.0,101.67,Clear,1,-12.7,
2012-01-18 19:00:00,-12.7,-18.7,61,22,25.0,101.78,Clear,1,-13.4,
2012-01-18 20:00:00,-13.4,-19.2,62,17,25.0,101.83,Clear,1,-13.7,
2012-01-18 21:00:00,-13.7,-19.3,63,17,25.0,101.89,Clear,1,-14.2,
2012-01-18 22:00:00,-14.2,-19.8,62,13,25.0,101.92,Clear,1,-14.9,
2012-01-18 23:00:00,-14.9,-19.9,66,6,25.0,101.93,Clear,1,-16.6,
2012-01-19 00:00:00,-16.6,-20.9,69,7,25.0,101.94,Clear,1,-15.2,
2012-01-19 01:00:00,-15.2,-18.4,76,4,25.0,101.89,Clear,1,-14.3,
2012-01-19 02:00:00,-14.3,-17.4,77,6,25.0,101.86,Clear,1,-18.0,
2012-01-19 03:00:00,-18.0,-21.6,73,6,25.0,101.83,Clear,1,-15.4,
2012-01-19 04:00:00,-15.4,-18.3,78,7,25.0,101.81,Clear,1,-16.6,
2012-01-19 05:00:00,-16.6,-19.9,76,6,25.0,101.85,Clear,1,-15.3,
2012-01-19 06:00:00,-15.3,-19.7,69,6,25.0,101.83,Clear,1,-14.6,
2012-01-19 07:00:00,-14.6,-19.2,68,6,24.1,101.84,Clear,1,-13.7,
2012-01-19 08:00:00,-13.7,-18.4,68,19,48.3,101.84,Clear,1,-12.7,
2012-01-19 09:00:00,-12.7,-17.2,69,17,48.3,101.73,Clear,1,-11.7,
2012-01-19 10:00:00,-11.7,-17.2,64,20,48.3,101.68,Mainly Clear,1,-11.0,
2012-01-19 11:00:00,-11.0,-16.9,62,26,48.3,101.56,Mostly Cloudy,1,-8.8,
2012-01-19 12:00:00,-8.8,-15.4,59,15,48.3,101.42,Mostly Cloudy,1,-7.3,
2012-01-19 13:00:00,-7.3,-14.7,55,20,48.3,101.22,Mostly Cloudy,1,-7.0,
2012-01-19 14:00:00,-7.0,-14.9,53,20,48.3,101.03,Mostly Cloudy,1,-6.7,
2012-01-19 15:00:00,-6.7,-15.0,52,26,48.3,100.88,Cloudy,1,-6.7,
2012-01-19 16:00:00,-6.7,-14.9,52,24,24.1,100.76,Cloudy,1,-6.9,
2012-01-19 17:00:00,-6.9,-14.7,54,17,24.1,100.7,Cloudy,1,-5.0,
2012-01-19 18:00:00,-5.0,-12.9,54,19,25.0,100.66,Cloudy,1,-3.6,
2012-01-19 19:00:00,-3.6,-12.7,49,30,25.0,100.61,Snow,1,-3.7,
2012-01-19 20:00:00,-3.7,-11.9,53,30,16.1,100.63,Snow,1,-5.0,
2012-01-19 21:00:00,-5.0,-8.4,77,24,2.0,100.6,Snow,1,-4.2,
2012-01-19 22:00:00,-4.2,-9.3,68,32,25.0,100.51,Snow,1,-4.1,
2012-01-19 23:00:00,-4.1,-8.9,69,26,25.0,100.47,Snow,1,-4.1,
2012-01-20 00:00:00,-4.1,-8.6,71,26,25.0,100.5,Mostly Cloudy,1,-4.1,
2012-01-20 01:00:00,-4.1,-8.3,73,20,25.0,100.54,Snow,1,-3.9,
2012-01-20 02:00:00,-3.9,-8.1,73,22,9.7,100.64,Snow,1,-4.8,
2012-01-20 03:00:00,-4.8,-9.9,67,19,25.0,100.75,Mostly Cloudy,1,-6.0,
2012-01-20 04:00:00,-6.0,-10.2,72,19,16.1,100.87,Snow,1,-6.3,
2012-01-20 05:00:00,-6.3,-12.2,63,33,25.0,100.98,Snow,1,-7.6,
2012-01-20 06:00:00,-7.6,-14.3,59,28,25.0,101.13,Cloudy,1,-8.6,
2012-01-20 07:00:00,-8.6,-15.6,57,28,25.0,101.27,Mostly Cloudy,1,-10.4,
2012-01-20 08:00:00,-10.4,-16.2,62,33,24.1,101.47,Mainly Clear,1,-12.2,
2012-01-20 09:00:00,-12.2,-18.1,61,32,24.1,101.59,Clear,1,-13.7,
2012-01-20 10:00:00,-13.7,-20.3,57,33,24.1,101.72,Mainly Clear,1,-14.2,
2012-01-20 11:00:00,-14.2,-21.2,55,32,24.1,101.84,Clear,1,-15.2,
2012-01-20 12:00:00,-15.2,-22.1,56,30,24.1,101.88,Clear,1,-15.8,
2012-01-20 13:00:00,-15.8,-23.7,51,30,24.1,101.96,Clear,1,-15.5,
2012-01-20 14:00:00,-15.5,-24.1,48,30,48.3,101.98,Mainly Clear,1,-15.0,
2012-01-20 15:00:00,-15.0,-23.9,47,30,48.3,102.09,Mainly Clear,1,-14.8,
2012-01-20 16:00:00,-14.8,-24.1,45,24,48.3,102.15,Mainly Clear,1,-15.4,
2012-01-20 17:00:00,-15.4,-24.3,46,17,48.3,102.21,Mainly Clear,1,-15.9,
2012-01-20 18:00:00,-15.9,-24.3,48,13,25.0,102.27,Mainly Clear,1,-16.3,
2012-01-20 19:00:00,-16.3,-24.2,51,13,25.0,102.33,Mainly Clear,1,-16.9,
2012-01-20 20:00:00,-16.9,-24.8,50,9,25.0,102.34,Mainly Clear,1,-18.5,
2012-01-20 21:00:00,-18.5,-25.6,54,9,25.0,102.37,Mainly Clear,1,-18.1,
2012-01-20 22:00:00,-18.1,-25.1,54,9,25.0,102.36,Mainly Clear,1,-17.4,
2012-01-20 23:00:00,-17.4,-24.5,54,6,25.0,102.37,Mostly Cloudy,1,-16.4,
2012-01-21 00:00:00,-16.4,-23.7,53,6,25.0,102.29,Cloudy,1,-16.1,
2012-01-21 01:00:00,-16.1,-23.6,52,0,25.0,102.26,Cloudy,1,-15.3,
2012-01-21 02:00:00,-15.3,-22.8,53,0,25.0,102.27,Cloudy,1,-15.9,
2012-01-21 03:00:00,-15.9,-21.9,60,7,25.0,102.23,Cloudy,1,-15.3,
2012-01-21 04:00:00,-15.3,-21.8,58,7,25.0,102.18,Cloudy,1,-14.8,
2012-01-21 05:00:00,-14.8,-22.9,50,11,25.0,102.08,Cloudy,1,-14.3,
2012-01-21 06:00:00,-14.3,-22.0,52,9,25.0,101.98,Cloudy,1,-13.9,
2012-01-21 07:00:00,-13.9,-22.1,50,9,25.0,102.04,Cloudy,1,-14.0,
2012-01-21 08:00:00,-14.0,-21.8,52,9,25.0,102.06,Cloudy,1,-15.9,
2012-01-21 09:00:00,-15.9,-21.0,65,13,24.1,102.11,Snow,1,-16.3,
2012-01-21 10:00:00,-16.3,-21.4,65,17,24.1,102.12,Snow,1,-15.9,
2012-01-21 11:00:00,-15.9,-21.2,64,19,24.1,102.09,Snow,1,-14.6,
2012-01-21 12:00:00,-14.6,-20.3,62,15,24.1,102.03,Mostly Cloudy,1,-13.4,
2012-01-21 13:00:00,-13.4,-19.8,59,15,24.1,102.01,Mainly Clear,1,-12.5,
2012-01-21 14:00:00,-12.5,-19.7,55,13,24.1,102.01,Clear,1,-11.8,
2012-01-21 15:00:00,-11.8,-18.9,56,11,24.1,102.06,Clear,1,-11.6,
2012-01-21 16:00:00,-11.6,-18.8,55,7,48.3,102.11,Clear,1,-12.1,
2012-01-21 17:00:00,-12.1,-19.8,53,11,48.3,102.16,Clear,1,-13.0,
2012-01-21 18:00:00,-13.0,-20.2,55,6,25.0,102.24,Clear,1,-13.4,
2012-01-21 19:00:00,-13.4,-19.9,58,4,25.0,102.27,Clear,1,-18.5,
2012-01-21 20:00:00,-18.5,-24.4,60,4,25.0,102.36,Clear,1,-16.0,
2012-01-21 21:00:00,-16.0,-20.8,66,9,25.0,102.47,Clear,1,-17.6,
2012-01-21 22:00:00,-17.6,-23.3,61,0,25.0,102.52,Clear,1,-17.4,
2012-01-21 23:00:00,-17.4,-21.7,69,0,25.0,102.54,Mainly Clear,1,-18.3,
2012-01-22 00:00:00,-18.3,-22.5,70,0,25.0,102.57,Clear,1,-17.5,
2012-01-22 01:00:00,-17.5,-21.3,72,4,25.0,102.64,Clear,1,-18.5,
2012-01-22 02:00:00,-18.5,-22.6,70,0,25.0,102.71,Clear,1,-18.4,
2012-01-22 03:00:00,-18.4,-23.0,67,0,16.1,102.75,Cloudy,1,-17.2,
2012-01-22 04:00:00,-17.2,-21.5,69,0,25.0,102.79,Mainly Clear,1,-19.5,
2012-01-22 05:00:00,-19.5,-23.4,71,6,16.1,102.84,Mainly Clear,1,-19.0,
2012-01-22 06:00:00,-19.0,-22.9,71,6,0.8,102.85,Freezing Fog,1,-18.6,
2012-01-22 07:00:00,-18.6,-22.8,69,6,12.9,102.91,Mainly Clear,1,-18.5,
2012-01-22 08:00:00,-18.5,-22.0,74,4,24.1,102.98,Mainly Clear,1,-16.2,
2012-01-22 09:00:00,-16.2,-19.2,78,7,48.3,103.01,Mostly Cloudy,1,-14.5,
2012-01-22 10:00:00,-14.5,-17.2,80,9,8.0,103.02,Fog,1,-13.0,
2012-01-22 11:00:00,-13.0,-15.5,81,6,8.0,103.04,Fog,1,-11.5,
2012-01-22 12:00:00,-11.5,-15.4,73,9,8.0,102.97,Haze,1,-11.2,
2012-01-22 13:00:00,-11.2,-16.0,68,11,8.0,102.86,Haze,1,-9.4,
2012-01-22 14:00:00,-9.4,-14.8,65,9,16.1,102.74,Cloudy,1,-8.7,
2012-01-22 15:00:00,-8.7,-14.5,63,9,16.1,102.65,Cloudy,1,-8.0,
2012-01-22 16:00:00,-8.0,-14.7,59,6,19.3,102.6,Cloudy,1,-9.5,
2012-01-22 17:00:00,-9.5,-15.8,60,19,19.3,102.57,Cloudy,1,-10.4,
2012-01-22 18:00:00,-10.4,-16.1,63,19,19.3,102.52,Mostly Cloudy,1,-10.4,
2012-01-22 19:00:00,-10.4,-16.2,62,19,19.3,102.47,Mostly Cloudy,1,-12.3,
2012-01-22 20:00:00,-12.3,-16.8,69,15,19.3,102.44,Mainly Clear,1,-12.9,
2012-01-22 21:00:00,-12.9,-17.2,70,15,16.1,102.38,Clear,1,-13.2,
2012-01-22 22:00:00,-13.2,-17.0,73,13,16.1,102.33,Mostly Cloudy,1,-13.3,
2012-01-22 23:00:00,-13.3,-17.1,73,9,16.1,102.28,Mainly Clear,1,-12.9,
2012-01-23 00:00:00,-12.9,-17.0,71,11,25.0,102.22,Mostly Cloudy,1,-12.9,
2012-01-23 01:00:00,-12.9,-17.2,70,11,25.0,102.14,Mainly Clear,1,-13.2,
2012-01-23 02:00:00,-13.2,-17.1,72,13,25.0,102.1,Mostly Cloudy,1,-12.1,
2012-01-23 03:00:00,-12.1,-16.0,73,13,25.0,101.99,Cloudy,1,-11.2,
2012-01-23 04:00:00,-11.2,-15.2,72,11,25.0,101.88,Cloudy,1,-9.9,
2012-01-23 05:00:00,-9.9,-13.9,73,11,25.0,101.79,Cloudy,1,-8.8,
2012-01-23 06:00:00,-8.8,-12.8,73,7,25.0,101.76,Cloudy,1,-8.1,
2012-01-23 07:00:00,-8.1,-12.1,73,13,25.0,101.67,Mostly Cloudy,1,-7.2,
2012-01-23 08:00:00,-7.2,-11.1,74,11,24.1,101.69,Mostly Cloudy,1,-4.9,
2012-01-23 09:00:00,-4.9,-9.2,72,11,48.3,101.59,Mostly Cloudy,1,-3.6,
2012-01-23 10:00:00,-3.6,-7.9,72,9,48.3,101.58,Mostly Cloudy,1,1.2,
2012-01-23 11:00:00,1.2,-3.2,72,11,48.3,101.49,Cloudy,1,2.3,
2012-01-23 12:00:00,2.3,-2.4,71,6,48.3,101.33,Cloudy,1,2.5,
2012-01-23 13:00:00,2.5,-1.5,75,22,48.3,101.14,Cloudy,1,2.7,
2012-01-23 14:00:00,2.7,-1.1,76,26,48.3,101.01,Rain,1,2.7,
2012-01-23 15:00:00,2.7,-0.9,77,30,24.1,100.86,Rain,1,3.1,
2012-01-23 16:00:00,3.1,-0.3,78,28,24.1,100.71,Cloudy,1,3.1,
2012-01-23 17:00:00,3.1,-0.4,78,28,16.1,100.61,Rain,1,3.0,
2012-01-23 18:00:00,3.0,1.2,88,19,4.0,100.54,"Rain,Fog",1,3.2,
2012-01-23 19:00:00,3.2,1.4,88,22,8.0,100.43,"Rain,Fog",1,2.9,
2012-01-23 20:00:00,2.9,1.2,89,26,9.7,100.32,"Drizzle,Fog",1,3.3,
2012-01-23 21:00:00,3.3,1.7,89,24,11.3,100.22,Drizzle,1,3.6,
2012-01-23 22:00:00,3.6,2.2,91,28,25.0,100.1,Cloudy,1,4.0,
2012-01-23 23:00:00,4.0,2.5,90,22,25.0,100.08,Cloudy,1,3.5,
2012-01-24 00:00:00,3.5,2.3,92,17,12.9,100.04,Rain,1,3.1,
2012-01-24 01:00:00,3.1,1.9,92,19,16.1,100.04,Cloudy,1,3.1,
2012-01-24 02:00:00,3.1,2.1,93,9,9.7,100.09,Rain,1,5.0,
2012-01-24 03:00:00,5.0,3.6,91,19,9.7,100.19,Rain,1,4.2,
2012-01-24 04:00:00,4.2,1.2,81,30,25.0,100.25,Cloudy,1,3.7,
2012-01-24 05:00:00,3.7,-0.2,76,41,25.0,100.37,Cloudy,1,3.4,
2012-01-24 06:00:00,3.4,-0.6,75,28,25.0,100.45,Cloudy,1,2.9,
2012-01-24 07:00:00,2.9,-1.1,75,26,16.1,100.49,Cloudy,1,3.0,
2012-01-24 08:00:00,3.0,-1.7,71,28,19.3,100.52,Mostly Cloudy,1,2.9,
2012-01-24 09:00:00,2.9,-1.8,71,30,24.1,100.6,Cloudy,1,3.0,
2012-01-24 10:00:00,3.0,-2.0,70,35,24.1,100.65,Cloudy,1,3.1,
2012-01-24 11:00:00,3.1,-1.9,70,33,24.1,100.7,Cloudy,1,3.2,
2012-01-24 12:00:00,3.2,-2.3,67,30,24.1,100.72,Cloudy,1,2.8,
2012-01-24 13:00:00,2.8,-2.4,69,39,24.1,100.73,Cloudy,1,2.4,
2012-01-24 14:00:00,2.4,-2.4,71,35,24.1,100.75,Rain,1,1.9,
2012-01-24 15:00:00,1.9,-2.2,74,26,19.3,100.8,Snow,1,1.7,
2012-01-24 16:00:00,1.7,-2.4,74,30,24.1,100.82,Cloudy,1,1.6,
2012-01-24 17:00:00,1.6,-2.8,73,26,24.1,100.88,Snow Showers,1,1.5,
2012-01-24 18:00:00,1.5,-2.9,72,22,25.0,100.95,Snow Showers,1,1.5,
2012-01-24 19:00:00,1.5,-3.2,71,32,25.0,101.01,Snow Showers,1,1.3,
2012-01-24 20:00:00,1.3,-3.2,72,19,25.0,101.06,Cloudy,1,1.1,
2012-01-24 21:00:00,1.1,-3.0,74,20,25.0,101.11,Mostly Cloudy,1,1.1,
2012-01-24 22:00:00,1.1,-3.4,72,22,25.0,101.13,Mostly Cloudy,1,1.0,
2012-01-24 23:00:00,1.0,-3.4,72,28,25.0,101.16,Snow Showers,1,0.5,
2012-01-25 00:00:00,0.5,-4.6,69,28,25.0,101.2,Cloudy,1,-0.1,
2012-01-25 01:00:00,-0.1,-5.2,68,22,25.0,101.26,Mostly Cloudy,1,-0.4,
2012-01-25 02:00:00,-0.4,-5.9,66,20,25.0,101.37,Mostly Cloudy,1,-0.5,
2012-01-25 03:00:00,-0.5,-6.2,65,24,25.0,101.45,Cloudy,1,-0.7,
2012-01-25 04:00:00,-0.7,-6.0,67,24,25.0,101.52,Cloudy,1,-1.7,
2012-01-25 05:00:00,-1.7,-7.7,64,33,25.0,101.58,Mostly Cloudy,1,-2.8,
2012-01-25 06:00:00,-2.8,-9.0,62,35,25.0,101.66,Mostly Cloudy,1,-3.9,
2012-01-25 07:00:00,-3.9,-10.0,63,37,25.0,101.79,Mostly Cloudy,1,-4.7,
2012-01-25 08:00:00,-4.7,-10.9,62,26,24.1,101.94,Mostly Cloudy,1,-5.2,
2012-01-25 09:00:00,-5.2,-11.3,62,28,24.1,102.05,Cloudy,1,-5.3,
2012-01-25 10:00:00,-5.3,-11.4,62,22,24.1,102.09,Mostly Cloudy,1,-5.3,
2012-01-25 11:00:00,-5.3,-11.9,60,19,24.1,102.14,Mostly Cloudy,1,-5.0,
2012-01-25 12:00:00,-5.0,-11.8,59,20,24.1,102.06,Mostly Cloudy,1,-4.7,
2012-01-25 13:00:00,-4.7,-11.7,58,20,24.1,102.01,Mainly Clear,1,-4.5,
2012-01-25 14:00:00,-4.5,-11.0,60,22,24.1,101.98,Mainly Clear,1,-4.4,
2012-01-25 15:00:00,-4.4,-11.2,59,22,24.1,101.94,Mainly Clear,1,-4.4,
2012-01-25 16:00:00,-4.4,-11.3,59,19,24.1,101.96,Mostly Cloudy,1,-4.8,
2012-01-25 17:00:00,-4.8,-11.4,60,20,24.1,102.01,Mainly Clear,1,-5.1,
2012-01-25 18:00:00,-5.1,-11.4,61,11,25.0,102.07,Mainly Clear,1,-5.4,
2012-01-25 19:00:00,-5.4,-11.5,62,13,25.0,102.14,Mostly Cloudy,1,-4.9,
2012-01-25 20:00:00,-4.9,-11.6,59,7,25.0,102.07,Mostly Cloudy,1,-5.4,
2012-01-25 21:00:00,-5.4,-11.1,64,7,25.0,102.01,Mostly Cloudy,1,-5.5,
2012-01-25 22:00:00,-5.5,-11.3,64,0,25.0,101.99,Mostly Cloudy,1,-5.4,
2012-01-25 23:00:00,-5.4,-11.4,63,6,25.0,102.01,Mostly Cloudy,1,-5.9,
2012-01-26 00:00:00,-5.9,-11.7,64,6,25.0,101.99,Mostly Cloudy,1,-7.0,
2012-01-26 01:00:00,-7.0,-12.1,67,4,25.0,101.95,Clear,1,-8.2,
2012-01-26 02:00:00,-8.2,-12.6,71,6,25.0,101.99,Clear,1,-8.1,
2012-01-26 03:00:00,-8.1,-12.5,71,0,25.0,101.97,Clear,1,-8.5,
2012-01-26 04:00:00,-8.5,-13.5,67,0,25.0,101.95,Clear,1,-9.0,
2012-01-26 05:00:00,-9.0,-13.9,68,6,25.0,102.02,Clear,1,-11.2,
2012-01-26 06:00:00,-11.2,-15.0,73,6,25.0,102.06,Clear,1,-10.6,
2012-01-26 07:00:00,-10.6,-14.4,74,6,24.1,102.01,Mainly Clear,1,-9.2,
2012-01-26 08:00:00,-9.2,-13.3,72,6,24.1,102.08,Clear,1,-7.9,
2012-01-26 09:00:00,-7.9,-12.4,70,11,24.1,102.01,Mainly Clear,1,-5.7,
2012-01-26 10:00:00,-5.7,-12.4,59,11,24.1,102.04,Mainly Clear,1,-5.0,
2012-01-26 11:00:00,-5.0,-12.1,57,7,24.1,102.05,Mainly Clear,1,-4.6,
2012-01-26 12:00:00,-4.6,-12.5,54,11,24.1,101.88,Mainly Clear,1,-4.0,
2012-01-26 13:00:00,-4.0,-12.0,54,15,24.1,101.71,Mostly Cloudy,1,-3.4,
2012-01-26 14:00:00,-3.4,-12.5,49,11,24.1,101.6,Mostly Cloudy,1,-3.0,
2012-01-26 15:00:00,-3.0,-14.1,42,13,24.1,101.53,Mostly Cloudy,1,-3.8,
2012-01-26 16:00:00,-3.8,-12.2,52,19,24.1,101.52,Cloudy,1,-4.3,
2012-01-26 17:00:00,-4.3,-12.2,54,20,24.1,101.4,Cloudy,1,-4.7,
2012-01-26 18:00:00,-4.7,-13.7,49,24,25.0,101.28,Cloudy,1,-4.5,
2012-01-26 19:00:00,-4.5,-13.5,49,17,25.0,101.25,Cloudy,1,-4.6,
2012-01-26 20:00:00,-4.6,-13.0,52,17,25.0,101.15,Snow Showers,1,-5.2,
2012-01-26 21:00:00,-5.2,-12.1,58,20,25.0,100.99,Snow,1,-5.3,
2012-01-26 22:00:00,-5.3,-10.2,68,22,16.1,100.92,Snow,1,-5.8,
2012-01-26 23:00:00,-5.8,-9.1,77,22,6.4,100.81,Snow,1,-5.7,
2012-01-27 00:00:00,-5.7,-8.8,79,28,4.8,100.68,Snow,1,-5.5,
2012-01-27 01:00:00,-5.5,-8.3,81,24,2.4,100.58,Snow,1,-5.5,
2012-01-27 02:00:00,-5.5,-8.2,81,26,3.2,100.47,Snow,1,-5.3,
2012-01-27 03:00:00,-5.3,-8.1,81,28,4.0,100.33,Snow,1,-4.9,
2012-01-27 04:00:00,-4.9,-7.6,81,26,2.4,100.13,Snow,1,-4.0,
2012-01-27 05:00:00,-4.0,-6.6,82,22,16.1,99.98,Snow,1,-2.1,
2012-01-27 06:00:00,-2.1,-4.2,86,19,19.3,99.8,Snow,1,-0.8,
2012-01-27 07:00:00,-0.8,-2.9,86,22,16.1,99.61,Freezing Rain,1,0.3,
2012-01-27 08:00:00,0.3,-1.7,86,20,12.9,99.47,Freezing Rain,1,0.7,
2012-01-27 09:00:00,0.7,-1.4,86,17,12.9,99.34,Rain,1,0.6,
2012-01-27 10:00:00,0.6,-1.2,88,17,8.0,99.18,"Rain,Fog",1,0.7,
2012-01-27 11:00:00,0.7,-1.0,88,20,2.4,99.08,"Drizzle,Fog",1,0.7,
2012-01-27 12:00:00,0.7,-0.9,89,20,2.8,98.91,"Drizzle,Fog",1,0.7,
2012-01-27 13:00:00,0.7,-1.0,88,22,3.2,98.76,"Drizzle,Fog",1,0.5,
2012-01-27 14:00:00,0.5,-1.3,88,20,2.4,98.69,"Drizzle,Fog",1,0.3,
2012-01-27 15:00:00,0.3,-1.6,87,19,2.4,98.65,"Drizzle,Fog",1,-0.3,
2012-01-27 16:00:00,-0.3,-2.3,86,19,8.0,98.74,"Freezing Drizzle,Fog",1,-0.6,
2012-01-27 17:00:00,-0.6,-2.3,88,22,2.8,98.97,Snow,1,-0.3,
2012-01-27 18:00:00,-0.3,-1.8,90,11,2.4,99.13,Snow,1,0.1,
2012-01-27 19:00:00,0.1,-1.6,88,30,12.9,99.31,Snow,1,-0.7,
2012-01-27 20:00:00,-0.7,-2.7,86,32,16.1,99.54,Cloudy,1,-1.3,
2012-01-27 21:00:00,-1.3,-3.9,82,19,24.1,99.75,Cloudy,1,-1.5,
2012-01-27 22:00:00,-1.5,-4.4,81,19,25.0,99.88,Mostly Cloudy,1,-1.6,
2012-01-27 23:00:00,-1.6,-4.5,81,20,25.0,100.03,Mainly Clear,1,-1.5,
2012-01-28 00:00:00,-1.5,-4.3,81,19,25.0,100.19,Mainly Clear,1,-0.2,
2012-01-28 01:00:00,-0.2,-2.9,82,22,25.0,100.34,Snow Showers,1,0.2,
2012-01-28 02:00:00,0.2,-2.6,81,24,25.0,100.49,Mostly Cloudy,1,0.4,
2012-01-28 03:00:00,0.4,-3.0,78,17,25.0,100.59,Mostly Cloudy,1,0.1,
2012-01-28 04:00:00,0.1,-3.4,77,15,25.0,100.64,Mostly Cloudy,1,0.3,
2012-01-28 05:00:00,0.3,-2.7,80,19,25.0,100.72,Mostly Cloudy,1,-1.7,
2012-01-28 06:00:00,-1.7,-5.4,76,9,25.0,100.79,Mostly Cloudy,1,-1.2,
2012-01-28 07:00:00,-1.2,-4.6,78,11,25.0,100.85,Mainly Clear,1,-2.1,
2012-01-28 08:00:00,-2.1,-5.1,80,7,48.3,100.91,Mainly Clear,1,-1.6,
2012-01-28 09:00:00,-1.6,-4.5,81,13,24.1,100.93,Mostly Cloudy,1,-1.1,
2012-01-28 10:00:00,-1.1,-4.4,78,13,48.3,100.94,Cloudy,1,-0.6,
2012-01-28 11:00:00,-0.6,-3.6,80,6,48.3,100.9,Cloudy,1,-0.3,
2012-01-28 12:00:00,-0.3,-3.4,80,7,48.3,100.74,Mostly Cloudy,1,0.9,
2012-01-28 13:00:00,0.9,-3.5,72,4,48.3,100.58,Cloudy,1,1.2,
2012-01-28 14:00:00,1.2,-3.5,71,9,48.3,100.48,Cloudy,1,1.2,
2012-01-28 15:00:00,1.2,-3.7,70,15,48.3,100.28,Cloudy,1,1.4,
2012-01-28 16:00:00,1.4,-3.7,69,22,48.3,100.14,Cloudy,1,1.2,
2012-01-28 17:00:00,1.2,-3.5,71,11,48.3,100.16,Cloudy,1,1.6,
2012-01-28 18:00:00,1.6,-3.4,69,9,25.0,100.08,Cloudy,1,2.2,
2012-01-28 19:00:00,2.2,-2.6,71,19,19.3,100.09,Snow,1,1.7,
2012-01-28 20:00:00,1.7,-1.2,81,24,19.3,100.05,Snow,1,2.1,
2012-01-28 21:00:00,2.1,-1.7,76,24,25.0,99.95,Mainly Clear,1,2.3,
2012-01-28 22:00:00,2.3,-2.0,73,37,25.0,99.85,Mostly Cloudy,1,1.2,
2012-01-28 23:00:00,1.2,-1.7,81,52,16.1,99.87,"Rain,Snow",1,1.5,
2012-01-29 00:00:00,1.5,-5.0,62,57,25.0,99.96,Mainly Clear,1,0.9,
2012-01-29 01:00:00,0.9,-5.3,63,52,25.0,100.09,Mainly Clear,1,0.3,
2012-01-29 02:00:00,0.3,-5.8,64,52,25.0,100.21,Mainly Clear,1,-0.2,
2012-01-29 03:00:00,-0.2,-6.0,65,43,25.0,100.34,Mainly Clear,1,-0.9,
2012-01-29 04:00:00,-0.9,-7.0,63,43,25.0,100.47,Mainly Clear,1,-1.5,
2012-01-29 05:00:00,-1.5,-7.8,62,43,25.0,100.59,Mainly Clear,1,-2.0,
2012-01-29 06:00:00,-2.0,-8.1,63,44,25.0,100.68,Mainly Clear,1,-1.9,
2012-01-29 07:00:00,-1.9,-8.2,62,32,24.1,100.74,Mainly Clear,1,-2.2,
2012-01-29 08:00:00,-2.2,-8.3,63,32,24.1,100.81,Mostly Cloudy,1,-2.1,
2012-01-29 09:00:00,-2.1,-8.5,62,32,24.1,100.88,Cloudy,1,-1.8,
2012-01-29 10:00:00,-1.8,-8.3,61,24,24.1,100.87,Mostly Cloudy,1,-0.8,
2012-01-29 11:00:00,-0.8,-7.7,59,33,24.1,100.84,Mainly Clear,1,0.1,
2012-01-29 12:00:00,0.1,-7.6,56,37,24.1,100.77,Mainly Clear,1,0.5,
2012-01-29 13:00:00,0.5,-8.8,50,33,24.1,100.7,Mostly Cloudy,1,0.4,
2012-01-29 14:00:00,0.4,-7.9,54,19,24.1,100.63,Mostly Cloudy,1,0.2,
2012-01-29 15:00:00,0.2,-7.5,56,17,24.1,100.65,Mostly Cloudy,1,0.7,
2012-01-29 16:00:00,0.7,-8.3,51,20,24.1,100.67,Mostly Cloudy,1,-0.7,
2012-01-29 17:00:00,-0.7,-8.4,56,11,24.1,100.74,Mainly Clear,1,-1.1,
2012-01-29 18:00:00,-1.1,-9.3,54,17,25.0,100.77,Mainly Clear,1,-1.6,
2012-01-29 19:00:00,-1.6,-9.3,56,17,25.0,100.81,Mainly Clear,1,-2.0,
2012-01-29 20:00:00,-2.0,-9.1,58,17,25.0,100.83,Mainly Clear,1,-1.7,
2012-01-29 21:00:00,-1.7,-8.4,60,9,25.0,100.85,Mainly Clear,1,-2.3,
2012-01-29 22:00:00,-2.3,-7.0,70,15,25.0,100.84,Mainly Clear,1,-3.4,
2012-01-29 23:00:00,-3.4,-7.6,73,15,25.0,100.85,Clear,1,-3.7,
2012-01-30 00:00:00,-3.7,-8.8,68,11,25.0,100.89,Clear,1,-4.4,
2012-01-30 01:00:00,-4.4,-10.0,65,15,25.0,100.92,Mainly Clear,1,-5.1,
2012-01-30 02:00:00,-5.1,-10.0,68,15,25.0,100.99,Clear,1,-6.1,
2012-01-30 03:00:00,-6.1,-10.3,72,11,25.0,101.07,Clear,1,-7.7,
2012-01-30 04:00:00,-7.7,-11.8,72,11,25.0,101.19,Clear,1,-7.9,
2012-01-30 05:00:00,-7.9,-13.8,63,13,25.0,101.33,Clear,1,-8.9,
2012-01-30 06:00:00,-8.9,-15.1,61,15,25.0,101.47,Clear,1,-9.8,
2012-01-30 07:00:00,-9.8,-16.0,61,15,25.0,101.55,Clear,1,-10.5,
2012-01-30 08:00:00,-10.5,-17.0,59,9,48.3,101.68,Clear,1,-9.5,
2012-01-30 09:00:00,-9.5,-16.6,56,13,48.3,101.75,Mainly Clear,1,-8.8,
2012-01-30 10:00:00,-8.8,-16.0,56,17,48.3,101.82,Mostly Cloudy,1,-7.7,
2012-01-30 11:00:00,-7.7,-14.7,57,19,48.3,101.86,Mostly Cloudy,1,-7.0,
2012-01-30 12:00:00,-7.0,-14.2,56,22,48.3,101.83,Mainly Clear,1,-7.5,
2012-01-30 13:00:00,-7.5,-15.2,54,22,48.3,101.8,Mainly Clear,1,-6.7,
2012-01-30 14:00:00,-6.7,-15.0,52,22,48.3,101.81,Clear,1,-6.9,
2012-01-30 15:00:00,-6.9,-15.3,51,22,48.3,101.83,Mainly Clear,1,-7.3,
2012-01-30 16:00:00,-7.3,-15.8,51,17,48.3,101.86,Mostly Cloudy,1,-7.4,
2012-01-30 17:00:00,-7.4,-15.7,51,13,48.3,101.9,Mostly Cloudy,1,-7.4,
2012-01-30 18:00:00,-7.4,-15.6,52,15,25.0,101.94,Mainly Clear,1,-8.8,
2012-01-30 19:00:00,-8.8,-15.9,56,7,25.0,101.96,Mainly Clear,1,-9.5,
2012-01-30 20:00:00,-9.5,-16.0,59,4,25.0,101.95,Mainly Clear,1,-8.4,
2012-01-30 21:00:00,-8.4,-15.5,57,4,25.0,101.96,Mostly Cloudy,1,-7.8,
2012-01-30 22:00:00,-7.8,-15.2,55,4,25.0,101.98,Mostly Cloudy,1,-8.6,
2012-01-30 23:00:00,-8.6,-13.8,66,6,25.0,101.96,Mostly Cloudy,1,-7.0,
2012-01-31 00:00:00,-7.0,-13.1,62,7,25.0,101.92,Mostly Cloudy,1,-7.1,
2012-01-31 01:00:00,-7.1,-13.2,62,6,25.0,101.88,Cloudy,1,-6.5,
2012-01-31 02:00:00,-6.5,-13.1,59,11,25.0,101.81,Snow,1,-6.8,
2012-01-31 03:00:00,-6.8,-12.4,64,15,19.3,101.76,Snow,1,-7.1,
2012-01-31 04:00:00,-7.1,-12.4,66,17,8.0,101.71,Snow,1,-7.1,
2012-01-31 05:00:00,-7.1,-12.2,67,17,9.7,101.7,Snow,1,-7.0,
2012-01-31 06:00:00,-7.0,-11.8,69,13,6.4,101.65,Snow,1,-9.6,
2012-01-31 07:00:00,-9.6,-13.5,73,17,12.9,101.6,Snow,1,-9.8,
2012-01-31 08:00:00,-9.8,-13.9,72,19,16.1,101.61,Snow,1,-10.1,
2012-01-31 09:00:00,-10.1,-14.4,71,17,24.1,101.59,Snow,1,-9.7,
2012-01-31 10:00:00,-9.7,-14.2,70,19,19.3,101.54,Cloudy,1,-9.3,
2012-01-31 11:00:00,-9.3,-14.2,67,20,19.3,101.46,Cloudy,1,-8.6,
2012-01-31 12:00:00,-8.6,-13.3,69,22,4.0,101.36,Snow,1,-8.3,
2012-01-31 13:00:00,-8.3,-12.3,73,20,1.6,101.29,Snow,1,-8.4,
2012-01-31 14:00:00,-8.4,-12.1,75,20,1.2,101.23,Snow,1,-8.2,
2012-01-31 15:00:00,-8.2,-12.0,74,17,1.0,101.22,Snow,1,-8.0,
2012-01-31 16:00:00,-8.0,-11.5,76,20,1.0,101.2,Snow,1,-7.7,
2012-01-31 17:00:00,-7.7,-11.1,77,19,1.0,101.19,Snow,1,-7.8,
2012-01-31 18:00:00,-7.8,-11.2,77,20,1.6,101.18,Snow,1,-7.7,
2012-01-31 19:00:00,-7.7,-10.9,78,19,1.6,101.14,Snow,1,-7.4,
2012-01-31 20:00:00,-7.4,-10.7,77,20,1.6,101.09,Snow,1,-7.1,
2012-01-31 21:00:00,-7.1,-10.5,77,20,12.9,101.02,Cloudy,1,-7.1,
2012-01-31 22:00:00,-7.1,-10.4,77,19,9.7,100.95,Snow,1,-6.8,
2012-01-31 23:00:00,-6.8,-9.9,79,22,9.7,100.86,"Freezing Drizzle,Snow",1,-6.7,
2012-02-01 00:00:00,-6.7,-9.7,79,19,11.3,100.82,Snow,2,-6.7,
2012-02-01 01:00:00,-6.7,-9.5,80,15,9.7,100.69,Snow,2,-6.8,
2012-02-01 02:00:00,-6.8,-9.3,82,19,4.8,100.61,Freezing Drizzle,2,-6.5,
2012-02-01 03:00:00,-6.5,-9.0,82,15,4.8,100.56,Freezing Rain,2,-5.8,
2012-02-01 04:00:00,-5.8,-8.2,83,17,8.0,100.48,Freezing Rain,2,-5.8,
2012-02-01 05:00:00,-5.8,-8.5,81,19,8.0,100.42,Freezing Drizzle,2,-5.4,
2012-02-01 06:00:00,-5.4,-8.0,82,15,8.0,100.34,Freezing Rain,2,-5.5,
2012-02-01 07:00:00,-5.5,-8.2,81,13,9.7,100.33,Freezing Rain,2,-5.5,
2012-02-01 08:00:00,-5.5,-8.5,79,11,11.3,100.36,Cloudy,2,-5.7,
2012-02-01 09:00:00,-5.7,-8.6,80,15,12.9,100.36,Cloudy,2,-5.7,
2012-02-01 10:00:00,-5.7,-8.5,81,13,8.0,100.35,Haze,2,-5.8,
2012-02-01 11:00:00,-5.8,-8.3,82,9,4.0,100.36,"Freezing Drizzle,Haze",2,-5.5,
2012-02-01 12:00:00,-5.5,-8.0,83,11,2.0,100.31,"Freezing Drizzle,Haze",2,-5.0,
2012-02-01 13:00:00,-5.0,-7.7,81,11,2.0,100.28,"Freezing Drizzle,Haze",2,-4.9,
2012-02-01 14:00:00,-4.9,-7.4,83,9,2.0,100.34,"Freezing Rain,Haze",2,-4.9,
2012-02-01 15:00:00,-4.9,-7.5,82,6,2.8,100.41,"Freezing Rain,Haze",2,-4.5,
2012-02-01 16:00:00,-4.5,-7.2,81,0,4.8,100.47,Haze,2,-4.3,
2012-02-01 17:00:00,-4.3,-7.1,81,0,6.4,100.61,"Snow,Haze",2,-4.0,
2012-02-01 18:00:00,-4.0,-6.9,80,0,4.0,100.68,"Snow,Haze",2,-3.9,
2012-02-01 19:00:00,-3.9,-6.7,81,6,4.0,100.78,"Snow,Haze",2,-3.6,
2012-02-01 20:00:00,-3.6,-6.4,81,4,4.8,100.85,"Snow,Haze",2,-4.3,
2012-02-01 21:00:00,-4.3,-7.2,80,15,4.0,100.99,"Snow,Haze",2,-5.0,
2012-02-01 22:00:00,-5.0,-8.2,78,15,12.9,101.12,Snow,2,-4.9,
2012-02-01 23:00:00,-4.9,-8.1,78,0,12.9,101.22,Snow,2,-5.0,
2012-02-02 00:00:00,-5.0,-8.2,78,7,12.9,101.32,Snow,2,-5.5,
2012-02-02 01:00:00,-5.5,-9.2,75,9,25.0,101.36,Mostly Cloudy,2,-6.3,
2012-02-02 02:00:00,-6.3,-9.6,77,4,16.1,101.45,Snow Showers,2,-5.6,
2012-02-02 03:00:00,-5.6,-9.1,76,6,25.0,101.52,Snow Showers,2,-5.5,
2012-02-02 04:00:00,-5.5,-8.8,78,4,16.1,101.59,Snow Showers,2,-5.2,
2012-02-02 05:00:00,-5.2,-9.5,72,9,16.1,101.62,Snow Showers,2,-6.0,
2012-02-02 06:00:00,-6.0,-11.8,63,13,25.0,101.63,Snow Showers,2,-6.9,
2012-02-02 07:00:00,-6.9,-12.8,63,22,24.1,101.67,Snow,2,-7.6,
2012-02-02 08:00:00,-7.6,-13.2,64,19,12.9,101.74,Snow,2,-7.7,
2012-02-02 09:00:00,-7.7,-13.6,63,19,19.3,101.82,Snow,2,-8.2,
2012-02-02 10:00:00,-8.2,-13.7,65,17,24.1,101.87,Mostly Cloudy,2,-8.3,
2012-02-02 11:00:00,-8.3,-14.2,62,19,24.1,101.89,Mostly Cloudy,2,-8.1,
2012-02-02 12:00:00,-8.1,-13.3,66,13,24.1,101.86,Mostly Cloudy,2,-7.4,
2012-02-02 13:00:00,-7.4,-12.7,66,9,24.1,101.86,Mostly Cloudy,2,-6.7,
2012-02-02 14:00:00,-6.7,-12.0,66,9,24.1,101.85,Mostly Cloudy,2,-6.7,
2012-02-02 15:00:00,-6.7,-12.1,65,9,24.1,101.9,Mostly Cloudy,2,-6.6,
2012-02-02 16:00:00,-6.6,-11.7,67,11,24.1,101.94,Mostly Cloudy,2,-7.1,
2012-02-02 17:00:00,-7.1,-12.0,68,13,24.1,101.99,Mostly Cloudy,2,-7.7,
2012-02-02 18:00:00,-7.7,-12.5,68,7,25.0,102.08,Mostly Cloudy,2,-7.0,
2012-02-02 19:00:00,-7.0,-12.2,66,6,25.0,102.13,Mostly Cloudy,2,-8.9,
2012-02-02 20:00:00,-8.9,-12.8,73,4,25.0,102.22,Mostly Cloudy,2,-7.2,
2012-02-02 21:00:00,-7.2,-11.0,74,4,25.0,102.26,Snow,2,-8.0,
2012-02-02 22:00:00,-8.0,-11.5,76,7,25.0,102.29,Snow,2,-7.2,
2012-02-02 23:00:00,-7.2,-11.1,74,7,25.0,102.31,Mostly Cloudy,2,-9.7,
2012-02-03 00:00:00,-9.7,-12.5,80,4,25.0,102.33,Mostly Cloudy,2,-11.0,
2012-02-03 01:00:00,-11.0,-13.5,82,0,25.0,102.35,Mainly Clear,2,-10.2,
2012-02-03 02:00:00,-10.2,-12.7,82,0,25.0,102.39,Mainly Clear,2,-11.6,
2012-02-03 03:00:00,-11.6,-14.0,82,0,25.0,102.4,Mainly Clear,2,-12.6,
2012-02-03 04:00:00,-12.6,-15.1,82,7,16.1,102.42,Mainly Clear,2,-11.2,
2012-02-03 05:00:00,-11.2,-13.2,85,9,9.7,102.47,Fog,2,-11.8,
2012-02-03 06:00:00,-11.8,-14.1,83,7,16.1,102.51,Mainly Clear,2,-11.3,
2012-02-03 07:00:00,-11.3,-13.7,82,9,16.1,102.59,Mostly Cloudy,2,-10.6,
2012-02-03 08:00:00,-10.6,-13.3,80,9,19.3,102.62,Mostly Cloudy,2,-8.8,
2012-02-03 09:00:00,-8.8,-11.9,78,6,24.1,102.62,Mostly Cloudy,2,-6.8,
2012-02-03 10:00:00,-6.8,-10.2,77,7,19.3,102.61,Cloudy,2,-6.3,
2012-02-03 11:00:00,-6.3,-10.0,75,11,6.4,102.57,Snow,2,-6.2,
2012-02-03 12:00:00,-6.2,-9.5,77,11,16.1,102.46,Snow,2,-4.8,
2012-02-03 13:00:00,-4.8,-8.3,76,6,16.1,102.34,Snow,2,-3.8,
2012-02-03 14:00:00,-3.8,-7.4,76,7,16.1,102.27,Snow,2,-2.9,
2012-02-03 15:00:00,-2.9,-7.8,69,19,19.3,102.25,Snow,2,-3.3,
2012-02-03 16:00:00,-3.3,-7.3,74,13,16.1,102.21,Snow,2,-3.4,
2012-02-03 17:00:00,-3.4,-7.0,76,11,19.3,102.19,Cloudy,2,-3.7,
2012-02-03 18:00:00,-3.7,-7.1,77,7,19.3,102.17,Snow,2,-3.8,
2012-02-03 19:00:00,-3.8,-7.2,77,9,25.0,102.17,Snow,2,-4.2,
2012-02-03 20:00:00,-4.2,-7.7,77,11,25.0,102.16,Mostly Cloudy,2,-4.7,
2012-02-03 21:00:00,-4.7,-8.0,78,7,25.0,102.17,Mostly Cloudy,2,-5.3,
2012-02-03 22:00:00,-5.3,-8.6,78,0,25.0,102.1,Cloudy,2,-3.7,
2012-02-03 23:00:00,-3.7,-6.7,80,6,25.0,102.03,Snow,2,-4.5,
2012-02-04 00:00:00,-4.5,-6.8,84,9,2.0,102.02,Snow,2,-4.5,
2012-02-04 01:00:00,-4.5,-6.7,85,11,25.0,101.98,Mostly Cloudy,2,-4.0,
2012-02-04 02:00:00,-4.0,-7.4,77,20,25.0,102.07,Mostly Cloudy,2,-4.9,
2012-02-04 03:00:00,-4.9,-10.5,65,15,25.0,102.11,Mostly Cloudy,2,-7.1,
2012-02-04 04:00:00,-7.1,-12.7,64,13,25.0,102.16,Mainly Clear,2,-8.1,
2012-02-04 05:00:00,-8.1,-13.3,66,15,25.0,102.21,Mainly Clear,2,-9.4,
2012-02-04 06:00:00,-9.4,-13.9,70,9,25.0,102.27,Clear,2,-11.0,
2012-02-04 07:00:00,-11.0,-14.7,74,7,48.3,102.25,Clear,2,-11.6,
2012-02-04 08:00:00,-11.6,-15.6,72,9,48.3,102.31,Clear,2,-9.6,
2012-02-04 09:00:00,-9.6,-14.1,70,13,48.3,102.37,Clear,2,-8.4,
2012-02-04 10:00:00,-8.4,-13.7,66,6,48.3,102.32,Mainly Clear,2,-7.6,
2012-02-04 11:00:00,-7.6,-13.6,62,0,48.3,102.29,Clear,2,-6.6,
2012-02-04 12:00:00,-6.6,-13.2,59,4,48.3,102.21,Mainly Clear,2,-6.3,
2012-02-04 13:00:00,-6.3,-12.7,60,13,48.3,102.11,Mainly Clear,2,-6.0,
2012-02-04 14:00:00,-6.0,-12.7,59,6,48.3,102.05,Mainly Clear,2,-5.4,
2012-02-04 15:00:00,-5.4,-12.6,57,11,48.3,102.01,Mainly Clear,2,-5.7,
2012-02-04 16:00:00,-5.7,-12.8,57,9,48.3,101.99,Clear,2,-6.2,
2012-02-04 17:00:00,-6.2,-13.5,56,11,48.3,101.97,Clear,2,-6.6,
2012-02-04 18:00:00,-6.6,-13.7,57,9,25.0,101.96,Clear,2,-7.7,
2012-02-04 19:00:00,-7.7,-14.0,61,7,25.0,101.97,Clear,2,-8.8,
2012-02-04 20:00:00,-8.8,-14.4,64,6,25.0,101.97,Clear,2,-9.9,
2012-02-04 21:00:00,-9.9,-14.5,69,6,25.0,101.97,Clear,2,-10.3,
2012-02-04 22:00:00,-10.3,-14.9,69,0,25.0,101.93,Clear,2,-10.1,
2012-02-04 23:00:00,-10.1,-14.3,71,0,25.0,101.89,Clear,2,-11.9,
2012-02-05 00:00:00,-11.9,-15.3,76,6,25.0,101.89,Clear,2,-12.1,
2012-02-05 01:00:00,-12.1,-15.0,79,6,25.0,101.87,Clear,2,-14.4,
2012-02-05 02:00:00,-14.4,-17.1,80,6,25.0,101.88,Clear,2,-12.9,
2012-02-05 03:00:00,-12.9,-15.7,79,6,25.0,101.86,Clear,2,-14.9,
2012-02-05 04:00:00,-14.9,-17.9,78,6,25.0,101.86,Clear,2,-14.2,
2012-02-05 05:00:00,-14.2,-17.0,79,7,25.0,101.91,Clear,2,-14.7,
2012-02-05 06:00:00,-14.7,-17.5,79,4,19.3,101.93,Clear,2,-15.7,
2012-02-05 07:00:00,-15.7,-18.6,78,4,24.1,101.93,Clear,2,-15.0,
2012-02-05 08:00:00,-15.0,-17.5,81,4,24.1,101.95,Clear,2,-13.5,
2012-02-05 09:00:00,-13.5,-16.1,81,0,24.1,101.97,Clear,2,-11.1,
2012-02-05 10:00:00,-11.1,-13.4,83,9,0.8,101.97,Freezing Fog,2,-10.5,
2012-02-05 11:00:00,-10.5,-12.4,86,11,12.9,101.95,Cloudy,2,-8.7,
2012-02-05 12:00:00,-8.7,-11.7,79,9,24.1,101.82,Mainly Clear,2,-7.2,
2012-02-05 13:00:00,-7.2,-12.1,68,13,24.1,101.72,Mainly Clear,2,-5.5,
2012-02-05 14:00:00,-5.5,-11.8,61,20,24.1,101.63,Cloudy,2,-5.3,
2012-02-05 15:00:00,-5.3,-11.4,62,15,24.1,101.55,Cloudy,2,-4.7,
2012-02-05 16:00:00,-4.7,-10.7,63,6,19.3,101.48,Cloudy,2,-4.2,
2012-02-05 17:00:00,-4.2,-10.0,64,9,25.0,101.43,Cloudy,2,-3.9,
2012-02-05 18:00:00,-3.9,-9.7,64,15,25.0,101.41,Cloudy,2,-3.1,
2012-02-05 19:00:00,-3.1,-8.6,66,15,25.0,101.34,Cloudy,2,-2.8,
2012-02-05 20:00:00,-2.8,-8.0,67,24,25.0,101.25,Mostly Cloudy,2,-2.5,
2012-02-05 21:00:00,-2.5,-7.7,67,26,25.0,101.18,Cloudy,2,-2.1,
2012-02-05 22:00:00,-2.1,-6.7,71,28,25.0,101.06,Cloudy,2,-1.5,
2012-02-05 23:00:00,-1.5,-5.7,73,30,25.0,100.93,Cloudy,2,-0.7,
2012-02-06 00:00:00,-0.7,-5.2,72,30,25.0,100.86,Cloudy,2,-0.8,
2012-02-06 01:00:00,-0.8,-5.2,72,24,25.0,100.8,Cloudy,2,0.1,
2012-02-06 02:00:00,0.1,-4.7,70,32,25.0,100.75,Snow,2,0.1,
2012-02-06 03:00:00,0.1,-3.3,78,30,25.0,100.77,Cloudy,2,0.8,
2012-02-06 04:00:00,0.8,-3.7,72,35,25.0,100.68,Snow,2,1.0,
2012-02-06 05:00:00,1.0,-3.8,70,26,25.0,100.7,Cloudy,2,1.1,
2012-02-06 06:00:00,1.1,-3.6,71,32,25.0,100.63,Cloudy,2,1.2,
2012-02-06 07:00:00,1.2,-3.5,71,37,24.1,100.62,Mostly Cloudy,2,1.1,
2012-02-06 08:00:00,1.1,-3.8,70,33,24.1,100.63,Mostly Cloudy,2,1.1,
2012-02-06 09:00:00,1.1,-3.6,71,32,24.1,100.62,Cloudy,2,1.4,
2012-02-06 10:00:00,1.4,-3.3,71,32,24.1,100.6,Cloudy,2,1.9,
2012-02-06 11:00:00,1.9,-2.8,71,35,24.1,100.57,Cloudy,2,2.6,
2012-02-06 12:00:00,2.6,-2.4,70,22,24.1,100.5,Cloudy,2,2.6,
2012-02-06 13:00:00,2.6,-2.9,67,32,24.1,100.47,Cloudy,2,3.0,
2012-02-06 14:00:00,3.0,-3.3,63,33,24.1,100.45,Mostly Cloudy,2,3.3,
2012-02-06 15:00:00,3.3,-3.3,62,30,24.1,100.46,Cloudy,2,3.3,
2012-02-06 16:00:00,3.3,-3.1,63,17,24.1,100.47,Cloudy,2,2.9,
2012-02-06 17:00:00,2.9,-2.8,66,13,25.0,100.51,Cloudy,2,3.2,
2012-02-06 18:00:00,3.2,-2.8,65,11,25.0,100.57,Cloudy,2,3.1,
2012-02-06 19:00:00,3.1,-2.6,66,13,25.0,100.62,Cloudy,2,2.6,
2012-02-06 20:00:00,2.6,-2.6,69,11,25.0,100.65,Cloudy,2,3.0,
2012-02-06 21:00:00,3.0,-2.2,69,15,25.0,100.67,Cloudy,2,2.7,
2012-02-06 22:00:00,2.7,-2.6,68,13,25.0,100.68,Mostly Cloudy,2,2.2,
2012-02-06 23:00:00,2.2,-2.9,69,13,25.0,100.7,Mostly Cloudy,2,1.9,
2012-02-07 00:00:00,1.9,-3.1,69,13,25.0,100.77,Cloudy,2,1.8,
2012-02-07 01:00:00,1.8,-3.4,68,15,25.0,100.82,Mostly Cloudy,2,1.5,
2012-02-07 02:00:00,1.5,-4.4,65,15,25.0,100.89,Mostly Cloudy,2,0.8,
2012-02-07 03:00:00,0.8,-5.0,65,19,25.0,100.94,Snow Showers,2,-1.0,
2012-02-07 04:00:00,-1.0,-8.3,58,19,25.0,101.03,Mostly Cloudy,2,-1.9,
2012-02-07 05:00:00,-1.9,-8.4,61,15,25.0,101.14,Mainly Clear,2,-2.9,
2012-02-07 06:00:00,-2.9,-8.8,64,20,25.0,101.27,Mostly Cloudy,2,-5.5,
2012-02-07 07:00:00,-5.5,-12.6,57,17,24.1,101.39,Mainly Clear,2,-6.1,
2012-02-07 08:00:00,-6.1,-12.8,59,17,24.1,101.53,Mainly Clear,2,-6.2,
2012-02-07 09:00:00,-6.2,-13.3,57,19,24.1,101.64,Mainly Clear,2,-6.2,
2012-02-07 10:00:00,-6.2,-13.4,57,19,24.1,101.69,Mainly Clear,2,-6.0,
2012-02-07 11:00:00,-6.0,-13.7,54,11,24.1,101.74,Mainly Clear,2,-5.6,
2012-02-07 12:00:00,-5.6,-13.1,55,13,24.1,101.73,Mainly Clear,2,-5.2,
2012-02-07 13:00:00,-5.2,-14.3,49,15,24.1,101.73,Clear,2,-5.1,
2012-02-07 14:00:00,-5.1,-15.1,45,15,24.1,101.79,Clear,2,-4.8,
2012-02-07 15:00:00,-4.8,-15.4,43,19,24.1,101.85,Clear,2,-5.0,
2012-02-07 16:00:00,-5.0,-16.4,40,22,24.1,101.88,Clear,2,-5.9,
2012-02-07 17:00:00,-5.9,-17.6,39,19,48.3,101.94,Clear,2,-7.3,
2012-02-07 18:00:00,-7.3,-17.4,44,11,25.0,102.03,Clear,2,-8.2,
2012-02-07 19:00:00,-8.2,-17.8,46,9,25.0,102.09,Clear,2,-9.2,
2012-02-07 20:00:00,-9.2,-18.4,47,11,25.0,102.12,Clear,2,-9.6,
2012-02-07 21:00:00,-9.6,-18.9,47,13,25.0,102.15,Clear,2,-10.8,
2012-02-07 22:00:00,-10.8,-20.1,46,9,25.0,102.21,Clear,2,-11.8,
2012-02-07 23:00:00,-11.8,-20.8,47,9,25.0,102.21,Clear,2,-13.8,
2012-02-08 00:00:00,-13.8,-21.5,52,4,25.0,102.21,Clear,2,-11.9,
2012-02-08 01:00:00,-11.9,-20.6,48,9,25.0,102.21,Clear,2,-12.1,
2012-02-08 02:00:00,-12.1,-20.4,50,6,25.0,102.2,Clear,2,-12.4,
2012-02-08 03:00:00,-12.4,-20.4,51,11,25.0,102.15,Clear,2,-14.0,
2012-02-08 04:00:00,-14.0,-21.0,55,4,25.0,102.13,Clear,2,-12.6,
2012-02-08 05:00:00,-12.6,-21.2,49,0,25.0,102.11,Clear,2,-12.4,
2012-02-08 06:00:00,-12.4,-21.1,48,9,25.0,102.06,Mainly Clear,2,-11.7,
2012-02-08 07:00:00,-11.7,-18.0,59,15,24.1,102.07,Mainly Clear,2,-10.8,
2012-02-08 08:00:00,-10.8,-17.0,60,13,48.3,102.09,Mainly Clear,2,-9.6,
2012-02-08 09:00:00,-9.6,-15.1,64,15,48.3,102.07,Mainly Clear,2,-8.2,
2012-02-08 10:00:00,-8.2,-14.6,60,17,48.3,102.04,Mainly Clear,2,-6.3,
2012-02-08 11:00:00,-6.3,-13.7,56,17,48.3,101.93,Mainly Clear,2,-4.6,
2012-02-08 12:00:00,-4.6,-12.9,52,20,48.3,101.76,Clear,2,-3.3,
2012-02-08 13:00:00,-3.3,-12.9,47,32,48.3,101.63,Clear,2,-2.4,
2012-02-08 14:00:00,-2.4,-12.2,47,24,48.3,101.54,Mainly Clear,2,-1.8,
2012-02-08 15:00:00,-1.8,-12.8,43,32,48.3,101.45,Mainly Clear,2,-1.6,
2012-02-08 16:00:00,-1.6,-11.9,45,22,48.3,101.37,Mainly Clear,2,-2.1,
2012-02-08 17:00:00,-2.1,-12.0,47,17,48.3,101.31,Mainly Clear,2,-2.5,
2012-02-08 18:00:00,-2.5,-12.6,46,19,24.1,101.27,Mainly Clear,2,-3.2,
2012-02-08 19:00:00,-3.2,-12.4,49,22,25.0,101.28,Clear,2,-3.3,
2012-02-08 20:00:00,-3.3,-12.1,51,22,25.0,101.26,Clear,2,-3.1,
2012-02-08 21:00:00,-3.1,-10.3,57,26,25.0,101.25,Mainly Clear,2,-3.6,
2012-02-08 22:00:00,-3.6,-8.6,68,17,25.0,101.22,Mainly Clear,2,-3.6,
2012-02-08 23:00:00,-3.6,-8.1,71,20,25.0,101.19,Clear,2,-4.0,
2012-02-09 00:00:00,-4.0,-8.3,72,13,25.0,101.17,Clear,2,-3.4,
2012-02-09 01:00:00,-3.4,-7.9,71,13,25.0,101.16,Clear,2,-3.9,
2012-02-09 02:00:00,-3.9,-8.0,73,11,25.0,101.17,Clear,2,-3.5,
2012-02-09 03:00:00,-3.5,-7.9,72,24,25.0,101.12,Clear,2,-3.4,
2012-02-09 04:00:00,-3.4,-8.0,70,26,25.0,101.1,Clear,2,-4.1,
2012-02-09 05:00:00,-4.1,-8.3,73,20,25.0,101.11,Clear,2,-4.9,
2012-02-09 06:00:00,-4.9,-8.9,73,20,25.0,101.13,Clear,2,-5.4,
2012-02-09 07:00:00,-5.4,-9.1,75,17,24.1,101.19,Mainly Clear,2,-4.9,
2012-02-09 08:00:00,-4.9,-8.8,74,20,24.1,101.23,Clear,2,-3.5,
2012-02-09 09:00:00,-3.5,-8.0,71,22,24.1,101.25,Mainly Clear,2,-2.5,
2012-02-09 10:00:00,-2.5,-7.8,67,28,24.1,101.26,Mainly Clear,2,-1.2,
2012-02-09 11:00:00,-1.2,-7.3,63,24,24.1,101.27,Clear,2,-0.1,
2012-02-09 12:00:00,-0.1,-7.3,58,24,48.3,101.19,Clear,2,0.7,
2012-02-09 13:00:00,0.7,-7.1,56,26,48.3,101.13,Clear,2,1.5,
2012-02-09 14:00:00,1.5,-6.3,56,30,24.1,101.05,Clear,2,2.4,
2012-02-09 15:00:00,2.4,-6.2,53,24,48.3,101.03,Clear,2,2.7,
2012-02-09 16:00:00,2.7,-6.5,51,22,48.3,101.01,Clear,2,2.0,
2012-02-09 17:00:00,2.0,-6.3,54,20,48.3,101.02,Clear,2,1.6,
2012-02-09 18:00:00,1.6,-6.6,54,22,24.1,101.06,Clear,2,0.4,
2012-02-09 19:00:00,0.4,-5.9,63,20,25.0,101.1,Clear,2,0.5,
2012-02-09 20:00:00,0.5,-6.6,59,17,25.0,101.11,Clear,2,0.2,
2012-02-09 21:00:00,0.2,-5.5,65,22,25.0,101.13,Clear,2,0.8,
2012-02-09 22:00:00,0.8,-4.7,67,28,25.0,101.11,Clear,2,0.1,
2012-02-09 23:00:00,0.1,-4.9,69,26,25.0,101.1,Clear,2,0.4,
2012-02-10 00:00:00,0.4,-3.5,75,22,25.0,101.12,Clear,2,0.1,
2012-02-10 01:00:00,0.1,-4.1,73,19,25.0,101.13,Clear,2,0.0,
2012-02-10 02:00:00,0.0,-4.3,73,22,25.0,101.15,Clear,2,-1.0,
2012-02-10 03:00:00,-1.0,-4.3,78,17,25.0,101.13,Clear,2,-0.8,
2012-02-10 04:00:00,-0.8,-4.4,77,20,25.0,101.1,Clear,2,-0.8,
2012-02-10 05:00:00,-0.8,-4.3,77,22,25.0,101.07,Clear,2,-0.7,
2012-02-10 06:00:00,-0.7,-4.0,78,22,25.0,101.07,Clear,2,-0.5,
2012-02-10 07:00:00,-0.5,-3.9,78,20,24.1,101.09,Mostly Cloudy,2,-0.9,
2012-02-10 08:00:00,-0.9,-4.2,78,17,24.1,101.12,Mostly Cloudy,2,-0.1,
2012-02-10 09:00:00,-0.1,-3.5,78,19,24.1,101.12,Cloudy,2,0.9,
2012-02-10 10:00:00,0.9,-3.7,71,28,24.1,101.1,Mostly Cloudy,2,1.4,
2012-02-10 11:00:00,1.4,-4.1,67,20,24.1,101.08,Cloudy,2,1.4,
2012-02-10 12:00:00,1.4,-3.9,68,24,24.1,100.97,Cloudy,2,1.3,
2012-02-10 13:00:00,1.3,-4.7,64,24,24.1,100.92,Cloudy,2,1.1,
2012-02-10 14:00:00,1.1,-3.5,71,30,24.1,100.91,Cloudy,2,1.3,
2012-02-10 15:00:00,1.3,-4.0,68,28,24.1,100.94,Cloudy,2,1.0,
2012-02-10 16:00:00,1.0,-4.1,69,30,24.1,100.9,Cloudy,2,0.9,
2012-02-10 17:00:00,0.9,-4.8,66,22,25.0,100.87,Cloudy,2,0.4,
2012-02-10 18:00:00,0.4,-4.8,68,17,25.0,100.92,Cloudy,2,0.0,
2012-02-10 19:00:00,0.0,-5.2,68,17,25.0,100.91,Mostly Cloudy,2,-0.2,
2012-02-10 20:00:00,-0.2,-5.2,69,15,25.0,100.88,Snow Showers,2,-0.4,
2012-02-10 21:00:00,-0.4,-4.7,73,13,25.0,100.84,Cloudy,2,-0.7,
2012-02-10 22:00:00,-0.7,-3.0,84,11,16.1,100.78,Snow,2,-0.9,
2012-02-10 23:00:00,-0.9,-2.4,90,6,9.7,100.76,"Snow,Fog",2,-1.4,
2012-02-11 00:00:00,-1.4,-2.3,94,9,6.4,100.78,"Snow,Fog",2,-7.4,
2012-02-11 01:00:00,-7.4,-8.9,89,24,3.6,100.83,Snow,2,-8.6,
2012-02-11 02:00:00,-8.6,-11.0,83,30,8.0,100.91,Snow,2,-9.5,
2012-02-11 03:00:00,-9.5,-12.4,79,22,6.4,100.93,Snow,2,-10.8,
2012-02-11 04:00:00,-10.8,-13.4,81,22,16.1,100.98,Snow,2,-11.5,
2012-02-11 05:00:00,-11.5,-14.4,79,20,16.1,100.99,Snow,2,-12.2,
2012-02-11 06:00:00,-12.2,-14.8,81,24,9.7,101.0,Snow,2,-13.0,
2012-02-11 07:00:00,-13.0,-15.7,80,20,12.9,100.96,Snow,2,-13.7,
2012-02-11 08:00:00,-13.7,-17.1,75,20,16.1,101.01,Snow,2,-13.7,
2012-02-11 09:00:00,-13.7,-19.1,64,20,24.1,101.04,Cloudy,2,-13.4,
2012-02-11 10:00:00,-13.4,-18.8,64,19,24.1,101.05,Snow,2,-13.1,
2012-02-11 11:00:00,-13.1,-18.8,62,11,24.1,101.03,Snow,2,-12.8,
2012-02-11 12:00:00,-12.8,-17.2,70,9,19.3,100.97,Snow,2,-12.1,
2012-02-11 13:00:00,-12.1,-16.4,70,7,24.1,100.85,Mostly Cloudy,2,-11.3,
2012-02-11 14:00:00,-11.3,-17.4,61,6,48.3,100.76,Mainly Clear,2,-10.8,
2012-02-11 15:00:00,-10.8,-18.8,52,11,48.3,100.73,Mainly Clear,2,-10.4,
2012-02-11 16:00:00,-10.4,-18.3,52,6,48.3,100.7,Mainly Clear,2,-10.5,
2012-02-11 17:00:00,-10.5,-17.0,59,4,25.0,100.68,Mainly Clear,2,-12.8,
2012-02-11 18:00:00,-12.8,-17.9,66,4,25.0,100.72,Clear,2,-14.0,
2012-02-11 19:00:00,-14.0,-21.2,54,7,25.0,100.74,Clear,2,-14.4,
2012-02-11 20:00:00,-14.4,-19.9,63,9,25.0,100.73,Clear,2,-13.9,
2012-02-11 21:00:00,-13.9,-18.6,68,7,25.0,100.71,Clear,2,-13.5,
2012-02-11 22:00:00,-13.5,-18.2,68,6,25.0,100.7,Clear,2,-14.5,
2012-02-11 23:00:00,-14.5,-20.8,59,13,25.0,100.68,Clear,2,-15.0,
2012-02-12 00:00:00,-15.0,-22.4,53,11,25.0,100.66,Clear,2,-15.3,
2012-02-12 01:00:00,-15.3,-23.1,51,11,25.0,100.62,Mostly Cloudy,2,-15.9,
2012-02-12 02:00:00,-15.9,-23.7,51,6,25.0,100.6,Clear,2,-16.8,
2012-02-12 03:00:00,-16.8,-23.9,54,9,25.0,100.57,Mainly Clear,2,-16.6,
2012-02-12 04:00:00,-16.6,-23.8,54,11,25.0,100.6,Cloudy,2,-16.4,
2012-02-12 05:00:00,-16.4,-22.8,58,11,25.0,100.59,Snow,2,-16.7,
2012-02-12 06:00:00,-16.7,-23.3,57,15,25.0,100.6,Snow,2,-16.7,
2012-02-12 07:00:00,-16.7,-23.5,56,19,24.1,100.64,Snow,2,-16.9,
2012-02-12 08:00:00,-16.9,-24.1,54,17,24.1,100.68,Cloudy,2,-16.7,
2012-02-12 09:00:00,-16.7,-24.6,50,17,24.1,100.72,Snow,2,-16.6,
2012-02-12 10:00:00,-16.6,-25.1,48,17,48.3,100.73,Mostly Cloudy,2,-16.1,
2012-02-12 11:00:00,-16.1,-25.3,45,20,48.3,100.72,Mainly Clear,2,-14.8,
2012-02-12 12:00:00,-14.8,-23.8,46,24,48.3,100.61,Mainly Clear,2,-13.9,
2012-02-12 13:00:00,-13.9,-23.2,45,20,48.3,100.55,Mainly Clear,2,-13.2,
2012-02-12 14:00:00,-13.2,-23.0,44,26,48.3,100.52,Mainly Clear,2,-12.5,
2012-02-12 15:00:00,-12.5,-22.8,42,28,48.3,100.51,Mainly Clear,2,-12.0,
2012-02-12 16:00:00,-12.0,-21.9,44,32,48.3,100.54,Mainly Clear,2,-12.0,
2012-02-12 17:00:00,-12.0,-22.1,43,26,25.0,100.56,Mainly Clear,2,-12.3,
2012-02-12 18:00:00,-12.3,-20.1,52,24,25.0,100.57,Mostly Cloudy,2,-11.9,
2012-02-12 19:00:00,-11.9,-19.3,54,24,25.0,100.58,Mostly Cloudy,2,-11.3,
2012-02-12 20:00:00,-11.3,-18.9,53,22,25.0,100.58,Cloudy,2,-10.8,
2012-02-12 21:00:00,-10.8,-18.8,52,24,25.0,100.55,Cloudy,2,-10.6,
2012-02-12 22:00:00,-10.6,-17.9,55,26,25.0,100.55,Cloudy,2,-10.3,
2012-02-12 23:00:00,-10.3,-17.3,56,20,25.0,100.53,Cloudy,2,-10.0,
2012-02-13 00:00:00,-10.0,-16.3,60,19,25.0,100.48,Snow,2,-9.4,
2012-02-13 01:00:00,-9.4,-16.5,56,22,25.0,100.37,Cloudy,2,-8.8,
2012-02-13 02:00:00,-8.8,-15.7,57,24,25.0,100.33,Cloudy,2,-8.8,
2012-02-13 03:00:00,-8.8,-14.6,63,20,25.0,100.31,Cloudy,2,-8.4,
2012-02-13 04:00:00,-8.4,-14.6,61,20,25.0,100.3,Cloudy,2,-8.0,
2012-02-13 05:00:00,-8.0,-15.0,57,22,25.0,100.33,Cloudy,2,-7.9,
2012-02-13 06:00:00,-7.9,-14.5,59,22,25.0,100.37,Cloudy,2,-7.9,
2012-02-13 07:00:00,-7.9,-14.5,59,22,24.1,100.44,Cloudy,2,-8.0,
2012-02-13 08:00:00,-8.0,-13.5,65,24,48.3,100.54,Cloudy,2,-7.5,
2012-02-13 09:00:00,-7.5,-14.6,57,20,48.3,100.56,Cloudy,2,-6.8,
2012-02-13 10:00:00,-6.8,-19.1,37,26,48.3,100.59,Mostly Cloudy,2,-6.5,
2012-02-13 11:00:00,-6.5,-13.0,60,20,48.3,100.59,Cloudy,2,-5.2,
2012-02-13 12:00:00,-5.2,-13.1,54,17,48.3,100.56,Mostly Cloudy,2,-4.9,
2012-02-13 13:00:00,-4.9,-14.0,49,24,48.3,100.52,Mostly Cloudy,2,-4.3,
2012-02-13 14:00:00,-4.3,-13.4,49,22,48.3,100.52,Cloudy,2,-3.4,
2012-02-13 15:00:00,-3.4,-12.4,50,24,48.3,100.54,Cloudy,2,-3.4,
2012-02-13 16:00:00,-3.4,-12.8,48,24,48.3,100.56,Cloudy,2,-3.6,
2012-02-13 17:00:00,-3.6,-13.7,45,15,24.1,100.6,Mostly Cloudy,2,-4.9,
2012-02-13 18:00:00,-4.9,-13.4,51,0,25.0,100.64,Mostly Cloudy,2,-5.6,
2012-02-13 19:00:00,-5.6,-12.0,61,15,25.0,100.69,Mostly Cloudy,2,-7.2,
2012-02-13 20:00:00,-7.2,-12.0,69,7,25.0,100.73,Cloudy,2,-7.5,
2012-02-13 21:00:00,-7.5,-12.1,70,11,19.3,100.76,Snow,2,-9.0,
2012-02-13 22:00:00,-9.0,-12.9,73,13,25.0,100.78,Cloudy,2,-10.8,
2012-02-13 23:00:00,-10.8,-14.8,72,19,25.0,100.8,Cloudy,2,-11.8,
2012-02-14 00:00:00,-11.8,-15.6,73,15,25.0,100.83,Mostly Cloudy,2,-11.9,
2012-02-14 01:00:00,-11.9,-16.0,72,13,25.0,100.86,Mainly Clear,2,-12.9,
2012-02-14 02:00:00,-12.9,-17.9,66,11,25.0,100.93,Mainly Clear,2,-13.2,
2012-02-14 03:00:00,-13.2,-19.1,61,9,25.0,100.96,Mostly Cloudy,2,-13.4,
2012-02-14 04:00:00,-13.4,-19.4,61,11,25.0,101.01,Mostly Cloudy,2,-13.4,
2012-02-14 05:00:00,-13.4,-19.7,59,4,25.0,101.03,Mostly Cloudy,2,-14.2,
2012-02-14 06:00:00,-14.2,-19.6,64,6,25.0,101.04,Mainly Clear,2,-13.7,
2012-02-14 07:00:00,-13.7,-19.9,59,7,24.1,101.07,Mainly Clear,2,-13.6,
2012-02-14 08:00:00,-13.6,-20.0,58,9,24.1,101.12,Mainly Clear,2,-11.6,
2012-02-14 09:00:00,-11.6,-18.0,59,4,24.1,101.12,Mainly Clear,2,-8.8,
2012-02-14 10:00:00,-8.8,-14.3,64,4,24.1,101.15,Mainly Clear,2,-5.0,
2012-02-14 11:00:00,-5.0,-10.6,65,0,19.3,101.14,Mostly Cloudy,2,-3.2,
2012-02-14 12:00:00,-3.2,-8.3,68,4,24.1,101.09,Cloudy,2,-2.1,
2012-02-14 13:00:00,-2.1,-6.5,72,4,24.1,101.02,Cloudy,2,0.1,
2012-02-14 14:00:00,0.1,-5.1,68,9,24.1,100.98,Mostly Cloudy,2,1.1,
2012-02-14 15:00:00,1.1,-5.3,62,9,24.1,100.98,Mostly Cloudy,2,2.3,
2012-02-14 16:00:00,2.3,-4.9,59,7,24.1,100.97,Mostly Cloudy,2,1.1,
2012-02-14 17:00:00,1.1,-3.7,70,9,24.1,101.01,Mostly Cloudy,2,1.3,
2012-02-14 18:00:00,1.3,-3.9,68,9,25.0,101.08,Cloudy,2,1.8,
2012-02-14 19:00:00,1.8,-6.1,56,7,25.0,101.13,Cloudy,2,-0.2,
2012-02-14 20:00:00,-0.2,-5.1,69,4,25.0,101.16,Mostly Cloudy,2,-0.6,
2012-02-14 21:00:00,-0.6,-6.0,67,7,25.0,101.18,Mainly Clear,2,-0.5,
2012-02-14 22:00:00,-0.5,-5.7,68,0,25.0,101.21,Cloudy,2,-1.2,
2012-02-14 23:00:00,-1.2,-5.6,72,0,25.0,101.22,Cloudy,2,-1.9,
2012-02-15 00:00:00,-1.9,-5.6,76,4,25.0,101.26,Cloudy,2,-1.8,
2012-02-15 01:00:00,-1.8,-5.2,78,4,25.0,101.31,Cloudy,2,-1.2,
2012-02-15 02:00:00,-1.2,-5.2,74,0,25.0,101.33,Cloudy,2,-1.6,
2012-02-15 03:00:00,-1.6,-5.4,75,4,25.0,101.36,Cloudy,2,-0.7,
2012-02-15 04:00:00,-0.7,-3.5,81,0,25.0,101.39,Snow,2,-1.3,
2012-02-15 05:00:00,-1.3,-3.0,88,7,4.8,101.45,Snow,2,-1.0,
2012-02-15 06:00:00,-1.0,-2.3,91,0,4.8,101.48,Snow,2,-0.3,
2012-02-15 07:00:00,-0.3,-1.6,91,4,6.4,101.51,Snow,2,0.1,
2012-02-15 08:00:00,0.1,-1.5,89,4,4.8,101.57,Snow,2,0.6,
2012-02-15 09:00:00,0.6,-1.2,88,4,3.2,101.61,Snow,2,1.0,
2012-02-15 10:00:00,1.0,-0.7,88,0,6.4,101.62,Snow,2,2.0,
2012-02-15 11:00:00,2.0,-0.2,85,0,8.0,101.65,Snow,2,2.1,
2012-02-15 12:00:00,2.1,-0.3,84,0,9.7,101.67,Snow,2,1.7,
2012-02-15 13:00:00,1.7,-0.3,87,6,9.7,101.67,Snow,2,1.5,
2012-02-15 14:00:00,1.5,0.0,90,7,9.7,101.68,Snow,2,1.9,
2012-02-15 15:00:00,1.9,0.1,88,6,12.9,101.72,Cloudy,2,2.2,
2012-02-15 16:00:00,2.2,0.2,87,6,12.9,101.75,Rain,2,2.1,
2012-02-15 17:00:00,2.1,0.3,88,6,11.3,101.8,Rain,2,1.5,
2012-02-15 18:00:00,1.5,0.2,91,7,9.7,101.85,Rain,2,1.5,
2012-02-15 19:00:00,1.5,0.2,91,7,9.7,101.89,Rain,2,1.5,
2012-02-15 20:00:00,1.5,0.2,91,7,6.4,101.91,Rain,2,1.3,
2012-02-15 21:00:00,1.3,0.1,92,13,8.0,101.95,Snow,2,1.2,
2012-02-15 22:00:00,1.2,0.0,92,7,6.4,101.98,Fog,2,1.4,
2012-02-15 23:00:00,1.4,0.0,90,7,8.0,101.97,Fog,2,0.8,
2012-02-16 00:00:00,0.8,-0.4,92,9,9.7,101.96,Fog,2,1.1,
2012-02-16 01:00:00,1.1,-0.5,89,7,12.9,102.0,Cloudy,2,0.7,
2012-02-16 02:00:00,0.7,-0.8,90,4,12.9,101.97,Cloudy,2,0.7,
2012-02-16 03:00:00,0.7,-0.7,90,6,25.0,101.94,Cloudy,2,0.9,
2012-02-16 04:00:00,0.9,-0.7,89,7,12.9,101.94,Cloudy,2,0.7,
2012-02-16 05:00:00,0.7,-0.9,89,4,12.9,101.92,Cloudy,2,1.3,
2012-02-16 06:00:00,1.3,-0.9,85,6,12.9,101.93,Cloudy,2,1.7,
2012-02-16 07:00:00,1.7,-0.9,83,7,12.9,101.96,Cloudy,2,1.2,
2012-02-16 08:00:00,1.2,-1.2,84,7,16.1,101.95,Cloudy,2,1.8,
2012-02-16 09:00:00,1.8,-1.3,80,0,16.1,101.91,Mostly Cloudy,2,2.7,
2012-02-16 10:00:00,2.7,-1.1,76,11,24.1,101.83,Mainly Clear,2,3.3,
2012-02-16 11:00:00,3.3,-2.1,68,11,24.1,101.76,Mostly Cloudy,2,3.6,
2012-02-16 12:00:00,3.6,-3.1,62,19,24.1,101.65,Mostly Cloudy,2,3.3,
2012-02-16 13:00:00,3.3,-2.7,65,19,24.1,101.53,Mostly Cloudy,2,3.5,
2012-02-16 14:00:00,3.5,-2.7,64,19,24.1,101.39,Mostly Cloudy,2,3.6,
2012-02-16 15:00:00,3.6,-2.8,63,19,24.1,101.29,Mostly Cloudy,2,3.7,
2012-02-16 16:00:00,3.7,-2.5,64,15,24.1,101.22,Cloudy,2,3.6,
2012-02-16 17:00:00,3.6,-2.7,63,15,24.1,101.17,Cloudy,2,3.0,
2012-02-16 18:00:00,3.0,-2.1,69,19,24.1,101.13,Rain,2,2.5,
2012-02-16 19:00:00,2.5,-1.4,75,17,25.0,101.02,Rain,2,1.7,
2012-02-16 20:00:00,1.7,-0.7,84,17,16.1,100.94,Rain,2,1.5,
2012-02-16 21:00:00,1.5,-0.5,87,15,25.0,100.88,Rain,2,1.5,
2012-02-16 22:00:00,1.5,-0.6,86,17,12.9,100.8,Rain,2,1.3,
2012-02-16 23:00:00,1.3,-0.3,89,19,16.1,100.71,Rain,2,1.3,
2012-02-17 00:00:00,1.3,-0.3,89,19,12.9,100.64,Rain,2,1.3,
2012-02-17 01:00:00,1.3,-0.2,90,19,12.9,100.57,Rain,2,1.3,
2012-02-17 02:00:00,1.3,0.1,92,17,9.7,100.5,Rain,2,1.4,
2012-02-17 03:00:00,1.4,0.2,92,19,12.9,100.45,Rain,2,2.3,
2012-02-17 04:00:00,2.3,1.1,92,20,8.0,100.47,Drizzle,2,2.8,
2012-02-17 05:00:00,2.8,1.6,92,24,12.9,100.49,Cloudy,2,3.0,
2012-02-17 06:00:00,3.0,0.9,86,30,16.1,100.54,Cloudy,2,3.0,
2012-02-17 07:00:00,3.0,-0.3,79,24,24.1,100.58,Mostly Cloudy,2,2.8,
2012-02-17 08:00:00,2.8,-1.2,75,32,24.1,100.67,Cloudy,2,2.3,
2012-02-17 09:00:00,2.3,-2.4,71,32,24.1,100.74,Mostly Cloudy,2,2.5,
2012-02-17 10:00:00,2.5,-3.0,67,41,48.3,100.76,Mostly Cloudy,2,2.6,
2012-02-17 11:00:00,2.6,-4.0,62,32,48.3,100.77,Cloudy,2,2.6,
2012-02-17 12:00:00,2.6,-4.1,61,24,24.1,100.71,Cloudy,2,3.0,
2012-02-17 13:00:00,3.0,-4.3,59,22,24.1,100.66,Mostly Cloudy,2,3.5,
2012-02-17 14:00:00,3.5,-5.1,53,28,24.1,100.62,Mostly Cloudy,2,3.0,
2012-02-17 15:00:00,3.0,-4.4,58,30,24.1,100.63,Mostly Cloudy,2,3.1,
2012-02-17 16:00:00,3.1,-4.9,56,26,24.1,100.64,Cloudy,2,2.6,
2012-02-17 17:00:00,2.6,-3.9,62,26,24.1,100.66,Mostly Cloudy,2,2.3,
2012-02-17 18:00:00,2.3,-3.7,64,22,25.0,100.69,Mostly Cloudy,2,2.0,
2012-02-17 19:00:00,2.0,-3.5,67,28,25.0,100.68,Mostly Cloudy,2,1.8,
2012-02-17 20:00:00,1.8,-3.4,68,24,25.0,100.68,Mostly Cloudy,2,1.7,
2012-02-17 21:00:00,1.7,-3.6,68,19,25.0,100.7,Mostly Cloudy,2,1.2,
2012-02-17 22:00:00,1.2,-3.9,69,15,25.0,100.72,Mainly Clear,2,0.9,
2012-02-17 23:00:00,0.9,-4.1,69,26,25.0,100.7,Mainly Clear,2,0.7,
2012-02-18 00:00:00,0.7,-3.9,71,24,25.0,100.71,Mainly Clear,2,0.7,
2012-02-18 01:00:00,0.7,-4.5,68,22,25.0,100.71,Mainly Clear,2,0.3,
2012-02-18 02:00:00,0.3,-4.4,71,22,25.0,100.74,Mainly Clear,2,0.3,
2012-02-18 03:00:00,0.3,-4.7,69,26,25.0,100.72,Mostly Cloudy,2,-0.3,
2012-02-18 04:00:00,-0.3,-4.9,71,22,25.0,100.74,Mostly Cloudy,2,-0.6,
2012-02-18 05:00:00,-0.6,-5.1,72,19,25.0,100.79,Cloudy,2,-0.2,
2012-02-18 06:00:00,-0.2,-5.0,70,20,25.0,100.82,Mostly Cloudy,2,-0.6,
2012-02-18 07:00:00,-0.6,-5.2,71,24,25.0,100.84,Mostly Cloudy,2,-0.6,
2012-02-18 08:00:00,-0.6,-5.3,70,19,24.1,100.85,Mostly Cloudy,2,-0.6,
2012-02-18 09:00:00,-0.6,-5.4,70,24,48.3,100.85,Mainly Clear,2,0.1,
2012-02-18 10:00:00,0.1,-5.3,67,24,48.3,100.83,Cloudy,2,0.5,
2012-02-18 11:00:00,0.5,-5.1,66,17,48.3,100.81,Cloudy,2,1.1,
2012-02-18 12:00:00,1.1,-5.7,60,15,48.3,100.75,Mostly Cloudy,2,1.8,
2012-02-18 13:00:00,1.8,-6.1,56,20,48.3,100.7,Mostly Cloudy,2,1.2,
2012-02-18 14:00:00,1.2,-5.4,61,15,48.3,100.7,Mostly Cloudy,2,1.5,
2012-02-18 15:00:00,1.5,-5.8,58,19,48.3,100.71,Mostly Cloudy,2,1.5,
2012-02-18 16:00:00,1.5,-6.3,56,19,48.3,100.73,Mostly Cloudy,2,1.0,
2012-02-18 17:00:00,1.0,-6.2,59,13,48.3,100.78,Mostly Cloudy,2,0.8,
2012-02-18 18:00:00,0.8,-6.9,56,15,25.0,100.88,Mostly Cloudy,2,-0.6,
2012-02-18 19:00:00,-0.6,-7.8,58,11,25.0,100.99,Mainly Clear,2,-1.7,
2012-02-18 20:00:00,-1.7,-7.8,63,11,25.0,101.09,Clear,2,-2.4,
2012-02-18 21:00:00,-2.4,-8.1,65,9,25.0,101.16,Clear,2,-3.5,
2012-02-18 22:00:00,-3.5,-8.3,69,9,25.0,101.21,Clear,2,-3.9,
2012-02-18 23:00:00,-3.9,-8.7,69,9,25.0,101.29,Clear,2,-3.9,
2012-02-19 00:00:00,-3.9,-8.8,69,13,25.0,101.37,Clear,2,-4.5,
2012-02-19 01:00:00,-4.5,-9.8,66,19,25.0,101.46,Mainly Clear,2,-5.2,
2012-02-19 02:00:00,-5.2,-10.2,68,9,25.0,101.49,Mainly Clear,2,-6.0,
2012-02-19 03:00:00,-6.0,-10.3,72,0,25.0,101.43,Clear,2,-5.8,
2012-02-19 04:00:00,-5.8,-10.5,69,7,25.0,101.44,Mainly Clear,2,-5.9,
2012-02-19 05:00:00,-5.9,-9.7,74,9,25.0,101.48,Mainly Clear,2,-6.7,
2012-02-19 06:00:00,-6.7,-10.3,76,6,25.0,101.5,Clear,2,-6.3,
2012-02-19 07:00:00,-6.3,-10.5,72,7,25.0,101.53,Mainly Clear,2,-5.8,
2012-02-19 08:00:00,-5.8,-9.9,73,7,24.1,101.57,Mostly Cloudy,2,-5.2,
2012-02-19 09:00:00,-5.2,-9.7,71,9,24.1,101.59,Mostly Cloudy,2,-4.7,
2012-02-19 10:00:00,-4.7,-9.7,68,15,48.3,101.59,Cloudy,2,-4.0,
2012-02-19 11:00:00,-4.0,-9.1,68,17,48.3,101.59,Mostly Cloudy,2,-3.2,
2012-02-19 12:00:00,-3.2,-9.0,64,17,48.3,101.56,Mainly Clear,2,-2.7,
2012-02-19 13:00:00,-2.7,-8.6,64,19,48.3,101.51,Mainly Clear,2,-2.3,
2012-02-19 14:00:00,-2.3,-9.5,58,15,48.3,101.45,Clear,2,-1.6,
2012-02-19 15:00:00,-1.6,-9.3,56,17,48.3,101.43,Clear,2,-1.6,
2012-02-19 16:00:00,-1.6,-9.7,54,20,48.3,101.37,Clear,2,-2.1,
2012-02-19 17:00:00,-2.1,-9.8,56,15,48.3,101.36,Clear,2,-2.9,
2012-02-19 18:00:00,-2.9,-9.8,59,13,48.3,101.39,Clear,2,-3.2,
2012-02-19 19:00:00,-3.2,-10.0,59,15,25.0,101.43,Clear,2,-3.8,
2012-02-19 20:00:00,-3.8,-10.1,62,13,25.0,101.47,Clear,2,-4.8,
2012-02-19 21:00:00,-4.8,-10.0,67,11,25.0,101.51,Clear,2,-5.4,
2012-02-19 22:00:00,-5.4,-10.2,69,9,25.0,101.52,Clear,2,-6.3,
2012-02-19 23:00:00,-6.3,-11.8,65,7,25.0,101.52,Clear,2,-6.7,
2012-02-20 00:00:00,-6.7,-12.4,64,4,25.0,101.55,Clear,2,-7.6,
2012-02-20 01:00:00,-7.6,-12.6,67,0,25.0,101.63,Clear,2,-8.8,
2012-02-20 02:00:00,-8.8,-12.3,76,4,25.0,101.66,Clear,2,-8.8,
2012-02-20 03:00:00,-8.8,-12.7,73,7,25.0,101.68,Clear,2,-9.8,
2012-02-20 04:00:00,-9.8,-13.0,77,6,25.0,101.69,Clear,2,-10.2,
2012-02-20 05:00:00,-10.2,-13.7,75,6,25.0,101.77,Clear,2,-10.7,
2012-02-20 06:00:00,-10.7,-14.3,75,4,25.0,101.81,Clear,2,-11.0,
2012-02-20 07:00:00,-11.0,-14.4,76,4,24.1,101.87,Clear,2,-9.9,
2012-02-20 08:00:00,-9.9,-14.4,70,4,48.3,101.98,Mainly Clear,2,-8.7,
2012-02-20 09:00:00,-8.7,-14.1,65,6,48.3,102.04,Mostly Cloudy,2,-8.0,
2012-02-20 10:00:00,-8.0,-13.7,64,9,48.3,102.07,Mostly Cloudy,2,-7.1,
2012-02-20 11:00:00,-7.1,-13.3,61,9,48.3,102.09,Mostly Cloudy,2,-6.0,
2012-02-20 12:00:00,-6.0,-12.1,62,11,48.3,102.1,Mostly Cloudy,2,-4.7,
2012-02-20 13:00:00,-4.7,-11.7,58,20,48.3,102.08,Mostly Cloudy,2,-3.1,
2012-02-20 14:00:00,-3.1,-10.5,57,17,48.3,102.07,Mainly Clear,2,-2.0,
2012-02-20 15:00:00,-2.0,-9.7,56,19,48.3,102.07,Mostly Cloudy,2,-1.8,
2012-02-20 16:00:00,-1.8,-8.5,60,20,48.3,102.06,Mainly Clear,2,-1.9,
2012-02-20 17:00:00,-1.9,-8.9,59,17,48.3,102.08,Clear,2,-3.2,
2012-02-20 18:00:00,-3.2,-8.8,65,9,48.3,102.1,Clear,2,-3.6,
2012-02-20 19:00:00,-3.6,-8.7,68,7,25.0,102.13,Clear,2,-4.0,
2012-02-20 20:00:00,-4.0,-9.0,68,6,25.0,102.16,Mainly Clear,2,-3.5,
2012-02-20 21:00:00,-3.5,-8.9,66,6,25.0,102.18,Clear,2,-3.3,
2012-02-20 22:00:00,-3.3,-8.8,66,0,25.0,102.2,Clear,2,-5.8,
2012-02-20 23:00:00,-5.8,-9.3,76,4,25.0,102.2,Clear,2,-4.0,
2012-02-21 00:00:00,-4.0,-8.1,73,9,25.0,102.21,Clear,2,-4.3,
2012-02-21 01:00:00,-4.3,-8.4,73,6,25.0,102.18,Clear,2,-4.1,
2012-02-21 02:00:00,-4.1,-8.1,74,7,25.0,102.21,Clear,2,-5.3,
2012-02-21 03:00:00,-5.3,-8.9,76,4,25.0,102.19,Clear,2,-5.2,
2012-02-21 04:00:00,-5.2,-8.2,79,4,25.0,102.12,Clear,2,-6.1,
2012-02-21 05:00:00,-6.1,-8.6,82,7,25.0,102.05,Mainly Clear,2,-6.1,
2012-02-21 06:00:00,-6.1,-8.9,81,6,25.0,102.03,Mainly Clear,2,-6.2,
2012-02-21 07:00:00,-6.2,-9.1,80,7,48.3,102.03,Mainly Clear,2,-5.0,
2012-02-21 08:00:00,-5.0,-8.2,78,7,48.3,101.98,Mostly Cloudy,2,-3.1,
2012-02-21 09:00:00,-3.1,-7.2,73,9,48.3,101.87,Mostly Cloudy,2,-1.4,
2012-02-21 10:00:00,-1.4,-7.0,66,11,48.3,101.72,Mostly Cloudy,2,-0.1,
2012-02-21 11:00:00,-0.1,-6.2,63,15,48.3,101.55,Cloudy,2,0.0,
2012-02-21 12:00:00,0.0,-6.8,60,19,48.3,101.38,Cloudy,2,1.0,
2012-02-21 13:00:00,1.0,-6.2,59,24,48.3,101.19,Cloudy,2,1.9,
2012-02-21 14:00:00,1.9,-6.2,55,22,48.3,100.95,Mostly Cloudy,2,2.2,
2012-02-21 15:00:00,2.2,-5.8,55,19,48.3,100.82,Cloudy,2,2.0,
2012-02-21 16:00:00,2.0,-5.9,56,17,48.3,100.66,Cloudy,2,2.2,
2012-02-21 17:00:00,2.2,-6.4,53,9,48.3,100.59,Cloudy,2,1.9,
2012-02-21 18:00:00,1.9,-6.1,55,9,25.0,100.54,Cloudy,2,2.1,
2012-02-21 19:00:00,2.1,-6.5,53,0,25.0,100.5,Cloudy,2,-0.2,
2012-02-21 20:00:00,-0.2,-4.9,71,4,25.0,100.43,Cloudy,2,-0.5,
2012-02-21 21:00:00,-0.5,-4.9,72,6,25.0,100.4,Cloudy,2,-0.6,
2012-02-21 22:00:00,-0.6,-4.5,75,6,25.0,100.35,Snow,2,0.5,
2012-02-21 23:00:00,0.5,-4.4,70,0,25.0,100.2,Cloudy,2,0.5,
2012-02-22 00:00:00,0.5,-2.1,83,19,9.7,100.1,Snow,2,0.8,
2012-02-22 01:00:00,0.8,-2.2,80,15,12.9,99.97,Snow,2,1.4,
2012-02-22 02:00:00,1.4,-2.5,75,19,12.9,99.87,Snow,2,1.3,
2012-02-22 03:00:00,1.3,-1.5,82,20,9.7,99.77,"Rain,Snow",2,1.2,
2012-02-22 04:00:00,1.2,-1.0,85,15,12.9,99.68,Rain,2,1.4,
2012-02-22 05:00:00,1.4,-0.6,87,15,9.7,99.64,Rain,2,1.5,
2012-02-22 06:00:00,1.5,-0.3,88,13,12.9,99.59,Rain,2,1.6,
2012-02-22 07:00:00,1.6,0.1,90,15,6.4,99.57,"Rain,Fog",2,2.6,
2012-02-22 08:00:00,2.6,0.9,89,17,19.3,99.57,Rain,2,2.9,
2012-02-22 09:00:00,2.9,0.7,85,26,24.1,99.57,Cloudy,2,4.0,
2012-02-22 10:00:00,4.0,1.2,82,28,24.1,99.54,Mostly Cloudy,2,4.6,
2012-02-22 11:00:00,4.6,0.4,74,26,24.1,99.56,Mostly Cloudy,2,5.2,
2012-02-22 12:00:00,5.2,-0.6,66,28,24.1,99.52,Mostly Cloudy,2,5.8,
2012-02-22 13:00:00,5.8,-1.1,61,22,24.1,99.4,Mostly Cloudy,2,6.1,
2012-02-22 14:00:00,6.1,-1.4,59,17,24.1,99.32,Mostly Cloudy,2,5.4,
2012-02-22 15:00:00,5.4,-1.4,62,28,24.1,99.3,Rain Showers,2,2.9,
2012-02-22 16:00:00,2.9,0.3,83,19,24.1,99.31,Mainly Clear,2,2.6,
2012-02-22 17:00:00,2.6,0.1,84,19,24.1,99.29,Mostly Cloudy,2,2.4,
2012-02-22 18:00:00,2.4,-0.2,83,9,24.1,99.33,Mostly Cloudy,2,1.9,
2012-02-22 19:00:00,1.9,-0.2,86,6,25.0,99.34,Mainly Clear,2,1.6,
2012-02-22 20:00:00,1.6,-0.8,84,13,25.0,99.32,Mostly Cloudy,2,2.3,
2012-02-22 21:00:00,2.3,-0.9,79,15,25.0,99.33,Mostly Cloudy,2,2.7,
2012-02-22 22:00:00,2.7,-0.8,78,15,25.0,99.26,Cloudy,2,2.6,
2012-02-22 23:00:00,2.6,-1.0,77,13,25.0,99.27,Cloudy,2,2.3,
2012-02-23 00:00:00,2.3,-0.9,79,20,25.0,99.23,Rain Showers,2,1.7,
2012-02-23 01:00:00,1.7,-1.1,82,11,25.0,99.18,Cloudy,2,1.1,
2012-02-23 02:00:00,1.1,-1.1,85,7,25.0,99.17,Snow,2,0.6,
2012-02-23 03:00:00,0.6,-1.0,89,6,6.4,99.14,Snow,2,0.5,
2012-02-23 04:00:00,0.5,-1.0,90,4,6.4,99.13,Fog,2,0.4,
2012-02-23 05:00:00,0.4,-1.1,90,4,6.4,99.11,Fog,2,0.5,
2012-02-23 06:00:00,0.5,-1.1,89,9,8.0,99.16,Fog,2,0.6,
2012-02-23 07:00:00,0.6,-1.0,89,7,8.0,99.2,Fog,2,0.4,
2012-02-23 08:00:00,0.4,-1.6,86,7,19.3,99.26,Mainly Clear,2,1.1,
2012-02-23 09:00:00,1.1,-1.8,81,17,24.1,99.32,Mostly Cloudy,2,1.6,
2012-02-23 10:00:00,1.6,-1.9,78,19,24.1,99.38,Mainly Clear,2,2.3,
2012-02-23 11:00:00,2.3,-1.9,74,22,24.1,99.42,Mostly Cloudy,2,2.1,
2012-02-23 12:00:00,2.1,-2.3,73,20,24.1,99.47,Cloudy,2,2.1,
2012-02-23 13:00:00,2.1,-2.1,74,20,16.1,99.49,Snow Showers,2,1.4,
2012-02-23 14:00:00,1.4,-1.5,81,13,19.3,99.53,Snow,2,1.9,
2012-02-23 15:00:00,1.9,-1.8,76,22,24.1,99.6,Mostly Cloudy,2,2.7,
2012-02-23 16:00:00,2.7,-2.3,70,22,24.1,99.7,Mostly Cloudy,2,2.3,
2012-02-23 17:00:00,2.3,-3.7,64,24,24.1,99.82,Mostly Cloudy,2,1.6,
2012-02-23 18:00:00,1.6,-3.8,67,15,24.1,99.9,Mainly Clear,2,1.6,
2012-02-23 19:00:00,1.6,-4.8,62,19,25.0,100.05,Clear,2,1.1,
2012-02-23 20:00:00,1.1,-5.0,64,15,25.0,100.12,Clear,2,0.5,
2012-02-23 21:00:00,0.5,-5.2,66,13,25.0,100.23,Clear,2,-0.2,
2012-02-23 22:00:00,-0.2,-5.4,68,9,25.0,100.28,Clear,2,-1.0,
2012-02-23 23:00:00,-1.0,-5.2,73,7,25.0,100.31,Clear,2,-0.9,
2012-02-24 00:00:00,-0.9,-5.1,73,6,25.0,100.34,Clear,2,-1.7,
2012-02-24 01:00:00,-1.7,-5.1,78,4,25.0,100.29,Clear,2,-1.8,
2012-02-24 02:00:00,-1.8,-5.4,76,0,25.0,100.2,Clear,2,-3.8,
2012-02-24 03:00:00,-3.8,-6.1,84,0,25.0,100.29,Mainly Clear,2,-2.8,
2012-02-24 04:00:00,-2.8,-5.0,85,0,25.0,100.31,Cloudy,2,-3.1,
2012-02-24 05:00:00,-3.1,-5.1,86,0,25.0,100.29,Cloudy,2,-3.0,
2012-02-24 06:00:00,-3.0,-5.1,85,6,25.0,100.26,Cloudy,2,-1.3,
2012-02-24 07:00:00,-1.3,-3.8,83,11,24.1,100.21,Cloudy,2,-0.7,
2012-02-24 08:00:00,-0.7,-3.6,81,9,24.1,100.21,Cloudy,2,0.3,
2012-02-24 09:00:00,0.3,-3.3,77,7,19.3,100.27,Cloudy,2,0.7,
2012-02-24 10:00:00,0.7,-3.0,76,9,19.3,100.25,Cloudy,2,0.9,
2012-02-24 11:00:00,0.9,-3.2,74,15,19.3,100.13,Cloudy,2,1.1,
2012-02-24 12:00:00,1.1,-3.3,72,20,19.3,99.91,Cloudy,2,1.0,
2012-02-24 13:00:00,1.0,-3.5,72,20,19.3,99.75,Cloudy,2,1.1,
2012-02-24 14:00:00,1.1,-3.3,72,20,16.1,99.64,Snow,2,1.0,
2012-02-24 15:00:00,1.0,-2.6,77,19,6.4,99.53,"Snow,Fog",2,-0.1,
2012-02-24 16:00:00,-0.1,-1.6,90,22,1.2,99.38,"Snow,Fog",2,-0.1,
2012-02-24 17:00:00,-0.1,-1.5,90,26,1.0,99.16,Snow,2,0.0,
2012-02-24 18:00:00,0.0,-1.4,90,24,1.0,99.07,Snow,2,0.0,
2012-02-24 19:00:00,0.0,-1.3,91,22,1.2,98.88,Snow,2,0.0,
2012-02-24 20:00:00,0.0,-1.2,92,15,2.0,98.81,Snow,2,0.3,
2012-02-24 21:00:00,0.3,-1.1,90,17,2.4,98.69,Snow,2,0.6,
2012-02-24 22:00:00,0.6,-0.8,90,19,16.1,98.55,Rain,2,0.8,
2012-02-24 23:00:00,0.8,-0.5,91,17,19.3,98.39,Cloudy,2,1.0,
2012-02-25 00:00:00,1.0,-0.6,89,11,12.9,98.29,Rain,2,0.8,
2012-02-25 01:00:00,0.8,-0.7,90,15,8.0,98.18,"Rain,Snow",2,0.4,
2012-02-25 02:00:00,0.4,-0.9,91,11,6.4,98.06,Snow,2,0.7,
2012-02-25 03:00:00,0.7,-0.8,90,19,4.0,98.0,Snow,2,0.4,
2012-02-25 04:00:00,0.4,-1.0,90,19,3.2,97.97,Snow,2,0.6,
2012-02-25 05:00:00,0.6,-1.1,88,22,12.9,97.99,Snow,2,0.0,
2012-02-25 06:00:00,0.0,-1.6,89,33,2.8,98.03,Snow,2,-1.4,
2012-02-25 07:00:00,-1.4,-2.9,89,33,1.2,98.11,"Snow,Blowing Snow",2,-1.8,
2012-02-25 08:00:00,-1.8,-3.2,90,32,1.2,98.2,"Snow,Blowing Snow",2,-1.4,
2012-02-25 09:00:00,-1.4,-2.9,89,33,1.2,98.33,"Snow,Blowing Snow",2,-1.7,
2012-02-25 10:00:00,-1.7,-3.3,89,32,1.6,98.45,Snow,2,-2.1,
2012-02-25 11:00:00,-2.1,-3.5,90,33,2.0,98.6,Snow,2,-2.5,
2012-02-25 12:00:00,-2.5,-4.2,88,33,3.2,98.75,Snow,2,-2.7,
2012-02-25 13:00:00,-2.7,-5.0,84,32,2.0,98.89,Snow,2,-3.2,
2012-02-25 14:00:00,-3.2,-6.3,79,35,3.2,99.05,Snow,2,-3.3,
2012-02-25 15:00:00,-3.3,-7.5,73,33,19.3,99.22,Snow,2,-3.6,
2012-02-25 16:00:00,-3.6,-7.4,75,24,9.7,99.39,Snow,2,-3.2,
2012-02-25 17:00:00,-3.2,-8.4,67,24,25.0,99.59,Cloudy,2,-3.6,
2012-02-25 18:00:00,-3.6,-9.0,66,30,25.0,99.8,Cloudy,2,-4.7,
2012-02-25 19:00:00,-4.7,-10.5,64,35,25.0,100.04,Cloudy,2,-5.3,
2012-02-25 20:00:00,-5.3,-11.2,63,26,25.0,100.24,Cloudy,2,-5.6,
2012-02-25 21:00:00,-5.6,-11.1,65,32,25.0,100.42,Mostly Cloudy,2,-6.6,
2012-02-25 22:00:00,-6.6,-12.8,61,28,25.0,100.62,Cloudy,2,-7.6,
2012-02-25 23:00:00,-7.6,-13.8,61,26,25.0,100.76,Cloudy,2,-8.3,
2012-02-26 00:00:00,-8.3,-14.3,62,19,25.0,100.89,Mostly Cloudy,2,-9.0,
2012-02-26 01:00:00,-9.0,-14.5,64,20,25.0,101.09,Mainly Clear,2,-9.2,
2012-02-26 02:00:00,-9.2,-14.6,65,22,25.0,101.26,Clear,2,-9.9,
2012-02-26 03:00:00,-9.9,-15.1,66,28,25.0,101.42,Mainly Clear,2,-10.8,
2012-02-26 04:00:00,-10.8,-15.3,69,30,25.0,101.6,Mostly Cloudy,2,-11.6,
2012-02-26 05:00:00,-11.6,-15.9,70,20,25.0,101.77,Clear,2,-11.3,
2012-02-26 06:00:00,-11.3,-16.8,64,22,25.0,101.92,Clear,2,-12.1,
2012-02-26 07:00:00,-12.1,-17.8,62,22,48.3,102.07,Clear,2,-12.1,
2012-02-26 08:00:00,-12.1,-18.0,61,26,48.3,102.23,Mainly Clear,2,-11.6,
2012-02-26 09:00:00,-11.6,-18.6,56,32,48.3,102.32,Mainly Clear,2,-11.2,
2012-02-26 10:00:00,-11.2,-20.3,47,22,48.3,102.35,Clear,2,-10.1,
2012-02-26 11:00:00,-10.1,-20.1,44,26,48.3,102.39,Clear,2,-9.3,
2012-02-26 12:00:00,-9.3,-18.6,47,28,48.3,102.42,Clear,2,-8.3,
2012-02-26 13:00:00,-8.3,-17.4,48,26,48.3,102.41,Mainly Clear,2,-7.6,
2012-02-26 14:00:00,-7.6,-17.2,46,28,48.3,102.42,Mainly Clear,2,-7.1,
2012-02-26 15:00:00,-7.1,-16.3,48,26,48.3,102.49,Mainly Clear,2,-6.8,
2012-02-26 16:00:00,-6.8,-16.4,46,24,48.3,102.52,Mainly Clear,2,-7.6,
2012-02-26 17:00:00,-7.6,-17.1,46,24,48.3,102.55,Mostly Cloudy,2,-7.9,
2012-02-26 18:00:00,-7.9,-16.7,49,19,25.0,102.6,Cloudy,2,-7.8,
2012-02-26 19:00:00,-7.8,-16.8,48,13,25.0,102.63,Cloudy,2,-7.9,
2012-02-26 20:00:00,-7.9,-16.4,50,11,25.0,102.64,Cloudy,2,-8.5,
2012-02-26 21:00:00,-8.5,-16.6,52,9,25.0,102.72,Cloudy,2,-8.6,
2012-02-26 22:00:00,-8.6,-16.5,53,0,25.0,102.68,Mostly Cloudy,2,-9.5,
2012-02-26 23:00:00,-9.5,-16.2,58,0,25.0,102.64,Cloudy,2,-8.2,
2012-02-27 00:00:00,-8.2,-16.2,52,7,25.0,102.63,Cloudy,2,-8.6,
2012-02-27 01:00:00,-8.6,-15.5,57,4,25.0,102.61,Cloudy,2,-8.5,
2012-02-27 02:00:00,-8.5,-14.2,63,13,25.0,102.6,Cloudy,2,-8.3,
2012-02-27 03:00:00,-8.3,-13.7,65,9,25.0,102.59,Cloudy,2,-8.2,
2012-02-27 04:00:00,-8.2,-14.4,61,9,25.0,102.58,Cloudy,2,-8.4,
2012-02-27 05:00:00,-8.4,-15.1,58,13,25.0,102.54,Mostly Cloudy,2,-9.0,
2012-02-27 06:00:00,-9.0,-15.2,61,17,25.0,102.42,Mostly Cloudy,2,-9.4,
2012-02-27 07:00:00,-9.4,-14.6,66,20,48.3,102.31,Cloudy,2,-9.8,
2012-02-27 08:00:00,-9.8,-14.8,67,19,48.3,102.25,Cloudy,2,-9.4,
2012-02-27 09:00:00,-9.4,-14.9,64,22,48.3,102.1,Cloudy,2,-8.7,
2012-02-27 10:00:00,-8.7,-14.6,62,22,24.1,101.94,Cloudy,2,-8.7,
2012-02-27 11:00:00,-8.7,-14.2,64,28,48.3,101.74,Mostly Cloudy,2,-6.3,
2012-02-27 12:00:00,-6.3,-12.8,60,15,48.3,101.59,Mostly Cloudy,2,-4.9,
2012-02-27 13:00:00,-4.9,-11.6,59,19,48.3,101.41,Cloudy,2,-5.5,
2012-02-27 14:00:00,-5.5,-11.5,63,22,24.1,101.34,Cloudy,2,-5.1,
2012-02-27 15:00:00,-5.1,-9.4,72,20,1.6,101.19,Snow,2,-4.9,
2012-02-27 16:00:00,-4.9,-7.9,79,19,19.3,101.13,Snow,2,-5.2,
2012-02-27 17:00:00,-5.2,-7.9,81,20,24.1,101.01,Cloudy,2,-6.3,
2012-02-27 18:00:00,-6.3,-8.9,82,24,25.0,101.1,Cloudy,2,-7.1,
2012-02-27 19:00:00,-7.1,-9.6,82,22,2.0,101.14,Snow,2,-7.2,
2012-02-27 20:00:00,-7.2,-9.6,83,9,25.0,101.25,Snow,2,-7.3,
2012-02-27 21:00:00,-7.3,-9.7,83,4,25.0,101.29,Snow,2,-7.1,
2012-02-27 22:00:00,-7.1,-9.6,82,0,8.0,101.33,Snow,2,-6.8,
2012-02-27 23:00:00,-6.8,-9.1,84,4,6.4,101.38,Snow,2,-6.7,
2012-02-28 00:00:00,-6.7,-9.0,84,0,6.4,101.4,Snow,2,-6.5,
2012-02-28 01:00:00,-6.5,-8.7,84,0,8.0,101.48,Snow,2,-6.6,
2012-02-28 02:00:00,-6.6,-8.9,84,0,9.7,101.55,Snow,2,-5.9,
2012-02-28 03:00:00,-5.9,-8.3,83,9,12.9,101.66,Cloudy,2,-5.5,
2012-02-28 04:00:00,-5.5,-8.3,81,15,16.1,101.82,Cloudy,2,-5.4,
2012-02-28 05:00:00,-5.4,-9.7,72,20,12.9,101.98,Snow,2,-6.9,
2012-02-28 06:00:00,-6.9,-10.3,77,22,8.0,102.19,Snow,2,-8.1,
2012-02-28 07:00:00,-8.1,-13.4,66,19,24.1,102.35,Mainly Clear,2,-8.4,
2012-02-28 08:00:00,-8.4,-13.7,66,19,24.1,102.5,Mainly Clear,2,-8.3,
2012-02-28 09:00:00,-8.3,-13.8,64,20,48.3,102.63,Clear,2,-7.5,
2012-02-28 10:00:00,-7.5,-13.6,62,13,24.1,102.65,Clear,2,-6.5,
2012-02-28 11:00:00,-6.5,-13.1,59,9,48.3,102.69,Clear,2,-5.8,
2012-02-28 12:00:00,-5.8,-13.3,55,11,48.3,102.65,Mainly Clear,2,-5.5,
2012-02-28 13:00:00,-5.5,-12.3,59,17,48.3,102.62,Mainly Clear,2,-4.8,
2012-02-28 14:00:00,-4.8,-12.1,57,15,48.3,102.58,Mostly Cloudy,2,-4.2,
2012-02-28 15:00:00,-4.2,-11.8,55,19,48.3,102.58,Mostly Cloudy,2,-4.3,
2012-02-28 16:00:00,-4.3,-12.4,53,17,48.3,102.54,Mostly Cloudy,2,-4.4,
2012-02-28 17:00:00,-4.4,-12.6,53,15,48.3,102.53,Mainly Clear,2,-5.3,
2012-02-28 18:00:00,-5.3,-12.5,57,17,24.1,102.56,Clear,2,-5.9,
2012-02-28 19:00:00,-5.9,-12.9,58,7,25.0,102.58,Clear,2,-6.8,
2012-02-28 20:00:00,-6.8,-13.4,59,11,25.0,102.56,Clear,2,-8.7,
2012-02-28 21:00:00,-8.7,-14.6,62,11,25.0,102.53,Clear,2,-8.3,
2012-02-28 22:00:00,-8.3,-14.0,63,0,25.0,102.52,Clear,2,-10.0,
2012-02-28 23:00:00,-10.0,-15.3,65,9,25.0,102.52,Clear,2,-8.2,
2012-02-29 00:00:00,-8.2,-13.8,64,9,25.0,102.51,Clear,2,-9.5,
2012-02-29 01:00:00,-9.5,-14.8,65,4,25.0,102.47,Clear,2,-9.7,
2012-02-29 02:00:00,-9.7,-13.9,71,4,25.0,102.46,Mainly Clear,2,-11.5,
2012-02-29 03:00:00,-11.5,-14.7,77,0,25.0,102.45,Clear,2,-10.3,
2012-02-29 04:00:00,-10.3,-14.2,73,7,25.0,102.41,Mainly Clear,2,-13.1,
2012-02-29 05:00:00,-13.1,-16.0,79,0,25.0,102.4,Clear,2,-12.2,
2012-02-29 06:00:00,-12.2,-15.2,78,0,25.0,102.41,Clear,2,-11.7,
2012-02-29 07:00:00,-11.7,-14.6,79,9,24.1,102.4,Mainly Clear,2,-10.6,
2012-02-29 08:00:00,-10.6,-13.7,78,11,24.1,102.44,Cloudy,2,-8.5,
2012-02-29 09:00:00,-8.5,-12.3,74,11,24.1,102.36,Mostly Cloudy,2,-6.6,
2012-02-29 10:00:00,-6.6,-11.6,68,17,24.1,102.3,Mostly Cloudy,2,-4.7,
2012-02-29 11:00:00,-4.7,-12.5,54,15,24.1,102.24,Mostly Cloudy,2,-3.9,
2012-02-29 12:00:00,-3.9,-12.2,52,17,24.1,102.08,Mostly Cloudy,2,-2.9,
2012-02-29 13:00:00,-2.9,-10.8,54,11,24.1,101.99,Mostly Cloudy,2,-2.9,
2012-02-29 14:00:00,-2.9,-11.7,51,13,24.1,101.89,Mostly Cloudy,2,-3.1,
2012-02-29 15:00:00,-3.1,-11.5,52,20,24.1,101.81,Cloudy,2,-3.6,
2012-02-29 16:00:00,-3.6,-11.2,56,26,24.1,101.72,Cloudy,2,-4.1,
2012-02-29 17:00:00,-4.1,-12.0,54,28,24.1,101.6,Cloudy,2,-4.7,
2012-02-29 18:00:00,-4.7,-12.8,53,28,24.1,101.54,Cloudy,2,-4.6,
2012-02-29 19:00:00,-4.6,-13.2,51,30,25.0,101.46,Mostly Cloudy,2,-4.5,
2012-02-29 20:00:00,-4.5,-13.0,51,30,25.0,101.42,Cloudy,2,-4.6,
2012-02-29 21:00:00,-4.6,-12.7,53,26,25.0,101.23,Cloudy,2,-4.5,
2012-02-29 22:00:00,-4.5,-12.3,54,30,25.0,101.14,Snow,2,-5.1,
2012-02-29 23:00:00,-5.1,-11.2,62,30,8.0,101.01,Snow,2,-5.5,
2012-03-01 00:00:00,-5.5,-9.7,72,24,4.0,100.97,Snow,3,-5.7,
2012-03-01 01:00:00,-5.7,-8.7,79,26,2.4,100.87,Snow,3,-5.4,
2012-03-01 02:00:00,-5.4,-8.3,80,28,4.8,100.8,Snow,3,-4.7,
2012-03-01 03:00:00,-4.7,-7.7,79,28,4.0,100.69,Snow,3,-5.4,
2012-03-01 04:00:00,-5.4,-7.8,83,35,1.6,100.62,Snow,3,-5.3,
2012-03-01 05:00:00,-5.3,-7.9,82,33,2.4,100.58,Snow,3,-5.2,
2012-03-01 06:00:00,-5.2,-7.8,82,33,4.0,100.57,Snow,3,-4.9,
2012-03-01 07:00:00,-4.9,-7.4,83,30,1.6,100.59,Snow,3,-5.0,
2012-03-01 08:00:00,-5.0,-7.5,83,32,1.2,100.59,Snow,3,-4.9,
2012-03-01 09:00:00,-4.9,-7.5,82,32,1.6,100.6,Snow,3,-4.7,
2012-03-01 10:00:00,-4.7,-7.3,82,32,1.2,100.62,Snow,3,-4.4,
2012-03-01 11:00:00,-4.4,-6.8,83,28,1.0,100.66,Snow,3,-4.3,
2012-03-01 12:00:00,-4.3,-6.8,83,30,1.2,100.66,Snow,3,-4.3,
2012-03-01 13:00:00,-4.3,-6.9,82,28,1.2,100.65,Snow,3,-3.9,
2012-03-01 14:00:00,-3.9,-6.6,81,28,1.2,100.67,Snow,3,-3.3,
2012-03-01 15:00:00,-3.3,-6.2,80,24,1.6,100.71,Snow,3,-2.7,
2012-03-01 16:00:00,-2.7,-5.7,80,19,2.4,100.74,Snow,3,-2.9,
2012-03-01 17:00:00,-2.9,-5.9,80,20,4.0,100.8,Snow,3,-3.0,
2012-03-01 18:00:00,-3.0,-6.0,80,19,4.0,100.87,Snow,3,-3.6,
2012-03-01 19:00:00,-3.6,-6.4,81,17,3.2,100.93,Snow,3,-3.7,
2012-03-01 20:00:00,-3.7,-6.4,81,20,4.8,100.95,Snow,3,-3.9,
2012-03-01 21:00:00,-3.9,-6.7,81,22,6.4,100.98,Snow,3,-4.3,
2012-03-01 22:00:00,-4.3,-6.9,82,22,2.4,101.0,Snow,3,-4.3,
2012-03-01 23:00:00,-4.3,-7.1,81,22,4.8,101.04,Snow,3,-4.8,
2012-03-02 00:00:00,-4.8,-7.3,83,22,3.2,101.04,Snow,3,-5.3,
2012-03-02 01:00:00,-5.3,-7.9,82,20,4.8,101.09,Snow,3,-5.2,
2012-03-02 02:00:00,-5.2,-7.8,82,19,6.4,101.11,Snow,3,-5.5,
2012-03-02 03:00:00,-5.5,-7.9,83,19,4.8,101.15,Snow,3,-5.6,
2012-03-02 04:00:00,-5.6,-8.2,82,24,6.4,101.15,Snow,3,-5.5,
2012-03-02 05:00:00,-5.5,-8.3,81,19,12.9,101.15,Snow,3,-5.6,
2012-03-02 06:00:00,-5.6,-8.6,79,19,16.1,101.14,Snow,3,-5.7,
2012-03-02 07:00:00,-5.7,-8.7,79,22,24.1,101.17,Cloudy,3,-5.7,
2012-03-02 08:00:00,-5.7,-8.8,79,17,24.1,101.2,Snow,3,-6.1,
2012-03-02 09:00:00,-6.1,-8.4,84,13,2.0,101.19,Snow,3,-5.9,
2012-03-02 10:00:00,-5.9,-8.3,83,15,4.0,101.22,Snow,3,-5.5,
2012-03-02 11:00:00,-5.5,-7.5,86,15,2.8,101.21,Snow,3,-5.2,
2012-03-02 12:00:00,-5.2,-7.1,86,13,2.4,101.18,"Freezing Drizzle,Snow",3,-4.6,
2012-03-02 13:00:00,-4.6,-6.5,87,13,4.8,101.09,Snow,3,-4.1,
2012-03-02 14:00:00,-4.1,-6.1,86,15,8.0,101.03,Fog,3,-3.3,
2012-03-02 15:00:00,-3.3,-5.7,83,15,11.3,100.98,Cloudy,3,-2.9,
2012-03-02 16:00:00,-2.9,-5.3,83,15,11.3,100.93,Cloudy,3,-2.7,
2012-03-02 17:00:00,-2.7,-5.1,84,15,12.9,100.89,Cloudy,3,-2.4,
2012-03-02 18:00:00,-2.4,-4.8,84,20,12.9,100.81,Cloudy,3,-1.8,
2012-03-02 19:00:00,-1.8,-4.2,84,17,16.1,100.75,Cloudy,3,-2.3,
2012-03-02 20:00:00,-2.3,-4.7,84,15,16.1,100.74,Cloudy,3,-1.4,
2012-03-02 21:00:00,-1.4,-4.0,82,15,19.3,100.62,Cloudy,3,0.2,
2012-03-02 22:00:00,0.2,-4.2,72,13,25.0,100.49,Cloudy,3,0.5,
2012-03-02 23:00:00,0.5,-3.6,74,17,25.0,100.29,Cloudy,3,1.0,
2012-03-03 00:00:00,1.0,-3.2,73,22,25.0,100.12,Cloudy,3,1.2,
2012-03-03 01:00:00,1.2,-2.8,75,19,25.0,99.96,Snow,3,-0.6,
2012-03-03 02:00:00,-0.6,-2.9,84,19,2.4,99.75,Snow,3,-0.3,
2012-03-03 03:00:00,-0.3,-2.4,86,22,2.8,99.55,Snow,3,0.3,
2012-03-03 04:00:00,0.3,-1.7,86,24,11.3,99.4,"Snow,Ice Pellets",3,0.8,
2012-03-03 05:00:00,0.8,-1.5,85,41,19.3,99.18,Cloudy,3,1.5,
2012-03-03 06:00:00,1.5,-1.6,80,43,25.0,99.02,Mainly Clear,3,2.0,
2012-03-03 07:00:00,2.0,-1.6,77,41,24.1,98.89,Mostly Cloudy,3,2.7,
2012-03-03 08:00:00,2.7,-1.5,74,32,24.1,98.79,Mostly Cloudy,3,3.0,
2012-03-03 09:00:00,3.0,-1.0,75,37,24.1,98.7,Cloudy,3,3.7,
2012-03-03 10:00:00,3.7,0.4,79,15,24.1,98.86,Cloudy,3,4.0,
2012-03-03 11:00:00,4.0,-0.7,71,32,24.1,98.82,Rain Showers,3,5.2,
2012-03-03 12:00:00,5.2,-3.0,55,37,48.3,98.82,Mostly Cloudy,3,5.8,
2012-03-03 13:00:00,5.8,-4.0,49,50,48.3,98.73,Mostly Cloudy,3,6.5,
2012-03-03 14:00:00,6.5,-5.5,42,48,48.3,98.68,Mostly Cloudy,3,5.3,
2012-03-03 15:00:00,5.3,-5.6,45,57,24.1,98.67,Mostly Cloudy,3,5.0,
2012-03-03 16:00:00,5.0,-5.0,48,63,48.3,98.67,Mainly Clear,3,4.3,
2012-03-03 17:00:00,4.3,-4.9,51,57,48.3,98.71,Mainly Clear,3,3.7,
2012-03-03 18:00:00,3.7,-4.3,56,48,25.0,98.82,Mostly Cloudy,3,3.4,
2012-03-03 19:00:00,3.4,-4.0,58,44,25.0,98.92,Mainly Clear,3,3.2,
2012-03-03 20:00:00,3.2,-3.9,60,50,25.0,98.96,Mainly Clear,3,2.9,
2012-03-03 21:00:00,2.9,-3.6,62,46,25.0,98.98,Snow,3,2.8,
2012-03-03 22:00:00,2.8,-3.4,64,57,25.0,99.07,Snow,3,2.3,
2012-03-03 23:00:00,2.3,-3.1,67,33,25.0,99.18,Snow,3,0.5,
2012-03-04 00:00:00,0.5,-4.8,68,32,25.0,99.34,Mostly Cloudy,3,-0.8,
2012-03-04 01:00:00,-0.8,-6.0,68,24,25.0,99.46,Mostly Cloudy,3,-1.8,
2012-03-04 02:00:00,-1.8,-7.8,64,26,25.0,99.56,Mostly Cloudy,3,-2.1,
2012-03-04 03:00:00,-2.1,-8.2,63,19,25.0,99.63,Mostly Cloudy,3,-2.9,
2012-03-04 04:00:00,-2.9,-9.0,63,20,25.0,99.7,Mostly Cloudy,3,-4.3,
2012-03-04 05:00:00,-4.3,-10.5,62,19,25.0,99.77,Cloudy,3,-4.8,
2012-03-04 06:00:00,-4.8,-11.6,59,17,25.0,99.84,Mostly Cloudy,3,-5.7,
2012-03-04 07:00:00,-5.7,-12.6,58,22,24.1,99.88,Mostly Cloudy,3,-5.9,
2012-03-04 08:00:00,-5.9,-13.8,54,13,24.1,99.97,Mostly Cloudy,3,-6.3,
2012-03-04 09:00:00,-6.3,-13.5,57,15,24.1,99.95,Cloudy,3,-6.3,
2012-03-04 10:00:00,-6.3,-13.5,57,17,24.1,99.95,Cloudy,3,-6.5,
2012-03-04 11:00:00,-6.5,-14.0,55,17,24.1,99.96,Cloudy,3,-5.8,
2012-03-04 12:00:00,-5.8,-12.9,57,19,48.3,99.95,Mostly Cloudy,3,-5.5,
2012-03-04 13:00:00,-5.5,-12.8,56,19,48.3,99.88,Mainly Clear,3,-5.7,
2012-03-04 14:00:00,-5.7,-13.4,55,19,48.3,99.9,Mostly Cloudy,3,-5.6,
2012-03-04 15:00:00,-5.6,-13.5,54,22,48.3,99.9,Mostly Cloudy,3,-5.5,
2012-03-04 16:00:00,-5.5,-13.3,54,20,48.3,99.93,Mainly Clear,3,-6.9,
2012-03-04 17:00:00,-6.9,-14.6,54,22,48.3,99.94,Mainly Clear,3,-7.9,
2012-03-04 18:00:00,-7.9,-15.7,53,28,25.0,100.04,Mainly Clear,3,-7.9,
2012-03-04 19:00:00,-7.9,-15.5,54,22,25.0,100.09,Mostly Cloudy,3,-8.5,
2012-03-04 20:00:00,-8.5,-14.6,61,24,25.0,100.13,Cloudy,3,-9.0,
2012-03-04 21:00:00,-9.0,-13.7,69,15,25.0,100.18,Snow Showers,3,-10.1,
2012-03-04 22:00:00,-10.1,-15.5,65,17,25.0,100.21,Cloudy,3,-11.1,
2012-03-04 23:00:00,-11.1,-16.3,65,24,25.0,100.23,Mostly Cloudy,3,-12.4,
2012-03-05 00:00:00,-12.4,-17.4,66,19,25.0,100.26,Mainly Clear,3,-13.6,
2012-03-05 01:00:00,-13.6,-18.5,66,24,25.0,100.33,Mainly Clear,3,-14.5,
2012-03-05 02:00:00,-14.5,-22.3,52,24,25.0,100.39,Clear,3,-15.0,
2012-03-05 03:00:00,-15.0,-21.5,58,22,25.0,100.47,Clear,3,-15.5,
2012-03-05 04:00:00,-15.5,-21.9,58,26,25.0,100.55,Clear,3,-15.9,
2012-03-05 05:00:00,-15.9,-22.1,59,20,25.0,100.69,Clear,3,-16.2,
2012-03-05 06:00:00,-16.2,-22.6,58,26,24.1,100.77,Mostly Cloudy,3,-16.2,
2012-03-05 07:00:00,-16.2,-22.3,59,22,24.1,100.88,Mostly Cloudy,3,-15.7,
2012-03-05 08:00:00,-15.7,-22.5,56,24,24.1,101.0,Mostly Cloudy,3,-15.1,
2012-03-05 09:00:00,-15.1,-22.1,55,24,24.1,101.11,Mostly Cloudy,3,-14.4,
2012-03-05 10:00:00,-14.4,-21.5,55,26,24.1,101.21,Mostly Cloudy,3,-13.4,
2012-03-05 11:00:00,-13.4,-20.7,54,26,48.3,101.31,Mostly Cloudy,3,-12.2,
2012-03-05 12:00:00,-12.2,-19.9,53,6,48.3,101.39,Mostly Cloudy,3,-11.3,
2012-03-05 13:00:00,-11.3,-19.5,51,24,48.3,101.46,Mostly Cloudy,3,-10.8,
2012-03-05 14:00:00,-10.8,-19.8,47,28,48.3,101.55,Mostly Cloudy,3,-10.0,
2012-03-05 15:00:00,-10.0,-18.6,49,30,48.3,101.64,Mostly Cloudy,3,-9.9,
2012-03-05 16:00:00,-9.9,-18.9,48,26,48.3,101.73,Mostly Cloudy,3,-9.5,
2012-03-05 17:00:00,-9.5,-18.8,47,24,48.3,101.82,Mainly Clear,3,-9.8,
2012-03-05 18:00:00,-9.8,-19.0,47,22,25.0,101.9,Mainly Clear,3,-10.1,
2012-03-05 19:00:00,-10.1,-19.1,48,20,25.0,102.01,Clear,3,-10.5,
2012-03-05 20:00:00,-10.5,-19.2,49,17,25.0,102.11,Mainly Clear,3,-11.0,
2012-03-05 21:00:00,-11.0,-19.6,49,17,25.0,102.23,Clear,3,-11.6,
2012-03-05 22:00:00,-11.6,-20.2,49,15,25.0,102.29,Clear,3,-12.6,
2012-03-05 23:00:00,-12.6,-20.3,53,11,25.0,102.34,Clear,3,-13.4,
2012-03-06 00:00:00,-13.4,-20.5,55,11,25.0,102.41,Clear,3,-13.4,
2012-03-06 01:00:00,-13.4,-20.3,56,11,25.0,102.5,Clear,3,-13.7,
2012-03-06 02:00:00,-13.7,-20.7,55,4,25.0,102.55,Clear,3,-14.8,
2012-03-06 03:00:00,-14.8,-21.1,59,9,25.0,102.61,Clear,3,-14.5,
2012-03-06 04:00:00,-14.5,-21.1,57,9,25.0,102.7,Clear,3,-14.6,
2012-03-06 05:00:00,-14.6,-21.0,58,13,25.0,102.85,Clear,3,-15.3,
2012-03-06 06:00:00,-15.3,-21.3,60,11,24.1,102.9,Clear,3,-14.8,
2012-03-06 07:00:00,-14.8,-20.7,61,11,48.3,103.0,Clear,3,-13.0,
2012-03-06 08:00:00,-13.0,-19.4,59,0,48.3,103.06,Clear,3,-11.3,
2012-03-06 09:00:00,-11.3,-19.1,52,6,48.3,103.1,Clear,3,-10.0,
2012-03-06 10:00:00,-10.0,-16.8,57,9,48.3,103.12,Mainly Clear,3,-9.0,
2012-03-06 11:00:00,-9.0,-17.8,49,15,48.3,103.12,Mainly Clear,3,-7.8,
2012-03-06 12:00:00,-7.8,-15.3,55,13,48.3,103.09,Mainly Clear,3,-6.7,
2012-03-06 13:00:00,-6.7,-16.0,48,9,48.3,103.01,Mainly Clear,3,-5.8,
2012-03-06 14:00:00,-5.8,-15.8,45,9,48.3,102.98,Mainly Clear,3,-5.3,
2012-03-06 15:00:00,-5.3,-15.7,44,6,48.3,102.96,Mainly Clear,3,-4.9,
2012-03-06 16:00:00,-4.9,-16.2,41,11,48.3,102.94,Mainly Clear,3,-4.8,
2012-03-06 17:00:00,-4.8,-15.1,44,6,48.3,102.9,Mainly Clear,3,-6.3,
2012-03-06 18:00:00,-6.3,-14.6,52,6,48.3,102.84,Mainly Clear,3,-5.4,
2012-03-06 19:00:00,-5.4,-13.4,53,11,25.0,102.81,Mostly Cloudy,3,-5.3,
2012-03-06 20:00:00,-5.3,-13.6,52,9,25.0,102.72,Mainly Clear,3,-5.4,
2012-03-06 21:00:00,-5.4,-14.4,49,9,25.0,102.69,Mostly Cloudy,3,-5.0,
2012-03-06 22:00:00,-5.0,-15.1,45,9,25.0,102.59,Mostly Cloudy,3,-4.5,
2012-03-06 23:00:00,-4.5,-15.7,41,6,25.0,102.55,Mostly Cloudy,3,-3.6,
2012-03-07 00:00:00,-3.6,-13.3,47,6,25.0,102.44,Mostly Cloudy,3,-3.9,
2012-03-07 01:00:00,-3.9,-11.3,56,9,25.0,102.46,Mostly Cloudy,3,-5.7,
2012-03-07 02:00:00,-5.7,-11.9,62,17,25.0,102.37,Cloudy,3,-5.3,
2012-03-07 03:00:00,-5.3,-11.6,61,13,25.0,102.22,Cloudy,3,-5.2,
2012-03-07 04:00:00,-5.2,-11.2,63,15,25.0,102.16,Cloudy,3,-5.3,
2012-03-07 05:00:00,-5.3,-11.2,63,17,25.0,102.13,Mostly Cloudy,3,-4.3,
2012-03-07 06:00:00,-4.3,-10.3,63,15,24.1,101.98,Cloudy,3,-3.9,
2012-03-07 07:00:00,-3.9,-9.2,67,11,48.3,101.92,Cloudy,3,-4.6,
2012-03-07 08:00:00,-4.6,-9.5,69,11,48.3,101.91,Mostly Cloudy,3,-2.5,
2012-03-07 09:00:00,-2.5,-7.7,67,11,24.1,101.85,Clear,3,-0.1,
2012-03-07 10:00:00,-0.1,-6.5,62,6,24.1,101.76,Clear,3,3.0,
2012-03-07 11:00:00,3.0,-4.7,57,6,24.1,101.67,Mainly Clear,3,6.4,
2012-03-07 12:00:00,6.4,-3.6,49,4,24.1,101.58,Mainly Clear,3,8.9,
2012-03-07 13:00:00,8.9,-4.4,39,13,24.1,101.49,Mainly Clear,3,9.3,
2012-03-07 14:00:00,9.3,-4.1,39,13,24.1,101.41,Mainly Clear,3,9.7,
2012-03-07 15:00:00,9.7,-2.7,42,13,24.1,101.36,Mainly Clear,3,11.4,
2012-03-07 16:00:00,11.4,-2.3,38,15,24.1,101.31,Mostly Cloudy,3,9.9,
2012-03-07 17:00:00,9.9,-1.9,44,9,24.1,101.25,Mostly Cloudy,3,5.5,
2012-03-07 18:00:00,5.5,-1.6,60,7,24.1,101.25,Mainly Clear,3,6.0,
2012-03-07 19:00:00,6.0,-1.8,57,11,25.0,101.22,Mostly Cloudy,3,7.6,
2012-03-07 20:00:00,7.6,-2.1,50,20,25.0,101.18,Mostly Cloudy,3,6.8,
2012-03-07 21:00:00,6.8,-2.1,53,22,25.0,101.16,Mostly Cloudy,3,6.0,
2012-03-07 22:00:00,6.0,-1.7,58,17,25.0,101.12,Cloudy,3,4.8,
2012-03-07 23:00:00,4.8,-1.7,63,15,25.0,101.05,Cloudy,3,6.2,
2012-03-08 00:00:00,6.2,-1.5,58,20,25.0,100.98,Cloudy,3,5.5,
2012-03-08 01:00:00,5.5,-1.4,61,11,25.0,100.92,Cloudy,3,7.9,
2012-03-08 02:00:00,7.9,-1.2,53,17,25.0,100.81,Mostly Cloudy,3,10.1,
2012-03-08 03:00:00,10.1,-0.9,46,24,25.0,100.69,Mostly Cloudy,3,10.0,
2012-03-08 04:00:00,10.0,-0.7,47,28,25.0,100.64,Mostly Cloudy,3,5.7,
2012-03-08 05:00:00,5.7,-0.8,63,19,25.0,100.57,Mostly Cloudy,3,7.6,
2012-03-08 06:00:00,7.6,-0.4,57,19,24.1,100.52,Cloudy,3,10.3,
2012-03-08 07:00:00,10.3,0.8,52,26,48.3,100.47,Cloudy,3,6.7,
2012-03-08 08:00:00,6.7,0.2,63,19,48.3,100.39,Cloudy,3,10.2,
2012-03-08 09:00:00,10.2,1.6,55,26,48.3,100.29,Cloudy,3,12.1,
2012-03-08 10:00:00,12.1,2.9,53,30,24.1,100.22,Cloudy,3,12.7,
2012-03-08 11:00:00,12.7,3.8,55,26,24.1,100.13,Cloudy,3,11.7,
2012-03-08 12:00:00,11.7,4.0,59,20,24.1,100.08,Rain,3,11.5,
2012-03-08 13:00:00,11.5,5.2,65,20,24.1,99.99,Cloudy,3,11.7,
2012-03-08 14:00:00,11.7,5.9,68,26,24.1,99.88,Cloudy,3,11.7,
2012-03-08 15:00:00,11.7,6.6,71,37,19.3,99.82,Rain,3,11.6,
2012-03-08 16:00:00,11.6,6.4,70,32,24.1,99.75,Rain,3,11.3,
2012-03-08 17:00:00,11.3,6.9,74,37,19.3,99.66,Rain,3,10.5,
2012-03-08 18:00:00,10.5,7.8,83,46,6.4,99.64,Rain,3,6.1,
2012-03-08 19:00:00,6.1,3.2,82,30,16.1,99.78,Rain,3,5.0,
2012-03-08 20:00:00,5.0,1.6,79,41,25.0,99.9,Rain,3,3.7,
2012-03-08 21:00:00,3.7,1.0,82,41,12.9,100.04,Rain,3,2.0,
2012-03-08 22:00:00,2.0,-0.5,83,46,9.7,100.13,"Rain,Fog",3,0.8,
2012-03-08 23:00:00,0.8,-1.4,85,35,2.4,100.25,Snow,3,-0.1,
2012-03-09 00:00:00,-0.1,-2.0,87,28,2.8,100.33,Snow,3,0.0,
2012-03-09 01:00:00,0.0,-3.7,76,22,25.0,100.41,Mostly Cloudy,3,-1.2,
2012-03-09 02:00:00,-1.2,-6.6,67,20,25.0,100.62,Mainly Clear,3,-2.6,
2012-03-09 03:00:00,-2.6,-8.5,64,24,25.0,100.81,Mainly Clear,3,-3.9,
2012-03-09 04:00:00,-3.9,-8.7,69,11,25.0,100.97,Mainly Clear,3,-3.9,
2012-03-09 05:00:00,-3.9,-9.1,67,20,25.0,101.13,Mainly Clear,3,-4.3,
2012-03-09 06:00:00,-4.3,-9.0,70,15,25.0,101.26,Mainly Clear,3,-5.0,
2012-03-09 07:00:00,-5.0,-9.7,70,15,24.1,101.31,Clear,3,-4.7,
2012-03-09 08:00:00,-4.7,-10.2,65,15,24.1,101.41,Clear,3,-4.0,
2012-03-09 09:00:00,-4.0,-9.5,66,20,24.1,101.46,Clear,3,-3.7,
2012-03-09 10:00:00,-3.7,-10.1,61,19,48.3,101.48,Mainly Clear,3,-3.0,
2012-03-09 11:00:00,-3.0,-10.0,58,17,48.3,101.47,Mainly Clear,3,-2.1,
2012-03-09 12:00:00,-2.1,-8.5,62,20,48.3,101.44,Mainly Clear,3,-1.5,
2012-03-09 13:00:00,-1.5,-8.8,57,15,48.3,101.42,Mainly Clear,3,-1.0,
2012-03-09 14:00:00,-1.0,-7.6,61,19,48.3,101.43,Mainly Clear,3,-1.1,
2012-03-09 15:00:00,-1.1,-7.9,60,17,48.3,101.45,Mostly Cloudy,3,-0.7,
2012-03-09 16:00:00,-0.7,-8.4,56,11,48.3,101.44,Mostly Cloudy,3,-0.9,
2012-03-09 17:00:00,-0.9,-7.9,59,7,48.3,101.47,Mostly Cloudy,3,-2.0,
2012-03-09 18:00:00,-2.0,-8.7,60,7,25.0,101.52,Mainly Clear,3,-2.6,
2012-03-09 19:00:00,-2.6,-8.2,65,4,25.0,101.57,Mostly Cloudy,3,-2.0,
2012-03-09 20:00:00,-2.0,-9.0,59,4,25.0,101.61,Mostly Cloudy,3,-1.9,
2012-03-09 21:00:00,-1.9,-8.6,60,6,25.0,101.63,Mostly Cloudy,3,-2.2,
2012-03-09 22:00:00,-2.2,-8.9,60,7,25.0,101.64,Mostly Cloudy,3,-2.6,
2012-03-09 23:00:00,-2.6,-8.6,63,6,25.0,101.68,Cloudy,3,-2.2,
2012-03-10 00:00:00,-2.2,-8.7,61,4,25.0,101.77,Cloudy,3,-2.7,
2012-03-10 01:00:00,-2.7,-8.6,64,15,25.0,101.89,Cloudy,3,-3.8,
2012-03-10 02:00:00,-3.8,-10.6,59,19,25.0,102.01,Cloudy,3,-4.1,
2012-03-10 03:00:00,-4.1,-12.7,51,24,25.0,102.1,Cloudy,3,-5.7,
2012-03-10 04:00:00,-5.7,-13.1,56,26,25.0,102.27,Mainly Clear,3,-6.4,
2012-03-10 05:00:00,-6.4,-14.0,55,20,25.0,102.42,Mainly Clear,3,-6.8,
2012-03-10 06:00:00,-6.8,-14.1,56,26,24.1,102.6,Mostly Cloudy,3,-7.1,
2012-03-10 07:00:00,-7.1,-14.6,55,20,48.3,102.73,Mainly Clear,3,-6.8,
2012-03-10 08:00:00,-6.8,-14.6,54,19,48.3,102.84,Mainly Clear,3,-6.3,
2012-03-10 09:00:00,-6.3,-14.1,54,15,48.3,102.95,Mostly Cloudy,3,-6.1,
2012-03-10 10:00:00,-6.1,-14.5,51,6,48.3,103.01,Mainly Clear,3,-4.0,
2012-03-10 11:00:00,-4.0,-13.2,49,0,48.3,103.02,Mainly Clear,3,-4.1,
2012-03-10 12:00:00,-4.1,-12.1,54,7,48.3,102.99,Clear,3,-3.2,
2012-03-10 13:00:00,-3.2,-11.3,53,7,48.3,102.89,Mainly Clear,3,-2.6,
2012-03-10 14:00:00,-2.6,-11.1,52,15,48.3,102.84,Mostly Cloudy,3,-2.7,
2012-03-10 15:00:00,-2.7,-10.2,56,11,48.3,102.75,Mostly Cloudy,3,-1.8,
2012-03-10 16:00:00,-1.8,-10.3,52,13,48.3,102.71,Mainly Clear,3,-1.6,
2012-03-10 17:00:00,-1.6,-10.0,53,17,48.3,102.68,Mainly Clear,3,-2.1,
2012-03-10 18:00:00,-2.1,-10.1,54,9,25.0,102.66,Mainly Clear,3,-1.9,
2012-03-10 19:00:00,-1.9,-9.4,56,9,25.0,102.67,Mainly Clear,3,-2.3,
2012-03-10 20:00:00,-2.3,-8.0,65,11,25.0,102.6,Mostly Cloudy,3,-2.3,
2012-03-10 21:00:00,-2.3,-8.1,64,11,25.0,102.54,Mostly Cloudy,3,-2.0,
2012-03-10 22:00:00,-2.0,-7.1,68,11,25.0,102.5,Snow Showers,3,-1.7,
2012-03-10 23:00:00,-1.7,-7.1,67,7,25.0,102.45,Cloudy,3,-3.1,
2012-03-11 00:00:00,-3.1,-7.2,73,7,25.0,102.36,Mainly Clear,3,-3.2,
2012-03-11 01:00:00,-3.2,-6.9,76,7,25.0,102.28,Mainly Clear,3,-3.1,
2012-03-11 02:00:00,-3.1,-7.1,74,7,25.0,102.18,Mainly Clear,3,-2.2,
2012-03-11 03:00:00,-2.2,-7.0,70,17,25.0,102.05,Cloudy,3,-1.7,
2012-03-11 04:00:00,-1.7,-6.9,68,13,25.0,102.02,Cloudy,3,-2.1,
2012-03-11 05:00:00,-2.1,-7.0,69,11,25.0,101.98,Mainly Clear,3,-1.5,
2012-03-11 06:00:00,-1.5,-6.7,68,7,48.3,101.98,Cloudy,3,-1.8,
2012-03-11 07:00:00,-1.8,-6.9,68,11,48.3,101.97,Clear,3,0.1,
2012-03-11 08:00:00,0.1,-6.2,63,7,48.3,102.0,Clear,3,2.7,
2012-03-11 09:00:00,2.7,-5.9,53,7,48.3,101.98,Mainly Clear,3,3.8,
2012-03-11 10:00:00,3.8,-5.7,50,13,48.3,101.97,Clear,3,5.9,
2012-03-11 11:00:00,5.9,-4.2,48,11,48.3,101.92,Clear,3,6.8,
2012-03-11 12:00:00,6.8,-3.2,49,24,48.3,101.86,Clear,3,9.0,
2012-03-11 13:00:00,9.0,-1.9,46,20,48.3,101.79,Clear,3,9.5,
2012-03-11 14:00:00,9.5,-1.6,46,24,48.3,101.74,Clear,3,10.5,
2012-03-11 15:00:00,10.5,-1.3,44,20,48.3,101.69,Clear,3,10.9,
2012-03-11 16:00:00,10.9,-0.7,45,15,48.3,101.65,Clear,3,10.7,
2012-03-11 17:00:00,10.7,-0.6,45,11,48.3,101.65,Clear,3,9.1,
2012-03-11 18:00:00,9.1,-1.0,49,7,25.0,101.68,Clear,3,7.4,
2012-03-11 19:00:00,7.4,-1.2,54,6,25.0,101.69,Clear,3,4.8,
2012-03-11 20:00:00,4.8,-1.5,64,9,48.3,101.7,Clear,3,4.8,
2012-03-11 21:00:00,4.8,-1.6,63,13,25.0,101.72,Mainly Clear,3,5.2,
2012-03-11 22:00:00,5.2,-1.9,60,6,25.0,101.72,Clear,3,6.1,
2012-03-11 23:00:00,6.1,-2.0,56,7,25.0,101.75,Clear,3,6.0,
2012-03-12 00:00:00,6.0,-1.8,57,20,25.0,101.77,Clear,3,5.2,
2012-03-12 01:00:00,5.2,-1.8,61,17,25.0,101.77,Mainly Clear,3,4.6,
2012-03-12 02:00:00,4.6,-2.1,62,9,25.0,101.77,Mainly Clear,3,1.5,
2012-03-12 03:00:00,1.5,-2.8,73,11,25.0,101.78,Mainly Clear,3,1.8,
2012-03-12 04:00:00,1.8,-2.6,73,4,25.0,101.8,Mainly Clear,3,2.3,
2012-03-12 05:00:00,2.3,-1.9,74,9,25.0,101.82,Clear,3,3.1,
2012-03-12 06:00:00,3.1,-1.8,70,11,48.3,101.89,Clear,3,2.6,
2012-03-12 07:00:00,2.6,-2.3,70,4,48.3,101.98,Mainly Clear,3,4.4,
2012-03-12 08:00:00,4.4,-1.0,68,6,48.3,102.03,Mainly Clear,3,6.5,
2012-03-12 09:00:00,6.5,-0.2,62,0,48.3,102.03,Mostly Cloudy,3,8.3,
2012-03-12 10:00:00,8.3,0.2,57,9,24.1,102.0,Cloudy,3,10.6,
2012-03-12 11:00:00,10.6,0.3,49,6,24.1,101.99,Cloudy,3,10.8,
2012-03-12 12:00:00,10.8,0.4,49,9,48.3,101.94,Mostly Cloudy,3,11.6,
2012-03-12 13:00:00,11.6,0.6,47,13,48.3,101.84,Mostly Cloudy,3,12.3,
2012-03-12 14:00:00,12.3,1.4,47,6,48.3,101.79,Mostly Cloudy,3,12.4,
2012-03-12 15:00:00,12.4,0.6,44,4,48.3,101.71,Cloudy,3,11.8,
2012-03-12 16:00:00,11.8,1.2,48,4,25.0,101.64,Cloudy,3,11.6,
2012-03-12 17:00:00,11.6,1.0,48,6,24.1,101.57,Cloudy,3,9.0,
2012-03-12 18:00:00,9.0,1.1,58,13,25.0,101.54,Cloudy,3,8.7,
2012-03-12 19:00:00,8.7,1.1,59,13,25.0,101.5,Cloudy,3,9.2,
2012-03-12 20:00:00,9.2,1.4,58,13,25.0,101.44,Cloudy,3,8.4,
2012-03-12 21:00:00,8.4,1.0,60,13,25.0,101.39,Mostly Cloudy,3,7.9,
2012-03-12 22:00:00,7.9,0.7,60,11,25.0,101.35,Mostly Cloudy,3,6.6,
2012-03-12 23:00:00,6.6,-0.3,61,11,25.0,101.22,Mostly Cloudy,3,7.5,
2012-03-13 00:00:00,7.5,-0.7,56,13,25.0,101.11,Mostly Cloudy,3,5.1,
2012-03-13 01:00:00,5.1,-0.9,65,13,25.0,101.07,Rain Showers,3,4.8,
2012-03-13 02:00:00,4.8,-1.0,66,6,25.0,101.05,Rain Showers,3,4.6,
2012-03-13 03:00:00,4.6,-0.2,71,15,25.0,100.87,Cloudy,3,6.5,
2012-03-13 04:00:00,6.5,1.1,68,7,25.0,100.74,Cloudy,3,5.8,
2012-03-13 05:00:00,5.8,1.1,72,6,25.0,100.71,Cloudy,3,7.4,
2012-03-13 06:00:00,7.4,1.8,68,9,19.3,100.6,Cloudy,3,4.0,
2012-03-13 07:00:00,4.0,1.0,81,11,9.7,100.61,"Rain,Haze",3,5.5,
2012-03-13 08:00:00,5.5,2.9,83,7,6.4,100.5,"Rain,Haze",3,4.4,
2012-03-13 09:00:00,4.4,2.3,86,17,4.0,100.51,"Rain,Haze",3,3.5,
2012-03-13 10:00:00,3.5,1.5,87,11,2.4,100.54,"Drizzle,Fog",3,3.5,
2012-03-13 11:00:00,3.5,1.6,87,11,4.8,100.57,"Drizzle,Fog",3,3.9,
2012-03-13 12:00:00,3.9,2.2,89,9,4.8,100.64,Fog,3,4.9,
2012-03-13 13:00:00,4.9,3.0,87,7,6.4,100.63,Fog,3,6.5,
2012-03-13 14:00:00,6.5,4.5,87,7,6.4,100.61,Fog,3,5.3,
2012-03-13 15:00:00,5.3,3.3,87,11,8.0,100.63,Fog,3,5.5,
2012-03-13 16:00:00,5.5,2.8,83,11,8.0,100.67,Haze,3,4.9,
2012-03-13 17:00:00,4.9,2.2,83,17,8.0,100.68,Haze,3,4.0,
2012-03-13 18:00:00,4.0,1.5,84,13,8.0,100.73,Haze,3,3.1,
2012-03-13 19:00:00,3.1,0.9,85,17,6.4,100.79,"Drizzle,Fog",3,2.6,
2012-03-13 20:00:00,2.6,0.3,85,17,6.4,100.77,Haze,3,1.1,
2012-03-13 21:00:00,1.1,-1.0,86,20,4.8,100.87,"Rain,Fog",3,1.4,
2012-03-13 22:00:00,1.4,-0.7,86,6,6.4,100.93,Haze,3,1.1,
2012-03-13 23:00:00,1.1,-0.9,86,9,4.8,100.98,Haze,3,0.7,
2012-03-14 00:00:00,0.7,-1.0,88,7,3.2,101.02,Fog,3,0.7,
2012-03-14 01:00:00,0.7,-0.9,89,7,1.0,101.06,Fog,3,0.6,
2012-03-14 02:00:00,0.6,-1.0,89,7,0.8,101.05,Fog,3,0.8,
2012-03-14 03:00:00,0.8,-0.3,92,6,0.6,101.06,Fog,3,0.8,
2012-03-14 04:00:00,0.8,-0.6,90,4,0.6,101.13,Fog,3,0.7,
2012-03-14 05:00:00,0.7,-0.9,89,6,0.6,101.23,Fog,3,0.6,
2012-03-14 06:00:00,0.6,-0.9,90,7,0.6,101.28,Fog,3,0.8,
2012-03-14 07:00:00,0.8,-0.4,92,6,2.4,101.36,Fog,3,1.1,
2012-03-14 08:00:00,1.1,-0.1,92,6,3.2,101.46,"Rain,Fog",3,1.6,
2012-03-14 09:00:00,1.6,0.4,92,7,4.8,101.51,"Rain,Fog",3,1.1,
2012-03-14 10:00:00,1.1,0.5,96,7,2.4,101.57,"Snow,Fog",3,0.4,
2012-03-14 11:00:00,0.4,0.1,98,6,1.6,101.6,"Snow,Fog",3,1.0,
2012-03-14 12:00:00,1.0,0.8,99,4,2.0,101.65,"Snow,Fog",3,2.1,
2012-03-14 13:00:00,2.1,1.8,98,4,4.8,101.67,"Rain,Fog",3,2.2,
2012-03-14 14:00:00,2.2,1.8,97,7,8.0,101.7,"Drizzle,Fog",3,1.7,
2012-03-14 15:00:00,1.7,1.3,97,13,4.8,101.77,"Drizzle,Fog",3,1.5,
2012-03-14 16:00:00,1.5,1.2,98,13,8.0,101.82,"Drizzle,Fog",3,1.0,
2012-03-14 17:00:00,1.0,0.6,97,15,9.7,101.89,Fog,3,0.5,
2012-03-14 18:00:00,0.5,0.1,97,17,9.7,101.99,"Drizzle,Fog",3,0.3,
2012-03-14 19:00:00,0.3,-0.2,96,15,8.0,102.07,"Snow,Fog",3,0.2,
2012-03-14 20:00:00,0.2,-0.5,95,15,12.9,102.13,Cloudy,3,-0.1,
2012-03-14 21:00:00,-0.1,-0.9,94,17,12.9,102.17,Cloudy,3,-0.3,
2012-03-14 22:00:00,-0.3,-1.3,93,20,12.9,102.18,Cloudy,3,-0.6,
2012-03-14 23:00:00,-0.6,-1.6,93,15,12.9,102.23,Cloudy,3,-0.6,
2012-03-15 00:00:00,-0.6,-1.7,92,19,12.9,102.24,Cloudy,3,-0.6,
2012-03-15 01:00:00,-0.6,-1.7,92,19,12.9,102.27,Cloudy,3,-0.4,
2012-03-15 02:00:00,-0.4,-1.5,92,13,12.9,102.29,Cloudy,3,-0.3,
2012-03-15 03:00:00,-0.3,-1.5,92,11,12.9,102.25,Cloudy,3,-0.2,
2012-03-15 04:00:00,-0.2,-1.3,92,17,12.9,102.26,Cloudy,3,-0.3,
2012-03-15 05:00:00,-0.3,-1.5,92,15,12.9,102.34,Cloudy,3,-0.3,
2012-03-15 06:00:00,-0.3,-1.6,91,20,16.1,102.36,Cloudy,3,-0.5,
2012-03-15 07:00:00,-0.5,-1.9,90,13,16.1,102.4,Cloudy,3,-0.5,
2012-03-15 08:00:00,-0.5,-2.1,89,17,19.3,102.42,Cloudy,3,-0.3,
2012-03-15 09:00:00,-0.3,-2.0,88,20,16.1,102.39,Cloudy,3,0.4,
2012-03-15 10:00:00,0.4,-1.6,86,22,19.3,102.31,Cloudy,3,1.1,
2012-03-15 11:00:00,1.1,-1.3,84,19,24.1,102.23,Cloudy,3,2.2,
2012-03-15 12:00:00,2.2,-0.7,81,19,24.1,102.18,Cloudy,3,3.4,
2012-03-15 13:00:00,3.4,0.0,78,22,24.1,102.12,Cloudy,3,3.4,
2012-03-15 14:00:00,3.4,-0.1,78,22,24.1,102.05,Cloudy,3,4.0,
2012-03-15 15:00:00,4.0,0.6,78,24,24.1,102.0,Mostly Cloudy,3,3.5,
2012-03-15 16:00:00,3.5,0.1,78,20,24.1,101.99,Mostly Cloudy,3,3.0,
2012-03-15 17:00:00,3.0,-0.3,79,26,24.1,101.98,Mostly Cloudy,3,2.6,
2012-03-15 18:00:00,2.6,-0.3,81,22,24.1,101.98,Rain Showers,3,2.4,
2012-03-15 19:00:00,2.4,-0.4,82,28,25.0,101.88,Mostly Cloudy,3,2.3,
2012-03-15 20:00:00,2.3,-0.2,84,24,25.0,101.86,Mostly Cloudy,3,2.0,
2012-03-15 21:00:00,2.0,0.4,89,28,25.0,101.8,Rain Showers,3,2.1,
2012-03-15 22:00:00,2.1,0.5,89,20,25.0,101.77,Mostly Cloudy,3,1.8,
2012-03-15 23:00:00,1.8,0.2,89,19,25.0,101.7,Mostly Cloudy,3,1.8,
2012-03-16 00:00:00,1.8,0.4,90,19,25.0,101.67,Cloudy,3,1.9,
2012-03-16 01:00:00,1.9,0.6,91,15,25.0,101.54,Rain Showers,3,1.1,
2012-03-16 02:00:00,1.1,0.2,94,17,12.9,101.56,Rain,3,1.1,
2012-03-16 03:00:00,1.1,0.5,96,19,6.4,101.46,Rain,3,1.0,
2012-03-16 04:00:00,1.0,0.5,96,17,4.8,101.39,Rain,3,0.7,
2012-03-16 05:00:00,0.7,0.3,97,20,4.8,101.36,Rain,3,0.6,
2012-03-16 06:00:00,0.6,0.2,97,24,6.4,101.39,"Rain,Fog",3,1.1,
2012-03-16 07:00:00,1.1,0.6,96,19,4.8,101.37,"Rain,Fog",3,1.1,
2012-03-16 08:00:00,1.1,0.7,97,15,4.0,101.38,"Rain,Fog",3,1.1,
2012-03-16 09:00:00,1.1,0.7,97,17,4.0,101.41,"Rain,Fog",3,1.5,
2012-03-16 10:00:00,1.5,1.1,97,13,4.8,101.41,"Rain,Fog",3,1.8,
2012-03-16 11:00:00,1.8,1.3,96,13,8.0,101.4,"Rain,Fog",3,2.5,
2012-03-16 12:00:00,2.5,2.0,96,6,8.0,101.42,Fog,3,3.3,
2012-03-16 13:00:00,3.3,2.8,97,6,9.7,101.38,Fog,3,4.0,
2012-03-16 14:00:00,4.0,3.2,95,11,9.7,101.4,Fog,3,3.7,
2012-03-16 15:00:00,3.7,3.2,97,7,6.4,101.48,Fog,3,4.3,
2012-03-16 16:00:00,4.3,3.5,95,4,8.0,101.53,Fog,3,4.1,
2012-03-16 17:00:00,4.1,3.2,94,7,8.0,101.61,Fog,3,3.8,
2012-03-16 18:00:00,3.8,3.2,96,7,4.8,101.71,"Drizzle,Fog",3,3.8,
2012-03-16 19:00:00,3.8,3.2,96,0,3.2,101.77,"Drizzle,Fog",3,3.7,
2012-03-16 20:00:00,3.7,3.3,97,0,2.0,101.93,"Drizzle,Fog",3,4.0,
2012-03-16 21:00:00,4.0,3.7,98,7,3.2,101.93,"Drizzle,Fog",3,3.8,
2012-03-16 22:00:00,3.8,3.4,97,0,6.4,102.04,"Drizzle,Fog",3,3.7,
2012-03-16 23:00:00,3.7,3.3,97,0,3.2,102.07,"Drizzle,Fog",3,3.8,
2012-03-17 00:00:00,3.8,3.5,98,4,1.6,102.05,"Drizzle,Fog",3,3.0,
2012-03-17 01:00:00,3.0,2.7,98,6,0.6,102.05,Fog,3,2.7,
2012-03-17 02:00:00,2.7,2.5,99,4,0.2,102.09,Fog,3,1.8,
2012-03-17 03:00:00,1.8,1.6,99,4,0.2,102.1,Fog,3,0.3,
2012-03-17 04:00:00,0.3,0.1,99,0,0.2,102.15,Fog,3,-0.1,
2012-03-17 05:00:00,-0.1,-0.3,99,0,0.8,102.2,Freezing Fog,3,-0.1,
2012-03-17 06:00:00,-0.1,-0.4,98,4,0.2,102.26,Freezing Fog,3,0.5,
2012-03-17 07:00:00,0.5,0.4,99,0,0.2,102.34,Fog,3,1.0,
2012-03-17 08:00:00,1.0,0.9,99,0,0.2,102.39,Fog,3,1.6,
2012-03-17 09:00:00,1.6,1.5,99,4,0.2,102.38,Fog,3,2.6,
2012-03-17 10:00:00,2.6,2.6,100,0,0.2,102.37,Fog,3,4.1,
2012-03-17 11:00:00,4.1,3.8,98,4,0.6,102.34,Fog,3,5.7,
2012-03-17 12:00:00,5.7,5.3,97,4,9.7,102.32,Fog,3,8.1,
2012-03-17 13:00:00,8.1,6.2,88,7,16.1,102.18,Cloudy,3,9.2,
2012-03-17 14:00:00,9.2,4.3,71,7,24.1,102.13,Cloudy,3,10.2,
2012-03-17 15:00:00,10.2,4.4,67,6,24.1,102.07,Cloudy,3,10.5,
2012-03-17 16:00:00,10.5,4.1,65,7,48.3,102.02,Cloudy,3,10.1,
2012-03-17 17:00:00,10.1,4.7,69,9,48.3,101.97,Cloudy,3,10.1,
2012-03-17 18:00:00,10.1,5.4,73,7,48.3,101.95,Cloudy,3,9.8,
2012-03-17 19:00:00,9.8,5.9,77,6,25.0,101.93,Cloudy,3,9.3,
2012-03-17 20:00:00,9.3,5.2,76,0,25.0,101.92,Cloudy,3,8.8,
2012-03-17 21:00:00,8.8,5.5,80,4,25.0,101.8,Mostly Cloudy,3,7.7,
2012-03-17 22:00:00,7.7,4.9,82,0,25.0,101.77,Mainly Clear,3,6.7,
2012-03-17 23:00:00,6.7,4.7,87,7,25.0,101.78,Mainly Clear,3,3.8,
2012-03-18 00:00:00,3.8,2.8,93,4,25.0,101.75,Mainly Clear,3,5.2,
2012-03-18 01:00:00,5.2,3.5,89,0,25.0,101.74,Mostly Cloudy,3,4.3,
2012-03-18 02:00:00,4.3,3.0,91,6,25.0,101.71,Mainly Clear,3,3.9,
2012-03-18 03:00:00,3.9,2.4,90,7,25.0,101.66,Clear,3,3.2,
2012-03-18 04:00:00,3.2,2.3,94,6,25.0,101.69,Clear,3,3.5,
2012-03-18 05:00:00,3.5,2.4,92,6,25.0,101.7,Clear,3,3.6,
2012-03-18 06:00:00,3.6,2.6,93,7,24.1,101.72,Clear,3,5.1,
2012-03-18 07:00:00,5.1,3.7,91,4,48.3,101.78,Mainly Clear,3,8.8,
2012-03-18 08:00:00,8.8,5.8,81,11,48.3,101.79,Mainly Clear,3,10.4,
2012-03-18 09:00:00,10.4,6.6,77,11,48.3,101.81,Mainly Clear,3,11.9,
2012-03-18 10:00:00,11.9,6.7,70,13,48.3,101.78,Mainly Clear,3,14.1,
2012-03-18 11:00:00,14.1,7.6,65,13,48.3,101.71,Clear,3,17.3,
2012-03-18 12:00:00,17.3,8.7,57,11,48.3,101.63,Clear,3,20.0,
2012-03-18 13:00:00,20.0,9.9,52,15,48.3,101.55,Mainly Clear,3,21.7,
2012-03-18 14:00:00,21.7,10.5,49,13,48.3,101.45,Mainly Clear,3,22.2,
2012-03-18 15:00:00,22.2,10.4,47,15,48.3,101.39,Mainly Clear,3,22.7,
2012-03-18 16:00:00,22.7,10.7,47,11,48.3,101.35,Mainly Clear,3,21.8,
2012-03-18 17:00:00,21.8,11.0,50,6,48.3,101.32,Mostly Cloudy,3,18.4,
2012-03-18 18:00:00,18.4,10.1,58,9,48.3,101.32,Mostly Cloudy,3,17.1,
2012-03-18 19:00:00,17.1,9.8,62,0,25.0,101.3,Mainly Clear,3,12.8,
2012-03-18 20:00:00,12.8,8.6,76,7,25.0,101.34,Clear,3,13.4,
2012-03-18 21:00:00,13.4,9.2,76,4,25.0,101.37,Mainly Clear,3,12.6,
2012-03-18 22:00:00,12.6,8.9,78,7,25.0,101.39,Mainly Clear,3,10.6,
2012-03-18 23:00:00,10.6,7.9,83,6,25.0,101.37,Mainly Clear,3,9.8,
2012-03-19 00:00:00,9.8,7.6,86,6,25.0,101.37,Mainly Clear,3,10.8,
2012-03-19 01:00:00,10.8,8.5,86,6,25.0,101.39,Clear,3,10.6,
2012-03-19 02:00:00,10.6,8.6,87,4,25.0,101.42,Clear,3,10.2,
2012-03-19 03:00:00,10.2,8.3,88,11,25.0,101.42,Clear,3,11.2,
2012-03-19 04:00:00,11.2,9.0,86,6,25.0,101.49,Clear,3,9.7,
2012-03-19 05:00:00,9.7,8.1,90,7,25.0,101.5,Clear,3,11.3,
2012-03-19 06:00:00,11.3,9.4,88,4,24.1,101.56,Mainly Clear,3,9.9,
2012-03-19 07:00:00,9.9,8.5,91,0,12.9,101.59,Mostly Cloudy,3,11.9,
2012-03-19 08:00:00,11.9,9.9,88,7,12.9,101.67,Mostly Cloudy,3,13.9,
2012-03-19 09:00:00,13.9,10.5,80,6,12.9,101.71,Mainly Clear,3,15.6,
2012-03-19 10:00:00,15.6,11.0,74,6,16.1,101.75,Mainly Clear,3,17.8,
2012-03-19 11:00:00,17.8,11.6,67,4,16.1,101.75,Mainly Clear,3,19.8,
2012-03-19 12:00:00,19.8,12.0,61,4,19.3,101.75,Mainly Clear,3,18.5,
2012-03-19 13:00:00,18.5,11.0,62,19,19.3,101.72,Mainly Clear,3,17.0,
2012-03-19 14:00:00,17.0,9.9,63,15,24.1,101.72,Mainly Clear,3,16.3,
2012-03-19 15:00:00,16.3,10.0,66,17,24.1,101.71,Mainly Clear,3,16.6,
2012-03-19 16:00:00,16.6,9.7,64,11,24.1,101.66,Mainly Clear,3,15.9,
2012-03-19 17:00:00,15.9,9.1,64,13,24.1,101.66,Mainly Clear,3,13.9,
2012-03-19 18:00:00,13.9,7.9,67,19,24.1,101.67,Mainly Clear,3,12.5,
2012-03-19 19:00:00,12.5,6.7,68,15,25.0,101.71,Mainly Clear,3,10.6,
2012-03-19 20:00:00,10.6,5.4,70,13,25.0,101.8,Mainly Clear,3,9.5,
2012-03-19 21:00:00,9.5,4.1,69,15,25.0,101.8,Clear,3,8.8,
2012-03-19 22:00:00,8.8,2.7,66,17,25.0,101.83,Clear,3,7.2,
2012-03-19 23:00:00,7.2,1.8,69,9,25.0,101.86,Clear,3,7.1,
2012-03-20 00:00:00,7.1,1.0,65,11,25.0,101.85,Clear,3,6.1,
2012-03-20 01:00:00,6.1,0.7,68,11,25.0,101.85,Clear,3,5.7,
2012-03-20 02:00:00,5.7,0.4,69,11,25.0,101.85,Clear,3,5.2,
2012-03-20 03:00:00,5.2,0.2,70,7,25.0,101.86,Clear,3,5.2,
2012-03-20 04:00:00,5.2,-0.2,68,4,25.0,101.88,Clear,3,5.0,
2012-03-20 05:00:00,5.0,-0.3,69,7,25.0,101.92,Clear,3,3.2,
2012-03-20 06:00:00,3.2,-0.6,76,4,24.1,101.97,Clear,3,5.5,
2012-03-20 07:00:00,5.5,-0.1,67,4,24.1,102.0,Clear,3,8.0,
2012-03-20 08:00:00,8.0,0.6,60,6,24.1,102.08,Clear,3,10.6,
2012-03-20 09:00:00,10.6,1.3,53,0,19.3,102.09,Mainly Clear,3,12.6,
2012-03-20 10:00:00,12.6,2.6,50,4,24.1,102.07,Mainly Clear,3,14.9,
2012-03-20 11:00:00,14.9,4.0,48,6,24.1,102.02,Clear,3,16.5,
2012-03-20 12:00:00,16.5,6.7,52,9,24.1,101.98,Clear,3,20.0,
2012-03-20 13:00:00,20.0,10.8,55,13,24.1,101.93,Clear,3,21.5,
2012-03-20 14:00:00,21.5,11.8,54,11,24.1,101.83,Clear,3,22.5,
2012-03-20 15:00:00,22.5,12.3,52,9,24.1,101.78,Clear,3,23.3,
2012-03-20 16:00:00,23.3,12.1,49,7,24.1,101.73,Clear,3,22.0,
2012-03-20 17:00:00,22.0,12.1,53,7,24.1,101.72,Clear,3,19.7,
2012-03-20 18:00:00,19.7,11.7,60,4,24.1,101.74,Clear,3,17.5,
2012-03-20 19:00:00,17.5,10.9,65,6,25.0,101.79,Clear,3,18.1,
2012-03-20 20:00:00,18.1,11.6,66,4,25.0,101.85,Clear,3,16.0,
2012-03-20 21:00:00,16.0,10.9,72,6,25.0,101.89,Clear,3,14.2,
2012-03-20 22:00:00,14.2,10.3,77,4,25.0,101.9,Clear,3,14.3,
2012-03-20 23:00:00,14.3,10.7,79,6,25.0,101.91,Clear,3,14.0,
2012-03-21 00:00:00,14.0,11.0,82,9,25.0,101.9,Clear,3,12.4,
2012-03-21 01:00:00,12.4,10.5,88,4,25.0,101.92,Clear,3,11.8,
2012-03-21 02:00:00,11.8,10.3,91,6,25.0,101.93,Clear,3,11.4,
2012-03-21 03:00:00,11.4,9.8,90,4,25.0,101.93,Clear,3,10.6,
2012-03-21 04:00:00,10.6,9.1,90,0,25.0,101.95,Clear,3,10.0,
2012-03-21 05:00:00,10.0,8.8,92,0,25.0,102.02,Clear,3,9.5,
2012-03-21 06:00:00,9.5,8.6,94,4,9.7,102.07,Fog,3,11.3,
2012-03-21 07:00:00,11.3,9.9,91,4,9.7,102.1,Fog,3,13.8,
2012-03-21 08:00:00,13.8,11.5,86,9,12.9,102.15,Clear,3,15.9,
2012-03-21 09:00:00,15.9,11.8,77,7,19.3,102.17,Clear,3,18.2,
2012-03-21 10:00:00,18.2,12.5,69,13,24.1,102.09,Clear,3,20.2,
2012-03-21 11:00:00,20.2,12.3,60,15,24.1,102.01,Clear,3,22.3,
2012-03-21 12:00:00,22.3,12.6,54,15,24.1,101.94,Clear,3,23.8,
2012-03-21 13:00:00,23.8,12.1,48,17,24.1,101.85,Clear,3,24.7,
2012-03-21 14:00:00,24.7,12.1,45,13,24.1,101.77,Clear,3,25.4,
2012-03-21 15:00:00,25.4,12.0,43,17,48.3,101.72,Clear,3,25.5,
2012-03-21 16:00:00,25.5,11.0,40,17,48.3,101.69,Clear,3,25.2,
2012-03-21 17:00:00,25.2,10.7,40,13,48.3,101.68,Clear,3,20.7,
2012-03-21 18:00:00,20.7,9.7,49,9,48.3,101.67,Clear,3,17.2,
2012-03-21 19:00:00,17.2,9.1,59,6,25.0,101.67,Clear,3,18.4,
2012-03-21 20:00:00,18.4,8.9,54,7,25.0,101.7,Clear,3,16.4,
2012-03-21 21:00:00,16.4,9.7,65,13,25.0,101.68,Clear,3,18.0,
2012-03-21 22:00:00,18.0,10.5,62,7,25.0,101.66,Clear,3,16.5,
2012-03-21 23:00:00,16.5,9.5,63,7,25.0,101.66,Clear,3,17.0,
2012-03-22 00:00:00,17.0,9.1,60,13,25.0,101.63,Clear,3,15.5,
2012-03-22 01:00:00,15.5,8.7,64,11,25.0,101.62,Clear,3,15.0,
2012-03-22 02:00:00,15.0,8.7,66,7,25.0,101.59,Clear,3,11.0,
2012-03-22 03:00:00,11.0,7.4,78,9,25.0,101.56,Clear,3,13.2,
2012-03-22 04:00:00,13.2,8.4,73,6,25.0,101.54,Clear,3,12.8,
2012-03-22 05:00:00,12.8,8.5,75,13,25.0,101.59,Clear,3,13.7,
2012-03-22 06:00:00,13.7,9.0,73,15,48.3,101.57,Mostly Cloudy,3,14.2,
2012-03-22 07:00:00,14.2,9.5,73,22,24.1,101.55,Mainly Clear,3,15.4,
2012-03-22 08:00:00,15.4,9.9,70,15,24.1,101.55,Mainly Clear,3,17.3,
2012-03-22 09:00:00,17.3,10.4,64,22,24.1,101.53,Mainly Clear,3,19.6,
2012-03-22 10:00:00,19.6,11.4,59,17,24.1,101.57,Mainly Clear,3,20.4,
2012-03-22 11:00:00,20.4,11.9,58,15,24.1,101.52,Mainly Clear,3,23.0,
2012-03-22 12:00:00,23.0,12.0,50,20,24.1,101.5,Mostly Cloudy,3,23.3,
2012-03-22 13:00:00,23.3,12.1,49,19,24.1,101.43,Mostly Cloudy,3,22.8,
2012-03-22 14:00:00,22.8,12.6,53,17,24.1,101.4,Cloudy,3,21.4,
2012-03-22 15:00:00,21.4,12.8,58,6,24.1,101.38,Cloudy,3,22.2,
2012-03-22 16:00:00,22.2,12.3,53,13,24.1,101.33,Mostly Cloudy,3,20.0,
2012-03-22 17:00:00,20.0,12.2,61,11,24.1,101.39,Mostly Cloudy,3,18.2,
2012-03-22 18:00:00,18.2,11.5,65,19,24.1,101.48,Rain Showers,3,16.7,
2012-03-22 19:00:00,16.7,9.4,62,13,25.0,101.52,Rain Showers,3,15.1,
2012-03-22 20:00:00,15.1,8.5,65,11,25.0,101.58,Mainly Clear,3,12.1,
2012-03-22 21:00:00,12.1,7.4,73,7,25.0,101.59,Mainly Clear,3,11.0,
2012-03-22 22:00:00,11.0,6.8,75,7,25.0,101.61,Mainly Clear,3,11.3,
2012-03-22 23:00:00,11.3,7.2,76,6,25.0,101.62,Clear,3,10.4,
2012-03-23 00:00:00,10.4,7.1,80,7,25.0,101.67,Mainly Clear,3,10.3,
2012-03-23 01:00:00,10.3,7.5,83,0,25.0,101.7,Mainly Clear,3,8.9,
2012-03-23 02:00:00,8.9,6.5,85,9,25.0,101.71,Mainly Clear,3,8.8,
2012-03-23 03:00:00,8.8,6.4,85,9,25.0,101.72,Mainly Clear,3,9.2,
2012-03-23 04:00:00,9.2,6.3,82,7,25.0,101.76,Clear,3,8.0,
2012-03-23 05:00:00,8.0,5.2,82,9,25.0,101.85,Clear,3,6.6,
2012-03-23 06:00:00,6.6,2.9,77,7,25.0,101.9,Clear,3,8.4,
2012-03-23 07:00:00,8.4,3.0,69,0,48.3,101.93,Clear,3,11.3,
2012-03-23 08:00:00,11.3,1.8,52,0,48.3,101.93,Clear,3,12.8,
2012-03-23 09:00:00,12.8,2.3,49,4,48.3,101.94,Clear,3,14.5,
2012-03-23 10:00:00,14.5,0.1,37,17,48.3,101.93,Clear,3,14.9,
2012-03-23 11:00:00,14.9,-3.0,29,15,48.3,101.87,Clear,3,16.2,
2012-03-23 12:00:00,16.2,-2.5,28,11,48.3,101.81,Mainly Clear,3,16.8,
2012-03-23 13:00:00,16.8,-2.3,27,7,48.3,101.71,Mostly Cloudy,3,16.6,
2012-03-23 14:00:00,16.6,-6.8,19,15,48.3,101.66,Mostly Cloudy,3,16.4,
2012-03-23 15:00:00,16.4,-6.8,20,15,48.3,101.63,Mostly Cloudy,3,15.5,
2012-03-23 16:00:00,15.5,-9.0,18,22,48.3,101.6,Cloudy,3,14.7,
2012-03-23 17:00:00,14.7,-5.1,25,13,48.3,101.62,Cloudy,3,13.4,
2012-03-23 18:00:00,13.4,-5.8,26,13,48.3,101.64,Cloudy,3,11.8,
2012-03-23 19:00:00,11.8,-5.5,29,11,25.0,101.68,Mostly Cloudy,3,10.9,
2012-03-23 20:00:00,10.9,-5.9,30,6,25.0,101.72,Cloudy,3,10.8,
2012-03-23 21:00:00,10.8,-8.0,26,15,25.0,101.7,Mostly Cloudy,3,10.6,
2012-03-23 22:00:00,10.6,-8.9,24,19,25.0,101.73,Cloudy,3,9.9,
2012-03-23 23:00:00,9.9,-8.7,26,19,25.0,101.78,Mostly Cloudy,3,8.4,
2012-03-24 00:00:00,8.4,-9.1,28,22,25.0,101.8,Mostly Cloudy,3,7.3,
2012-03-24 01:00:00,7.3,-9.4,29,20,25.0,101.85,Mainly Clear,3,6.2,
2012-03-24 02:00:00,6.2,-10.6,29,19,25.0,101.86,Mostly Cloudy,3,5.3,
2012-03-24 03:00:00,5.3,-9.4,34,22,25.0,101.86,Mostly Cloudy,3,4.4,
2012-03-24 04:00:00,4.4,-8.9,37,13,25.0,101.88,Cloudy,3,3.6,
2012-03-24 05:00:00,3.6,-8.5,41,19,25.0,101.89,Cloudy,3,3.2,
2012-03-24 06:00:00,3.2,-8.8,41,19,24.1,101.93,Cloudy,3,3.1,
2012-03-24 07:00:00,3.1,-9.3,40,15,24.1,101.97,Cloudy,3,2.7,
2012-03-24 08:00:00,2.7,-9.4,40,19,24.1,101.98,Cloudy,3,3.0,
2012-03-24 09:00:00,3.0,-11.2,34,22,48.3,101.94,Cloudy,3,3.7,
2012-03-24 10:00:00,3.7,-9.5,37,22,48.3,101.89,Cloudy,3,3.7,
2012-03-24 11:00:00,3.7,-11.1,33,22,48.3,101.86,Cloudy,3,4.8,
2012-03-24 12:00:00,4.8,-10.3,33,19,48.3,101.8,Cloudy,3,4.7,
2012-03-24 13:00:00,4.7,-10.9,31,19,48.3,101.74,Cloudy,3,6.1,
2012-03-24 14:00:00,6.1,-8.7,34,9,48.3,101.68,Cloudy,3,5.8,
2012-03-24 15:00:00,5.8,-9.8,32,4,48.3,101.61,Cloudy,3,6.1,
2012-03-24 16:00:00,6.1,-9.5,32,7,48.3,101.53,Cloudy,3,6.1,
2012-03-24 17:00:00,6.1,-10.3,30,13,48.3,101.47,Cloudy,3,6.1,
2012-03-24 18:00:00,6.1,-9.9,31,13,48.3,101.46,Cloudy,3,6.2,
2012-03-24 19:00:00,6.2,-8.4,34,13,25.0,101.38,Cloudy,3,6.3,
2012-03-24 20:00:00,6.3,-7.4,37,9,25.0,101.35,Cloudy,3,6.6,
2012-03-24 21:00:00,6.6,-8.1,34,9,25.0,101.28,Cloudy,3,6.6,
2012-03-24 22:00:00,6.6,-7.8,35,11,25.0,101.22,Cloudy,3,6.5,
2012-03-24 23:00:00,6.5,-7.2,37,7,25.0,101.15,Rain Showers,3,5.8,
2012-03-25 00:00:00,5.8,-5.7,43,20,25.0,101.05,Rain,3,5.9,
2012-03-25 01:00:00,5.9,-6.2,41,13,25.0,101.03,Cloudy,3,5.9,
2012-03-25 02:00:00,5.9,-5.0,45,9,25.0,100.91,Rain Showers,3,5.8,
2012-03-25 03:00:00,5.8,-4.2,49,7,25.0,100.84,Cloudy,3,5.3,
2012-03-25 04:00:00,5.3,-4.3,50,19,25.0,100.79,Cloudy,3,4.5,
2012-03-25 05:00:00,4.5,-2.9,59,11,25.0,100.73,Cloudy,3,3.8,
2012-03-25 06:00:00,3.8,-0.9,71,15,24.1,100.76,Rain Showers,3,2.5,
2012-03-25 07:00:00,2.5,0.9,89,17,24.1,100.76,Rain,3,3.0,
2012-03-25 08:00:00,3.0,1.5,90,6,24.1,100.74,Rain,3,3.1,
2012-03-25 09:00:00,3.1,2.0,92,0,6.4,100.71,"Rain,Fog",3,3.9,
2012-03-25 10:00:00,3.9,2.7,92,0,12.9,100.66,Cloudy,3,5.2,
2012-03-25 11:00:00,5.2,3.6,89,6,16.1,100.58,Cloudy,3,5.9,
2012-03-25 12:00:00,5.9,3.7,86,6,24.1,100.54,Cloudy,3,6.6,
2012-03-25 13:00:00,6.6,4.0,83,6,24.1,100.47,Cloudy,3,7.5,
2012-03-25 14:00:00,7.5,4.1,79,11,24.1,100.39,Cloudy,3,7.6,
2012-03-25 15:00:00,7.6,4.6,81,9,24.1,100.29,Mostly Cloudy,3,8.4,
2012-03-25 16:00:00,8.4,4.8,78,9,24.1,100.27,Cloudy,3,9.2,
2012-03-25 17:00:00,9.2,5.3,77,7,24.1,100.26,Cloudy,3,8.9,
2012-03-25 18:00:00,8.9,5.7,80,7,24.1,100.28,Mostly Cloudy,3,8.7,
2012-03-25 19:00:00,8.7,5.2,79,4,25.0,100.25,Mainly Clear,3,7.3,
2012-03-25 20:00:00,7.3,4.9,85,7,25.0,100.22,Mostly Cloudy,3,8.2,
2012-03-25 21:00:00,8.2,5.7,84,13,25.0,100.21,Mainly Clear,3,7.5,
2012-03-25 22:00:00,7.5,5.5,87,11,25.0,100.17,Mainly Clear,3,6.4,
2012-03-25 23:00:00,6.4,4.8,89,11,25.0,100.12,Mostly Cloudy,3,7.3,
2012-03-26 00:00:00,7.3,3.7,78,24,25.0,100.19,Rain Showers,3,4.6,
2012-03-26 01:00:00,4.6,-1.9,63,33,25.0,100.29,Rain Showers,3,2.6,
2012-03-26 02:00:00,2.6,-3.7,63,26,25.0,100.4,Cloudy,3,0.8,
2012-03-26 03:00:00,0.8,-8.9,48,26,25.0,100.6,Mostly Cloudy,3,-1.1,
2012-03-26 04:00:00,-1.1,-10.4,49,22,25.0,100.74,Clear,3,-1.9,
2012-03-26 05:00:00,-1.9,-10.9,50,20,25.0,100.86,Clear,3,-3.8,
2012-03-26 06:00:00,-3.8,-13.4,47,32,24.1,101.03,Clear,3,-3.8,
2012-03-26 07:00:00,-3.8,-13.6,46,26,48.3,101.19,Mainly Clear,3,-4.0,
2012-03-26 08:00:00,-4.0,-12.6,51,26,48.3,101.27,Mostly Cloudy,3,-3.0,
2012-03-26 09:00:00,-3.0,-13.1,46,22,48.3,101.33,Mainly Clear,3,-2.1,
2012-03-26 10:00:00,-2.1,-13.0,43,26,48.3,101.32,Mainly Clear,3,-0.6,
2012-03-26 11:00:00,-0.6,-11.4,44,28,48.3,101.3,Mainly Clear,3,0.2,
2012-03-26 12:00:00,0.2,-11.4,41,30,48.3,101.28,Mainly Clear,3,0.6,
2012-03-26 13:00:00,0.6,-12.6,36,28,48.3,101.26,Mainly Clear,3,1.3,
2012-03-26 14:00:00,1.3,-13.3,33,28,48.3,101.24,Mainly Clear,3,1.4,
2012-03-26 15:00:00,1.4,-14.8,29,30,48.3,101.26,Mainly Clear,3,1.3,
2012-03-26 16:00:00,1.3,-15.7,27,30,48.3,101.29,Clear,3,1.2,
2012-03-26 17:00:00,1.2,-16.3,26,32,48.3,101.34,Clear,3,0.1,
2012-03-26 18:00:00,0.1,-17.3,26,24,48.3,101.43,Clear,3,-0.7,
2012-03-26 19:00:00,-0.7,-18.0,26,28,25.0,101.56,Clear,3,-1.4,
2012-03-26 20:00:00,-1.4,-18.7,25,28,25.0,101.68,Clear,3,-2.3,
2012-03-26 21:00:00,-2.3,-18.4,28,24,25.0,101.79,Clear,3,-2.9,
2012-03-26 22:00:00,-2.9,-17.8,31,28,25.0,101.84,Clear,3,-3.6,
2012-03-26 23:00:00,-3.6,-17.4,33,26,25.0,101.9,Clear,3,-4.3,
2012-03-27 00:00:00,-4.3,-17.6,35,22,25.0,101.94,Clear,3,-5.0,
2012-03-27 01:00:00,-5.0,-17.7,36,19,25.0,101.96,Clear,3,-5.4,
2012-03-27 02:00:00,-5.4,-16.8,40,17,25.0,102.02,Clear,3,-6.0,
2012-03-27 03:00:00,-6.0,-17.0,41,17,25.0,102.06,Clear,3,-6.5,
2012-03-27 04:00:00,-6.5,-17.3,42,13,25.0,102.14,Clear,3,-7.4,
2012-03-27 05:00:00,-7.4,-16.4,49,11,25.0,102.24,Clear,3,-7.5,
2012-03-27 06:00:00,-7.5,-16.4,49,9,48.3,102.31,Clear,3,-6.1,
2012-03-27 07:00:00,-6.1,-17.7,39,9,48.3,102.39,Clear,3,-5.1,
2012-03-27 08:00:00,-5.1,-18.7,34,13,48.3,102.41,Clear,3,-4.3,
2012-03-27 09:00:00,-4.3,-20.3,27,9,48.3,102.44,Clear,3,-2.5,
2012-03-27 10:00:00,-2.5,-21.7,21,0,48.3,102.48,Clear,3,-1.6,
2012-03-27 11:00:00,-1.6,-20.6,22,6,48.3,102.43,Clear,3,0.2,
2012-03-27 12:00:00,0.2,-16.7,27,9,48.3,102.31,Clear,3,1.0,
2012-03-27 13:00:00,1.0,-16.1,27,6,48.3,102.2,Mainly Clear,3,1.7,
2012-03-27 14:00:00,1.7,-18.4,21,13,48.3,102.06,Mainly Clear,3,2.1,
2012-03-27 15:00:00,2.1,-16.5,24,15,48.3,101.98,Mainly Clear,3,2.7,
2012-03-27 16:00:00,2.7,-13.0,30,17,48.3,101.93,Mostly Cloudy,3,2.7,
2012-03-27 17:00:00,2.7,-12.3,32,19,48.3,101.88,Mostly Cloudy,3,2.6,
2012-03-27 18:00:00,2.6,-11.9,33,15,48.3,101.79,Mostly Cloudy,3,2.8,
2012-03-27 19:00:00,2.8,-11.7,33,11,25.0,101.74,Mostly Cloudy,3,2.6,
2012-03-27 20:00:00,2.6,-11.4,35,13,25.0,101.68,Cloudy,3,2.1,
2012-03-27 21:00:00,2.1,-10.7,38,9,25.0,101.67,Cloudy,3,1.0,
2012-03-27 22:00:00,1.0,-10.1,43,20,25.0,101.47,Cloudy,3,1.0,
2012-03-27 23:00:00,1.0,-10.8,41,13,25.0,101.44,Cloudy,3,1.0,
2012-03-28 00:00:00,1.0,-10.8,41,6,16.1,101.58,Snow,3,-1.1,
2012-03-28 01:00:00,-1.1,-4.5,78,11,16.1,101.39,Snow,3,-1.0,
2012-03-28 02:00:00,-1.0,-4.8,75,13,9.7,101.28,Snow,3,-1.6,
2012-03-28 03:00:00,-1.6,-4.1,83,20,25.0,101.08,Snow,3,-1.5,
2012-03-28 04:00:00,-1.5,-3.8,84,20,25.0,100.88,Snow,3,-1.0,
2012-03-28 05:00:00,-1.0,-3.9,81,19,25.0,100.68,Cloudy,3,-0.3,
2012-03-28 06:00:00,-0.3,-3.5,79,20,24.1,100.51,Snow,3,0.5,
2012-03-28 07:00:00,0.5,-2.7,79,22,24.1,100.4,Snow,3,0.8,
2012-03-28 08:00:00,0.8,-2.9,76,19,8.0,100.25,"Snow,Ice Pellets",3,2.1,
2012-03-28 09:00:00,2.1,-3.3,67,15,48.3,100.08,Cloudy,3,2.3,
2012-03-28 10:00:00,2.3,-3.3,66,11,48.3,99.94,Cloudy,3,2.8,
2012-03-28 11:00:00,2.8,-2.1,70,13,48.3,99.74,Cloudy,3,3.8,
2012-03-28 12:00:00,3.8,-3.2,60,7,48.3,99.64,Cloudy,3,4.3,
2012-03-28 13:00:00,4.3,-2.9,59,9,48.3,99.51,Cloudy,3,4.4,
2012-03-28 14:00:00,4.4,-1.2,67,13,24.1,99.45,Rain,3,2.5,
2012-03-28 15:00:00,2.5,0.6,87,19,19.3,99.42,Rain,3,2.2,
2012-03-28 16:00:00,2.2,0.7,90,20,12.9,99.48,Rain,3,1.5,
2012-03-28 17:00:00,1.5,0.2,91,19,16.1,99.53,Drizzle,3,1.3,
2012-03-28 18:00:00,1.3,-0.2,90,13,16.1,99.63,Drizzle,3,1.3,
2012-03-28 19:00:00,1.3,-0.2,90,11,12.9,99.74,Cloudy,3,1.2,
2012-03-28 20:00:00,1.2,-0.3,90,13,9.7,99.86,Fog,3,1.0,
2012-03-28 21:00:00,1.0,-0.5,90,15,9.7,99.92,Fog,3,1.0,
2012-03-28 22:00:00,1.0,-0.7,88,13,9.7,99.95,Fog,3,0.8,
2012-03-28 23:00:00,0.8,-1.0,88,17,11.3,99.99,Cloudy,3,0.6,
2012-03-29 00:00:00,0.6,-1.2,88,15,12.9,100.05,Cloudy,3,0.5,
2012-03-29 01:00:00,0.5,-1.5,86,11,12.9,100.12,Cloudy,3,0.4,
2012-03-29 02:00:00,0.4,-1.8,85,17,25.0,100.15,Cloudy,3,0.5,
2012-03-29 03:00:00,0.5,-1.9,84,11,25.0,100.19,Cloudy,3,0.6,
2012-03-29 04:00:00,0.6,-2.1,82,11,25.0,100.27,Cloudy,3,0.6,
2012-03-29 05:00:00,0.6,-2.1,82,9,25.0,100.35,Snow,3,0.7,
2012-03-29 06:00:00,0.7,-1.9,83,6,24.1,100.44,Snow,3,0.8,
2012-03-29 07:00:00,0.8,-1.6,84,7,24.1,100.52,Snow,3,1.5,
2012-03-29 08:00:00,1.5,-1.1,83,6,16.1,100.59,Snow,3,2.5,
2012-03-29 09:00:00,2.5,-1.2,77,9,24.1,100.64,Snow,3,3.2,
2012-03-29 10:00:00,3.2,-2.4,67,13,24.1,100.7,Cloudy,3,3.6,
2012-03-29 11:00:00,3.6,-2.2,66,9,24.1,100.71,Cloudy,3,3.9,
2012-03-29 12:00:00,3.9,-2.2,64,6,24.1,100.71,Cloudy,3,4.2,
2012-03-29 13:00:00,4.2,-2.5,62,13,24.1,100.72,Cloudy,3,4.0,
2012-03-29 14:00:00,4.0,-2.8,61,15,24.1,100.76,Cloudy,3,4.1,
2012-03-29 15:00:00,4.1,-3.5,58,19,24.1,100.81,Cloudy,3,3.9,
2012-03-29 16:00:00,3.9,-2.8,62,13,24.1,100.87,Cloudy,3,3.5,
2012-03-29 17:00:00,3.5,-4.1,57,24,24.1,100.92,Cloudy,3,3.4,
2012-03-29 18:00:00,3.4,-5.6,52,20,24.1,100.97,Mostly Cloudy,3,2.9,
2012-03-29 19:00:00,2.9,-5.6,54,19,25.0,101.01,Cloudy,3,2.2,
2012-03-29 20:00:00,2.2,-4.7,60,19,25.0,101.07,Cloudy,3,1.9,
2012-03-29 21:00:00,1.9,-6.3,55,24,25.0,101.11,Mostly Cloudy,3,1.4,
2012-03-29 22:00:00,1.4,-7.4,52,17,25.0,101.14,Mostly Cloudy,3,0.8,
2012-03-29 23:00:00,0.8,-8.2,51,24,25.0,101.17,Mostly Cloudy,3,0.1,
2012-03-30 00:00:00,0.1,-9.1,50,19,25.0,101.18,Mostly Cloudy,3,-1.0,
2012-03-30 01:00:00,-1.0,-9.8,51,20,25.0,101.21,Mainly Clear,3,-2.2,
2012-03-30 02:00:00,-2.2,-9.7,56,15,25.0,101.22,Clear,3,-3.5,
2012-03-30 03:00:00,-3.5,-11.4,54,19,25.0,101.25,Mainly Clear,3,-4.3,
2012-03-30 04:00:00,-4.3,-10.8,60,4,25.0,101.33,Mainly Clear,3,-5.1,
2012-03-30 05:00:00,-5.1,-10.4,66,11,24.1,101.32,Clear,3,-4.8,
2012-03-30 06:00:00,-4.8,-10.8,63,13,48.3,101.39,Clear,3,-4.3,
2012-03-30 07:00:00,-4.3,-10.9,60,15,48.3,101.52,Clear,3,-3.0,
2012-03-30 08:00:00,-3.0,-10.4,57,11,48.3,101.56,Clear,3,-2.0,
2012-03-30 09:00:00,-2.0,-10.1,54,13,48.3,101.63,Clear,3,-0.8,
2012-03-30 10:00:00,-0.8,-9.5,52,9,48.3,101.62,Clear,3,0.9,
2012-03-30 11:00:00,0.9,-9.6,45,4,48.3,101.57,Mostly Cloudy,3,1.6,
2012-03-30 12:00:00,1.6,-8.0,49,17,48.3,101.52,Mainly Clear,3,3.1,
2012-03-30 13:00:00,3.1,-9.1,40,6,48.3,101.38,Mainly Clear,3,4.4,
2012-03-30 14:00:00,4.4,-8.8,38,17,48.3,101.3,Mainly Clear,3,4.8,
2012-03-30 15:00:00,4.8,-8.9,36,17,48.3,101.26,Mostly Cloudy,3,4.8,
2012-03-30 16:00:00,4.8,-9.3,35,15,48.3,101.26,Mostly Cloudy,3,4.4,
2012-03-30 17:00:00,4.4,-8.6,38,15,48.3,101.24,Mostly Cloudy,3,3.9,
2012-03-30 18:00:00,3.9,-7.9,42,11,24.1,101.26,Mostly Cloudy,3,3.1,
2012-03-30 19:00:00,3.1,-6.7,49,7,25.0,101.29,Mostly Cloudy,3,3.0,
2012-03-30 20:00:00,3.0,-8.4,43,7,25.0,101.3,Mostly Cloudy,3,1.7,
2012-03-30 21:00:00,1.7,-9.0,45,4,25.0,101.32,Cloudy,3,0.4,
2012-03-30 22:00:00,0.4,-8.1,53,0,25.0,101.3,Mostly Cloudy,3,1.4,
2012-03-30 23:00:00,1.4,-7.7,51,6,25.0,101.34,Mainly Clear,3,1.5,
2012-03-31 00:00:00,1.5,-8.6,47,13,25.0,101.33,Mostly Cloudy,3,1.3,
2012-03-31 01:00:00,1.3,-9.6,44,13,25.0,101.31,Mostly Cloudy,3,1.3,
2012-03-31 02:00:00,1.3,-9.7,44,11,25.0,101.29,Cloudy,3,0.7,
2012-03-31 03:00:00,0.7,-8.8,49,13,25.0,101.3,Cloudy,3,-0.9,
2012-03-31 04:00:00,-0.9,-8.5,56,13,25.0,101.32,Cloudy,3,-0.6,
2012-03-31 05:00:00,-0.6,-9.2,52,13,25.0,101.3,Cloudy,3,-0.5,
2012-03-31 06:00:00,-0.5,-9.2,52,15,48.3,101.32,Cloudy,3,-0.3,
2012-03-31 07:00:00,-0.3,-9.2,51,19,48.3,101.32,Cloudy,3,0.7,
2012-03-31 08:00:00,0.7,-8.5,50,17,48.3,101.33,Cloudy,3,1.5,
2012-03-31 09:00:00,1.5,-7.8,50,17,48.3,101.34,Mostly Cloudy,3,2.9,
2012-03-31 10:00:00,2.9,-8.1,44,15,48.3,101.3,Mainly Clear,3,4.6,
2012-03-31 11:00:00,4.6,-9.7,35,7,48.3,101.24,Clear,3,6.4,
2012-03-31 12:00:00,6.4,-7.1,37,11,48.3,101.16,Clear,3,6.5,
2012-03-31 13:00:00,6.5,-9.7,30,9,48.3,101.08,Clear,3,7.7,
2012-03-31 14:00:00,7.7,-8.5,31,4,48.3,101.01,Mainly Clear,3,7.7,
2012-03-31 15:00:00,7.7,-8.6,30,6,48.3,100.94,Mainly Clear,3,8.4,
2012-03-31 16:00:00,8.4,-7.7,31,4,48.3,100.89,Mainly Clear,3,7.9,
2012-03-31 17:00:00,7.9,-8.1,31,6,48.3,100.88,Mainly Clear,3,7.0,
2012-03-31 18:00:00,7.0,-8.2,33,7,48.3,100.87,Mainly Clear,3,5.9,
2012-03-31 19:00:00,5.9,-8.0,36,4,25.0,100.88,Clear,3,4.4,
2012-03-31 20:00:00,4.4,-7.2,43,9,25.0,100.85,Clear,3,2.6,
2012-03-31 21:00:00,2.6,-6.3,52,7,25.0,100.86,Clear,3,2.7,
2012-03-31 22:00:00,2.7,-6.7,50,0,25.0,100.82,Clear,3,1.5,
2012-03-31 23:00:00,1.5,-6.9,54,0,25.0,100.79,Clear,3,0.4,
2012-04-01 00:00:00,0.4,-6.6,59,0,25.0,100.75,Clear,4,-1.5,
2012-04-01 01:00:00,-1.5,-7.3,65,4,25.0,100.77,Clear,4,0.1,
2012-04-01 02:00:00,0.1,-6.9,59,0,25.0,100.7,Clear,4,-1.0,
2012-04-01 03:00:00,-1.0,-6.2,68,0,25.0,100.67,Clear,4,-1.0,
2012-04-01 04:00:00,-1.0,-5.3,73,0,25.0,100.66,Mainly Clear,4,-0.4,
2012-04-01 05:00:00,-0.4,-4.5,74,4,25.0,100.65,Mostly Cloudy,4,0.5,
2012-04-01 06:00:00,0.5,-3.2,76,6,48.3,100.62,Cloudy,4,1.2,
2012-04-01 07:00:00,1.2,-3.6,70,6,48.3,100.6,Cloudy,4,3.2,
2012-04-01 08:00:00,3.2,-4.5,57,11,48.3,100.53,Cloudy,4,3.7,
2012-04-01 09:00:00,3.7,-3.9,58,9,48.3,100.49,Cloudy,4,4.1,
2012-04-01 10:00:00,4.1,-2.8,61,7,48.3,100.46,Cloudy,4,4.8,
2012-04-01 11:00:00,4.8,-0.3,70,4,24.1,100.43,Rain Showers,4,5.8,
2012-04-01 12:00:00,5.8,0.2,67,0,24.1,100.35,Rain,4,5.9,
2012-04-01 13:00:00,5.9,0.0,66,7,24.1,100.24,Rain,4,4.7,
2012-04-01 14:00:00,4.7,1.1,77,9,24.1,100.2,Rain,4,3.8,
2012-04-01 15:00:00,3.8,1.5,85,19,24.1,100.14,Rain,4,3.0,
2012-04-01 16:00:00,3.0,0.7,85,17,24.1,100.1,Rain,4,2.8,
2012-04-01 17:00:00,2.8,0.5,85,22,24.1,100.12,Rain,4,2.5,
2012-04-01 18:00:00,2.5,0.3,85,11,24.1,100.11,Rain,4,2.6,
2012-04-01 19:00:00,2.6,0.2,84,0,25.0,100.14,Rain,4,2.6,
2012-04-01 20:00:00,2.6,0.2,84,11,19.3,100.18,Rain,4,2.6,
2012-04-01 21:00:00,2.6,0.7,87,13,16.1,100.21,Rain,4,2.5,
2012-04-01 22:00:00,2.5,0.7,88,13,25.0,100.22,Cloudy,4,2.0,
2012-04-01 23:00:00,2.0,0.3,88,7,25.0,100.21,Cloudy,4,0.4,
2012-04-02 00:00:00,0.4,-1.2,89,11,16.1,100.22,Mainly Clear,4,-0.1,
2012-04-02 01:00:00,-0.1,-1.4,91,7,9.7,100.27,Fog,4,-0.4,
2012-04-02 02:00:00,-0.4,-1.8,90,0,12.9,100.31,Clear,4,-1.4,
2012-04-02 03:00:00,-1.4,-2.8,90,0,8.0,100.33,Fog,4,-1.2,
2012-04-02 04:00:00,-1.2,-2.2,93,4,9.7,100.38,Fog,4,-1.7,
2012-04-02 05:00:00,-1.7,-2.5,94,6,25.0,100.47,Clear,4,-1.8,
2012-04-02 06:00:00,-1.8,-3.5,88,6,24.1,100.56,Clear,4,0.2,
2012-04-02 07:00:00,0.2,-2.1,84,6,48.3,100.65,Clear,4,2.1,
2012-04-02 08:00:00,2.1,-4.5,62,13,48.3,100.69,Clear,4,3.4,
2012-04-02 09:00:00,3.4,-7.3,45,22,48.3,100.72,Clear,4,4.5,
2012-04-02 10:00:00,4.5,-8.5,38,28,48.3,100.73,Clear,4,4.6,
2012-04-02 11:00:00,4.6,-7.8,40,24,48.3,100.72,Clear,4,6.2,
2012-04-02 12:00:00,6.2,-7.8,36,17,48.3,100.65,Clear,4,6.7,
2012-04-02 13:00:00,6.7,-7.2,36,24,48.3,100.64,Clear,4,7.3,
2012-04-02 14:00:00,7.3,-8.5,32,26,48.3,100.62,Clear,4,7.9,
2012-04-02 15:00:00,7.9,-10.0,27,19,48.3,100.6,Clear,4,7.9,
2012-04-02 16:00:00,7.9,-12.0,23,28,48.3,100.59,Clear,4,8.0,
2012-04-02 17:00:00,8.0,-12.2,22,30,48.3,100.61,Mainly Clear,4,6.9,
2012-04-02 18:00:00,6.9,-13.6,22,19,48.3,100.65,Clear,4,4.9,
2012-04-02 19:00:00,4.9,-12.6,27,13,25.0,100.69,Clear,4,3.5,
2012-04-02 20:00:00,3.5,-13.1,28,13,25.0,100.75,Clear,4,3.1,
2012-04-02 21:00:00,3.1,-13.0,30,11,25.0,100.78,Clear,4,0.6,
2012-04-02 22:00:00,0.6,-12.8,36,9,25.0,100.84,Clear,4,1.0,
2012-04-02 23:00:00,1.0,-12.8,35,13,25.0,100.83,Clear,4,-0.3,
2012-04-03 00:00:00,-0.3,-11.9,41,6,25.0,100.84,Clear,4,-1.1,
2012-04-03 01:00:00,-1.1,-11.4,45,9,25.0,100.86,Clear,4,-0.9,
2012-04-03 02:00:00,-0.9,-13.2,39,6,25.0,100.84,Clear,4,-3.0,
2012-04-03 03:00:00,-3.0,-12.0,50,9,25.0,100.87,Clear,4,-2.1,
2012-04-03 04:00:00,-2.1,-11.8,47,13,25.0,100.92,Clear,4,-2.6,
2012-04-03 05:00:00,-2.6,-12.4,47,6,25.0,100.99,Clear,4,-2.0,
2012-04-03 06:00:00,-2.0,-12.4,45,6,48.3,101.03,Clear,4,0.3,
2012-04-03 07:00:00,0.3,-11.3,41,11,48.3,101.09,Clear,4,1.7,
2012-04-03 08:00:00,1.7,-11.7,36,19,48.3,101.08,Clear,4,2.5,
2012-04-03 09:00:00,2.5,-11.0,36,15,48.3,101.07,Clear,4,4.3,
2012-04-03 10:00:00,4.3,-10.3,34,17,48.3,100.98,Clear,4,6.4,
2012-04-03 11:00:00,6.4,-9.1,32,11,48.3,100.91,Mainly Clear,4,7.1,
2012-04-03 12:00:00,7.1,-8.6,32,11,48.3,100.82,Mostly Cloudy,4,8.7,
2012-04-03 13:00:00,8.7,-9.1,27,11,48.3,100.76,Mostly Cloudy,4,10.0,
2012-04-03 14:00:00,10.0,-8.9,25,13,48.3,100.65,Mostly Cloudy,4,10.9,
2012-04-03 15:00:00,10.9,-9.0,24,24,48.3,100.54,Mainly Clear,4,10.8,
2012-04-03 16:00:00,10.8,-9.1,24,30,48.3,100.51,Mainly Clear,4,9.7,
2012-04-03 17:00:00,9.7,-9.0,26,28,48.3,100.52,Mostly Cloudy,4,8.9,
2012-04-03 18:00:00,8.9,-9.6,26,20,48.3,100.49,Mostly Cloudy,4,8.4,
2012-04-03 19:00:00,8.4,-9.7,27,13,25.0,100.5,Cloudy,4,7.8,
2012-04-03 20:00:00,7.8,-9.2,29,9,25.0,100.42,Mostly Cloudy,4,7.1,
2012-04-03 21:00:00,7.1,-8.2,33,7,25.0,100.36,Mostly Cloudy,4,6.9,
2012-04-03 22:00:00,6.9,-8.5,32,11,25.0,100.34,Cloudy,4,6.9,
2012-04-03 23:00:00,6.9,-9.2,31,11,25.0,100.29,Cloudy,4,6.0,
2012-04-04 00:00:00,6.0,-8.2,35,9,25.0,100.22,Mostly Cloudy,4,5.6,
2012-04-04 01:00:00,5.6,-8.6,35,4,25.0,100.2,Cloudy,4,6.0,
2012-04-04 02:00:00,6.0,-7.8,36,9,25.0,100.15,Mostly Cloudy,4,5.4,
2012-04-04 03:00:00,5.4,-4.1,50,11,25.0,100.05,Mostly Cloudy,4,5.2,
2012-04-04 04:00:00,5.2,-3.6,53,7,25.0,100.01,Mostly Cloudy,4,4.6,
2012-04-04 05:00:00,4.6,-2.8,59,9,24.1,99.94,Mostly Cloudy,4,4.2,
2012-04-04 06:00:00,4.2,-3.0,59,11,48.3,99.89,Mostly Cloudy,4,4.8,
2012-04-04 07:00:00,4.8,-4.1,52,17,48.3,99.85,Mostly Cloudy,4,5.5,
2012-04-04 08:00:00,5.5,-5.9,44,20,48.3,99.83,Mostly Cloudy,4,6.5,
2012-04-04 09:00:00,6.5,-6.5,39,28,48.3,99.83,Mostly Cloudy,4,8.7,
2012-04-04 10:00:00,8.7,-3.7,41,30,48.3,99.78,Mainly Clear,4,9.3,
2012-04-04 11:00:00,9.3,-2.6,43,28,48.3,99.75,Mainly Clear,4,8.9,
2012-04-04 12:00:00,8.9,-2.9,43,24,48.3,99.71,Mostly Cloudy,4,8.7,
2012-04-04 13:00:00,8.7,-3.5,42,33,24.1,99.71,Cloudy,4,8.5,
2012-04-04 14:00:00,8.5,-3.4,43,26,24.1,99.72,Cloudy,4,8.0,
2012-04-04 15:00:00,8.0,-3.2,45,26,24.1,99.75,Cloudy,4,8.3,
2012-04-04 16:00:00,8.3,-3.0,45,20,24.1,99.75,Cloudy,4,8.1,
2012-04-04 17:00:00,8.1,-4.6,40,26,24.1,99.81,Mostly Cloudy,4,7.6,
2012-04-04 18:00:00,7.6,-4.6,42,22,24.1,99.87,Mostly Cloudy,4,6.5,
2012-04-04 19:00:00,6.5,-3.8,48,19,24.1,99.98,Mainly Clear,4,6.0,
2012-04-04 20:00:00,6.0,-3.8,49,19,25.0,100.07,Mostly Cloudy,4,4.9,
2012-04-04 21:00:00,4.9,-4.4,51,19,25.0,100.13,Mostly Cloudy,4,3.7,
2012-04-04 22:00:00,3.7,-4.5,55,19,25.0,100.2,Mostly Cloudy,4,3.6,
2012-04-04 23:00:00,3.6,-4.6,55,19,25.0,100.24,Mostly Cloudy,4,3.2,
2012-04-05 00:00:00,3.2,-4.9,55,15,25.0,100.34,Mostly Cloudy,4,2.3,
2012-04-05 01:00:00,2.3,-5.8,55,17,25.0,100.37,Mainly Clear,4,2.3,
2012-04-05 02:00:00,2.3,-5.9,55,11,25.0,100.4,Mostly Cloudy,4,1.9,
2012-04-05 03:00:00,1.9,-4.6,62,13,25.0,100.41,Mostly Cloudy,4,1.5,
2012-04-05 04:00:00,1.5,-5.2,61,17,25.0,100.47,Mostly Cloudy,4,1.5,
2012-04-05 05:00:00,1.5,-6.7,54,17,25.0,100.51,Mostly Cloudy,4,1.5,
2012-04-05 06:00:00,1.5,-7.2,52,19,24.1,100.6,Cloudy,4,2.3,
2012-04-05 07:00:00,2.3,-6.9,51,19,24.1,100.68,Mostly Cloudy,4,2.7,
2012-04-05 08:00:00,2.7,-6.5,51,20,24.1,100.72,Mostly Cloudy,4,3.9,
2012-04-05 09:00:00,3.9,-6.1,48,22,24.1,100.76,Mostly Cloudy,4,4.5,
2012-04-05 10:00:00,4.5,-7.6,41,17,24.1,100.76,Mostly Cloudy,4,4.8,
2012-04-05 11:00:00,4.8,-7.1,42,26,24.1,100.77,Mostly Cloudy,4,5.2,
2012-04-05 12:00:00,5.2,-6.6,42,22,24.1,100.74,Mostly Cloudy,4,6.6,
2012-04-05 13:00:00,6.6,-5.3,42,22,24.1,100.73,Mostly Cloudy,4,6.7,
2012-04-05 14:00:00,6.7,-6.2,39,20,24.1,100.7,Mainly Clear,4,7.6,
2012-04-05 15:00:00,7.6,-5.9,38,19,24.1,100.67,Mainly Clear,4,8.9,
2012-04-05 16:00:00,8.9,-5.7,35,24,48.3,100.65,Mainly Clear,4,7.7,
2012-04-05 17:00:00,7.7,-6.9,35,24,48.3,100.7,Mainly Clear,4,6.6,
2012-04-05 18:00:00,6.6,-7.0,37,20,48.3,100.75,Mostly Cloudy,4,5.6,
2012-04-05 19:00:00,5.6,-7.7,38,26,25.0,100.82,Mostly Cloudy,4,5.3,
2012-04-05 20:00:00,5.3,-7.9,38,19,25.0,100.87,Mostly Cloudy,4,4.9,
2012-04-05 21:00:00,4.9,-7.7,40,19,25.0,100.88,Mostly Cloudy,4,4.4,
2012-04-05 22:00:00,4.4,-7.4,42,22,25.0,100.89,Mostly Cloudy,4,3.5,
2012-04-05 23:00:00,3.5,-7.8,43,19,25.0,100.93,Mostly Cloudy,4,3.0,
2012-04-06 00:00:00,3.0,-8.2,44,22,25.0,100.97,Mostly Cloudy,4,2.8,
2012-04-06 01:00:00,2.8,-8.4,43,17,25.0,100.98,Mostly Cloudy,4,2.3,
2012-04-06 02:00:00,2.3,-8.2,46,22,25.0,101.04,Cloudy,4,1.5,
2012-04-06 03:00:00,1.5,-8.2,48,19,25.0,101.09,Cloudy,4,1.1,
2012-04-06 04:00:00,1.1,-8.3,49,17,25.0,101.13,Mostly Cloudy,4,-0.1,
2012-04-06 05:00:00,-0.1,-8.7,52,15,24.1,101.17,Mostly Cloudy,4,-0.5,
2012-04-06 06:00:00,-0.5,-9.4,51,15,48.3,101.23,Mainly Clear,4,0.4,
2012-04-06 07:00:00,0.4,-8.9,50,15,48.3,101.3,Clear,4,1.1,
2012-04-06 08:00:00,1.1,-8.8,48,19,48.3,101.34,Clear,4,2.1,
2012-04-06 09:00:00,2.1,-8.4,46,17,48.3,101.37,Clear,4,3.9,
2012-04-06 10:00:00,3.9,-7.9,42,6,48.3,101.35,Mainly Clear,4,5.7,
2012-04-06 11:00:00,5.7,-7.7,37,19,48.3,101.32,Clear,4,6.6,
2012-04-06 12:00:00,6.6,-8.3,34,20,48.3,101.24,Mainly Clear,4,7.6,
2012-04-06 13:00:00,7.6,-7.7,33,15,48.3,101.18,Clear,4,8.6,
2012-04-06 14:00:00,8.6,-8.5,29,9,48.3,101.13,Mainly Clear,4,9.3,
2012-04-06 15:00:00,9.3,-8.3,28,19,48.3,101.1,Mainly Clear,4,8.5,
2012-04-06 16:00:00,8.5,-9.3,27,28,48.3,101.08,Mostly Cloudy,4,7.7,
2012-04-06 17:00:00,7.7,-11.0,25,32,48.3,101.11,Mostly Cloudy,4,7.3,
2012-04-06 18:00:00,7.3,-11.6,25,19,25.0,101.16,Mostly Cloudy,4,7.3,
2012-04-06 19:00:00,7.3,-11.7,24,13,25.0,101.21,Mostly Cloudy,4,6.7,
2012-04-06 20:00:00,6.7,-10.6,28,11,25.0,101.24,Mostly Cloudy,4,6.7,
2012-04-06 21:00:00,6.7,-10.3,28,9,25.0,101.24,Cloudy,4,6.8,
2012-04-06 22:00:00,6.8,-10.8,27,11,25.0,101.26,Cloudy,4,6.1,
2012-04-06 23:00:00,6.1,-9.9,31,11,25.0,101.27,Cloudy,4,5.6,
2012-04-07 00:00:00,5.6,-9.7,32,11,25.0,101.28,Cloudy,4,5.5,
2012-04-07 01:00:00,5.5,-10.6,30,17,25.0,101.29,Mostly Cloudy,4,3.1,
2012-04-07 02:00:00,3.1,-10.3,37,7,25.0,101.3,Mostly Cloudy,4,2.4,
2012-04-07 03:00:00,2.4,-10.0,39,11,25.0,101.32,Mainly Clear,4,2.5,
2012-04-07 04:00:00,2.5,-10.2,39,11,25.0,101.35,Mostly Cloudy,4,0.2,
2012-04-07 05:00:00,0.2,-10.4,45,7,25.0,101.39,Mainly Clear,4,1.5,
2012-04-07 06:00:00,1.5,-9.3,44,9,48.3,101.46,Mostly Cloudy,4,2.4,
2012-04-07 07:00:00,2.4,-10.1,39,11,48.3,101.5,Mainly Clear,4,4.5,
2012-04-07 08:00:00,4.5,-9.3,36,11,48.3,101.51,Mostly Cloudy,4,4.5,
2012-04-07 09:00:00,4.5,-9.5,35,11,48.3,101.52,Mostly Cloudy,4,5.7,
2012-04-07 10:00:00,5.7,-8.5,35,17,48.3,101.54,Mostly Cloudy,4,6.0,
2012-04-07 11:00:00,6.0,-9.2,33,13,48.3,101.51,Mostly Cloudy,4,6.6,
2012-04-07 12:00:00,6.6,-8.1,34,11,48.3,101.47,Mostly Cloudy,4,6.8,
2012-04-07 13:00:00,6.8,-7.8,34,9,48.3,101.44,Mostly Cloudy,4,7.8,
2012-04-07 14:00:00,7.8,-7.8,32,9,48.3,101.39,Cloudy,4,8.0,
2012-04-07 15:00:00,8.0,-6.7,35,7,48.3,101.36,Mostly Cloudy,4,8.4,
2012-04-07 16:00:00,8.4,-6.4,34,4,24.1,101.34,Mostly Cloudy,4,8.4,
2012-04-07 17:00:00,8.4,-6.3,35,9,24.1,101.35,Mostly Cloudy,4,8.0,
2012-04-07 18:00:00,8.0,-6.1,36,7,25.0,101.35,Mostly Cloudy,4,8.0,
2012-04-07 19:00:00,8.0,-5.2,39,13,25.0,101.37,Mostly Cloudy,4,7.7,
2012-04-07 20:00:00,7.7,-5.4,39,15,25.0,101.43,Cloudy,4,7.5,
2012-04-07 21:00:00,7.5,-5.2,40,17,25.0,101.41,Mostly Cloudy,4,6.2,
2012-04-07 22:00:00,6.2,-5.1,44,15,25.0,101.36,Mostly Cloudy,4,5.9,
2012-04-07 23:00:00,5.9,-5.0,45,11,25.0,101.31,Mostly Cloudy,4,5.8,
2012-04-08 00:00:00,5.8,-5.2,45,9,25.0,101.24,Cloudy,4,4.8,
2012-04-08 01:00:00,4.8,-4.8,50,7,25.0,101.18,Cloudy,4,4.2,
2012-04-08 02:00:00,4.2,-4.5,53,4,25.0,101.11,Cloudy,4,3.7,
2012-04-08 03:00:00,3.7,-3.9,58,4,25.0,101.06,Cloudy,4,3.7,
2012-04-08 04:00:00,3.7,-4.4,55,4,25.0,101.0,Cloudy,4,4.0,
2012-04-08 05:00:00,4.0,-4.5,54,7,25.0,100.95,Cloudy,4,4.8,
2012-04-08 06:00:00,4.8,-4.1,52,7,48.3,100.91,Mostly Cloudy,4,5.7,
2012-04-08 07:00:00,5.7,-4.1,49,11,48.3,100.87,Mostly Cloudy,4,6.6,
2012-04-08 08:00:00,6.6,-3.9,47,13,48.3,100.81,Mostly Cloudy,4,7.4,
2012-04-08 09:00:00,7.4,-3.7,45,19,48.3,100.73,Mostly Cloudy,4,7.3,
2012-04-08 10:00:00,7.3,-4.8,42,22,48.3,100.61,Mostly Cloudy,4,9.4,
2012-04-08 11:00:00,9.4,-3.6,40,15,48.3,100.46,Mostly Cloudy,4,10.4,
2012-04-08 12:00:00,10.4,-3.8,37,17,48.3,100.25,Mostly Cloudy,4,11.7,
2012-04-08 13:00:00,11.7,-3.9,33,20,48.3,100.11,Mostly Cloudy,4,12.1,
2012-04-08 14:00:00,12.1,-3.5,33,20,48.3,99.97,Mostly Cloudy,4,12.3,
2012-04-08 15:00:00,12.3,-3.8,32,22,48.3,99.86,Mostly Cloudy,4,12.4,
2012-04-08 16:00:00,12.4,-4.2,31,22,48.3,99.8,Cloudy,4,12.3,
2012-04-08 17:00:00,12.3,-4.5,31,7,48.3,99.75,Mostly Cloudy,4,11.9,
2012-04-08 18:00:00,11.9,-4.7,31,19,25.0,99.69,Mostly Cloudy,4,11.5,
2012-04-08 19:00:00,11.5,-4.9,31,17,48.3,99.64,Mostly Cloudy,4,10.9,
2012-04-08 20:00:00,10.9,-3.9,35,15,25.0,99.59,Mostly Cloudy,4,10.4,
2012-04-08 21:00:00,10.4,-3.9,36,17,25.0,99.5,Mostly Cloudy,4,10.2,
2012-04-08 22:00:00,10.2,-3.7,37,19,25.0,99.42,Mostly Cloudy,4,8.5,
2012-04-08 23:00:00,8.5,-3.2,44,7,25.0,99.38,Cloudy,4,7.5,
2012-04-09 00:00:00,7.5,-3.5,46,4,25.0,99.31,Mostly Cloudy,4,4.8,
2012-04-09 01:00:00,4.8,-2.4,60,9,25.0,99.24,Cloudy,4,5.4,
2012-04-09 02:00:00,5.4,-1.3,62,9,25.0,99.19,Cloudy,4,5.5,
2012-04-09 03:00:00,5.5,-1.1,62,0,25.0,99.14,Cloudy,4,5.7,
2012-04-09 04:00:00,5.7,-0.9,62,11,25.0,99.12,Cloudy,4,5.9,
2012-04-09 05:00:00,5.9,-1.4,59,7,25.0,99.09,Cloudy,4,6.1,
2012-04-09 06:00:00,6.1,0.1,65,13,24.1,99.1,Rain,4,6.3,
2012-04-09 07:00:00,6.3,1.5,71,13,24.1,99.11,Rain,4,6.6,
2012-04-09 08:00:00,6.6,3.6,81,20,24.1,99.05,Rain,4,7.4,
2012-04-09 09:00:00,7.4,1.6,67,19,24.1,99.05,Rain,4,7.0,
2012-04-09 10:00:00,7.0,2.3,72,28,24.1,99.07,Rain,4,7.4,
2012-04-09 11:00:00,7.4,2.8,73,24,24.1,99.1,Rain,4,7.9,
2012-04-09 12:00:00,7.9,4.1,77,17,24.1,99.07,Rain,4,8.8,
2012-04-09 13:00:00,8.8,2.6,65,17,24.1,99.08,Rain,4,9.0,
2012-04-09 14:00:00,9.0,1.3,58,19,24.1,99.11,Rain,4,8.6,
2012-04-09 15:00:00,8.6,0.7,58,22,24.1,99.14,Cloudy,4,8.7,
2012-04-09 16:00:00,8.7,0.2,55,17,24.1,99.19,Cloudy,4,8.3,
2012-04-09 17:00:00,8.3,1.0,60,22,24.1,99.24,Cloudy,4,6.2,
2012-04-09 18:00:00,6.2,2.2,76,30,24.1,99.31,Rain Showers,4,6.4,
2012-04-09 19:00:00,6.4,1.7,72,28,25.0,99.34,Cloudy,4,5.7,
2012-04-09 20:00:00,5.7,1.4,74,19,25.0,99.4,Mostly Cloudy,4,5.8,
2012-04-09 21:00:00,5.8,1.4,73,22,25.0,99.43,Cloudy,4,5.4,
2012-04-09 22:00:00,5.4,1.3,75,19,25.0,99.42,Cloudy,4,5.3,
2012-04-09 23:00:00,5.3,0.9,73,20,25.0,99.42,Mostly Cloudy,4,5.1,
2012-04-10 00:00:00,5.1,1.7,79,19,25.0,99.43,Cloudy,4,4.9,
2012-04-10 01:00:00,4.9,2.2,83,20,25.0,99.41,Cloudy,4,4.6,
2012-04-10 02:00:00,4.6,1.8,82,19,25.0,99.4,Mostly Cloudy,4,4.3,
2012-04-10 03:00:00,4.3,1.6,83,17,25.0,99.37,Mostly Cloudy,4,4.0,
2012-04-10 04:00:00,4.0,1.5,84,13,25.0,99.39,Mostly Cloudy,4,4.0,
2012-04-10 05:00:00,4.0,1.6,84,9,24.1,99.39,Cloudy,4,4.3,
2012-04-10 06:00:00,4.3,1.7,83,9,24.1,99.45,Mostly Cloudy,4,5.0,
2012-04-10 07:00:00,5.0,1.5,78,9,24.1,99.48,Cloudy,4,5.3,
2012-04-10 08:00:00,5.3,1.5,76,17,24.1,99.51,Rain Showers,4,5.7,
2012-04-10 09:00:00,5.7,1.8,76,15,24.1,99.53,Mostly Cloudy,4,6.9,
2012-04-10 10:00:00,6.9,0.9,66,20,24.1,99.56,Mostly Cloudy,4,6.9,
2012-04-10 11:00:00,6.9,2.5,74,15,24.1,99.58,Rain Showers,4,8.0,
2012-04-10 12:00:00,8.0,0.5,59,19,24.1,99.58,Cloudy,4,8.8,
2012-04-10 13:00:00,8.8,1.0,58,22,24.1,99.6,Mostly Cloudy,4,7.6,
2012-04-10 14:00:00,7.6,2.4,70,33,16.1,99.63,Rain Showers,4,6.2,
2012-04-10 15:00:00,6.2,3.2,81,19,24.1,99.71,Rain Showers,4,6.7,
2012-04-10 16:00:00,6.7,2.9,77,20,24.1,99.77,Mostly Cloudy,4,6.8,
2012-04-10 17:00:00,6.8,2.4,73,19,24.1,99.83,Mostly Cloudy,4,6.0,
2012-04-10 18:00:00,6.0,2.5,78,24,24.1,99.91,Mostly Cloudy,4,5.8,
2012-04-10 19:00:00,5.8,2.3,78,19,25.0,100.01,Mostly Cloudy,4,5.2,
2012-04-10 20:00:00,5.2,1.8,79,20,25.0,100.12,Mostly Cloudy,4,5.1,
2012-04-10 21:00:00,5.1,2.3,82,22,25.0,100.15,Mostly Cloudy,4,4.4,
2012-04-10 22:00:00,4.4,1.9,84,11,25.0,100.16,Mostly Cloudy,4,4.7,
2012-04-10 23:00:00,4.7,2.4,85,15,25.0,100.21,Mostly Cloudy,4,4.3,
2012-04-11 00:00:00,4.3,1.9,84,17,25.0,100.24,Mostly Cloudy,4,4.0,
2012-04-11 01:00:00,4.0,1.7,85,9,25.0,100.26,Mostly Cloudy,4,3.2,
2012-04-11 02:00:00,3.2,1.4,88,11,25.0,100.26,Mostly Cloudy,4,3.0,
2012-04-11 03:00:00,3.0,1.3,89,0,25.0,100.3,Mostly Cloudy,4,1.6,
2012-04-11 04:00:00,1.6,0.1,90,0,25.0,100.34,Mainly Clear,4,0.7,
2012-04-11 05:00:00,0.7,-0.8,90,6,24.1,100.4,Mostly Cloudy,4,2.4,
2012-04-11 06:00:00,2.4,0.8,89,6,24.1,100.5,Mostly Cloudy,4,3.2,
2012-04-11 07:00:00,3.2,1.2,87,4,24.1,100.58,Cloudy,4,4.6,
2012-04-11 08:00:00,4.6,1.7,81,4,24.1,100.65,Cloudy,4,6.1,
2012-04-11 09:00:00,6.1,1.4,72,0,24.1,100.72,Cloudy,4,6.7,
2012-04-11 10:00:00,6.7,2.2,73,4,24.1,100.76,Mostly Cloudy,4,6.7,
2012-04-11 11:00:00,6.7,2.0,72,11,24.1,100.78,Cloudy,4,8.8,
2012-04-11 12:00:00,8.8,2.5,65,9,24.1,100.76,Mainly Clear,4,11.0,
2012-04-11 13:00:00,11.0,1.9,53,4,24.1,100.74,Mostly Cloudy,4,8.4,
2012-04-11 14:00:00,8.4,0.3,57,32,24.1,100.79,Rain Showers,4,7.5,
2012-04-11 15:00:00,7.5,3.1,74,7,24.1,100.79,Mostly Cloudy,4,9.5,
2012-04-11 16:00:00,9.5,1.4,57,20,24.1,100.82,Mostly Cloudy,4,9.3,
2012-04-11 17:00:00,9.3,1.3,57,33,24.1,100.91,Rain Showers,4,8.4,
2012-04-11 18:00:00,8.4,-0.2,55,17,24.1,100.92,Mainly Clear,4,6.4,
2012-04-11 19:00:00,6.4,-0.4,62,11,24.1,101.0,Mainly Clear,4,7.4,
2012-04-11 20:00:00,7.4,0.8,63,13,25.0,101.07,Mostly Cloudy,4,6.9,
2012-04-11 21:00:00,6.9,0.9,66,7,25.0,101.08,Mostly Cloudy,4,3.3,
2012-04-11 22:00:00,3.3,-0.9,74,11,25.0,101.09,Mostly Cloudy,4,6.6,
2012-04-11 23:00:00,6.6,-0.3,61,13,25.0,101.11,Mostly Cloudy,4,5.5,
2012-04-12 00:00:00,5.5,-1.5,61,13,25.0,101.14,Mainly Clear,4,5.8,
2012-04-12 01:00:00,5.8,-2.2,56,15,25.0,101.15,Mostly Cloudy,4,4.8,
2012-04-12 02:00:00,4.8,-2.6,59,17,25.0,101.18,Mainly Clear,4,4.3,
2012-04-12 03:00:00,4.3,-2.8,60,13,25.0,101.21,Mostly Cloudy,4,3.1,
2012-04-12 04:00:00,3.1,-3.0,64,13,25.0,101.24,Mainly Clear,4,3.8,
2012-04-12 05:00:00,3.8,-2.9,62,15,24.1,101.3,Mostly Cloudy,4,3.5,
2012-04-12 06:00:00,3.5,-2.9,63,13,48.3,101.36,Mainly Clear,4,4.0,
2012-04-12 07:00:00,4.0,-2.3,63,6,48.3,101.43,Mainly Clear,4,6.5,
2012-04-12 08:00:00,6.5,-2.1,54,13,48.3,101.46,Mostly Cloudy,4,7.7,
2012-04-12 09:00:00,7.7,-1.8,51,13,48.3,101.5,Mostly Cloudy,4,8.7,
2012-04-12 10:00:00,8.7,-1.4,49,9,48.3,101.51,Mostly Cloudy,4,9.8,
2012-04-12 11:00:00,9.8,-1.2,46,9,48.3,101.46,Mostly Cloudy,4,10.4,
2012-04-12 12:00:00,10.4,-1.5,43,4,48.3,101.42,Mostly Cloudy,4,10.0,
2012-04-12 13:00:00,10.0,-1.0,46,15,48.3,101.4,Mostly Cloudy,4,10.3,
2012-04-12 14:00:00,10.3,-1.1,45,13,48.3,101.38,Mostly Cloudy,4,11.3,
2012-04-12 15:00:00,11.3,-1.4,41,15,48.3,101.33,Mostly Cloudy,4,12.4,
2012-04-12 16:00:00,12.4,-1.8,37,15,48.3,101.32,Mostly Cloudy,4,11.4,
2012-04-12 17:00:00,11.4,-1.5,41,11,48.3,101.32,Mainly Clear,4,11.3,
2012-04-12 18:00:00,11.3,-2.2,39,17,48.3,101.33,Mainly Clear,4,9.9,
2012-04-12 19:00:00,9.9,-1.8,44,11,48.3,101.34,Mainly Clear,4,9.1,
2012-04-12 20:00:00,9.1,-1.1,49,7,25.0,101.38,Mainly Clear,4,6.6,
2012-04-12 21:00:00,6.6,-0.8,59,0,25.0,101.39,Mainly Clear,4,6.7,
2012-04-12 22:00:00,6.7,-0.6,60,4,25.0,101.44,Clear,4,5.9,
2012-04-12 23:00:00,5.9,-2.2,56,11,25.0,101.47,Clear,4,4.6,
2012-04-13 00:00:00,4.6,-4.0,54,11,25.0,101.49,Clear,4,4.0,
2012-04-13 01:00:00,4.0,-5.1,51,11,25.0,101.48,Clear,4,2.0,
2012-04-13 02:00:00,2.0,-5.4,58,6,25.0,101.5,Clear,4,1.5,
2012-04-13 03:00:00,1.5,-5.1,61,9,25.0,101.52,Clear,4,1.2,
2012-04-13 04:00:00,1.2,-4.5,66,6,25.0,101.56,Clear,4,1.3,
2012-04-13 05:00:00,1.3,-4.1,67,6,48.3,101.6,Clear,4,1.8,
2012-04-13 06:00:00,1.8,-3.4,68,6,48.3,101.67,Clear,4,4.1,
2012-04-13 07:00:00,4.1,-2.1,64,7,48.3,101.75,Mainly Clear,4,6.1,
2012-04-13 08:00:00,6.1,-1.5,58,7,48.3,101.77,Mainly Clear,4,8.0,
2012-04-13 09:00:00,8.0,-0.8,54,13,48.3,101.73,Mainly Clear,4,9.8,
2012-04-13 10:00:00,9.8,-1.8,44,17,48.3,101.69,Mainly Clear,4,12.2,
2012-04-13 11:00:00,12.2,-1.0,40,19,48.3,101.6,Mainly Clear,4,13.5,
2012-04-13 12:00:00,13.5,-3.0,32,24,48.3,101.52,Mainly Clear,4,14.7,
2012-04-13 13:00:00,14.7,-6.1,23,24,48.3,101.48,Mainly Clear,4,15.0,
2012-04-13 14:00:00,15.0,-5.6,24,22,48.3,101.36,Mainly Clear,4,15.9,
2012-04-13 15:00:00,15.9,-4.9,24,32,48.3,101.27,Mainly Clear,4,16.1,
2012-04-13 16:00:00,16.1,-5.2,23,30,48.3,101.22,Mostly Cloudy,4,15.0,
2012-04-13 17:00:00,15.0,-4.3,26,28,48.3,101.22,Cloudy,4,14.3,
2012-04-13 18:00:00,14.3,-5.1,26,22,48.3,101.24,Cloudy,4,13.6,
2012-04-13 19:00:00,13.6,-6.8,24,19,48.3,101.25,Mostly Cloudy,4,12.2,
2012-04-13 20:00:00,12.2,-5.9,28,15,25.0,101.31,Mostly Cloudy,4,11.7,
2012-04-13 21:00:00,11.7,-5.1,30,19,25.0,101.32,Mainly Clear,4,10.3,
2012-04-13 22:00:00,10.3,-1.3,44,20,25.0,101.36,Mainly Clear,4,9.1,
2012-04-13 23:00:00,9.1,-1.3,48,20,25.0,101.37,Mainly Clear,4,7.9,
2012-04-14 00:00:00,7.9,-1.6,51,22,25.0,101.35,Clear,4,7.5,
2012-04-14 01:00:00,7.5,-1.8,52,11,25.0,101.35,Clear,4,6.8,
2012-04-14 02:00:00,6.8,-1.8,54,17,25.0,101.34,Clear,4,5.4,
2012-04-14 03:00:00,5.4,-1.0,63,19,25.0,101.36,Mainly Clear,4,5.7,
2012-04-14 04:00:00,5.7,-0.5,64,11,25.0,101.35,Mainly Clear,4,6.2,
2012-04-14 05:00:00,6.2,0.0,64,17,25.0,101.36,Mostly Cloudy,4,6.7,
2012-04-14 06:00:00,6.7,-0.9,58,19,24.1,101.42,Mostly Cloudy,4,7.5,
2012-04-14 07:00:00,7.5,-1.2,54,20,48.3,101.49,Mostly Cloudy,4,9.2,
2012-04-14 08:00:00,9.2,-0.5,51,19,48.3,101.46,Mostly Cloudy,4,10.8,
2012-04-14 09:00:00,10.8,-0.3,46,20,48.3,101.45,Mostly Cloudy,4,12.8,
2012-04-14 10:00:00,12.8,-0.2,41,26,48.3,101.38,Cloudy,4,13.8,
2012-04-14 11:00:00,13.8,-0.8,37,24,48.3,101.28,Cloudy,4,15.3,
2012-04-14 12:00:00,15.3,-0.3,34,24,48.3,101.21,Cloudy,4,14.8,
2012-04-14 13:00:00,14.8,-1.1,34,26,48.3,101.2,Cloudy,4,14.7,
2012-04-14 14:00:00,14.7,-0.7,35,17,48.3,101.08,Cloudy,4,15.6,
2012-04-14 15:00:00,15.6,-3.0,28,20,48.3,101.02,Cloudy,4,15.9,
2012-04-14 16:00:00,15.9,-3.5,26,19,48.3,100.98,Cloudy,4,15.4,
2012-04-14 17:00:00,15.4,-3.1,28,24,48.3,101.0,Mostly Cloudy,4,14.5,
2012-04-14 18:00:00,14.5,-2.7,30,13,48.3,100.95,Mostly Cloudy,4,11.9,
2012-04-14 19:00:00,11.9,-0.6,42,7,48.3,100.91,Mostly Cloudy,4,12.8,
2012-04-14 20:00:00,12.8,-0.9,39,7,25.0,100.9,Mostly Cloudy,4,12.0,
2012-04-14 21:00:00,12.0,0.0,44,7,25.0,100.86,Mostly Cloudy,4,11.0,
2012-04-14 22:00:00,11.0,0.1,47,9,25.0,100.82,Mostly Cloudy,4,11.6,
2012-04-14 23:00:00,11.6,0.3,46,9,25.0,100.76,Mostly Cloudy,4,12.9,
2012-04-15 00:00:00,12.9,0.1,41,9,25.0,100.77,Mostly Cloudy,4,13.1,
2012-04-15 01:00:00,13.1,0.6,42,13,25.0,100.74,Mostly Cloudy,4,12.4,
2012-04-15 02:00:00,12.4,1.8,48,15,25.0,100.7,Mostly Cloudy,4,11.3,
2012-04-15 03:00:00,11.3,2.3,54,15,25.0,100.7,Clear,4,10.9,
2012-04-15 04:00:00,10.9,4.3,64,15,25.0,100.72,Clear,4,9.9,
2012-04-15 05:00:00,9.9,4.5,69,6,25.0,100.72,Clear,4,10.6,
2012-04-15 06:00:00,10.6,5.4,70,13,24.1,100.74,Mainly Clear,4,11.7,
2012-04-15 07:00:00,11.7,6.2,69,9,24.1,100.81,Cloudy,4,13.5,
2012-04-15 08:00:00,13.5,8.0,69,11,24.1,100.84,Cloudy,4,14.1,
2012-04-15 09:00:00,14.1,8.9,71,26,24.1,100.79,Cloudy,4,15.5,
2012-04-15 10:00:00,15.5,9.4,67,32,24.1,100.72,Cloudy,4,17.3,
2012-04-15 11:00:00,17.3,9.7,61,28,24.1,100.68,Mainly Clear,4,18.4,
2012-04-15 12:00:00,18.4,10.1,58,28,48.3,100.65,Mainly Clear,4,19.8,
2012-04-15 13:00:00,19.8,10.1,54,32,48.3,100.68,Mostly Cloudy,4,19.4,
2012-04-15 14:00:00,19.4,10.1,55,26,24.1,100.68,Mostly Cloudy,4,18.1,
2012-04-15 15:00:00,18.1,10.6,62,24,48.3,100.65,Mostly Cloudy,4,17.5,
2012-04-15 16:00:00,17.5,10.9,65,22,48.3,100.69,Cloudy,4,17.0,
2012-04-15 17:00:00,17.0,11.0,68,20,24.1,100.73,Cloudy,4,16.6,
2012-04-15 18:00:00,16.6,11.2,70,20,24.1,100.77,Cloudy,4,16.3,
2012-04-15 19:00:00,16.3,11.5,73,17,24.1,100.78,Cloudy,4,15.5,
2012-04-15 20:00:00,15.5,11.0,75,11,25.0,100.8,Cloudy,4,14.6,
2012-04-15 21:00:00,14.6,10.5,76,6,25.0,100.83,Mostly Cloudy,4,14.8,
2012-04-15 22:00:00,14.8,10.6,76,6,25.0,100.82,Cloudy,4,14.9,
2012-04-15 23:00:00,14.9,11.1,78,13,25.0,100.74,Cloudy,4,15.7,
2012-04-16 00:00:00,15.7,11.6,77,17,25.0,100.77,Cloudy,4,14.6,
2012-04-16 01:00:00,14.6,12.8,89,9,8.0,100.7,Rain Showers,4,14.9,
2012-04-16 02:00:00,14.9,13.3,90,4,9.7,100.66,Rain Showers,4,14.4,
2012-04-16 03:00:00,14.4,12.8,90,9,25.0,100.66,Cloudy,4,15.2,
2012-04-16 04:00:00,15.2,12.6,84,11,25.0,100.66,Cloudy,4,15.3,
2012-04-16 05:00:00,15.3,12.3,82,13,25.0,100.64,Cloudy,4,15.7,
2012-04-16 06:00:00,15.7,12.0,79,15,24.1,100.61,Cloudy,4,17.0,
2012-04-16 07:00:00,17.0,12.8,76,17,24.1,100.55,Cloudy,4,19.3,
2012-04-16 08:00:00,19.3,13.5,69,17,24.1,100.52,Mostly Cloudy,4,22.2,
2012-04-16 09:00:00,22.2,13.6,58,15,24.1,100.52,Mostly Cloudy,4,24.9,
2012-04-16 10:00:00,24.9,12.8,47,22,24.1,100.44,Cloudy,4,24.1,
2012-04-16 11:00:00,24.1,12.1,47,22,24.1,100.44,Cloudy,4,24.8,
2012-04-16 12:00:00,24.8,11.7,44,30,24.1,100.39,Cloudy,4,25.4,
2012-04-16 13:00:00,25.4,12.3,44,22,24.1,100.36,Cloudy,4,26.6,
2012-04-16 14:00:00,26.6,12.4,41,24,24.1,100.26,Cloudy,4,27.4,
2012-04-16 15:00:00,27.4,11.5,37,28,24.1,100.12,Mostly Cloudy,4,27.8,
2012-04-16 16:00:00,27.8,11.6,37,26,48.3,100.06,Mostly Cloudy,4,27.3,
2012-04-16 17:00:00,27.3,11.5,37,26,48.3,100.03,Mainly Clear,4,26.7,
2012-04-16 18:00:00,26.7,11.3,38,11,48.3,99.99,Mostly Cloudy,4,26.4,
2012-04-16 19:00:00,26.4,11.9,40,20,16.1,100.1,Rain Showers,4,20.5,
2012-04-16 20:00:00,20.5,15.6,73,4,25.0,100.22,Mostly Cloudy,4,19.3,
2012-04-16 21:00:00,19.3,15.8,80,13,25.0,100.26,Mostly Cloudy,4,19.4,
2012-04-16 22:00:00,19.4,14.7,74,24,25.0,100.25,Rain Showers,4,19.5,
2012-04-16 23:00:00,19.5,14.2,71,30,25.0,100.31,Mostly Cloudy,4,19.0,
2012-04-17 00:00:00,19.0,11.6,62,28,25.0,100.34,Mainly Clear,4,18.9,
2012-04-17 01:00:00,18.9,9.6,55,35,25.0,100.42,Mainly Clear,4,17.4,
2012-04-17 02:00:00,17.4,4.7,43,30,25.0,100.51,Mainly Clear,4,15.4,
2012-04-17 03:00:00,15.4,6.3,55,37,25.0,100.61,Mainly Clear,4,14.5,
2012-04-17 04:00:00,14.5,6.1,57,37,25.0,100.8,Mainly Clear,4,13.5,
2012-04-17 05:00:00,13.5,5.9,60,33,48.3,100.99,Mostly Cloudy,4,11.9,
2012-04-17 06:00:00,11.9,2.3,52,37,48.3,101.19,Mainly Clear,4,10.9,
2012-04-17 07:00:00,10.9,1.9,54,48,48.3,101.32,Mainly Clear,4,10.2,
2012-04-17 08:00:00,10.2,0.6,51,43,48.3,101.42,Mainly Clear,4,10.2,
2012-04-17 09:00:00,10.2,-1.1,45,44,48.3,101.5,Mainly Clear,4,10.9,
2012-04-17 10:00:00,10.9,-1.3,43,41,48.3,101.51,Mainly Clear,4,11.5,
2012-04-17 11:00:00,11.5,-1.0,42,30,48.3,101.57,Mostly Cloudy,4,12.0,
2012-04-17 12:00:00,12.0,-0.8,41,37,48.3,101.58,Mostly Cloudy,4,12.2,
2012-04-17 13:00:00,12.2,-0.2,42,32,48.3,101.61,Mainly Clear,4,12.6,
2012-04-17 14:00:00,12.6,-0.3,41,35,48.3,101.64,Mostly Cloudy,4,12.7,
2012-04-17 15:00:00,12.7,-0.5,40,30,48.3,101.63,Mainly Clear,4,11.6,
2012-04-17 16:00:00,11.6,-1.2,41,32,48.3,101.69,Mainly Clear,4,11.1,
2012-04-17 17:00:00,11.1,-1.7,41,24,48.3,101.72,Mostly Cloudy,4,9.5,
2012-04-17 18:00:00,9.5,-2.8,42,24,48.3,101.79,Mostly Cloudy,4,8.5,
2012-04-17 19:00:00,8.5,-4.1,41,28,24.1,101.89,Mostly Cloudy,4,7.4,
2012-04-17 20:00:00,7.4,-5.1,41,19,25.0,102.04,Mostly Cloudy,4,6.1,
2012-04-17 21:00:00,6.1,-5.6,43,17,25.0,102.12,Mostly Cloudy,4,5.4,
2012-04-17 22:00:00,5.4,-5.4,46,11,25.0,102.17,Mostly Cloudy,4,3.9,
2012-04-17 23:00:00,3.9,-4.8,53,17,25.0,102.17,Mostly Cloudy,4,2.9,
2012-04-18 00:00:00,2.9,-5.1,56,13,25.0,102.2,Clear,4,2.4,
2012-04-18 01:00:00,2.4,-5.7,55,15,25.0,102.18,Clear,4,0.9,
2012-04-18 02:00:00,0.9,-6.5,58,15,25.0,102.22,Clear,4,1.1,
2012-04-18 03:00:00,1.1,-7.0,55,11,25.0,102.25,Clear,4,0.4,
2012-04-18 04:00:00,0.4,-7.0,58,9,25.0,102.29,Clear,4,-1.0,
2012-04-18 05:00:00,-1.0,-7.0,64,11,48.3,102.34,Clear,4,0.9,
2012-04-18 06:00:00,0.9,-6.3,59,9,48.3,102.41,Clear,4,2.5,
2012-04-18 07:00:00,2.5,-6.2,53,13,48.3,102.44,Clear,4,3.3,
2012-04-18 08:00:00,3.3,-5.9,51,11,48.3,102.43,Clear,4,4.5,
2012-04-18 09:00:00,4.5,-5.7,47,9,48.3,102.41,Clear,4,5.3,
2012-04-18 10:00:00,5.3,-5.1,47,9,48.3,102.36,Clear,4,6.9,
2012-04-18 11:00:00,6.9,-3.4,48,6,48.3,102.24,Clear,4,7.3,
2012-04-18 12:00:00,7.3,-4.6,43,11,48.3,102.13,Mainly Clear,4,8.6,
2012-04-18 13:00:00,8.6,-3.3,43,15,48.3,102.05,Mainly Clear,4,9.3,
2012-04-18 14:00:00,9.3,-3.2,41,7,48.3,101.97,Mainly Clear,4,10.4,
2012-04-18 15:00:00,10.4,-3.2,38,11,48.3,101.86,Mainly Clear,4,10.3,
2012-04-18 16:00:00,10.3,-3.6,37,9,48.3,101.8,Mainly Clear,4,10.2,
2012-04-18 17:00:00,10.2,-4.1,36,13,48.3,101.75,Mainly Clear,4,10.0,
2012-04-18 18:00:00,10.0,-5.5,33,7,48.3,101.7,Mainly Clear,4,8.4,
2012-04-18 19:00:00,8.4,-3.9,42,9,48.3,101.66,Mainly Clear,4,7.6,
2012-04-18 20:00:00,7.6,-4.0,44,7,25.0,101.62,Mainly Clear,4,7.9,
2012-04-18 21:00:00,7.9,-4.2,42,4,25.0,101.56,Mostly Cloudy,4,8.4,
2012-04-18 22:00:00,8.4,-4.1,41,0,25.0,101.53,Mostly Cloudy,4,6.8,
2012-04-18 23:00:00,6.8,-2.6,51,6,25.0,101.5,Mainly Clear,4,6.5,
2012-04-19 00:00:00,6.5,-2.7,52,4,25.0,101.44,Mainly Clear,4,5.5,
2012-04-19 01:00:00,5.5,-2.7,55,6,25.0,101.42,Clear,4,3.3,
2012-04-19 02:00:00,3.3,-2.8,64,7,25.0,101.33,Clear,4,4.4,
2012-04-19 03:00:00,4.4,-3.3,57,4,25.0,101.28,Mainly Clear,4,3.4,
2012-04-19 04:00:00,3.4,-3.2,62,0,25.0,101.27,Mainly Clear,4,3.4,
2012-04-19 05:00:00,3.4,-2.9,63,4,24.1,101.25,Mainly Clear,4,4.7,
2012-04-19 06:00:00,4.7,-0.8,67,4,48.3,101.28,Mostly Cloudy,4,7.1,
2012-04-19 07:00:00,7.1,-0.4,59,4,48.3,101.24,Mostly Cloudy,4,8.6,
2012-04-19 08:00:00,8.6,-1.1,50,7,48.3,101.18,Mostly Cloudy,4,11.8,
2012-04-19 09:00:00,11.8,-0.5,43,7,48.3,101.14,Mainly Clear,4,14.0,
2012-04-19 10:00:00,14.0,-0.4,37,13,48.3,101.05,Mainly Clear,4,15.8,
2012-04-19 11:00:00,15.8,0.5,35,19,48.3,101.02,Mostly Cloudy,4,16.6,
2012-04-19 12:00:00,16.6,0.9,35,15,48.3,100.95,Mostly Cloudy,4,18.4,
2012-04-19 13:00:00,18.4,1.7,33,20,48.3,100.88,Mostly Cloudy,4,19.3,
2012-04-19 14:00:00,19.3,2.6,33,17,48.3,100.78,Mostly Cloudy,4,20.2,
2012-04-19 15:00:00,20.2,3.9,34,28,48.3,100.69,Mostly Cloudy,4,20.7,
2012-04-19 16:00:00,20.7,4.0,33,26,48.3,100.65,Mostly Cloudy,4,20.0,
2012-04-19 17:00:00,20.0,4.3,36,24,48.3,100.62,Mainly Clear,4,18.7,
2012-04-19 18:00:00,18.7,4.5,39,22,48.3,100.63,Mainly Clear,4,18.0,
2012-04-19 19:00:00,18.0,4.1,40,15,48.3,100.69,Mainly Clear,4,16.6,
2012-04-19 20:00:00,16.6,4.5,45,17,25.0,100.73,Mainly Clear,4,16.1,
2012-04-19 21:00:00,16.1,4.5,46,11,25.0,100.72,Clear,4,13.9,
2012-04-19 22:00:00,13.9,4.8,54,13,25.0,100.73,Mainly Clear,4,12.6,
2012-04-19 23:00:00,12.6,4.6,58,9,25.0,100.78,Mainly Clear,4,12.5,
2012-04-20 00:00:00,12.5,2.5,50,19,25.0,100.88,Mainly Clear,4,10.9,
2012-04-20 01:00:00,10.9,1.8,53,19,25.0,100.91,Clear,4,9.9,
2012-04-20 02:00:00,9.9,1.3,55,20,25.0,100.94,Mainly Clear,4,9.1,
2012-04-20 03:00:00,9.1,1.5,59,15,25.0,101.0,Mainly Clear,4,8.8,
2012-04-20 04:00:00,8.8,1.1,58,19,25.0,101.02,Mainly Clear,4,8.7,
2012-04-20 05:00:00,8.7,-0.6,52,22,25.0,101.04,Mostly Cloudy,4,7.8,
2012-04-20 06:00:00,7.8,-0.4,56,28,24.1,101.11,Mostly Cloudy,4,6.9,
2012-04-20 07:00:00,6.9,0.3,63,22,24.1,101.17,Rain Showers,4,6.1,
2012-04-20 08:00:00,6.1,1.4,72,26,24.1,101.12,Cloudy,4,6.3,
2012-04-20 09:00:00,6.3,1.4,71,19,48.3,101.13,Cloudy,4,6.6,
2012-04-20 10:00:00,6.6,1.6,70,24,24.1,101.07,Rain,4,6.9,
2012-04-20 11:00:00,6.9,1.0,66,20,24.1,101.06,Cloudy,4,7.2,
2012-04-20 12:00:00,7.2,1.7,68,26,24.1,100.98,Rain Showers,4,7.5,
2012-04-20 13:00:00,7.5,2.0,68,24,24.1,100.91,Rain Showers,4,9.6,
2012-04-20 14:00:00,9.6,3.2,64,24,24.1,100.8,Cloudy,4,9.5,
2012-04-20 15:00:00,9.5,3.0,64,24,24.1,100.7,Cloudy,4,8.4,
2012-04-20 16:00:00,8.4,2.9,68,33,24.1,100.67,Cloudy,4,7.8,
2012-04-20 17:00:00,7.8,2.6,70,26,24.1,100.59,Cloudy,4,7.4,
2012-04-20 18:00:00,7.4,2.9,73,28,24.1,100.54,Cloudy,4,7.0,
2012-04-20 19:00:00,7.0,3.2,77,26,24.1,100.5,Cloudy,4,6.9,
2012-04-20 20:00:00,6.9,3.5,79,24,25.0,100.46,Cloudy,4,6.6,
2012-04-20 21:00:00,6.6,3.5,81,17,25.0,100.35,Cloudy,4,6.5,
2012-04-20 22:00:00,6.5,3.4,81,17,25.0,100.32,Cloudy,4,6.6,
2012-04-20 23:00:00,6.6,3.5,81,20,25.0,100.27,Cloudy,4,6.3,
2012-04-21 00:00:00,6.3,3.7,83,19,25.0,100.18,Cloudy,4,6.4,
2012-04-21 01:00:00,6.4,4.0,85,15,25.0,100.13,Cloudy,4,5.7,
2012-04-21 02:00:00,5.7,3.5,86,19,25.0,100.21,Cloudy,4,5.5,
2012-04-21 03:00:00,5.5,3.3,86,20,25.0,100.21,Cloudy,4,5.7,
2012-04-21 04:00:00,5.7,3.4,85,13,25.0,100.2,Cloudy,4,6.0,
2012-04-21 05:00:00,6.0,3.5,84,7,25.0,100.32,Cloudy,4,6.2,
2012-04-21 06:00:00,6.2,3.4,82,15,25.0,100.36,Cloudy,4,6.4,
2012-04-21 07:00:00,6.4,3.3,81,17,25.0,100.38,Rain Showers,4,6.2,
2012-04-21 08:00:00,6.2,3.3,82,17,24.1,100.42,Cloudy,4,5.5,
2012-04-21 09:00:00,5.5,3.4,86,19,24.1,100.49,Rain Showers,4,5.5,
2012-04-21 10:00:00,5.5,3.3,86,17,9.7,100.53,"Rain,Fog",4,5.6,
2012-04-21 11:00:00,5.6,3.5,86,11,12.9,100.59,Rain,4,5.5,
2012-04-21 12:00:00,5.5,3.3,86,15,9.7,100.61,"Rain,Fog",4,6.1,
2012-04-21 13:00:00,6.1,3.7,85,19,24.1,100.65,Rain,4,6.1,
2012-04-21 14:00:00,6.1,3.9,86,19,16.1,100.69,Rain,4,5.7,
2012-04-21 15:00:00,5.7,3.3,85,17,16.1,100.73,Rain,4,5.3,
2012-04-21 16:00:00,5.3,2.5,82,19,16.1,100.8,Rain,4,4.8,
2012-04-21 17:00:00,4.8,2.6,86,17,16.1,100.84,Rain,4,3.8,
2012-04-21 18:00:00,3.8,1.6,86,24,16.1,100.96,Rain,4,3.4,
2012-04-21 19:00:00,3.4,1.0,84,20,19.3,100.96,Rain,4,2.6,
2012-04-21 20:00:00,2.6,0.5,86,24,16.1,101.06,Rain,4,2.6,
2012-04-21 21:00:00,2.6,0.3,85,26,25.0,101.06,Rain,4,1.9,
2012-04-21 22:00:00,1.9,-0.2,86,19,19.3,101.04,Rain,4,1.6,
2012-04-21 23:00:00,1.6,-0.3,87,13,25.0,101.08,Rain,4,1.5,
2012-04-22 00:00:00,1.5,-0.6,86,24,25.0,101.04,Rain,4,1.4,
2012-04-22 01:00:00,1.4,-0.5,87,17,25.0,101.06,"Rain,Snow",4,0.6,
2012-04-22 02:00:00,0.6,-1.0,89,13,9.7,101.07,"Rain,Snow",4,0.8,
2012-04-22 03:00:00,0.8,-0.8,89,15,25.0,101.05,"Rain,Snow",4,1.2,
2012-04-22 04:00:00,1.2,-0.3,90,11,25.0,101.05,Rain,4,1.8,
2012-04-22 05:00:00,1.8,-0.3,86,19,25.0,101.06,Rain,4,1.9,
2012-04-22 06:00:00,1.9,-0.3,85,19,24.1,101.1,Cloudy,4,2.4,
2012-04-22 07:00:00,2.4,-0.5,81,20,24.1,101.17,Cloudy,4,2.8,
2012-04-22 08:00:00,2.8,-1.1,75,20,24.1,101.24,Cloudy,4,3.3,
2012-04-22 09:00:00,3.3,-1.0,73,28,24.1,101.27,Cloudy,4,4.0,
2012-04-22 10:00:00,4.0,-0.3,74,22,48.3,101.3,Cloudy,4,4.6,
2012-04-22 11:00:00,4.6,-0.2,71,22,48.3,101.24,Cloudy,4,5.0,
2012-04-22 12:00:00,5.0,-0.5,68,24,48.3,101.22,Cloudy,4,5.2,
2012-04-22 13:00:00,5.2,-0.4,67,20,48.3,101.3,Cloudy,4,5.9,
2012-04-22 14:00:00,5.9,-0.1,65,22,48.3,101.27,Cloudy,4,6.0,
2012-04-22 15:00:00,6.0,-0.6,63,28,48.3,101.2,Cloudy,4,6.4,
2012-04-22 16:00:00,6.4,0.0,64,22,48.3,101.2,Cloudy,4,6.3,
2012-04-22 17:00:00,6.3,-0.3,63,26,48.3,101.17,Cloudy,4,6.5,
2012-04-22 18:00:00,6.5,0.0,63,24,48.3,101.13,Cloudy,4,6.1,
2012-04-22 19:00:00,6.1,0.4,67,32,24.1,101.16,Cloudy,4,5.3,
2012-04-22 20:00:00,5.3,-0.6,66,32,25.0,101.19,Cloudy,4,4.3,
2012-04-22 21:00:00,4.3,-1.0,68,35,25.0,101.07,Rain,4,2.8,
2012-04-22 22:00:00,2.8,-1.1,75,32,25.0,101.05,Rain,4,2.0,
2012-04-22 23:00:00,2.0,-0.7,82,41,19.3,100.89,Rain,4,1.9,
2012-04-23 00:00:00,1.9,-0.8,82,46,19.3,100.73,Rain,4,1.1,
2012-04-23 01:00:00,1.1,-1.1,85,44,11.3,100.59,"Rain,Snow",4,1.1,
2012-04-23 02:00:00,1.1,-1.1,85,44,25.0,100.32,"Rain,Snow",4,1.7,
2012-04-23 03:00:00,1.7,-0.7,84,52,25.0,100.11,"Rain,Snow",4,2.0,
2012-04-23 04:00:00,2.0,-0.7,82,44,25.0,99.82,Rain,4,1.9,
2012-04-23 05:00:00,1.9,-0.2,86,46,8.0,99.74,Rain,4,2.1,
2012-04-23 06:00:00,2.1,-0.3,84,52,16.1,99.66,Rain,4,2.3,
2012-04-23 07:00:00,2.3,-0.4,82,48,24.1,99.52,Rain,4,2.8,
2012-04-23 08:00:00,2.8,0.3,84,48,19.3,99.4,Rain,4,3.1,
2012-04-23 09:00:00,3.1,0.6,84,44,12.9,99.29,Rain,4,3.7,
2012-04-23 10:00:00,3.7,1.1,83,46,24.1,99.23,Cloudy,4,4.1,
2012-04-23 11:00:00,4.1,1.7,84,48,19.3,99.15,Cloudy,4,4.6,
2012-04-23 12:00:00,4.6,1.9,83,46,24.1,99.09,Cloudy,4,5.0,
2012-04-23 13:00:00,5.0,2.4,83,41,24.1,99.06,Cloudy,4,5.3,
2012-04-23 14:00:00,5.3,2.2,80,44,24.1,98.97,Cloudy,4,5.7,
2012-04-23 15:00:00,5.7,2.4,79,43,24.1,98.9,Cloudy,4,5.6,
2012-04-23 16:00:00,5.6,2.4,80,39,24.1,98.81,Cloudy,4,5.9,
2012-04-23 17:00:00,5.9,2.9,81,35,24.1,98.8,Cloudy,4,5.9,
2012-04-23 18:00:00,5.9,2.8,80,43,24.1,98.66,Cloudy,4,5.4,
2012-04-23 19:00:00,5.4,3.2,86,39,9.7,98.61,"Rain,Fog",4,5.7,
2012-04-23 20:00:00,5.7,3.6,86,41,25.0,98.54,Cloudy,4,5.6,
2012-04-23 21:00:00,5.6,3.5,86,37,25.0,98.51,Rain,4,5.5,
2012-04-23 22:00:00,5.5,3.7,88,19,25.0,98.58,Cloudy,4,5.6,
2012-04-23 23:00:00,5.6,3.9,89,9,25.0,98.64,Cloudy,4,5.7,
2012-04-24 00:00:00,5.7,4.2,90,13,25.0,98.6,Cloudy,4,6.7,
2012-04-24 01:00:00,6.7,5.1,90,7,16.1,98.56,Cloudy,4,6.1,
2012-04-24 02:00:00,6.1,4.5,89,6,9.7,98.5,Fog,4,7.0,
2012-04-24 03:00:00,7.0,5.5,90,15,12.9,98.53,Cloudy,4,7.5,
2012-04-24 04:00:00,7.5,4.2,80,19,25.0,98.51,Rain Showers,4,7.1,
2012-04-24 05:00:00,7.1,3.1,76,19,24.1,98.47,Cloudy,4,6.8,
2012-04-24 06:00:00,6.8,3.4,79,19,19.3,98.51,Rain Showers,4,5.5,
2012-04-24 07:00:00,5.5,3.0,84,13,11.3,98.6,Rain Showers,4,6.6,
2012-04-24 08:00:00,6.6,3.7,82,13,24.1,98.63,Rain Showers,4,7.7,
2012-04-24 09:00:00,7.7,1.4,64,17,48.3,98.64,Mostly Cloudy,4,7.2,
2012-04-24 10:00:00,7.2,1.2,66,19,24.1,98.72,Rain Showers,4,8.8,
2012-04-24 11:00:00,8.8,1.2,59,26,24.1,98.78,Mostly Cloudy,4,8.9,
2012-04-24 12:00:00,8.9,3.6,69,17,24.1,98.82,Mostly Cloudy,4,8.0,
2012-04-24 13:00:00,8.0,1.2,62,24,24.1,98.9,Rain Showers,4,8.0,
2012-04-24 14:00:00,8.0,0.5,59,28,24.1,99.01,Cloudy,4,8.4,
2012-04-24 15:00:00,8.4,1.9,64,19,48.3,99.08,Cloudy,4,8.1,
2012-04-24 16:00:00,8.1,-0.3,55,32,48.3,99.19,Cloudy,4,8.0,
2012-04-24 17:00:00,8.0,0.4,59,28,48.3,99.26,Cloudy,4,7.7,
2012-04-24 18:00:00,7.7,0.4,60,20,48.3,99.3,Mostly Cloudy,4,7.1,
2012-04-24 19:00:00,7.1,0.1,61,19,24.1,99.37,Cloudy,4,6.9,
2012-04-24 20:00:00,6.9,0.0,61,28,25.0,99.45,Cloudy,4,6.6,
2012-04-24 21:00:00,6.6,-0.2,62,20,25.0,99.54,Cloudy,4,6.0,
2012-04-24 22:00:00,6.0,-0.9,61,24,25.0,99.56,Mostly Cloudy,4,5.4,
2012-04-24 23:00:00,5.4,-0.9,64,19,25.0,99.61,Mostly Cloudy,4,4.9,
2012-04-25 00:00:00,4.9,-0.6,68,19,25.0,99.67,Mostly Cloudy,4,5.5,
2012-04-25 01:00:00,5.5,-0.7,64,19,25.0,99.71,Mostly Cloudy,4,4.5,
2012-04-25 02:00:00,4.5,-0.2,71,13,25.0,99.74,Mostly Cloudy,4,4.4,
2012-04-25 03:00:00,4.4,-0.3,71,15,25.0,99.77,Mostly Cloudy,4,4.8,
2012-04-25 04:00:00,4.8,-0.3,70,15,25.0,99.8,Mostly Cloudy,4,4.5,
2012-04-25 05:00:00,4.5,0.0,73,13,24.1,99.84,Mostly Cloudy,4,5.2,
2012-04-25 06:00:00,5.2,0.1,70,20,24.1,99.93,Rain Showers,4,5.5,
2012-04-25 07:00:00,5.5,0.6,71,19,19.3,100.01,Rain Showers,4,4.9,
2012-04-25 08:00:00,4.9,1.5,79,19,24.1,100.08,Rain,4,5.1,
2012-04-25 09:00:00,5.1,2.9,86,15,24.1,100.15,Rain,4,6.1,
2012-04-25 10:00:00,6.1,2.9,80,9,24.1,100.22,Rain,4,7.8,
2012-04-25 11:00:00,7.8,2.7,70,17,48.3,100.23,Mostly Cloudy,4,8.0,
2012-04-25 12:00:00,8.0,1.9,65,20,48.3,100.26,Mostly Cloudy,4,8.7,
2012-04-25 13:00:00,8.7,0.1,55,20,48.3,100.29,Mostly Cloudy,4,9.8,
2012-04-25 14:00:00,9.8,1.7,57,19,24.1,100.31,Mostly Cloudy,4,7.7,
2012-04-25 15:00:00,7.7,0.5,60,15,24.1,100.38,Rain Showers,4,8.8,
2012-04-25 16:00:00,8.8,-1.5,48,17,24.1,100.41,Mostly Cloudy,4,8.8,
2012-04-25 17:00:00,8.8,-1.5,48,22,48.3,100.45,Mostly Cloudy,4,8.0,
2012-04-25 18:00:00,8.0,-1.9,50,22,48.3,100.5,Mostly Cloudy,4,7.3,
2012-04-25 19:00:00,7.3,0.1,60,17,24.1,100.56,Mostly Cloudy,4,7.3,
2012-04-25 20:00:00,7.3,-0.2,59,17,25.0,100.61,Mostly Cloudy,4,7.0,
2012-04-25 21:00:00,7.0,0.0,61,13,25.0,100.67,Mostly Cloudy,4,6.2,
2012-04-25 22:00:00,6.2,0.2,65,9,25.0,100.69,Mostly Cloudy,4,6.0,
2012-04-25 23:00:00,6.0,0.2,66,9,25.0,100.69,Cloudy,4,5.8,
2012-04-26 00:00:00,5.8,0.9,71,7,25.0,100.68,Mostly Cloudy,4,4.9,
2012-04-26 01:00:00,4.9,0.2,72,9,25.0,100.67,Mainly Clear,4,3.7,
2012-04-26 02:00:00,3.7,-0.5,74,7,25.0,100.67,Mainly Clear,4,3.5,
2012-04-26 03:00:00,3.5,-0.6,74,11,25.0,100.66,Clear,4,2.7,
2012-04-26 04:00:00,2.7,-1.5,74,7,25.0,100.66,Clear,4,2.6,
2012-04-26 05:00:00,2.6,-1.3,75,9,24.1,100.69,Clear,4,3.2,
2012-04-26 06:00:00,3.2,-0.6,76,4,48.3,100.71,Clear,4,5.5,
2012-04-26 07:00:00,5.5,0.9,72,7,48.3,100.72,Mostly Cloudy,4,6.2,
2012-04-26 08:00:00,6.2,0.8,68,7,48.3,100.72,Cloudy,4,6.9,
2012-04-26 09:00:00,6.9,-0.3,60,7,48.3,100.65,Cloudy,4,8.8,
2012-04-26 10:00:00,8.8,0.3,55,11,48.3,100.6,Mostly Cloudy,4,9.6,
2012-04-26 11:00:00,9.6,0.3,52,7,48.3,100.49,Cloudy,4,9.8,
2012-04-26 12:00:00,9.8,0.5,52,13,48.3,100.39,Cloudy,4,10.3,
2012-04-26 13:00:00,10.3,0.8,52,13,48.3,100.24,Cloudy,4,11.0,
2012-04-26 14:00:00,11.0,-0.4,45,17,24.1,100.08,Cloudy,4,11.2,
2012-04-26 15:00:00,11.2,-0.6,44,19,48.3,99.98,Cloudy,4,11.4,
2012-04-26 16:00:00,11.4,-0.6,43,19,24.1,99.84,Cloudy,4,11.0,
2012-04-26 17:00:00,11.0,1.3,51,15,19.3,99.8,Rain,4,8.6,
2012-04-26 18:00:00,8.6,5.4,80,19,19.3,99.72,Rain,4,8.3,
2012-04-26 19:00:00,8.3,5.6,83,15,19.3,99.7,Rain,4,8.1,
2012-04-26 20:00:00,8.1,5.8,85,7,25.0,99.69,Rain,4,8.0,
2012-04-26 21:00:00,8.0,6.2,88,9,9.7,99.67,"Rain,Fog",4,7.6,
2012-04-26 22:00:00,7.6,5.8,88,6,9.7,99.61,"Drizzle,Fog",4,6.9,
2012-04-26 23:00:00,6.9,5.3,90,13,9.7,99.59,"Rain,Fog",4,5.8,
2012-04-27 00:00:00,5.8,4.1,89,22,9.7,99.67,"Rain,Fog",4,4.8,
2012-04-27 01:00:00,4.8,2.6,86,15,25.0,99.74,Rain,4,4.7,
2012-04-27 02:00:00,4.7,2.8,87,15,25.0,99.79,Rain,4,4.4,
2012-04-27 03:00:00,4.4,1.8,83,22,25.0,99.87,Mostly Cloudy,4,4.2,
2012-04-27 04:00:00,4.2,1.0,80,24,25.0,99.94,Mostly Cloudy,4,3.3,
2012-04-27 05:00:00,3.3,-0.6,76,26,24.1,100.03,Rain Showers,4,2.5,
2012-04-27 06:00:00,2.5,-1.7,74,28,24.1,100.16,Mostly Cloudy,4,1.8,
2012-04-27 07:00:00,1.8,-2.9,71,32,12.9,100.25,Snow,4,2.3,
2012-04-27 08:00:00,2.3,-2.7,69,26,24.1,100.33,Snow,4,2.7,
2012-04-27 09:00:00,2.7,-3.2,65,32,24.1,100.4,Snow,4,3.7,
2012-04-27 10:00:00,3.7,-3.1,61,30,24.1,100.48,Snow,4,3.0,
2012-04-27 11:00:00,3.0,-3.7,61,30,24.1,100.58,Cloudy,4,2.7,
2012-04-27 12:00:00,2.7,-4.1,61,35,24.1,100.65,Snow,4,2.7,
2012-04-27 13:00:00,2.7,-5.0,57,37,24.1,100.76,Cloudy,4,1.9,
2012-04-27 14:00:00,1.9,-5.3,59,37,24.1,100.86,Cloudy,4,2.5,
2012-04-27 15:00:00,2.5,-5.1,57,30,24.1,100.92,Cloudy,4,2.1,
2012-04-27 16:00:00,2.1,-5.9,55,30,24.1,100.97,Cloudy,4,1.7,
2012-04-27 17:00:00,1.7,-6.3,55,33,24.1,101.09,Cloudy,4,1.0,
2012-04-27 18:00:00,1.0,-7.2,54,28,24.1,101.18,Cloudy,4,0.7,
2012-04-27 19:00:00,0.7,-7.7,53,22,24.1,101.25,Cloudy,4,0.5,
2012-04-27 20:00:00,0.5,-7.2,56,24,25.0,101.36,Cloudy,4,0.2,
2012-04-27 21:00:00,0.2,-7.1,58,19,25.0,101.42,Cloudy,4,0.2,
2012-04-27 22:00:00,0.2,-7.8,55,20,25.0,101.47,Cloudy,4,0.3,
2012-04-27 23:00:00,0.3,-7.7,55,17,25.0,101.5,Cloudy,4,0.2,
2012-04-28 00:00:00,0.2,-7.4,57,17,25.0,101.52,Cloudy,4,-0.2,
2012-04-28 01:00:00,-0.2,-8.2,55,19,25.0,101.51,Cloudy,4,-0.4,
2012-04-28 02:00:00,-0.4,-8.1,56,22,25.0,101.5,Cloudy,4,-0.8,
2012-04-28 03:00:00,-0.8,-9.1,53,17,25.0,101.54,Cloudy,4,-1.3,
2012-04-28 04:00:00,-1.3,-9.8,52,24,25.0,101.6,Cloudy,4,-1.5,
2012-04-28 05:00:00,-1.5,-9.6,54,26,24.1,101.67,Cloudy,4,-2.1,
2012-04-28 06:00:00,-2.1,-10.7,52,22,48.3,101.74,Mainly Clear,4,-1.3,
2012-04-28 07:00:00,-1.3,-10.0,52,30,48.3,101.75,Mainly Clear,4,-0.4,
2012-04-28 08:00:00,-0.4,-10.0,48,24,48.3,101.78,Mainly Clear,4,0.6,
2012-04-28 09:00:00,0.6,-9.7,46,32,48.3,101.79,Mainly Clear,4,2.0,
2012-04-28 10:00:00,2.0,-7.4,50,28,48.3,101.73,Mainly Clear,4,3.9,
2012-04-28 11:00:00,3.9,-9.9,36,24,48.3,101.71,Mainly Clear,4,5.0,
2012-04-28 12:00:00,5.0,-9.7,34,30,48.3,101.68,Mainly Clear,4,5.4,
2012-04-28 13:00:00,5.4,-11.1,29,32,48.3,101.62,Mainly Clear,4,6.4,
2012-04-28 14:00:00,6.4,-10.7,28,24,48.3,101.57,Mainly Clear,4,7.2,
2012-04-28 15:00:00,7.2,-10.5,27,35,48.3,101.5,Mainly Clear,4,7.4,
2012-04-28 16:00:00,7.4,-11.0,26,30,48.3,101.46,Mainly Clear,4,7.7,
2012-04-28 17:00:00,7.7,-11.2,25,28,48.3,101.45,Mainly Clear,4,7.2,
2012-04-28 18:00:00,7.2,-11.3,25,24,48.3,101.43,Clear,4,6.1,
2012-04-28 19:00:00,6.1,-11.4,27,19,48.3,101.46,Clear,4,4.1,
2012-04-28 20:00:00,4.1,-10.2,34,11,25.0,101.51,Mainly Clear,4,2.3,
2012-04-28 21:00:00,2.3,-9.7,41,11,25.0,101.55,Clear,4,1.9,
2012-04-28 22:00:00,1.9,-9.9,41,9,25.0,101.56,Mostly Cloudy,4,0.8,
2012-04-28 23:00:00,0.8,-9.1,47,6,25.0,101.55,Mostly Cloudy,4,0.8,
2012-04-29 00:00:00,0.8,-8.8,49,7,25.0,101.52,Cloudy,4,1.3,
2012-04-29 01:00:00,1.3,-8.7,47,11,25.0,101.49,Mainly Clear,4,1.3,
2012-04-29 02:00:00,1.3,-7.5,52,11,25.0,101.49,Mainly Clear,4,0.8,
2012-04-29 03:00:00,0.8,-7.8,53,13,25.0,101.47,Mostly Cloudy,4,-0.1,
2012-04-29 04:00:00,-0.1,-7.7,57,9,25.0,101.48,Mainly Clear,4,0.9,
2012-04-29 05:00:00,0.9,-10.5,42,19,48.3,101.52,Mostly Cloudy,4,1.2,
2012-04-29 06:00:00,1.2,-11.4,38,20,48.3,101.58,Mostly Cloudy,4,1.8,
2012-04-29 07:00:00,1.8,-11.9,35,26,48.3,101.64,Mostly Cloudy,4,2.6,
2012-04-29 08:00:00,2.6,-11.7,34,19,48.3,101.65,Mostly Cloudy,4,4.3,
2012-04-29 09:00:00,4.3,-11.7,30,19,48.3,101.64,Mainly Clear,4,5.5,
2012-04-29 10:00:00,5.5,-11.4,28,26,48.3,101.67,Clear,4,6.2,
2012-04-29 11:00:00,6.2,-11.6,27,24,48.3,101.62,Clear,4,7.4,
2012-04-29 12:00:00,7.4,-10.5,27,24,48.3,101.62,Clear,4,8.4,
2012-04-29 13:00:00,8.4,-11.1,24,32,48.3,101.64,Clear,4,8.7,
2012-04-29 14:00:00,8.7,-11.7,22,22,48.3,101.65,Clear,4,9.0,
2012-04-29 15:00:00,9.0,-12.0,21,32,48.3,101.63,Clear,4,9.2,
2012-04-29 16:00:00,9.2,-11.8,21,28,48.3,101.66,Mainly Clear,4,9.0,
2012-04-29 17:00:00,9.0,-11.5,22,30,48.3,101.72,Clear,4,8.1,
2012-04-29 18:00:00,8.1,-11.9,23,28,48.3,101.77,Clear,4,6.9,
2012-04-29 19:00:00,6.9,-11.7,25,20,48.3,101.82,Clear,4,6.3,
2012-04-29 20:00:00,6.3,-11.4,27,15,25.0,101.93,Mainly Clear,4,5.4,
2012-04-29 21:00:00,5.4,-11.0,29,19,25.0,102.01,Mainly Clear,4,5.1,
2012-04-29 22:00:00,5.1,-10.7,31,15,25.0,102.05,Clear,4,4.1,
2012-04-29 23:00:00,4.1,-10.3,34,13,25.0,102.09,Clear,4,3.3,
2012-04-30 00:00:00,3.3,-10.3,36,9,25.0,102.06,Clear,4,2.2,
2012-04-30 01:00:00,2.2,-9.7,41,6,25.0,102.12,Clear,4,3.2,
2012-04-30 02:00:00,3.2,-10.4,36,0,25.0,102.09,Clear,4,2.4,
2012-04-30 03:00:00,2.4,-9.2,42,0,25.0,102.09,Clear,4,0.7,
2012-04-30 04:00:00,0.7,-9.0,48,4,25.0,102.14,Clear,4,-0.7,
2012-04-30 05:00:00,-0.7,-6.9,63,4,48.3,102.23,Mainly Clear,4,3.0,
2012-04-30 06:00:00,3.0,-4.3,59,0,48.3,102.33,Mainly Clear,4,6.0,
2012-04-30 07:00:00,6.0,-7.3,38,0,48.3,102.37,Mainly Clear,4,6.6,
2012-04-30 08:00:00,6.6,-6.3,39,11,48.3,102.41,Mostly Cloudy,4,7.2,
2012-04-30 09:00:00,7.2,-6.4,37,7,48.3,102.31,Mostly Cloudy,4,7.6,
2012-04-30 10:00:00,7.6,-6.7,35,7,48.3,102.31,Mostly Cloudy,4,9.3,
2012-04-30 11:00:00,9.3,-5.2,35,0,48.3,102.2,Mostly Cloudy,4,10.1,
2012-04-30 12:00:00,10.1,-3.2,39,6,48.3,102.15,Mostly Cloudy,4,12.4,
2012-04-30 13:00:00,12.4,-4.3,31,11,48.3,102.01,Mostly Cloudy,4,12.4,
2012-04-30 14:00:00,12.4,-3.2,34,7,48.3,101.93,Mostly Cloudy,4,12.5,
2012-04-30 15:00:00,12.5,-4.2,31,15,48.3,101.83,Mostly Cloudy,4,12.9,
2012-04-30 16:00:00,12.9,-3.8,31,9,48.3,101.79,Mostly Cloudy,4,12.7,
2012-04-30 17:00:00,12.7,-4.5,30,9,24.1,101.73,Cloudy,4,12.5,
2012-04-30 18:00:00,12.5,-4.0,31,13,25.0,101.68,Cloudy,4,12.2,
2012-04-30 19:00:00,12.2,-3.6,33,11,25.0,101.6,Cloudy,4,12.1,
2012-04-30 20:00:00,12.1,-2.9,35,11,25.0,101.53,Cloudy,4,12.2,
2012-04-30 21:00:00,12.2,-3.7,33,13,25.0,101.49,Cloudy,4,12.0,
2012-04-30 22:00:00,12.0,-3.2,34,11,25.0,101.47,Cloudy,4,11.1,
2012-04-30 23:00:00,11.1,-2.0,40,6,25.0,101.45,Cloudy,4,11.4,
2012-05-01 00:00:00,11.4,-1.9,39,11,25.0,101.32,Cloudy,5,10.8,
2012-05-01 01:00:00,10.8,-1.0,44,19,25.0,101.22,Rain Showers,5,9.7,
2012-05-01 02:00:00,9.7,1.7,57,7,25.0,101.24,Rain Showers,5,8.8,
2012-05-01 03:00:00,8.8,3.2,68,15,25.0,101.2,Rain Showers,5,8.4,
2012-05-01 04:00:00,8.4,3.7,72,17,25.0,101.15,Rain,5,7.8,
2012-05-01 05:00:00,7.8,5.1,83,24,11.3,101.13,Rain,5,7.8,
2012-05-01 06:00:00,7.8,5.8,87,24,9.7,101.15,"Rain,Fog",5,7.9,
2012-05-01 07:00:00,7.9,5.9,87,13,9.7,101.15,Rain,5,8.0,
2012-05-01 08:00:00,8.0,5.9,87,17,9.7,101.13,"Rain,Fog",5,8.4,
2012-05-01 09:00:00,8.4,6.8,90,13,9.7,101.09,Fog,5,9.2,
2012-05-01 10:00:00,9.2,7.0,86,6,16.1,101.12,Cloudy,5,9.5,
2012-05-01 11:00:00,9.5,7.0,84,6,16.1,101.13,Cloudy,5,10.9,
2012-05-01 12:00:00,10.9,7.9,82,7,16.1,101.08,Cloudy,5,10.6,
2012-05-01 13:00:00,10.6,7.5,81,0,16.1,101.12,Cloudy,5,11.0,
2012-05-01 14:00:00,11.0,7.8,81,0,16.1,101.15,Cloudy,5,10.4,
2012-05-01 15:00:00,10.4,7.9,84,9,9.7,101.16,Drizzle,5,9.9,
2012-05-01 16:00:00,9.9,7.9,87,9,4.8,101.17,"Drizzle,Fog",5,10.0,
2012-05-01 17:00:00,10.0,8.4,90,7,4.0,101.21,"Rain,Fog",5,9.7,
2012-05-01 18:00:00,9.7,8.2,90,7,2.4,101.3,"Rain,Fog",5,9.6,
2012-05-01 19:00:00,9.6,8.2,91,9,2.0,101.35,"Drizzle,Fog",5,9.3,
2012-05-01 20:00:00,9.3,8.0,92,6,4.0,101.39,"Drizzle,Fog",5,9.2,
2012-05-01 21:00:00,9.2,7.9,92,9,2.4,101.38,"Drizzle,Fog",5,9.1,
2012-05-01 22:00:00,9.1,7.9,92,6,2.0,101.38,"Drizzle,Fog",5,9.1,
2012-05-01 23:00:00,9.1,7.9,92,6,2.4,101.41,"Drizzle,Fog",5,9.0,
2012-05-02 00:00:00,9.0,7.9,93,6,1.6,101.43,"Drizzle,Fog",5,8.6,
2012-05-02 01:00:00,8.6,7.8,95,6,0.6,101.44,Fog,5,8.8,
2012-05-02 02:00:00,8.8,7.7,93,4,0.4,101.44,Fog,5,8.8,
2012-05-02 03:00:00,8.8,7.7,93,4,0.4,101.49,Fog,5,8.6,
2012-05-02 04:00:00,8.6,7.5,93,9,1.2,101.52,Fog,5,8.4,
2012-05-02 05:00:00,8.4,7.3,93,13,1.0,101.57,Fog,5,8.6,
2012-05-02 06:00:00,8.6,7.5,93,11,1.6,101.58,Fog,5,8.4,
2012-05-02 07:00:00,8.4,7.3,93,17,1.0,101.7,"Drizzle,Fog",5,8.4,
2012-05-02 08:00:00,8.4,7.2,92,15,2.4,101.71,Fog,5,8.9,
2012-05-02 09:00:00,8.9,7.4,90,13,6.4,101.68,Fog,5,9.5,
2012-05-02 10:00:00,9.5,7.8,89,13,6.4,101.73,Fog,5,10.3,
2012-05-02 11:00:00,10.3,8.0,86,13,12.9,101.72,Cloudy,5,11.2,
2012-05-02 12:00:00,11.2,8.0,81,13,12.9,101.64,Cloudy,5,11.8,
2012-05-02 13:00:00,11.8,8.3,79,17,12.9,101.57,Cloudy,5,13.0,
2012-05-02 14:00:00,13.0,8.5,74,11,16.1,101.51,Mostly Cloudy,5,14.0,
2012-05-02 15:00:00,14.0,9.1,72,19,16.1,101.42,Mostly Cloudy,5,14.9,
2012-05-02 16:00:00,14.9,9.0,68,19,19.3,101.37,Mostly Cloudy,5,15.4,
2012-05-02 17:00:00,15.4,8.9,65,17,24.1,101.31,Mostly Cloudy,5,15.4,
2012-05-02 18:00:00,15.4,9.0,66,15,24.1,101.28,Cloudy,5,15.2,
2012-05-02 19:00:00,15.2,9.0,66,15,24.1,101.29,Mostly Cloudy,5,14.2,
2012-05-02 20:00:00,14.2,9.0,71,11,25.0,101.34,Mostly Cloudy,5,14.2,
2012-05-02 21:00:00,14.2,8.0,66,17,25.0,101.27,Mostly Cloudy,5,13.5,
2012-05-02 22:00:00,13.5,7.7,68,19,25.0,101.22,Rain Showers,5,11.9,
2012-05-02 23:00:00,11.9,8.7,81,19,25.0,101.18,Rain Showers,5,11.6,
2012-05-03 00:00:00,11.6,8.9,83,17,25.0,101.16,Cloudy,5,11.4,
2012-05-03 01:00:00,11.4,8.9,85,15,25.0,101.17,Cloudy,5,11.4,
2012-05-03 02:00:00,11.4,8.7,83,17,25.0,101.18,Cloudy,5,11.2,
2012-05-03 03:00:00,11.2,8.5,83,15,25.0,101.21,Cloudy,5,11.1,
2012-05-03 04:00:00,11.1,8.4,83,17,25.0,101.24,Cloudy,5,11.0,
2012-05-03 05:00:00,11.0,8.4,84,13,24.1,101.29,Cloudy,5,11.4,
2012-05-03 06:00:00,11.4,8.5,82,13,24.1,101.31,Cloudy,5,11.7,
2012-05-03 07:00:00,11.7,8.6,81,15,24.1,101.36,Cloudy,5,12.4,
2012-05-03 08:00:00,12.4,8.8,79,15,24.1,101.42,Cloudy,5,13.6,
2012-05-03 09:00:00,13.6,9.6,77,17,24.1,101.42,Cloudy,5,14.2,
2012-05-03 10:00:00,14.2,9.9,75,13,24.1,101.44,Cloudy,5,15.4,
2012-05-03 11:00:00,15.4,10.3,72,11,24.1,101.41,Cloudy,5,15.7,
2012-05-03 12:00:00,15.7,10.3,70,15,24.1,101.4,Cloudy,5,15.9,
2012-05-03 13:00:00,15.9,10.7,71,13,24.1,101.38,Cloudy,5,16.2,
2012-05-03 14:00:00,16.2,10.8,70,11,24.1,101.37,Cloudy,5,16.2,
2012-05-03 15:00:00,16.2,11.0,71,7,24.1,101.27,Cloudy,5,16.5,
2012-05-03 16:00:00,16.5,11.4,72,13,24.1,101.17,Cloudy,5,16.4,
2012-05-03 17:00:00,16.4,11.4,72,6,24.1,101.22,Rain Showers,5,15.8,
2012-05-03 18:00:00,15.8,11.9,78,7,24.1,101.21,Cloudy,5,15.7,
2012-05-03 19:00:00,15.7,11.4,76,6,24.1,101.18,Cloudy,5,15.1,
2012-05-03 20:00:00,15.1,11.1,77,11,25.0,101.13,Cloudy,5,14.2,
2012-05-03 21:00:00,14.2,10.8,80,13,25.0,101.04,Mostly Cloudy,5,13.8,
2012-05-03 22:00:00,13.8,10.2,79,11,25.0,101.01,Cloudy,5,13.8,
2012-05-03 23:00:00,13.8,10.4,80,11,25.0,100.99,Rain,5,13.5,
2012-05-04 00:00:00,13.5,10.7,83,13,25.0,100.85,Cloudy,5,13.3,
2012-05-04 01:00:00,13.3,10.8,85,17,25.0,100.7,Cloudy,5,13.1,
2012-05-04 02:00:00,13.1,11.0,87,13,9.7,100.75,"Drizzle,Fog",5,13.2,
2012-05-04 03:00:00,13.2,11.2,88,11,8.0,100.66,"Drizzle,Fog",5,13.1,
2012-05-04 04:00:00,13.1,11.2,88,6,8.0,100.7,"Drizzle,Fog",5,13.2,
2012-05-04 05:00:00,13.2,11.2,88,6,8.0,100.67,Fog,5,13.3,
2012-05-04 06:00:00,13.3,11.3,88,11,3.6,100.69,"Drizzle,Fog",5,13.6,
2012-05-04 07:00:00,13.6,11.7,88,7,4.8,100.7,"Drizzle,Fog",5,13.7,
2012-05-04 08:00:00,13.7,12.1,90,6,3.6,100.72,"Drizzle,Fog",5,13.5,
2012-05-04 09:00:00,13.5,11.9,90,11,4.0,100.71,"Drizzle,Fog",5,13.8,
2012-05-04 10:00:00,13.8,12.0,89,11,9.7,100.71,"Drizzle,Fog",5,14.6,
2012-05-04 11:00:00,14.6,12.3,86,7,16.1,100.72,Cloudy,5,15.3,
2012-05-04 12:00:00,15.3,12.2,82,0,24.1,100.7,Cloudy,5,16.0,
2012-05-04 13:00:00,16.0,12.6,80,9,24.1,100.71,Cloudy,5,16.0,
2012-05-04 14:00:00,16.0,12.5,80,9,24.1,100.73,Cloudy,5,16.9,
2012-05-04 15:00:00,16.9,13.0,78,9,24.1,100.72,Cloudy,5,16.6,
2012-05-04 16:00:00,16.6,12.9,79,7,24.1,100.77,Cloudy,5,17.1,
2012-05-04 17:00:00,17.1,12.9,76,7,24.1,100.79,Cloudy,5,17.4,
2012-05-04 18:00:00,17.4,13.0,75,4,24.1,100.79,Mostly Cloudy,5,15.9,
2012-05-04 19:00:00,15.9,13.0,83,9,9.7,100.82,Rain Showers,5,15.4,
2012-05-04 20:00:00,15.4,13.5,88,9,25.0,100.89,Mostly Cloudy,5,14.0,
2012-05-04 21:00:00,14.0,9.8,76,32,25.0,100.99,Cloudy,5,11.0,
2012-05-04 22:00:00,11.0,5.4,68,30,25.0,101.08,Mostly Cloudy,5,10.2,
2012-05-04 23:00:00,10.2,4.6,68,17,25.0,101.17,Mostly Cloudy,5,8.4,
2012-05-05 00:00:00,8.4,4.1,74,4,25.0,101.25,Mainly Clear,5,7.9,
2012-05-05 01:00:00,7.9,3.4,73,11,25.0,101.32,Mainly Clear,5,7.7,
2012-05-05 02:00:00,7.7,2.9,72,11,25.0,101.36,Mainly Clear,5,6.5,
2012-05-05 03:00:00,6.5,1.6,71,15,25.0,101.42,Mainly Clear,5,5.7,
2012-05-05 04:00:00,5.7,0.2,68,11,25.0,101.44,Mainly Clear,5,5.2,
2012-05-05 05:00:00,5.2,-0.6,66,17,24.1,101.49,Mainly Clear,5,5.9,
2012-05-05 06:00:00,5.9,-0.7,63,15,48.3,101.55,Mainly Clear,5,6.5,
2012-05-05 07:00:00,6.5,-0.7,60,19,48.3,101.62,Mainly Clear,5,7.6,
2012-05-05 08:00:00,7.6,0.3,60,17,48.3,101.66,Mainly Clear,5,8.3,
2012-05-05 09:00:00,8.3,0.7,59,9,48.3,101.74,Mainly Clear,5,9.4,
2012-05-05 10:00:00,9.4,1.2,57,11,48.3,101.78,Mainly Clear,5,10.8,
2012-05-05 11:00:00,10.8,0.8,50,13,48.3,101.73,Mainly Clear,5,11.8,
2012-05-05 12:00:00,11.8,0.4,45,11,48.3,101.69,Mainly Clear,5,12.8,
2012-05-05 13:00:00,12.8,-0.7,39,13,48.3,101.63,Mostly Cloudy,5,14.4,
2012-05-05 14:00:00,14.4,-1.0,35,7,48.3,101.59,Mainly Clear,5,15.4,
2012-05-05 15:00:00,15.4,-1.0,32,6,48.3,101.55,Mainly Clear,5,16.0,
2012-05-05 16:00:00,16.0,-2.4,28,17,48.3,101.51,Clear,5,15.9,
2012-05-05 17:00:00,15.9,-1.8,30,9,48.3,101.53,Clear,5,15.7,
2012-05-05 18:00:00,15.7,-2.8,28,11,48.3,101.52,Mainly Clear,5,14.7,
2012-05-05 19:00:00,14.7,-3.0,29,0,48.3,101.54,Mainly Clear,5,12.8,
2012-05-05 20:00:00,12.8,-2.0,36,4,25.0,101.62,Mainly Clear,5,12.6,
2012-05-05 21:00:00,12.6,-2.7,34,6,25.0,101.65,Mostly Cloudy,5,13.1,
2012-05-05 22:00:00,13.1,-4.2,30,9,25.0,101.65,Cloudy,5,12.7,
2012-05-05 23:00:00,12.7,-5.0,29,13,25.0,101.64,Cloudy,5,12.1,
2012-05-06 00:00:00,12.1,-4.7,31,9,25.0,101.67,Mostly Cloudy,5,10.9,
2012-05-06 01:00:00,10.9,-4.1,35,15,25.0,101.61,Mainly Clear,5,7.8,
2012-05-06 02:00:00,7.8,-3.2,46,13,25.0,101.63,Mainly Clear,5,7.0,
2012-05-06 03:00:00,7.0,-2.0,53,17,25.0,101.67,Mainly Clear,5,6.6,
2012-05-06 04:00:00,6.6,-3.6,48,17,25.0,101.67,Mainly Clear,5,6.2,
2012-05-06 05:00:00,6.2,-3.4,50,20,48.3,101.71,Mostly Cloudy,5,7.3,
2012-05-06 06:00:00,7.3,-3.1,48,22,48.3,101.72,Cloudy,5,8.2,
2012-05-06 07:00:00,8.2,-2.3,47,22,48.3,101.78,Cloudy,5,9.8,
2012-05-06 08:00:00,9.8,-1.1,47,17,48.3,101.81,Mostly Cloudy,5,11.0,
2012-05-06 09:00:00,11.0,-0.9,44,20,48.3,101.86,Mainly Clear,5,12.3,
2012-05-06 10:00:00,12.3,-1.1,39,15,48.3,101.84,Mainly Clear,5,13.8,
2012-05-06 11:00:00,13.8,-4.0,29,15,48.3,101.77,Mainly Clear,5,14.7,
2012-05-06 12:00:00,14.7,-2.9,30,6,48.3,101.74,Mainly Clear,5,15.0,
2012-05-06 13:00:00,15.0,-1.2,33,7,48.3,101.66,Mainly Clear,5,15.7,
2012-05-06 14:00:00,15.7,-2.3,29,9,48.3,101.61,Mainly Clear,5,16.6,
2012-05-06 15:00:00,16.6,-3.0,26,6,48.3,101.61,Mainly Clear,5,16.6,
2012-05-06 16:00:00,16.6,-2.7,27,7,48.3,101.6,Mainly Clear,5,16.6,
2012-05-06 17:00:00,16.6,-1.7,29,11,48.3,101.57,Mainly Clear,5,16.1,
2012-05-06 18:00:00,16.1,-2.7,27,11,48.3,101.56,Mainly Clear,5,14.4,
2012-05-06 19:00:00,14.4,-1.8,33,9,48.3,101.56,Mostly Cloudy,5,13.1,
2012-05-06 20:00:00,13.1,-1.4,37,9,25.0,101.58,Mainly Clear,5,12.3,
2012-05-06 21:00:00,12.3,-1.0,40,6,25.0,101.57,Mainly Clear,5,11.7,
2012-05-06 22:00:00,11.7,-1.6,40,0,25.0,101.58,Mainly Clear,5,11.1,
2012-05-06 23:00:00,11.1,-2.1,40,0,25.0,101.57,Clear,5,9.9,
2012-05-07 00:00:00,9.9,-1.6,45,0,25.0,101.57,Clear,5,6.9,
2012-05-07 01:00:00,6.9,0.3,63,0,25.0,101.55,Clear,5,5.2,
2012-05-07 02:00:00,5.2,-0.8,65,4,25.0,101.56,Clear,5,4.6,
2012-05-07 03:00:00,4.6,-0.4,70,4,25.0,101.55,Clear,5,5.1,
2012-05-07 04:00:00,5.1,0.6,73,0,25.0,101.61,Clear,5,5.7,
2012-05-07 05:00:00,5.7,0.4,69,4,48.3,101.6,Clear,5,8.2,
2012-05-07 06:00:00,8.2,3.3,71,6,48.3,101.63,Clear,5,12.3,
2012-05-07 07:00:00,12.3,0.6,45,4,48.3,101.64,Clear,5,14.0,
2012-05-07 08:00:00,14.0,1.0,41,7,48.3,101.67,Clear,5,16.0,
2012-05-07 09:00:00,16.0,-3.0,27,7,48.3,101.68,Clear,5,17.1,
2012-05-07 10:00:00,17.1,-5.9,20,13,48.3,101.67,Clear,5,17.8,
2012-05-07 11:00:00,17.8,-3.1,24,7,48.3,101.59,Mainly Clear,5,18.9,
2012-05-07 12:00:00,18.9,-4.2,21,13,48.3,101.48,Mainly Clear,5,19.7,
2012-05-07 13:00:00,19.7,-2.3,22,13,48.3,101.43,Mainly Clear,5,20.1,
2012-05-07 14:00:00,20.1,-3.6,20,19,48.3,101.36,Mainly Clear,5,20.6,
2012-05-07 15:00:00,20.6,-2.3,21,7,48.3,101.25,Mostly Cloudy,5,20.9,
2012-05-07 16:00:00,20.9,-2.0,21,11,48.3,101.14,Mostly Cloudy,5,21.0,
2012-05-07 17:00:00,21.0,-2.9,20,13,48.3,101.07,Mostly Cloudy,5,20.7,
2012-05-07 18:00:00,20.7,-4.4,18,13,48.3,101.0,Mostly Cloudy,5,19.9,
2012-05-07 19:00:00,19.9,-4.0,20,11,48.3,100.93,Mostly Cloudy,5,19.2,
2012-05-07 20:00:00,19.2,-3.8,21,13,25.0,100.9,Mostly Cloudy,5,18.7,
2012-05-07 21:00:00,18.7,-4.1,21,15,25.0,100.87,Clear,5,18.1,
2012-05-07 22:00:00,18.1,-3.5,23,17,25.0,100.84,Mainly Clear,5,17.6,
2012-05-07 23:00:00,17.6,-2.2,26,15,25.0,100.77,Mostly Cloudy,5,16.1,
2012-05-08 00:00:00,16.1,0.2,34,11,25.0,100.77,Mostly Cloudy,5,16.0,
2012-05-08 01:00:00,16.0,4.8,47,15,25.0,100.74,Rain Showers,5,14.8,
2012-05-08 02:00:00,14.8,5.4,53,4,25.0,100.71,Cloudy,5,15.2,
2012-05-08 03:00:00,15.2,6.6,56,6,25.0,100.64,Rain,5,14.2,
2012-05-08 04:00:00,14.2,10.4,78,17,25.0,100.6,Rain,5,13.7,
2012-05-08 05:00:00,13.7,10.3,80,19,24.1,100.53,Cloudy,5,12.6,
2012-05-08 06:00:00,12.6,10.4,86,22,9.7,100.51,Rain,5,12.2,
2012-05-08 07:00:00,12.2,10.1,87,24,6.4,100.48,Rain,5,11.6,
2012-05-08 08:00:00,11.6,9.5,87,26,6.4,100.45,Rain,5,11.1,
2012-05-08 09:00:00,11.1,9.1,87,32,6.4,100.41,Rain,5,10.9,
2012-05-08 10:00:00,10.9,8.9,87,26,8.0,100.39,"Rain,Fog",5,11.0,
2012-05-08 11:00:00,11.0,9.2,89,20,6.4,100.37,"Rain,Fog",5,11.1,
2012-05-08 12:00:00,11.1,9.3,89,19,6.4,100.37,"Rain,Fog",5,11.5,
2012-05-08 13:00:00,11.5,9.6,88,17,6.4,100.35,"Rain,Fog",5,11.7,
2012-05-08 14:00:00,11.7,9.9,89,19,8.0,100.32,"Rain,Fog",5,12.0,
2012-05-08 15:00:00,12.0,10.0,88,17,12.9,100.3,Rain,5,12.2,
2012-05-08 16:00:00,12.2,10.3,88,15,12.9,100.28,Rain,5,12.2,
2012-05-08 17:00:00,12.2,10.3,88,9,12.9,100.29,Rain,5,12.1,
2012-05-08 18:00:00,12.1,10.3,89,11,9.7,100.29,"Rain,Fog",5,12.3,
2012-05-08 19:00:00,12.3,10.5,89,6,8.0,100.3,Fog,5,12.1,
2012-05-08 20:00:00,12.1,10.5,90,9,8.0,100.33,"Drizzle,Fog",5,12.2,
2012-05-08 21:00:00,12.2,10.6,90,6,8.0,100.31,Fog,5,12.3,
2012-05-08 22:00:00,12.3,10.7,90,6,8.0,100.3,Fog,5,12.4,
2012-05-08 23:00:00,12.4,10.9,91,4,6.4,100.26,"Drizzle,Fog",5,12.5,
2012-05-09 00:00:00,12.5,11.0,91,0,3.2,100.27,"Rain,Fog",5,12.6,
2012-05-09 01:00:00,12.6,11.2,91,0,3.2,100.2,"Rain,Fog",5,12.8,
2012-05-09 02:00:00,12.8,11.3,91,6,6.4,100.14,"Drizzle,Fog",5,12.9,
2012-05-09 03:00:00,12.9,11.4,91,6,4.8,100.13,"Drizzle,Fog",5,13.0,
2012-05-09 04:00:00,13.0,11.6,91,6,3.2,100.08,"Drizzle,Fog",5,13.5,
2012-05-09 05:00:00,13.5,12.0,91,9,2.4,100.07,"Drizzle,Fog",5,13.7,
2012-05-09 06:00:00,13.7,12.2,91,13,2.4,100.08,"Drizzle,Fog",5,14.3,
2012-05-09 07:00:00,14.3,12.5,89,15,4.8,100.12,Fog,5,14.3,
2012-05-09 08:00:00,14.3,12.3,88,17,6.4,100.12,Fog,5,14.0,
2012-05-09 09:00:00,14.0,12.3,89,9,4.0,100.1,"Drizzle,Fog",5,14.9,
2012-05-09 10:00:00,14.9,12.2,84,17,16.1,100.07,Cloudy,5,16.1,
2012-05-09 11:00:00,16.1,13.3,83,9,24.1,100.03,Cloudy,5,16.1,
2012-05-09 12:00:00,16.1,11.7,75,19,24.1,100.02,Cloudy,5,17.4,
2012-05-09 13:00:00,17.4,12.0,71,15,24.1,99.96,Mostly Cloudy,5,17.9,
2012-05-09 14:00:00,17.9,11.2,65,15,24.1,99.88,Mostly Cloudy,5,19.0,
2012-05-09 15:00:00,19.0,11.4,61,13,24.1,99.78,Mostly Cloudy,5,19.2,
2012-05-09 16:00:00,19.2,10.4,57,13,24.1,99.72,Cloudy,5,18.9,
2012-05-09 17:00:00,18.9,10.2,57,7,24.1,99.67,Cloudy,5,16.8,
2012-05-09 18:00:00,16.8,10.6,67,20,24.1,99.68,Cloudy,5,16.3,
2012-05-09 19:00:00,16.3,10.9,70,11,24.1,99.68,Mostly Cloudy,5,15.9,
2012-05-09 20:00:00,15.9,11.0,73,7,25.0,99.68,Mostly Cloudy,5,15.4,
2012-05-09 21:00:00,15.4,9.5,68,11,25.0,99.67,Mostly Cloudy,5,14.3,
2012-05-09 22:00:00,14.3,9.4,72,13,25.0,99.67,Mainly Clear,5,11.9,
2012-05-09 23:00:00,11.9,8.3,79,4,25.0,99.65,Mainly Clear,5,12.2,
2012-05-10 00:00:00,12.2,8.4,78,15,25.0,99.66,Mostly Cloudy,5,11.6,
2012-05-10 01:00:00,11.6,8.6,82,6,25.0,99.62,Mostly Cloudy,5,11.0,
2012-05-10 02:00:00,11.0,8.5,85,7,25.0,99.59,Cloudy,5,11.4,
2012-05-10 03:00:00,11.4,8.9,85,6,16.1,99.55,Cloudy,5,11.4,
2012-05-10 04:00:00,11.4,9.0,85,11,16.1,99.5,Cloudy,5,10.9,
2012-05-10 05:00:00,10.9,8.1,83,17,24.1,99.47,Cloudy,5,10.2,
2012-05-10 06:00:00,10.2,7.3,82,22,24.1,99.5,Cloudy,5,8.9,
2012-05-10 07:00:00,8.9,6.1,83,20,24.1,99.51,Cloudy,5,9.0,
2012-05-10 08:00:00,9.0,5.6,79,20,24.1,99.51,Cloudy,5,9.0,
2012-05-10 09:00:00,9.0,5.0,76,26,24.1,99.51,Cloudy,5,9.3,
2012-05-10 10:00:00,9.3,5.2,76,28,24.1,99.52,Cloudy,5,10.5,
2012-05-10 11:00:00,10.5,5.6,72,28,24.1,99.48,Cloudy,5,10.0,
2012-05-10 12:00:00,10.0,5.4,73,30,24.1,99.48,Cloudy,5,10.4,
2012-05-10 13:00:00,10.4,6.0,74,26,24.1,99.46,Cloudy,5,10.1,
2012-05-10 14:00:00,10.1,5.9,75,30,24.1,99.48,Cloudy,5,10.5,
2012-05-10 15:00:00,10.5,5.3,70,28,24.1,99.51,Cloudy,5,10.2,
2012-05-10 16:00:00,10.2,6.0,75,19,24.1,99.55,Rain Showers,5,10.2,
2012-05-10 17:00:00,10.2,5.1,71,26,24.1,99.6,Cloudy,5,9.8,
2012-05-10 18:00:00,9.8,6.0,77,19,24.1,99.68,Rain Showers,5,9.5,
2012-05-10 19:00:00,9.5,6.2,80,15,24.1,99.73,Rain Showers,5,9.4,
2012-05-10 20:00:00,9.4,5.6,77,20,25.0,99.79,Rain Showers,5,9.2,
2012-05-10 21:00:00,9.2,5.0,75,20,25.0,99.88,Rain,5,9.2,
2012-05-10 22:00:00,9.2,4.1,70,24,25.0,99.92,Mostly Cloudy,5,9.0,
2012-05-10 23:00:00,9.0,3.1,66,17,25.0,100.0,Mostly Cloudy,5,8.7,
2012-05-11 00:00:00,8.7,2.7,66,15,25.0,100.07,Rain Showers,5,8.4,
2012-05-11 01:00:00,8.4,3.1,69,22,25.0,100.14,Rain Showers,5,7.3,
2012-05-11 02:00:00,7.3,3.5,77,17,25.0,100.22,Rain,5,7.3,
2012-05-11 03:00:00,7.3,2.4,71,19,25.0,100.3,Cloudy,5,7.3,
2012-05-11 04:00:00,7.3,2.1,70,7,25.0,100.39,Rain,5,7.5,
2012-05-11 05:00:00,7.5,2.5,71,7,24.1,100.42,Cloudy,5,8.7,
2012-05-11 06:00:00,8.7,2.9,67,17,48.3,100.49,Cloudy,5,9.5,
2012-05-11 07:00:00,9.5,2.3,61,19,48.3,100.54,Mostly Cloudy,5,11.3,
2012-05-11 08:00:00,11.3,3.0,57,19,48.3,100.6,Mostly Cloudy,5,11.7,
2012-05-11 09:00:00,11.7,1.6,50,19,48.3,100.63,Mainly Clear,5,13.1,
2012-05-11 10:00:00,13.1,1.4,45,22,48.3,100.64,Mainly Clear,5,14.6,
2012-05-11 11:00:00,14.6,-0.9,34,24,48.3,100.65,Mainly Clear,5,15.3,
2012-05-11 12:00:00,15.3,-1.4,32,22,48.3,100.67,Mainly Clear,5,16.4,
2012-05-11 13:00:00,16.4,-1.3,30,20,48.3,100.7,Mainly Clear,5,17.6,
2012-05-11 14:00:00,17.6,-1.0,28,32,48.3,100.72,Mainly Clear,5,17.1,
2012-05-11 15:00:00,17.1,-1.8,27,26,48.3,100.76,Mainly Clear,5,17.8,
2012-05-11 16:00:00,17.8,-2.1,26,26,48.3,100.78,Mainly Clear,5,17.6,
2012-05-11 17:00:00,17.6,-2.2,26,22,48.3,100.82,Mainly Clear,5,16.8,
2012-05-11 18:00:00,16.8,-2.7,26,22,48.3,100.87,Clear,5,15.1,
2012-05-11 19:00:00,15.1,-2.9,29,13,48.3,100.95,Clear,5,12.1,
2012-05-11 20:00:00,12.1,-2.1,37,11,25.0,101.04,Clear,5,10.2,
2012-05-11 21:00:00,10.2,-2.1,42,9,25.0,101.1,Clear,5,7.7,
2012-05-11 22:00:00,7.7,-1.2,53,9,25.0,101.15,Clear,5,7.8,
2012-05-11 23:00:00,7.8,-0.9,54,9,25.0,101.19,Clear,5,7.1,
2012-05-12 00:00:00,7.1,-0.6,58,9,25.0,101.19,Clear,5,9.8,
2012-05-12 01:00:00,9.8,-1.1,47,7,25.0,101.22,Clear,5,8.5,
2012-05-12 02:00:00,8.5,-1.0,51,0,25.0,101.23,Clear,5,7.0,
2012-05-12 03:00:00,7.0,-0.5,59,4,25.0,101.28,Clear,5,7.9,
2012-05-12 04:00:00,7.9,-1.0,53,11,25.0,101.35,Clear,5,7.3,
2012-05-12 05:00:00,7.3,-1.4,54,6,48.3,101.37,Clear,5,9.4,
2012-05-12 06:00:00,9.4,-0.5,50,7,48.3,101.42,Clear,5,11.1,
2012-05-12 07:00:00,11.1,2.3,55,11,48.3,101.45,Clear,5,12.9,
2012-05-12 08:00:00,12.9,2.4,49,11,48.3,101.46,Clear,5,14.6,
2012-05-12 09:00:00,14.6,4.5,51,13,48.3,101.43,Clear,5,16.7,
2012-05-12 10:00:00,16.7,4.6,45,15,48.3,101.41,Clear,5,18.6,
2012-05-12 11:00:00,18.6,4.0,38,20,48.3,101.36,Mostly Cloudy,5,20.4,
2012-05-12 12:00:00,20.4,5.0,36,22,48.3,101.3,Cloudy,5,22.0,
2012-05-12 13:00:00,22.0,5.6,34,24,48.3,101.25,Mostly Cloudy,5,22.4,
2012-05-12 14:00:00,22.4,6.8,36,28,48.3,101.23,Cloudy,5,23.9,
2012-05-12 15:00:00,23.9,6.9,34,26,48.3,101.22,Mostly Cloudy,5,23.6,
2012-05-12 16:00:00,23.6,7.7,36,22,48.3,101.19,Mostly Cloudy,5,22.8,
2012-05-12 17:00:00,22.8,7.3,37,20,48.3,101.21,Cloudy,5,22.8,
2012-05-12 18:00:00,22.8,5.5,33,17,48.3,101.26,Cloudy,5,22.0,
2012-05-12 19:00:00,22.0,6.2,36,20,48.3,101.27,Cloudy,5,20.7,
2012-05-12 20:00:00,20.7,7.3,42,0,25.0,101.34,Cloudy,5,19.3,
2012-05-12 21:00:00,19.3,7.8,47,11,25.0,101.37,Rain Showers,5,18.4,
2012-05-12 22:00:00,18.4,8.8,54,6,25.0,101.34,Rain,5,16.6,
2012-05-12 23:00:00,16.6,9.5,63,6,25.0,101.32,Cloudy,5,16.5,
2012-05-13 00:00:00,16.5,10.0,65,7,25.0,101.34,Cloudy,5,16.0,
2012-05-13 01:00:00,16.0,10.0,68,7,25.0,101.31,Cloudy,5,15.9,
2012-05-13 02:00:00,15.9,10.4,70,6,25.0,101.32,Rain Showers,5,15.4,
2012-05-13 03:00:00,15.4,10.9,75,6,25.0,101.39,Cloudy,5,15.1,
2012-05-13 04:00:00,15.1,10.9,76,11,25.0,101.5,Rain Showers,5,14.1,
2012-05-13 05:00:00,14.1,11.5,84,6,24.1,101.51,Rain,5,14.1,
2012-05-13 06:00:00,14.1,11.8,86,11,24.1,101.58,Rain,5,14.2,
2012-05-13 07:00:00,14.2,12.0,87,13,24.1,101.63,Rain,5,14.5,
2012-05-13 08:00:00,14.5,12.3,87,11,24.1,101.6,Cloudy,5,15.7,
2012-05-13 09:00:00,15.7,12.5,81,13,24.1,101.63,Cloudy,5,17.0,
2012-05-13 10:00:00,17.0,12.3,74,9,24.1,101.63,Cloudy,5,17.2,
2012-05-13 11:00:00,17.2,11.2,68,17,24.1,101.63,Cloudy,5,18.1,
2012-05-13 12:00:00,18.1,10.7,62,13,24.1,101.61,Cloudy,5,19.5,
2012-05-13 13:00:00,19.5,9.0,51,11,24.1,101.59,Cloudy,5,19.6,
2012-05-13 14:00:00,19.6,6.8,43,20,48.3,101.56,Mostly Cloudy,5,20.0,
2012-05-13 15:00:00,20.0,5.8,39,11,48.3,101.53,Mostly Cloudy,5,20.9,
2012-05-13 16:00:00,20.9,4.0,33,11,48.3,101.5,Mostly Cloudy,5,20.4,
2012-05-13 17:00:00,20.4,4.1,34,15,48.3,101.48,Mainly Clear,5,19.7,
2012-05-13 18:00:00,19.7,5.1,38,17,48.3,101.47,Clear,5,18.8,
2012-05-13 19:00:00,18.8,5.7,42,13,48.3,101.49,Mainly Clear,5,16.8,
2012-05-13 20:00:00,16.8,5.8,48,11,25.0,101.5,Mainly Clear,5,13.4,
2012-05-13 21:00:00,13.4,6.5,63,7,25.0,101.54,Clear,5,12.7,
2012-05-13 22:00:00,12.7,6.4,65,7,25.0,101.54,Clear,5,13.3,
2012-05-13 23:00:00,13.3,6.6,64,0,25.0,101.54,Clear,5,11.8,
2012-05-14 00:00:00,11.8,6.8,71,6,25.0,101.53,Clear,5,12.8,
2012-05-14 01:00:00,12.8,7.1,68,6,25.0,101.51,Clear,5,12.0,
2012-05-14 02:00:00,12.0,6.9,71,4,25.0,101.5,Clear,5,12.0,
2012-05-14 03:00:00,12.0,6.9,71,0,25.0,101.5,Clear,5,8.2,
2012-05-14 04:00:00,8.2,5.4,82,4,25.0,101.51,Mainly Clear,5,8.3,
2012-05-14 05:00:00,8.3,5.7,84,0,24.1,101.54,Mainly Clear,5,12.0,
2012-05-14 06:00:00,12.0,8.4,79,0,48.3,101.56,Mostly Cloudy,5,15.6,
2012-05-14 07:00:00,15.6,9.5,67,0,48.3,101.58,Mostly Cloudy,5,17.1,
2012-05-14 08:00:00,17.1,9.6,61,6,48.3,101.59,Mainly Clear,5,19.2,
2012-05-14 09:00:00,19.2,8.6,50,6,48.3,101.54,Mostly Cloudy,5,20.1,
2012-05-14 10:00:00,20.1,7.7,45,11,48.3,101.5,Mostly Cloudy,5,21.2,
2012-05-14 11:00:00,21.2,7.7,42,13,48.3,101.44,Mostly Cloudy,5,21.9,
2012-05-14 12:00:00,21.9,8.0,41,17,48.3,101.36,Mainly Clear,5,22.0,
2012-05-14 13:00:00,22.0,7.4,39,17,48.3,101.32,Mainly Clear,5,23.2,
2012-05-14 14:00:00,23.2,8.5,39,0,48.3,101.24,Mainly Clear,5,23.2,
2012-05-14 15:00:00,23.2,9.2,41,9,48.3,101.17,Mainly Clear,5,23.4,
2012-05-14 16:00:00,23.4,10.0,43,9,48.3,101.13,Mainly Clear,5,23.5,
2012-05-14 17:00:00,23.5,11.3,46,6,48.3,101.11,Mostly Cloudy,5,22.9,
2012-05-14 18:00:00,22.9,12.1,51,9,48.3,101.1,Mostly Cloudy,5,21.5,
2012-05-14 19:00:00,21.5,12.4,56,15,48.3,101.11,Cloudy,5,19.8,
2012-05-14 20:00:00,19.8,12.6,63,17,25.0,101.15,Mostly Cloudy,5,18.3,
2012-05-14 21:00:00,18.3,12.6,69,15,25.0,101.18,Mainly Clear,5,17.5,
2012-05-14 22:00:00,17.5,12.7,73,6,25.0,101.2,Mostly Cloudy,5,17.5,
2012-05-14 23:00:00,17.5,13.1,75,7,25.0,101.22,Mostly Cloudy,5,16.0,
2012-05-15 00:00:00,16.0,12.2,78,11,25.0,101.23,Mainly Clear,5,16.6,
2012-05-15 01:00:00,16.6,12.1,75,6,25.0,101.23,Mainly Clear,5,15.8,
2012-05-15 02:00:00,15.8,12.7,82,9,25.0,101.21,Mostly Cloudy,5,15.9,
2012-05-15 03:00:00,15.9,13.1,83,11,25.0,101.19,Mostly Cloudy,5,16.0,
2012-05-15 04:00:00,16.0,13.1,83,11,25.0,101.19,Mostly Cloudy,5,15.9,
2012-05-15 05:00:00,15.9,12.9,82,11,24.1,101.21,Cloudy,5,16.3,
2012-05-15 06:00:00,16.3,12.9,80,9,24.1,101.23,Cloudy,5,16.4,
2012-05-15 07:00:00,16.4,13.8,85,7,24.1,101.24,Cloudy,5,17.3,
2012-05-15 08:00:00,17.3,13.9,80,11,24.1,101.23,Cloudy,5,18.7,
2012-05-15 09:00:00,18.7,14.5,77,9,24.1,101.2,Cloudy,5,20.7,
2012-05-15 10:00:00,20.7,15.0,70,7,24.1,101.17,Mostly Cloudy,5,20.3,
2012-05-15 11:00:00,20.3,14.3,68,11,24.1,101.12,Cloudy,5,20.7,
2012-05-15 12:00:00,20.7,15.0,70,13,24.1,101.06,Mostly Cloudy,5,20.1,
2012-05-15 13:00:00,20.1,14.6,71,20,24.1,101.02,Cloudy,5,19.2,
2012-05-15 14:00:00,19.2,14.4,74,19,24.1,100.98,Cloudy,5,17.8,
2012-05-15 15:00:00,17.8,15.2,85,9,16.1,100.95,Rain Showers,5,18.2,
2012-05-15 16:00:00,18.2,15.4,84,15,24.1,100.9,Cloudy,5,18.2,
2012-05-15 17:00:00,18.2,15.3,83,17,24.1,100.85,Mostly Cloudy,5,17.9,
2012-05-15 18:00:00,17.9,15.1,84,19,24.1,100.83,Mostly Cloudy,5,17.4,
2012-05-15 19:00:00,17.4,15.0,86,17,24.1,100.81,Mostly Cloudy,5,17.0,
2012-05-15 20:00:00,17.0,14.4,85,17,24.1,100.79,Mostly Cloudy,5,16.6,
2012-05-15 21:00:00,16.6,14.0,85,15,25.0,100.77,Mostly Cloudy,5,15.9,
2012-05-15 22:00:00,15.9,13.6,86,11,25.0,100.75,Clear,5,15.4,
2012-05-15 23:00:00,15.4,13.2,87,11,25.0,100.74,Clear,5,14.6,
2012-05-16 00:00:00,14.6,12.6,88,4,25.0,100.71,Clear,5,13.9,
2012-05-16 01:00:00,13.9,12.0,88,6,25.0,100.66,Clear,5,13.9,
2012-05-16 02:00:00,13.9,12.0,88,6,25.0,100.6,Clear,5,13.3,
2012-05-16 03:00:00,13.3,11.4,88,0,25.0,100.58,Clear,5,12.9,
2012-05-16 04:00:00,12.9,11.0,88,6,19.3,100.59,Mainly Clear,5,13.0,
2012-05-16 05:00:00,13.0,11.1,88,0,16.1,100.56,Mostly Cloudy,5,13.8,
2012-05-16 06:00:00,13.8,12.0,89,11,19.3,100.56,Mostly Cloudy,5,15.0,
2012-05-16 07:00:00,15.0,12.8,87,9,24.1,100.57,Mostly Cloudy,5,17.5,
2012-05-16 08:00:00,17.5,13.9,79,9,24.1,100.54,Mostly Cloudy,5,20.1,
2012-05-16 09:00:00,20.1,14.2,69,13,24.1,100.45,Mainly Clear,5,21.9,
2012-05-16 10:00:00,21.9,14.1,61,15,24.1,100.35,Mainly Clear,5,22.0,
2012-05-16 11:00:00,22.0,13.1,57,20,19.3,100.35,Mostly Cloudy,5,22.9,
2012-05-16 12:00:00,22.9,12.5,52,11,24.1,100.23,Mostly Cloudy,5,23.4,
2012-05-16 13:00:00,23.4,12.3,50,15,24.1,100.21,Mostly Cloudy,5,17.9,
2012-05-16 14:00:00,17.9,13.2,74,19,19.3,100.22,Cloudy,5,19.3,
2012-05-16 15:00:00,19.3,10.4,56,32,24.1,100.29,Mostly Cloudy,5,18.7,
2012-05-16 16:00:00,18.7,10.2,58,33,24.1,100.27,Mostly Cloudy,5,17.6,
2012-05-16 17:00:00,17.6,10.7,64,22,24.1,100.32,Mostly Cloudy,5,18.2,
2012-05-16 18:00:00,18.2,11.1,63,26,24.1,100.35,Mainly Clear,5,17.6,
2012-05-16 19:00:00,17.6,10.7,64,22,24.1,100.34,Mainly Clear,5,17.1,
2012-05-16 20:00:00,17.1,9.9,63,17,25.0,100.37,Mainly Clear,5,14.2,
2012-05-16 21:00:00,14.2,6.9,61,17,25.0,100.53,Mostly Cloudy,5,13.3,
2012-05-16 22:00:00,13.3,5.7,60,20,25.0,100.66,Mostly Cloudy,5,11.5,
2012-05-16 23:00:00,11.5,3.2,57,22,25.0,100.82,Mostly Cloudy,5,10.0,
2012-05-17 00:00:00,10.0,2.9,61,24,25.0,100.93,Mostly Cloudy,5,9.8,
2012-05-17 01:00:00,9.8,2.1,59,24,25.0,101.05,Mostly Cloudy,5,8.3,
2012-05-17 02:00:00,8.3,1.6,63,15,25.0,101.07,Clear,5,7.3,
2012-05-17 03:00:00,7.3,1.6,67,15,25.0,101.16,Clear,5,6.6,
2012-05-17 04:00:00,6.6,1.4,69,9,48.3,101.24,Clear,5,6.0,
2012-05-17 05:00:00,6.0,1.0,70,11,48.3,101.32,Clear,5,8.5,
2012-05-17 06:00:00,8.5,1.9,63,9,48.3,101.4,Clear,5,10.2,
2012-05-17 07:00:00,10.2,1.8,56,15,48.3,101.45,Mostly Cloudy,5,10.7,
2012-05-17 08:00:00,10.7,2.2,56,15,48.3,101.5,Mostly Cloudy,5,11.3,
2012-05-17 09:00:00,11.3,2.1,53,22,48.3,101.48,Mainly Clear,5,12.2,
2012-05-17 10:00:00,12.2,2.2,50,26,48.3,101.46,Mostly Cloudy,5,13.9,
2012-05-17 11:00:00,13.9,2.5,46,22,48.3,101.49,Mainly Clear,5,14.3,
2012-05-17 12:00:00,14.3,1.8,43,17,48.3,101.49,Mostly Cloudy,5,15.4,
2012-05-17 13:00:00,15.4,0.5,36,26,48.3,101.46,Mainly Clear,5,15.3,
2012-05-17 14:00:00,15.3,0.9,38,20,48.3,101.48,Mainly Clear,5,15.8,
2012-05-17 15:00:00,15.8,0.4,35,24,48.3,101.46,Mainly Clear,5,15.8,
2012-05-17 16:00:00,15.8,0.0,34,30,48.3,101.46,Mainly Clear,5,15.7,
2012-05-17 17:00:00,15.7,0.8,36,24,48.3,101.48,Mainly Clear,5,15.1,
2012-05-17 18:00:00,15.1,0.4,37,20,48.3,101.5,Clear,5,14.1,
2012-05-17 19:00:00,14.1,0.4,39,13,48.3,101.54,Clear,5,13.8,
2012-05-17 20:00:00,13.8,0.6,40,7,48.3,101.58,Mainly Clear,5,12.4,
2012-05-17 21:00:00,12.4,1.4,47,6,25.0,101.64,Clear,5,10.1,
2012-05-17 22:00:00,10.1,2.1,58,0,25.0,101.64,Clear,5,9.9,
2012-05-17 23:00:00,9.9,3.8,66,7,25.0,101.7,Clear,5,10.4,
2012-05-18 00:00:00,10.4,2.6,58,13,25.0,101.72,Mainly Clear,5,9.9,
2012-05-18 01:00:00,9.9,2.4,60,7,25.0,101.73,Clear,5,9.2,
2012-05-18 02:00:00,9.2,2.3,62,9,25.0,101.75,Clear,5,8.6,
2012-05-18 03:00:00,8.6,2.0,63,11,25.0,101.77,Clear,5,8.6,
2012-05-18 04:00:00,8.6,1.5,61,9,48.3,101.77,Clear,5,7.7,
2012-05-18 05:00:00,7.7,1.5,65,9,48.3,101.79,Mainly Clear,5,10.1,
2012-05-18 06:00:00,10.1,3.3,63,11,48.3,101.84,Mainly Clear,5,11.2,
2012-05-18 07:00:00,11.2,2.9,57,20,48.3,101.9,Mainly Clear,5,13.0,
2012-05-18 08:00:00,13.0,4.6,57,15,48.3,101.91,Mostly Cloudy,5,14.4,
2012-05-18 09:00:00,14.4,4.6,52,17,48.3,101.94,Mainly Clear,5,16.4,
2012-05-18 10:00:00,16.4,4.7,46,22,48.3,101.91,Mainly Clear,5,18.1,
2012-05-18 11:00:00,18.1,5.9,45,17,48.3,101.89,Mainly Clear,5,18.3,
2012-05-18 12:00:00,18.3,4.2,39,20,48.3,101.82,Mainly Clear,5,19.7,
2012-05-18 13:00:00,19.7,-0.7,25,22,48.3,101.75,Mainly Clear,5,20.1,
2012-05-18 14:00:00,20.1,2.6,31,22,48.3,101.73,Mostly Cloudy,5,20.8,
2012-05-18 15:00:00,20.8,1.7,28,20,48.3,101.66,Mainly Clear,5,20.5,
2012-05-18 16:00:00,20.5,0.9,27,19,48.3,101.64,Mostly Cloudy,5,20.9,
2012-05-18 17:00:00,20.9,2.5,30,17,48.3,101.59,Mostly Cloudy,5,20.4,
2012-05-18 18:00:00,20.4,4.0,34,13,48.3,101.57,Mostly Cloudy,5,17.7,
2012-05-18 19:00:00,17.7,4.2,41,9,48.3,101.58,Mostly Cloudy,5,16.6,
2012-05-18 20:00:00,16.6,4.2,44,4,25.0,101.59,Mostly Cloudy,5,14.4,
2012-05-18 21:00:00,14.4,5.3,54,6,25.0,101.62,Clear,5,14.4,
2012-05-18 22:00:00,14.4,5.0,53,6,25.0,101.63,Mainly Clear,5,14.0,
2012-05-18 23:00:00,14.0,5.9,58,6,25.0,101.64,Mainly Clear,5,13.8,
2012-05-19 00:00:00,13.8,6.9,63,6,25.0,101.65,Mainly Clear,5,14.2,
2012-05-19 01:00:00,14.2,6.6,60,9,25.0,101.68,Mainly Clear,5,13.1,
2012-05-19 02:00:00,13.1,8.3,73,7,25.0,101.68,Mostly Cloudy,5,13.3,
2012-05-19 03:00:00,13.3,7.2,67,9,25.0,101.68,Mostly Cloudy,5,13.1,
2012-05-19 04:00:00,13.1,7.2,67,9,48.3,101.69,Mostly Cloudy,5,11.8,
2012-05-19 05:00:00,11.8,6.4,69,7,48.3,101.7,Mostly Cloudy,5,13.8,
2012-05-19 06:00:00,13.8,7.1,64,6,48.3,101.75,Mostly Cloudy,5,14.7,
2012-05-19 07:00:00,14.7,6.8,59,9,48.3,101.72,Mainly Clear,5,17.3,
2012-05-19 08:00:00,17.3,7.2,51,9,48.3,101.72,Mainly Clear,5,19.1,
2012-05-19 09:00:00,19.1,6.6,44,7,48.3,101.73,Mostly Cloudy,5,21.0,
2012-05-19 10:00:00,21.0,7.8,43,4,48.3,101.74,Mainly Clear,5,22.3,
2012-05-19 11:00:00,22.3,8.5,41,11,48.3,101.72,Mainly Clear,5,23.4,
2012-05-19 12:00:00,23.4,7.7,37,19,48.3,101.64,Mainly Clear,5,24.1,
2012-05-19 13:00:00,24.1,7.0,33,15,48.3,101.61,Mostly Cloudy,5,25.4,
2012-05-19 14:00:00,25.4,7.3,32,15,48.3,101.56,Mostly Cloudy,5,25.6,
2012-05-19 15:00:00,25.6,7.8,32,15,48.3,101.52,Mostly Cloudy,5,25.8,
2012-05-19 16:00:00,25.8,6.9,30,15,48.3,101.46,Mostly Cloudy,5,26.0,
2012-05-19 17:00:00,26.0,6.9,30,15,48.3,101.46,Mostly Cloudy,5,25.2,
2012-05-19 18:00:00,25.2,6.6,30,11,48.3,101.43,Mostly Cloudy,5,24.3,
2012-05-19 19:00:00,24.3,7.6,34,11,48.3,101.47,Mostly Cloudy,5,23.5,
2012-05-19 20:00:00,23.5,8.0,37,6,25.0,101.53,Mainly Clear,5,21.6,
2012-05-19 21:00:00,21.6,8.2,42,9,25.0,101.57,Mainly Clear,5,21.9,
2012-05-19 22:00:00,21.9,6.4,37,7,25.0,101.61,Clear,5,18.2,
2012-05-19 23:00:00,18.2,8.8,54,4,25.0,101.62,Clear,5,18.3,
2012-05-20 00:00:00,18.3,7.8,50,0,25.0,101.64,Clear,5,16.9,
2012-05-20 01:00:00,16.9,8.4,57,6,25.0,101.64,Clear,5,16.1,
2012-05-20 02:00:00,16.1,8.6,61,6,25.0,101.67,Clear,5,16.8,
2012-05-20 03:00:00,16.8,8.6,58,9,25.0,101.7,Clear,5,14.8,
2012-05-20 04:00:00,14.8,8.9,68,6,48.3,101.72,Mainly Clear,5,14.7,
2012-05-20 05:00:00,14.7,9.3,70,6,48.3,101.76,Cloudy,5,17.1,
2012-05-20 06:00:00,17.1,9.2,60,4,48.3,101.81,Mostly Cloudy,5,18.7,
2012-05-20 07:00:00,18.7,9.6,55,7,48.3,101.87,Mostly Cloudy,5,20.4,
2012-05-20 08:00:00,20.4,9.4,49,7,48.3,101.91,Mostly Cloudy,5,22.2,
2012-05-20 09:00:00,22.2,9.6,45,11,48.3,101.93,Mostly Cloudy,5,24.8,
2012-05-20 10:00:00,24.8,9.1,37,11,48.3,101.91,Mostly Cloudy,5,26.8,
2012-05-20 11:00:00,26.8,11.4,38,11,48.3,101.9,Mainly Clear,5,28.6,
2012-05-20 12:00:00,28.6,10.7,33,13,48.3,101.86,Mainly Clear,5,29.5,
2012-05-20 13:00:00,29.5,11.0,32,9,48.3,101.78,Mainly Clear,5,30.9,
2012-05-20 14:00:00,30.9,11.5,30,11,48.3,101.72,Mainly Clear,5,30.9,
2012-05-20 15:00:00,30.9,10.7,29,4,48.3,101.67,Mainly Clear,5,31.2,
2012-05-20 16:00:00,31.2,10.7,28,4,48.3,101.61,Mainly Clear,5,30.8,
2012-05-20 17:00:00,30.8,10.6,29,13,48.3,101.58,Mostly Cloudy,5,29.2,
2012-05-20 18:00:00,29.2,11.7,34,15,48.3,101.56,Mostly Cloudy,5,26.9,
2012-05-20 19:00:00,26.9,12.3,40,11,24.1,101.56,Mostly Cloudy,5,25.9,
2012-05-20 20:00:00,25.9,11.6,41,11,24.1,101.57,Mainly Clear,5,24.0,
2012-05-20 21:00:00,24.0,11.8,46,11,25.0,101.6,Mainly Clear,5,23.9,
2012-05-20 22:00:00,23.9,11.8,47,17,25.0,101.59,Mainly Clear,5,23.6,
2012-05-20 23:00:00,23.6,11.3,46,15,25.0,101.59,Mainly Clear,5,22.2,
2012-05-21 00:00:00,22.2,11.0,49,11,25.0,101.61,Mainly Clear,5,19.3,
2012-05-21 01:00:00,19.3,11.2,59,9,25.0,101.63,Mainly Clear,5,18.7,
2012-05-21 02:00:00,18.7,11.7,64,7,25.0,101.65,Mainly Clear,5,18.5,
2012-05-21 03:00:00,18.5,11.7,65,0,25.0,101.65,Mainly Clear,5,18.2,
2012-05-21 04:00:00,18.2,11.9,67,9,24.1,101.65,Mainly Clear,5,18.8,
2012-05-21 05:00:00,18.8,12.2,65,13,24.1,101.63,Mostly Cloudy,5,20.4,
2012-05-21 06:00:00,20.4,12.7,61,6,48.3,101.68,Mostly Cloudy,5,21.8,
2012-05-21 07:00:00,21.8,12.7,56,11,48.3,101.7,Mostly Cloudy,5,24.0,
2012-05-21 08:00:00,24.0,11.1,44,19,48.3,101.69,Mostly Cloudy,5,24.8,
2012-05-21 09:00:00,24.8,11.2,42,24,48.3,101.63,Mainly Clear,5,25.5,
2012-05-21 10:00:00,25.5,10.7,39,20,48.3,101.6,Mainly Clear,5,26.7,
2012-05-21 11:00:00,26.7,10.8,37,22,48.3,101.54,Mainly Clear,5,28.0,
2012-05-21 12:00:00,28.0,9.3,31,24,48.3,101.45,Mainly Clear,5,28.4,
2012-05-21 13:00:00,28.4,8.4,28,26,48.3,101.36,Mainly Clear,5,28.8,
2012-05-21 14:00:00,28.8,9.0,29,26,48.3,101.29,Mainly Clear,5,28.9,
2012-05-21 15:00:00,28.9,9.0,29,33,48.3,101.21,Mainly Clear,5,28.2,
2012-05-21 16:00:00,28.2,8.7,29,30,48.3,101.14,Mainly Clear,5,27.7,
2012-05-21 17:00:00,27.7,9.9,33,26,48.3,101.1,Mainly Clear,5,26.5,
2012-05-21 18:00:00,26.5,11.7,40,28,48.3,101.07,Mainly Clear,5,25.4,
2012-05-21 19:00:00,25.4,12.8,46,26,25.0,101.05,Mostly Cloudy,5,23.8,
2012-05-21 20:00:00,23.8,13.4,52,22,25.0,101.05,Mainly Clear,5,22.5,
2012-05-21 21:00:00,22.5,13.8,58,24,25.0,101.05,Mainly Clear,5,22.2,
2012-05-21 22:00:00,22.2,14.0,60,15,25.0,101.06,Mostly Cloudy,5,21.8,
2012-05-21 23:00:00,21.8,14.0,61,15,25.0,101.05,Mostly Cloudy,5,21.2,
2012-05-22 00:00:00,21.2,14.4,65,13,25.0,101.03,Rain Showers,5,19.2,
2012-05-22 01:00:00,19.2,16.0,82,15,12.9,101.02,Rain Showers,5,18.5,
2012-05-22 02:00:00,18.5,16.0,85,9,25.0,100.97,Rain Showers,5,18.2,
2012-05-22 03:00:00,18.2,15.8,86,0,16.1,100.95,Rain Showers,5,18.6,
2012-05-22 04:00:00,18.6,16.2,86,7,12.9,100.89,Rain Showers,5,18.8,
2012-05-22 05:00:00,18.8,16.4,86,4,12.9,100.9,Drizzle,5,18.2,
2012-05-22 06:00:00,18.2,16.1,88,9,2.0,100.92,"Rain,Fog",5,18.3,
2012-05-22 07:00:00,18.3,16.4,89,11,12.9,100.92,Rain,5,18.5,
2012-05-22 08:00:00,18.5,16.5,88,9,9.7,100.9,"Rain,Fog",5,18.6,
2012-05-22 09:00:00,18.6,16.4,87,9,12.9,100.89,Rain,5,19.2,
2012-05-22 10:00:00,19.2,16.9,87,9,12.9,100.87,Rain,5,18.8,
2012-05-22 11:00:00,18.8,16.5,86,13,16.1,100.85,Rain,5,18.4,
2012-05-22 12:00:00,18.4,16.3,88,15,19.3,100.78,Rain,5,20.4,
2012-05-22 13:00:00,20.4,17.3,82,9,24.1,100.7,Cloudy,5,21.1,
2012-05-22 14:00:00,21.1,17.3,79,11,24.1,100.66,Mostly Cloudy,5,21.5,
2012-05-22 15:00:00,21.5,16.2,72,9,24.1,100.63,Cloudy,5,19.7,
2012-05-22 16:00:00,19.7,13.9,69,20,16.1,100.64,Cloudy,5,17.7,
2012-05-22 17:00:00,17.7,15.3,86,11,12.9,100.67,Rain Showers,5,18.2,
2012-05-22 18:00:00,18.2,15.1,82,28,19.3,100.66,Cloudy,5,16.1,
2012-05-22 19:00:00,16.1,13.3,83,24,24.1,100.73,Rain Showers,5,15.4,
2012-05-22 20:00:00,15.4,12.3,82,20,24.1,100.77,Mostly Cloudy,5,15.2,
2012-05-22 21:00:00,15.2,11.8,80,15,25.0,100.78,Mostly Cloudy,5,14.9,
2012-05-22 22:00:00,14.9,10.8,76,17,25.0,100.81,Mostly Cloudy,5,14.0,
2012-05-22 23:00:00,14.0,10.7,80,9,25.0,100.84,Mainly Clear,5,13.1,
2012-05-23 00:00:00,13.1,10.4,84,0,25.0,100.82,Clear,5,12.2,
2012-05-23 01:00:00,12.2,10.2,88,4,25.0,100.82,Mainly Clear,5,11.8,
2012-05-23 02:00:00,11.8,9.9,88,6,25.0,100.85,Mostly Cloudy,5,12.0,
2012-05-23 03:00:00,12.0,9.4,84,7,25.0,100.84,Mainly Clear,5,12.6,
2012-05-23 04:00:00,12.6,9.4,81,4,24.1,100.87,Mostly Cloudy,5,13.2,
2012-05-23 05:00:00,13.2,9.7,79,9,24.1,100.95,Cloudy,5,13.5,
2012-05-23 06:00:00,13.5,10.5,82,7,24.1,101.03,Cloudy,5,14.8,
2012-05-23 07:00:00,14.8,10.9,77,11,24.1,101.05,Cloudy,5,15.7,
2012-05-23 08:00:00,15.7,11.2,75,15,24.1,101.1,Cloudy,5,16.1,
2012-05-23 09:00:00,16.1,11.7,75,15,24.1,101.15,Cloudy,5,17.1,
2012-05-23 10:00:00,17.1,11.8,71,11,24.1,101.21,Mostly Cloudy,5,18.7,
2012-05-23 11:00:00,18.7,12.7,68,13,24.1,101.21,Mostly Cloudy,5,19.5,
2012-05-23 12:00:00,19.5,12.7,65,11,24.1,101.18,Mostly Cloudy,5,20.1,
2012-05-23 13:00:00,20.1,12.2,60,13,24.1,101.15,Mostly Cloudy,5,20.9,
2012-05-23 14:00:00,20.9,12.0,57,9,24.1,101.16,Mostly Cloudy,5,21.6,
2012-05-23 15:00:00,21.6,13.5,60,0,24.1,101.16,Mostly Cloudy,5,21.5,
2012-05-23 16:00:00,21.5,12.2,55,6,24.1,101.13,Mainly Clear,5,22.3,
2012-05-23 17:00:00,22.3,12.7,55,4,24.1,101.1,Mainly Clear,5,22.2,
2012-05-23 18:00:00,22.2,11.8,52,4,24.1,101.12,Mainly Clear,5,21.5,
2012-05-23 19:00:00,21.5,11.6,53,7,24.1,101.11,Mainly Clear,5,20.4,
2012-05-23 20:00:00,20.4,10.9,54,9,24.1,101.16,Clear,5,20.4,
2012-05-23 21:00:00,20.4,10.6,53,9,25.0,101.19,Clear,5,19.6,
2012-05-23 22:00:00,19.6,10.3,55,7,25.0,101.21,Clear,5,18.9,
2012-05-23 23:00:00,18.9,10.3,57,4,25.0,101.25,Clear,5,16.4,
2012-05-24 00:00:00,16.4,10.4,68,0,25.0,101.28,Clear,5,15.0,
2012-05-24 01:00:00,15.0,10.6,75,4,25.0,101.29,Clear,5,12.6,
2012-05-24 02:00:00,12.6,9.7,82,6,25.0,101.31,Clear,5,14.5,
2012-05-24 03:00:00,14.5,11.2,81,6,25.0,101.3,Clear,5,14.0,
2012-05-24 04:00:00,14.0,10.7,80,9,24.1,101.32,Clear,5,15.0,
2012-05-24 05:00:00,15.0,11.0,77,7,24.1,101.36,Mainly Clear,5,16.6,
2012-05-24 06:00:00,16.6,12.1,75,9,24.1,101.43,Mainly Clear,5,18.8,
2012-05-24 07:00:00,18.8,13.9,73,4,24.1,101.5,Mainly Clear,5,21.1,
2012-05-24 08:00:00,21.1,14.6,66,0,24.1,101.54,Mainly Clear,5,22.9,
2012-05-24 09:00:00,22.9,15.6,63,7,48.3,101.51,Mainly Clear,5,24.6,
2012-05-24 10:00:00,24.6,15.2,56,0,48.3,101.46,Clear,5,26.1,
2012-05-24 11:00:00,26.1,16.7,56,9,24.1,101.44,Clear,5,26.7,
2012-05-24 12:00:00,26.7,16.4,53,6,24.1,101.4,Mainly Clear,5,27.1,
2012-05-24 13:00:00,27.1,15.9,50,13,24.1,101.37,Mainly Clear,5,27.6,
2012-05-24 14:00:00,27.6,17.0,52,13,48.3,101.33,Mainly Clear,5,28.1,
2012-05-24 15:00:00,28.1,17.7,53,17,48.3,101.27,Mainly Clear,5,28.1,
2012-05-24 16:00:00,28.1,17.5,53,17,24.1,101.23,Mainly Clear,5,27.6,
2012-05-24 17:00:00,27.6,17.3,53,22,24.1,101.21,Mainly Clear,5,25.5,
2012-05-24 18:00:00,25.5,16.5,58,24,24.1,101.23,Mostly Cloudy,5,24.4,
2012-05-24 19:00:00,24.4,16.4,61,15,24.1,101.25,Mainly Clear,5,23.1,
2012-05-24 20:00:00,23.1,16.1,65,19,24.1,101.3,Clear,5,22.4,
2012-05-24 21:00:00,22.4,15.9,67,19,25.0,101.31,Clear,5,21.9,
2012-05-24 22:00:00,21.9,15.5,67,22,25.0,101.35,Clear,5,21.1,
2012-05-24 23:00:00,21.1,15.2,69,19,25.0,101.39,Clear,5,20.7,
2012-05-25 00:00:00,20.7,15.3,71,13,25.0,101.43,Clear,5,19.7,
2012-05-25 01:00:00,19.7,15.6,77,15,25.0,101.4,Clear,5,19.4,
2012-05-25 02:00:00,19.4,15.6,79,15,25.0,101.41,Clear,5,19.2,
2012-05-25 03:00:00,19.2,15.3,78,17,25.0,101.42,Mainly Clear,5,19.1,
2012-05-25 04:00:00,19.1,15.3,79,19,24.1,101.44,Mainly Clear,5,19.0,
2012-05-25 05:00:00,19.0,15.5,80,17,24.1,101.45,Mostly Cloudy,5,20.6,
2012-05-25 06:00:00,20.6,15.7,73,17,24.1,101.44,Mainly Clear,5,21.6,
2012-05-25 07:00:00,21.6,15.9,70,20,24.1,101.42,Mainly Clear,5,22.8,
2012-05-25 08:00:00,22.8,16.1,66,20,24.1,101.36,Mainly Clear,5,23.3,
2012-05-25 09:00:00,23.3,16.1,64,20,24.1,101.29,Clear,5,24.9,
2012-05-25 10:00:00,24.9,16.5,60,20,24.1,101.21,Mainly Clear,5,25.5,
2012-05-25 11:00:00,25.5,16.9,59,22,24.1,101.12,Mostly Cloudy,5,25.9,
2012-05-25 12:00:00,25.9,16.8,57,20,24.1,101.07,Mostly Cloudy,5,27.2,
2012-05-25 13:00:00,27.2,17.5,55,28,24.1,100.97,Mostly Cloudy,5,26.0,
2012-05-25 14:00:00,26.0,17.2,58,19,24.1,100.94,Mostly Cloudy,5,27.1,
2012-05-25 15:00:00,27.1,17.1,54,26,24.1,100.86,Mostly Cloudy,5,27.3,
2012-05-25 16:00:00,27.3,16.7,52,24,24.1,100.79,Mostly Cloudy,5,27.2,
2012-05-25 17:00:00,27.2,16.7,53,19,24.1,100.72,Mostly Cloudy,5,26.2,
2012-05-25 18:00:00,26.2,16.1,54,20,24.1,100.65,Mostly Cloudy,5,26.4,
2012-05-25 19:00:00,26.4,16.1,53,22,25.0,100.59,Cloudy,5,21.3,
2012-05-25 20:00:00,21.3,18.3,83,13,16.1,100.83,"Thunderstorms,Rain",5,22.1,
2012-05-25 21:00:00,22.1,18.5,80,15,25.0,100.79,Mainly Clear,5,21.5,
2012-05-25 22:00:00,21.5,18.1,81,11,25.0,100.88,Mainly Clear,5,21.3,
2012-05-25 23:00:00,21.3,15.4,69,17,25.0,100.96,Clear,5,19.8,
2012-05-26 00:00:00,19.8,14.8,73,9,25.0,101.0,Clear,5,19.3,
2012-05-26 01:00:00,19.3,14.0,71,13,25.0,101.09,Clear,5,18.6,
2012-05-26 02:00:00,18.6,12.3,67,11,25.0,101.16,Clear,5,17.1,
2012-05-26 03:00:00,17.1,10.5,65,13,25.0,101.21,Clear,5,16.4,
2012-05-26 04:00:00,16.4,10.1,66,9,25.0,101.28,Clear,5,16.3,
2012-05-26 05:00:00,16.3,9.8,65,9,24.1,101.36,Mainly Clear,5,17.1,
2012-05-26 06:00:00,17.1,10.0,63,9,48.3,101.37,Clear,5,18.1,
2012-05-26 07:00:00,18.1,10.8,62,9,48.3,101.51,Clear,5,19.4,
2012-05-26 08:00:00,19.4,12.2,63,6,48.3,101.56,Clear,5,21.1,
2012-05-26 09:00:00,21.1,12.7,59,9,24.1,101.56,Clear,5,21.6,
2012-05-26 10:00:00,21.6,12.5,56,7,19.3,101.6,Mostly Cloudy,5,22.6,
2012-05-26 11:00:00,22.6,12.5,53,0,16.1,101.6,Clear,5,23.3,
2012-05-26 12:00:00,23.3,12.8,52,13,16.1,101.56,Mainly Clear,5,24.4,
2012-05-26 13:00:00,24.4,9.9,40,30,19.3,101.53,Mainly Clear,5,24.2,
2012-05-26 14:00:00,24.2,10.6,42,22,19.3,101.54,Mainly Clear,5,23.2,
2012-05-26 15:00:00,23.2,10.2,44,20,24.1,101.54,Mainly Clear,5,23.8,
2012-05-26 16:00:00,23.8,10.2,42,22,24.1,101.52,Mostly Cloudy,5,23.1,
2012-05-26 17:00:00,23.1,9.4,42,19,24.1,101.49,Mostly Cloudy,5,22.2,
2012-05-26 18:00:00,22.2,8.6,42,20,24.1,101.51,Mostly Cloudy,5,21.0,
2012-05-26 19:00:00,21.0,7.7,42,13,24.1,101.56,Mainly Clear,5,18.5,
2012-05-26 20:00:00,18.5,7.4,48,9,24.1,101.64,Mainly Clear,5,16.6,
2012-05-26 21:00:00,16.6,7.5,55,7,25.0,101.71,Mainly Clear,5,17.3,
2012-05-26 22:00:00,17.3,7.3,52,6,25.0,101.71,Mainly Clear,5,15.6,
2012-05-26 23:00:00,15.6,7.7,59,6,25.0,101.75,Mainly Clear,5,15.7,
2012-05-27 00:00:00,15.7,7.1,57,6,25.0,101.76,Clear,5,14.6,
2012-05-27 01:00:00,14.6,7.4,62,9,25.0,101.77,Clear,5,13.9,
2012-05-27 02:00:00,13.9,6.9,63,11,25.0,101.76,Mainly Clear,5,14.8,
2012-05-27 03:00:00,14.8,3.1,45,13,25.0,101.76,Mostly Cloudy,5,14.4,
2012-05-27 04:00:00,14.4,3.5,48,13,25.0,101.84,Mostly Cloudy,5,13.7,
2012-05-27 05:00:00,13.7,3.9,52,13,24.1,101.9,Mostly Cloudy,5,14.2,
2012-05-27 06:00:00,14.2,2.4,45,17,24.1,101.92,Mostly Cloudy,5,14.6,
2012-05-27 07:00:00,14.6,4.0,49,9,48.3,101.95,Mostly Cloudy,5,15.6,
2012-05-27 08:00:00,15.6,3.1,43,11,48.3,101.94,Mostly Cloudy,5,17.1,
2012-05-27 09:00:00,17.1,4.6,44,9,48.3,101.95,Mostly Cloudy,5,18.6,
2012-05-27 10:00:00,18.6,4.0,38,0,48.3,101.89,Mostly Cloudy,5,19.5,
2012-05-27 11:00:00,19.5,3.9,36,4,48.3,101.83,Cloudy,5,19.7,
2012-05-27 12:00:00,19.7,4.4,36,0,48.3,101.76,Cloudy,5,20.2,
2012-05-27 13:00:00,20.2,5.4,38,13,48.3,101.68,Cloudy,5,21.2,
2012-05-27 14:00:00,21.2,5.4,36,0,48.3,101.63,Cloudy,5,20.3,
2012-05-27 15:00:00,20.3,5.1,37,11,48.3,101.57,Cloudy,5,20.4,
2012-05-27 16:00:00,20.4,5.5,38,13,48.3,101.55,Cloudy,5,20.3,
2012-05-27 17:00:00,20.3,5.3,37,6,48.3,101.49,Cloudy,5,19.2,
2012-05-27 18:00:00,19.2,6.9,45,7,48.3,101.41,Rain Showers,5,18.1,
2012-05-27 19:00:00,18.1,9.5,57,0,48.3,101.42,Rain,5,18.2,
2012-05-27 20:00:00,18.2,8.5,53,4,25.0,101.31,Cloudy,5,18.4,
2012-05-27 21:00:00,18.4,8.4,52,0,25.0,101.34,Cloudy,5,17.5,
2012-05-27 22:00:00,17.5,9.1,58,0,25.0,101.33,Cloudy,5,17.6,
2012-05-27 23:00:00,17.6,8.9,57,6,25.0,101.29,Mostly Cloudy,5,17.5,
2012-05-28 00:00:00,17.5,10.5,63,4,25.0,101.31,Mostly Cloudy,5,17.4,
2012-05-28 01:00:00,17.4,8.8,57,13,25.0,101.23,Mostly Cloudy,5,16.6,
2012-05-28 02:00:00,16.6,8.3,58,11,25.0,101.19,Mostly Cloudy,5,16.6,
2012-05-28 03:00:00,16.6,8.3,58,9,25.0,101.21,Cloudy,5,16.6,
2012-05-28 04:00:00,16.6,8.3,58,17,25.0,101.21,Cloudy,5,16.4,
2012-05-28 05:00:00,16.4,7.4,55,19,25.0,101.17,Mostly Cloudy,5,16.4,
2012-05-28 06:00:00,16.4,7.3,55,24,24.1,101.31,Mostly Cloudy,5,16.6,
2012-05-28 07:00:00,16.6,6.2,50,22,48.3,101.26,Mostly Cloudy,5,16.7,
2012-05-28 08:00:00,16.7,7.1,53,28,48.3,101.24,Mostly Cloudy,5,17.0,
2012-05-28 09:00:00,17.0,7.4,53,20,48.3,101.24,Cloudy,5,18.0,
2012-05-28 10:00:00,18.0,7.6,51,22,48.3,101.21,Cloudy,5,17.8,
2012-05-28 11:00:00,17.8,7.8,52,24,48.3,101.2,Cloudy,5,16.1,
2012-05-28 12:00:00,16.1,8.9,62,20,24.1,101.12,Cloudy,5,17.0,
2012-05-28 13:00:00,17.0,7.2,52,26,24.1,101.05,Cloudy,5,19.1,
2012-05-28 14:00:00,19.1,7.8,48,28,48.3,100.98,Cloudy,5,17.5,
2012-05-28 15:00:00,17.5,6.6,49,24,48.3,100.94,Cloudy,5,17.3,
2012-05-28 16:00:00,17.3,6.4,49,22,24.1,100.88,Cloudy,5,17.4,
2012-05-28 17:00:00,17.4,6.9,50,26,24.1,100.82,Mostly Cloudy,5,16.8,
2012-05-28 18:00:00,16.8,7.1,53,26,48.3,100.81,Mostly Cloudy,5,15.9,
2012-05-28 19:00:00,15.9,6.9,55,22,48.3,100.77,Mostly Cloudy,5,15.3,
2012-05-28 20:00:00,15.3,7.0,58,20,48.3,100.71,Cloudy,5,14.6,
2012-05-28 21:00:00,14.6,6.7,59,19,25.0,100.69,Mainly Clear,5,14.0,
2012-05-28 22:00:00,14.0,7.1,63,15,25.0,100.66,Mostly Cloudy,5,13.2,
2012-05-28 23:00:00,13.2,7.1,66,13,25.0,100.54,Mostly Cloudy,5,12.7,
2012-05-29 00:00:00,12.7,7.2,69,15,25.0,100.44,Mostly Cloudy,5,11.9,
2012-05-29 01:00:00,11.9,6.8,71,9,25.0,100.31,Mostly Cloudy,5,12.2,
2012-05-29 02:00:00,12.2,6.8,70,11,25.0,100.26,Mostly Cloudy,5,11.8,
2012-05-29 03:00:00,11.8,5.9,67,15,25.0,100.18,Mostly Cloudy,5,11.4,
2012-05-29 04:00:00,11.4,7.0,74,30,24.1,100.34,"Thunderstorms,Rain Showers",5,11.0,
2012-05-29 05:00:00,11.0,8.9,87,15,12.9,100.14,"Thunderstorms,Rain Showers",5,10.9,
2012-05-29 06:00:00,10.9,9.0,88,9,2.4,100.26,"Thunderstorms,Heavy Rain Showers",5,12.4,
2012-05-29 07:00:00,12.4,10.3,87,6,19.3,100.23,Cloudy,5,15.4,
2012-05-29 08:00:00,15.4,12.7,84,0,19.3,100.17,Mainly Clear,5,18.6,
2012-05-29 09:00:00,18.6,15.1,80,4,19.3,100.12,Mainly Clear,5,20.4,
2012-05-29 10:00:00,20.4,15.8,75,4,19.3,100.08,Mostly Cloudy,5,22.2,
2012-05-29 11:00:00,22.2,16.9,72,7,19.3,100.08,Mostly Cloudy,5,24.2,
2012-05-29 12:00:00,24.2,17.7,67,7,19.3,100.0,Mostly Cloudy,5,26.1,
2012-05-29 13:00:00,26.1,18.7,64,6,16.1,99.87,Mainly Clear,5,25.6,
2012-05-29 14:00:00,25.6,18.4,64,11,19.3,99.75,Rain Showers,5,26.8,
2012-05-29 15:00:00,26.8,19.0,62,13,19.3,99.65,Mostly Cloudy,5,21.0,
2012-05-29 16:00:00,21.0,17.5,80,15,9.7,99.75,"Thunderstorms,Rain Showers",5,20.7,
2012-05-29 17:00:00,20.7,17.4,81,13,12.9,99.84,"Thunderstorms,Rain Showers",5,20.4,
2012-05-29 18:00:00,20.4,17.6,84,28,19.3,99.78,Rain Showers,5,20.1,
2012-05-29 19:00:00,20.1,17.8,87,24,16.1,99.76,Rain Showers,5,20.2,
2012-05-29 20:00:00,20.2,17.9,87,11,16.1,99.8,Cloudy,5,20.1,
2012-05-29 21:00:00,20.1,17.8,87,17,16.1,99.75,Cloudy,5,20.8,
2012-05-29 22:00:00,20.8,17.7,82,9,19.3,99.75,Cloudy,5,20.5,
2012-05-29 23:00:00,20.5,17.5,83,6,25.0,99.74,Cloudy,5,20.6,
2012-05-30 00:00:00,20.6,17.1,80,17,25.0,99.77,Cloudy,5,19.7,
2012-05-30 01:00:00,19.7,14.4,71,24,25.0,99.77,Mainly Clear,5,18.6,
2012-05-30 02:00:00,18.6,10.5,59,22,25.0,99.88,Mainly Clear,5,17.6,
2012-05-30 03:00:00,17.6,9.8,60,19,25.0,99.91,Mostly Cloudy,5,16.6,
2012-05-30 04:00:00,16.6,10.3,66,13,24.1,99.98,Mostly Cloudy,5,15.9,
2012-05-30 05:00:00,15.9,10.0,68,11,24.1,100.02,Mostly Cloudy,5,17.2,
2012-05-30 06:00:00,17.2,10.2,63,15,24.1,100.07,Mostly Cloudy,5,17.8,
2012-05-30 07:00:00,17.8,10.4,62,17,48.3,100.12,Mostly Cloudy,5,19.1,
2012-05-30 08:00:00,19.1,10.7,58,19,48.3,100.11,Mainly Clear,5,20.5,
2012-05-30 09:00:00,20.5,10.0,51,20,48.3,100.08,Clear,5,21.5,
2012-05-30 10:00:00,21.5,10.2,49,15,48.3,100.1,Mainly Clear,5,22.1,
2012-05-30 11:00:00,22.1,9.6,45,17,24.1,100.08,Clear,5,23.1,
2012-05-30 12:00:00,23.1,8.2,38,35,48.3,100.06,Mainly Clear,5,23.5,
2012-05-30 13:00:00,23.5,8.1,37,30,48.3,100.05,Clear,5,23.5,
2012-05-30 14:00:00,23.5,8.5,38,32,48.3,100.04,Clear,5,23.5,
2012-05-30 15:00:00,23.5,8.6,39,22,48.3,100.03,Mainly Clear,5,23.7,
2012-05-30 16:00:00,23.7,8.3,37,15,48.3,100.0,Clear,5,23.1,
2012-05-30 17:00:00,23.1,8.4,39,24,48.3,100.04,Clear,5,22.4,
2012-05-30 18:00:00,22.4,8.4,41,20,48.3,100.06,Mainly Clear,5,20.5,
2012-05-30 19:00:00,20.5,8.0,44,0,48.3,100.08,Mainly Clear,5,18.3,
2012-05-30 20:00:00,18.3,8.1,51,6,48.3,100.13,Mainly Clear,5,17.3,
2012-05-30 21:00:00,17.3,8.9,58,7,25.0,100.18,Mainly Clear,5,17.4,
2012-05-30 22:00:00,17.4,9.5,60,9,25.0,100.17,Mostly Cloudy,5,16.8,
2012-05-30 23:00:00,16.8,9.9,64,15,16.1,100.26,Rain Showers,5,16.7,
2012-05-31 00:00:00,16.7,10.5,67,6,25.0,100.28,Mostly Cloudy,5,16.3,
2012-05-31 01:00:00,16.3,10.8,70,7,25.0,100.31,Mostly Cloudy,5,15.6,
2012-05-31 02:00:00,15.6,11.2,75,4,25.0,100.32,Mostly Cloudy,5,15.5,
2012-05-31 03:00:00,15.5,9.5,67,9,25.0,100.3,Mostly Cloudy,5,13.6,
2012-05-31 04:00:00,13.6,8.5,71,11,24.1,100.34,Mainly Clear,5,13.9,
2012-05-31 05:00:00,13.9,8.2,68,9,48.3,100.44,Mainly Clear,5,14.4,
2012-05-31 06:00:00,14.4,8.3,67,15,48.3,100.5,Mainly Clear,5,13.1,
2012-05-31 07:00:00,13.1,8.9,76,15,24.1,100.61,Rain Showers,5,14.9,
2012-05-31 08:00:00,14.9,8.6,66,13,24.1,100.64,Mainly Clear,5,16.2,
2012-05-31 09:00:00,16.2,9.3,64,11,24.1,100.68,Mostly Cloudy,5,15.9,
2012-05-31 10:00:00,15.9,8.7,62,9,24.1,100.71,Mostly Cloudy,5,16.9,
2012-05-31 11:00:00,16.9,9.4,61,4,24.1,100.71,Mostly Cloudy,5,16.8,
2012-05-31 12:00:00,16.8,8.6,58,0,48.3,100.72,Mostly Cloudy,5,18.4,
2012-05-31 13:00:00,18.4,7.5,49,20,48.3,100.77,Mostly Cloudy,5,18.8,
2012-05-31 14:00:00,18.8,7.5,48,19,48.3,100.78,Mostly Cloudy,5,18.1,
2012-05-31 15:00:00,18.1,5.8,44,19,48.3,100.83,Mostly Cloudy,5,18.8,
2012-05-31 16:00:00,18.8,6.0,43,19,48.3,100.85,Mainly Clear,5,18.9,
2012-05-31 17:00:00,18.9,6.1,43,15,48.3,100.86,Mainly Clear,5,18.4,
2012-05-31 18:00:00,18.4,4.6,40,22,48.3,100.91,Mainly Clear,5,17.1,
2012-05-31 19:00:00,17.1,4.9,44,15,48.3,100.96,Mainly Clear,5,14.8,
2012-05-31 20:00:00,14.8,3.7,47,13,24.1,101.01,Mainly Clear,5,12.8,
2012-05-31 21:00:00,12.8,4.2,56,9,25.0,101.05,Clear,5,12.5,
2012-05-31 22:00:00,12.5,4.4,58,7,25.0,101.13,Clear,5,12.8,
2012-05-31 23:00:00,12.8,4.4,57,7,25.0,101.18,Clear,5,11.6,
2012-06-01 00:00:00,11.6,3.8,59,6,25.0,101.21,Clear,6,11.3,
2012-06-01 01:00:00,11.3,3.6,59,7,25.0,101.24,Clear,6,10.8,
2012-06-01 02:00:00,10.8,3.1,59,9,25.0,101.27,Mainly Clear,6,9.5,
2012-06-01 03:00:00,9.5,2.6,62,9,25.0,101.29,Mainly Clear,6,10.1,
2012-06-01 04:00:00,10.1,2.8,60,11,48.3,101.34,Mostly Cloudy,6,10.7,
2012-06-01 05:00:00,10.7,3.3,60,11,48.3,101.38,Cloudy,6,11.6,
2012-06-01 06:00:00,11.6,4.5,62,7,48.3,101.42,Cloudy,6,14.6,
2012-06-01 07:00:00,14.6,5.3,54,9,48.3,101.44,Cloudy,6,15.2,
2012-06-01 08:00:00,15.2,3.5,45,11,48.3,101.48,Cloudy,6,17.1,
2012-06-01 09:00:00,17.1,4.6,44,11,48.3,101.47,Cloudy,6,18.5,
2012-06-01 10:00:00,18.5,1.2,31,20,48.3,101.44,Mostly Cloudy,6,18.4,
2012-06-01 11:00:00,18.4,1.0,31,17,48.3,101.4,Cloudy,6,19.3,
2012-06-01 12:00:00,19.3,3.3,35,20,48.3,101.32,Cloudy,6,19.5,
2012-06-01 13:00:00,19.5,4.0,36,17,48.3,101.29,Cloudy,6,19.6,
2012-06-01 14:00:00,19.6,4.6,37,15,48.3,101.21,Cloudy,6,19.8,
2012-06-01 15:00:00,19.8,4.9,38,17,48.3,101.16,Cloudy,6,20.2,
2012-06-01 16:00:00,20.2,4.3,35,22,48.3,101.04,Cloudy,6,20.2,
2012-06-01 17:00:00,20.2,4.1,35,19,48.3,101.03,Cloudy,6,20.1,
2012-06-01 18:00:00,20.1,4.6,36,19,24.1,100.98,Cloudy,6,20.0,
2012-06-01 19:00:00,20.0,5.3,38,19,25.0,100.88,Cloudy,6,19.9,
2012-06-01 20:00:00,19.9,4.9,37,20,25.0,100.86,Cloudy,6,19.6,
2012-06-01 21:00:00,19.6,5.7,40,26,25.0,100.8,Rain,6,19.6,
2012-06-01 22:00:00,19.6,6.5,42,20,25.0,100.77,Cloudy,6,18.2,
2012-06-01 23:00:00,18.2,8.3,52,19,25.0,100.77,Rain,6,17.5,
2012-06-02 00:00:00,17.5,8.2,54,15,19.3,100.78,Rain,6,15.9,
2012-06-02 01:00:00,15.9,9.5,66,19,16.1,100.67,Rain,6,14.6,
2012-06-02 02:00:00,14.6,8.7,68,19,16.1,100.58,Rain,6,14.2,
2012-06-02 03:00:00,14.2,8.8,70,19,16.1,100.5,Rain,6,13.6,
2012-06-02 04:00:00,13.6,9.5,76,24,12.9,100.43,Rain,6,13.4,
2012-06-02 05:00:00,13.4,9.2,76,24,16.1,100.36,Rain,6,13.6,
2012-06-02 06:00:00,13.6,9.5,76,19,16.1,100.44,Rain,6,13.4,
2012-06-02 07:00:00,13.4,8.7,73,17,19.3,100.45,Rain,6,12.3,
2012-06-02 08:00:00,12.3,9.7,84,11,19.3,100.48,Rain,6,13.1,
2012-06-02 09:00:00,13.1,9.6,79,13,24.1,100.52,Cloudy,6,12.5,
2012-06-02 10:00:00,12.5,9.8,84,7,8.0,100.48,"Rain,Fog",6,12.5,
2012-06-02 11:00:00,12.5,10.3,86,7,16.1,100.48,Rain,6,12.8,
2012-06-02 12:00:00,12.8,10.5,86,9,24.1,100.43,Rain,6,13.1,
2012-06-02 13:00:00,13.1,10.9,86,11,24.1,100.43,Rain,6,13.6,
2012-06-02 14:00:00,13.6,10.9,84,20,24.1,100.39,Cloudy,6,13.9,
2012-06-02 15:00:00,13.9,10.9,82,17,24.1,100.38,Cloudy,6,13.5,
2012-06-02 16:00:00,13.5,11.0,85,22,24.1,100.35,Rain,6,13.5,
2012-06-02 17:00:00,13.5,11.0,85,17,24.1,100.36,Drizzle,6,13.1,
2012-06-02 18:00:00,13.1,11.1,88,19,6.4,100.38,"Drizzle,Fog",6,13.2,
2012-06-02 19:00:00,13.2,11.2,88,9,4.8,100.4,"Drizzle,Fog",6,12.9,
2012-06-02 20:00:00,12.9,10.5,85,4,19.3,100.4,Drizzle,6,13.0,
2012-06-02 21:00:00,13.0,10.7,86,7,25.0,100.41,Cloudy,6,13.3,
2012-06-02 22:00:00,13.3,10.4,83,15,25.0,100.34,Cloudy,6,13.1,
2012-06-02 23:00:00,13.1,10.2,83,6,25.0,100.33,Cloudy,6,13.1,
2012-06-03 00:00:00,13.1,10.4,84,9,19.3,100.33,Cloudy,6,13.0,
2012-06-03 01:00:00,13.0,10.9,87,6,19.3,100.29,Cloudy,6,13.1,
2012-06-03 02:00:00,13.1,11.0,87,6,19.3,100.26,Cloudy,6,12.9,
2012-06-03 03:00:00,12.9,10.6,86,4,19.3,100.23,Cloudy,6,13.0,
2012-06-03 04:00:00,13.0,10.4,84,7,19.3,100.2,Mostly Cloudy,6,12.0,
2012-06-03 05:00:00,12.0,9.9,87,0,19.3,100.24,Mostly Cloudy,6,13.6,
2012-06-03 06:00:00,13.6,10.9,84,9,24.1,100.25,Mostly Cloudy,6,14.6,
2012-06-03 07:00:00,14.6,10.5,76,15,24.1,100.25,Mostly Cloudy,6,14.9,
2012-06-03 08:00:00,14.9,10.3,74,13,24.1,100.24,Mostly Cloudy,6,16.1,
2012-06-03 09:00:00,16.1,10.9,71,11,24.1,100.2,Mostly Cloudy,6,17.7,
2012-06-03 10:00:00,17.7,11.0,65,13,48.3,100.19,Mostly Cloudy,6,18.2,
2012-06-03 11:00:00,18.2,10.4,60,11,48.3,100.14,Mostly Cloudy,6,18.4,
2012-06-03 12:00:00,18.4,9.8,57,9,48.3,100.12,Mostly Cloudy,6,18.9,
2012-06-03 13:00:00,18.9,10.8,59,24,48.3,100.07,Mostly Cloudy,6,19.6,
2012-06-03 14:00:00,19.6,10.5,56,24,48.3,100.04,Mostly Cloudy,6,18.5,
2012-06-03 15:00:00,18.5,10.4,59,24,48.3,100.02,Mostly Cloudy,6,18.3,
2012-06-03 16:00:00,18.3,10.3,60,33,48.3,100.01,Mostly Cloudy,6,17.8,
2012-06-03 17:00:00,17.8,9.3,57,30,48.3,100.03,Mostly Cloudy,6,16.6,
2012-06-03 18:00:00,16.6,9.6,63,30,48.3,100.13,Mostly Cloudy,6,15.3,
2012-06-03 19:00:00,15.3,8.8,65,28,25.0,100.2,Mostly Cloudy,6,14.1,
2012-06-03 20:00:00,14.1,7.4,64,32,25.0,100.27,Mostly Cloudy,6,13.8,
2012-06-03 21:00:00,13.8,7.1,64,28,25.0,100.29,Mostly Cloudy,6,13.6,
2012-06-03 22:00:00,13.6,6.9,64,30,25.0,100.32,Cloudy,6,13.3,
2012-06-03 23:00:00,13.3,6.9,65,30,25.0,100.31,Mostly Cloudy,6,12.8,
2012-06-04 00:00:00,12.8,7.3,69,33,25.0,100.34,Cloudy,6,11.9,
2012-06-04 01:00:00,11.9,7.7,75,19,25.0,100.33,Rain,6,11.8,
2012-06-04 02:00:00,11.8,7.6,75,22,25.0,100.32,Cloudy,6,11.5,
2012-06-04 03:00:00,11.5,7.5,76,24,25.0,100.32,Rain Showers,6,11.0,
2012-06-04 04:00:00,11.0,7.6,80,22,19.3,100.38,Rain,6,11.0,
2012-06-04 05:00:00,11.0,8.0,82,20,19.3,100.41,Rain,6,11.3,
2012-06-04 06:00:00,11.3,8.2,81,22,24.1,100.46,Cloudy,6,11.7,
2012-06-04 07:00:00,11.7,7.9,77,33,24.1,100.5,Rain,6,11.6,
2012-06-04 08:00:00,11.6,8.3,80,24,19.3,100.55,Rain,6,11.6,
2012-06-04 09:00:00,11.6,7.7,77,28,24.1,100.6,Rain,6,12.4,
2012-06-04 10:00:00,12.4,7.5,72,28,24.1,100.65,Cloudy,6,13.1,
2012-06-04 11:00:00,13.1,7.4,68,28,24.1,100.67,Cloudy,6,13.0,
2012-06-04 12:00:00,13.0,7.3,68,22,24.1,100.7,Rain Showers,6,13.0,
2012-06-04 13:00:00,13.0,7.4,69,24,24.1,100.75,Rain,6,14.3,
2012-06-04 14:00:00,14.3,7.3,63,20,24.1,100.73,Cloudy,6,15.8,
2012-06-04 15:00:00,15.8,7.2,57,22,24.1,100.73,Mostly Cloudy,6,16.0,
2012-06-04 16:00:00,16.0,6.6,54,22,24.1,100.71,Mostly Cloudy,6,15.9,
2012-06-04 17:00:00,15.9,7.1,56,22,24.1,100.71,Mostly Cloudy,6,16.5,
2012-06-04 18:00:00,16.5,7.1,54,15,48.3,100.74,Mostly Cloudy,6,16.3,
2012-06-04 19:00:00,16.3,6.9,54,20,48.3,100.77,Mostly Cloudy,6,15.6,
2012-06-04 20:00:00,15.6,7.3,58,13,24.1,100.8,Mainly Clear,6,14.5,
2012-06-04 21:00:00,14.5,7.5,63,15,25.0,100.84,Mainly Clear,6,14.6,
2012-06-04 22:00:00,14.6,6.4,58,17,25.0,100.83,Mostly Cloudy,6,14.6,
2012-06-04 23:00:00,14.6,5.9,56,11,25.0,100.83,Cloudy,6,13.8,
2012-06-05 00:00:00,13.8,4.9,55,13,25.0,100.83,Cloudy,6,13.7,
2012-06-05 01:00:00,13.7,7.1,64,15,25.0,100.82,Cloudy,6,12.7,
2012-06-05 02:00:00,12.7,6.3,65,13,25.0,100.82,Mostly Cloudy,6,11.4,
2012-06-05 03:00:00,11.4,6.7,73,15,25.0,100.85,Mainly Clear,6,10.7,
2012-06-05 04:00:00,10.7,6.5,75,13,24.1,100.87,Mainly Clear,6,10.7,
2012-06-05 05:00:00,10.7,6.7,76,13,24.1,100.94,Mainly Clear,6,12.6,
2012-06-05 06:00:00,12.6,7.1,69,15,48.3,100.98,Mainly Clear,6,14.3,
2012-06-05 07:00:00,14.3,6.5,59,20,48.3,100.99,Mainly Clear,6,15.9,
2012-06-05 08:00:00,15.9,6.4,53,26,48.3,101.02,Mainly Clear,6,17.4,
2012-06-05 09:00:00,17.4,6.9,50,19,48.3,101.01,Clear,6,18.8,
2012-06-05 10:00:00,18.8,6.7,45,19,48.3,100.99,Mainly Clear,6,19.8,
2012-06-05 11:00:00,19.8,5.3,39,26,48.3,101.0,Mainly Clear,6,20.3,
2012-06-05 12:00:00,20.3,4.9,36,20,48.3,100.97,Mainly Clear,6,21.3,
2012-06-05 13:00:00,21.3,3.8,32,15,48.3,100.93,Mainly Clear,6,21.6,
2012-06-05 14:00:00,21.6,4.4,32,7,48.3,100.88,Mainly Clear,6,21.9,
2012-06-05 15:00:00,21.9,4.4,32,11,48.3,100.83,Mainly Clear,6,22.6,
2012-06-05 16:00:00,22.6,6.2,35,4,48.3,100.75,Mainly Clear,6,22.2,
2012-06-05 17:00:00,22.2,5.4,34,15,48.3,100.74,Mostly Cloudy,6,20.9,
2012-06-05 18:00:00,20.9,6.8,40,11,48.3,100.76,Rain Showers,6,17.0,
2012-06-05 19:00:00,17.0,10.3,65,22,24.1,100.89,Rain Showers,6,15.6,
2012-06-05 20:00:00,15.6,11.6,77,9,24.1,100.88,Rain Showers,6,16.3,
2012-06-05 21:00:00,16.3,9.9,66,6,25.0,100.9,Mostly Cloudy,6,14.7,
2012-06-05 22:00:00,14.7,11.0,78,7,25.0,100.95,Mostly Cloudy,6,16.4,
2012-06-05 23:00:00,16.4,9.3,63,15,25.0,100.97,Mostly Cloudy,6,14.7,
2012-06-06 00:00:00,14.7,7.9,64,9,25.0,100.97,Mostly Cloudy,6,13.8,
2012-06-06 01:00:00,13.8,7.2,64,9,25.0,100.97,Mostly Cloudy,6,12.6,
2012-06-06 02:00:00,12.6,6.6,67,11,25.0,100.99,Mostly Cloudy,6,11.0,
2012-06-06 03:00:00,11.0,6.8,75,9,25.0,100.99,Mostly Cloudy,6,11.2,
2012-06-06 04:00:00,11.2,6.9,75,6,24.1,101.03,Mostly Cloudy,6,12.0,
2012-06-06 05:00:00,12.0,7.2,72,9,48.3,101.05,Mostly Cloudy,6,12.4,
2012-06-06 06:00:00,12.4,7.7,73,15,24.1,101.07,Mostly Cloudy,6,14.1,
2012-06-06 07:00:00,14.1,8.3,68,13,24.1,101.1,Mainly Clear,6,15.3,
2012-06-06 08:00:00,15.3,9.6,69,7,24.1,101.14,Mainly Clear,6,16.1,
2012-06-06 09:00:00,16.1,9.6,65,9,24.1,101.13,Mainly Clear,6,17.6,
2012-06-06 10:00:00,17.6,9.7,60,11,24.1,101.12,Mainly Clear,6,19.4,
2012-06-06 11:00:00,19.4,9.4,52,7,24.1,101.08,Mainly Clear,6,19.8,
2012-06-06 12:00:00,19.8,9.7,52,9,24.1,101.05,Mainly Clear,6,19.6,
2012-06-06 13:00:00,19.6,9.6,52,0,24.1,101.01,Mainly Clear,6,20.6,
2012-06-06 14:00:00,20.6,9.8,50,4,48.3,100.94,Mostly Cloudy,6,20.3,
2012-06-06 15:00:00,20.3,9.3,49,7,48.3,100.89,Mostly Cloudy,6,21.3,
2012-06-06 16:00:00,21.3,8.2,43,13,48.3,100.9,Mostly Cloudy,6,20.6,
2012-06-06 17:00:00,20.6,7.4,42,11,24.1,100.91,Mostly Cloudy,6,20.0,
2012-06-06 18:00:00,20.0,7.6,45,15,24.1,100.95,Mostly Cloudy,6,18.9,
2012-06-06 19:00:00,18.9,7.8,48,15,24.1,101.0,Mostly Cloudy,6,17.4,
2012-06-06 20:00:00,17.4,9.6,60,9,24.1,101.04,Rain Showers,6,16.3,
2012-06-06 21:00:00,16.3,9.7,65,11,25.0,101.04,Mostly Cloudy,6,17.4,
2012-06-06 22:00:00,17.4,9.3,59,9,25.0,101.04,Cloudy,6,17.1,
2012-06-06 23:00:00,17.1,9.1,59,11,25.0,101.05,Rain Showers,6,14.9,
2012-06-07 00:00:00,14.9,9.0,68,9,25.0,101.06,Mainly Clear,6,13.3,
2012-06-07 01:00:00,13.3,9.2,76,7,25.0,101.06,Mainly Clear,6,12.8,
2012-06-07 02:00:00,12.8,9.4,80,11,25.0,101.04,Clear,6,12.3,
2012-06-07 03:00:00,12.3,8.9,80,17,25.0,101.02,Clear,6,12.0,
2012-06-07 04:00:00,12.0,8.3,78,9,24.1,101.05,Mainly Clear,6,11.3,
2012-06-07 05:00:00,11.3,8.1,81,11,48.3,101.11,Mainly Clear,6,12.3,
2012-06-07 06:00:00,12.3,8.4,77,13,48.3,101.12,Mainly Clear,6,13.9,
2012-06-07 07:00:00,13.9,8.4,69,4,24.1,101.13,Mainly Clear,6,15.9,
2012-06-07 08:00:00,15.9,9.2,64,11,24.1,101.12,Mainly Clear,6,17.5,
2012-06-07 09:00:00,17.5,9.5,59,6,48.3,101.09,Mainly Clear,6,19.4,
2012-06-07 10:00:00,19.4,9.6,53,6,48.3,101.05,Mainly Clear,6,20.1,
2012-06-07 11:00:00,20.1,10.5,54,7,48.3,101.02,Mainly Clear,6,20.8,
2012-06-07 12:00:00,20.8,10.1,50,13,48.3,100.98,Mainly Clear,6,21.6,
2012-06-07 13:00:00,21.6,10.9,51,11,48.3,100.92,Mainly Clear,6,22.7,
2012-06-07 14:00:00,22.7,9.4,43,11,48.3,100.86,Mainly Clear,6,22.3,
2012-06-07 15:00:00,22.3,9.3,43,13,48.3,100.8,Mainly Clear,6,22.8,
2012-06-07 16:00:00,22.8,9.2,42,15,48.3,100.74,Mainly Clear,6,22.6,
2012-06-07 17:00:00,22.6,8.9,42,11,48.3,100.69,Mostly Cloudy,6,22.0,
2012-06-07 18:00:00,22.0,7.9,40,9,48.3,100.67,Mostly Cloudy,6,22.2,
2012-06-07 19:00:00,22.2,9.0,43,11,48.3,100.67,Mostly Cloudy,6,21.7,
2012-06-07 20:00:00,21.7,9.4,45,11,24.1,100.66,Mostly Cloudy,6,18.6,
2012-06-07 21:00:00,18.6,10.4,59,30,25.0,100.74,Mostly Cloudy,6,16.4,
2012-06-07 22:00:00,16.4,11.6,73,17,25.0,100.74,Rain Showers,6,16.3,
2012-06-07 23:00:00,16.3,12.2,77,17,25.0,100.78,Rain,6,15.9,
2012-06-08 00:00:00,15.9,13.1,83,13,25.0,100.68,Mostly Cloudy,6,15.7,
2012-06-08 01:00:00,15.7,12.9,83,7,25.0,100.65,Clear,6,15.3,
2012-06-08 02:00:00,15.3,12.9,86,11,25.0,100.6,Clear,6,14.1,
2012-06-08 03:00:00,14.1,11.7,85,7,25.0,100.56,Mainly Clear,6,13.9,
2012-06-08 04:00:00,13.9,11.0,83,7,24.1,100.58,Mainly Clear,6,14.4,
2012-06-08 05:00:00,14.4,11.2,81,7,48.3,100.58,Mainly Clear,6,16.2,
2012-06-08 06:00:00,16.2,11.7,75,17,48.3,100.58,Mostly Cloudy,6,16.7,
2012-06-08 07:00:00,16.7,11.3,70,22,48.3,100.56,Mostly Cloudy,6,17.3,
2012-06-08 08:00:00,17.3,11.5,69,22,48.3,100.54,Mostly Cloudy,6,17.7,
2012-06-08 09:00:00,17.7,12.6,72,17,24.1,100.53,Cloudy,6,18.3,
2012-06-08 10:00:00,18.3,12.7,70,13,24.1,100.53,Cloudy,6,18.6,
2012-06-08 11:00:00,18.6,12.9,69,17,24.1,100.53,Cloudy,6,19.5,
2012-06-08 12:00:00,19.5,13.7,69,17,24.1,100.46,Cloudy,6,20.5,
2012-06-08 13:00:00,20.5,14.4,68,20,24.1,100.33,Mostly Cloudy,6,20.2,
2012-06-08 14:00:00,20.2,12.8,62,17,24.1,100.25,Cloudy,6,19.4,
2012-06-08 15:00:00,19.4,12.8,66,20,12.9,100.33,Rain Showers,6,18.4,
2012-06-08 16:00:00,18.4,13.4,73,4,24.1,100.22,Mostly Cloudy,6,20.0,
2012-06-08 17:00:00,20.0,14.3,70,7,24.1,100.22,Mostly Cloudy,6,19.0,
2012-06-08 18:00:00,19.0,14.4,75,0,24.1,100.17,Mostly Cloudy,6,19.0,
2012-06-08 19:00:00,19.0,12.0,64,15,24.1,100.28,Mainly Clear,6,16.0,
2012-06-08 20:00:00,16.0,9.9,67,9,24.1,100.34,Mainly Clear,6,14.1,
2012-06-08 21:00:00,14.1,8.3,68,9,25.0,100.41,Clear,6,13.5,
2012-06-08 22:00:00,13.5,7.8,68,6,25.0,100.48,Clear,6,12.0,
2012-06-08 23:00:00,12.0,7.6,74,9,25.0,100.5,Clear,6,12.8,
2012-06-09 00:00:00,12.8,8.0,73,6,25.0,100.51,Clear,6,12.9,
2012-06-09 01:00:00,12.9,8.0,72,0,25.0,100.53,Clear,6,12.2,
2012-06-09 02:00:00,12.2,7.8,74,0,25.0,100.54,Clear,6,11.5,
2012-06-09 03:00:00,11.5,7.3,75,0,25.0,100.56,Clear,6,10.0,
2012-06-09 04:00:00,10.0,6.9,81,0,25.0,100.6,Mainly Clear,6,11.1,
2012-06-09 05:00:00,11.1,8.0,81,6,48.3,100.68,Mainly Clear,6,14.2,
2012-06-09 06:00:00,14.2,9.4,73,0,48.3,100.71,Mainly Clear,6,16.0,
2012-06-09 07:00:00,16.0,9.7,66,6,48.3,100.76,Mainly Clear,6,18.4,
2012-06-09 08:00:00,18.4,8.9,54,4,48.3,100.79,Mainly Clear,6,19.3,
2012-06-09 09:00:00,19.3,7.8,47,0,48.3,100.81,Mainly Clear,6,21.0,
2012-06-09 10:00:00,21.0,10.1,50,4,48.3,100.78,Mainly Clear,6,21.2,
2012-06-09 11:00:00,21.2,9.5,47,15,48.3,100.76,Mostly Cloudy,6,22.2,
2012-06-09 12:00:00,22.2,9.2,43,17,48.3,100.73,Cloudy,6,23.0,
2012-06-09 13:00:00,23.0,7.6,37,19,48.3,100.71,Cloudy,6,23.2,
2012-06-09 14:00:00,23.2,7.2,36,7,48.3,100.68,Mostly Cloudy,6,23.8,
2012-06-09 15:00:00,23.8,5.6,31,20,48.3,100.67,Mainly Clear,6,23.9,
2012-06-09 16:00:00,23.9,6.5,33,17,48.3,100.68,Cloudy,6,23.8,
2012-06-09 17:00:00,23.8,7.2,34,17,48.3,100.69,Cloudy,6,23.6,
2012-06-09 18:00:00,23.6,7.1,35,11,48.3,100.73,Mainly Clear,6,21.8,
2012-06-09 19:00:00,21.8,7.6,40,9,48.3,100.75,Mostly Cloudy,6,18.5,
2012-06-09 20:00:00,18.5,8.2,51,6,48.3,100.8,Mainly Clear,6,19.4,
2012-06-09 21:00:00,19.4,6.8,44,6,25.0,100.87,Mainly Clear,6,17.0,
2012-06-09 22:00:00,17.0,6.6,50,4,25.0,100.93,Clear,6,16.9,
2012-06-09 23:00:00,16.9,7.8,55,4,25.0,100.97,Mainly Clear,6,15.8,
2012-06-10 00:00:00,15.8,9.2,65,6,25.0,101.03,Mainly Clear,6,15.6,
2012-06-10 01:00:00,15.6,9.3,66,4,25.0,101.07,Clear,6,13.7,
2012-06-10 02:00:00,13.7,9.9,78,0,25.0,101.08,Clear,6,14.3,
2012-06-10 03:00:00,14.3,11.6,84,4,25.0,101.11,Mainly Clear,6,12.4,
2012-06-10 04:00:00,12.4,10.3,87,4,25.0,101.15,Clear,6,13.9,
2012-06-10 05:00:00,13.9,9.1,73,6,48.3,101.24,Mainly Clear,6,16.6,
2012-06-10 06:00:00,16.6,9.6,63,0,48.3,101.36,Mainly Clear,6,18.0,
2012-06-10 07:00:00,18.0,8.8,55,4,48.3,101.42,Mainly Clear,6,20.2,
2012-06-10 08:00:00,20.2,9.5,50,6,48.3,101.45,Mainly Clear,6,21.2,
2012-06-10 09:00:00,21.2,10.3,50,6,48.3,101.45,Mainly Clear,6,23.5,
2012-06-10 10:00:00,23.5,11.8,48,7,48.3,101.42,Mainly Clear,6,24.6,
2012-06-10 11:00:00,24.6,7.4,33,7,48.3,101.45,Mostly Cloudy,6,25.4,
2012-06-10 12:00:00,25.4,7.8,33,7,48.3,101.41,Mainly Clear,6,25.5,
2012-06-10 13:00:00,25.5,5.8,28,11,48.3,101.38,Mostly Cloudy,6,26.5,
2012-06-10 14:00:00,26.5,5.9,27,6,48.3,101.4,Mostly Cloudy,6,26.5,
2012-06-10 15:00:00,26.5,9.2,34,6,48.3,101.42,Mainly Clear,6,26.8,
2012-06-10 16:00:00,26.8,10.7,37,6,48.3,101.41,Mainly Clear,6,26.6,
2012-06-10 17:00:00,26.6,10.0,35,6,48.3,101.37,Cloudy,6,26.5,
2012-06-10 18:00:00,26.5,9.3,34,15,48.3,101.39,Cloudy,6,26.0,
2012-06-10 19:00:00,26.0,9.0,34,9,48.3,101.47,Mostly Cloudy,6,25.3,
2012-06-10 20:00:00,25.3,7.5,32,9,48.3,101.47,Mostly Cloudy,6,22.8,
2012-06-10 21:00:00,22.8,8.4,40,7,25.0,101.51,Clear,6,22.7,
2012-06-10 22:00:00,22.7,8.9,41,9,25.0,101.5,Mainly Clear,6,23.0,
2012-06-10 23:00:00,23.0,8.9,41,11,25.0,101.5,Clear,6,21.7,
2012-06-11 00:00:00,21.7,9.0,44,6,25.0,101.49,Clear,6,20.4,
2012-06-11 01:00:00,20.4,9.2,49,0,25.0,101.45,Mainly Clear,6,18.9,
2012-06-11 02:00:00,18.9,10.5,58,7,25.0,101.47,Mainly Clear,6,18.5,
2012-06-11 03:00:00,18.5,10.9,61,9,25.0,101.45,Mostly Cloudy,6,18.1,
2012-06-11 04:00:00,18.1,10.7,62,11,24.1,101.47,Mostly Cloudy,6,17.5,
2012-06-11 05:00:00,17.5,11.8,69,11,24.1,101.54,Mainly Clear,6,19.5,
2012-06-11 06:00:00,19.5,12.7,65,7,48.3,101.58,Mainly Clear,6,19.4,
2012-06-11 07:00:00,19.4,13.8,70,11,48.3,101.63,Mostly Cloudy,6,20.2,
2012-06-11 08:00:00,20.2,14.5,70,9,48.3,101.64,Mostly Cloudy,6,22.4,
2012-06-11 09:00:00,22.4,15.6,65,7,24.1,101.63,Mostly Cloudy,6,24.8,
2012-06-11 10:00:00,24.8,16.3,59,4,24.1,101.58,Mostly Cloudy,6,26.6,
2012-06-11 11:00:00,26.6,17.2,56,4,24.1,101.54,Mostly Cloudy,6,27.3,
2012-06-11 12:00:00,27.3,17.5,55,7,24.1,101.47,Mostly Cloudy,6,28.7,
2012-06-11 13:00:00,28.7,18.3,53,15,24.1,101.4,Cloudy,6,29.4,
2012-06-11 14:00:00,29.4,18.3,51,17,48.3,101.32,Mainly Clear,6,30.1,
2012-06-11 15:00:00,30.1,18.4,50,17,48.3,101.27,Mainly Clear,6,29.6,
2012-06-11 16:00:00,29.6,17.4,48,22,48.3,101.2,Mainly Clear,6,29.1,
2012-06-11 17:00:00,29.1,18.0,51,22,48.3,101.16,Mainly Clear,6,28.2,
2012-06-11 18:00:00,28.2,18.1,54,19,48.3,101.16,Mainly Clear,6,27.1,
2012-06-11 19:00:00,27.1,17.6,56,19,48.3,101.11,Mostly Cloudy,6,25.9,
2012-06-11 20:00:00,25.9,16.7,57,20,24.1,101.09,Cloudy,6,25.3,
2012-06-11 21:00:00,25.3,16.6,59,20,25.0,101.09,Mostly Cloudy,6,24.7,
2012-06-11 22:00:00,24.7,16.6,61,22,25.0,101.08,Mostly Cloudy,6,23.8,
2012-06-11 23:00:00,23.8,16.5,64,17,25.0,101.09,Mostly Cloudy,6,22.7,
2012-06-12 00:00:00,22.7,16.3,67,19,25.0,101.08,Mostly Cloudy,6,21.7,
2012-06-12 01:00:00,21.7,15.5,68,17,25.0,101.07,Mostly Cloudy,6,20.9,
2012-06-12 02:00:00,20.9,15.0,69,19,25.0,101.04,Mainly Clear,6,20.2,
2012-06-12 03:00:00,20.2,14.3,69,17,25.0,101.0,Mostly Cloudy,6,19.5,
2012-06-12 04:00:00,19.5,13.4,68,19,24.1,101.0,Mostly Cloudy,6,19.3,
2012-06-12 05:00:00,19.3,13.1,67,17,24.1,101.01,Mostly Cloudy,6,19.5,
2012-06-12 06:00:00,19.5,13.2,67,15,24.1,100.98,Mostly Cloudy,6,21.1,
2012-06-12 07:00:00,21.1,14.1,64,22,24.1,100.95,Mostly Cloudy,6,21.8,
2012-06-12 08:00:00,21.8,14.4,63,19,24.1,100.92,Cloudy,6,22.8,
2012-06-12 09:00:00,22.8,14.9,61,19,24.1,100.86,Cloudy,6,23.9,
2012-06-12 10:00:00,23.9,15.5,59,15,24.1,100.8,Mostly Cloudy,6,24.7,
2012-06-12 11:00:00,24.7,15.5,57,24,24.1,100.74,Cloudy,6,24.4,
2012-06-12 12:00:00,24.4,15.8,59,17,16.1,100.71,Rain Showers,6,19.8,
2012-06-12 13:00:00,19.8,16.7,82,19,6.4,100.73,Rain Showers,6,19.0,
2012-06-12 14:00:00,19.0,17.3,90,19,6.4,100.71,"Rain,Fog",6,19.1,
2012-06-12 15:00:00,19.1,17.3,89,15,6.4,100.67,"Rain,Fog",6,18.4,
2012-06-12 16:00:00,18.4,16.7,90,22,8.0,100.6,"Rain,Fog",6,18.2,
2012-06-12 17:00:00,18.2,16.3,89,20,12.9,100.57,Rain,6,18.2,
2012-06-12 18:00:00,18.2,16.3,89,20,9.7,100.55,"Rain,Fog",6,17.9,
2012-06-12 19:00:00,17.9,16.1,89,20,11.3,100.52,Rain,6,18.5,
2012-06-12 20:00:00,18.5,16.2,86,19,19.3,100.47,Cloudy,6,18.4,
2012-06-12 21:00:00,18.4,16.1,86,19,25.0,100.46,Cloudy,6,18.6,
2012-06-12 22:00:00,18.6,16.1,85,17,25.0,100.45,Cloudy,6,18.6,
2012-06-12 23:00:00,18.6,16.1,85,13,25.0,100.44,Mostly Cloudy,6,18.5,
2012-06-13 00:00:00,18.5,16.1,86,11,25.0,100.46,Mostly Cloudy,6,19.6,
2012-06-13 01:00:00,19.6,16.6,83,15,25.0,100.44,Cloudy,6,19.6,
2012-06-13 02:00:00,19.6,16.5,82,19,25.0,100.4,Cloudy,6,19.3,
2012-06-13 03:00:00,19.3,16.4,83,22,25.0,100.46,Cloudy,6,18.7,
2012-06-13 04:00:00,18.7,15.6,82,22,24.1,100.54,Mostly Cloudy,6,17.2,
2012-06-13 05:00:00,17.2,13.9,81,22,24.1,100.62,Mainly Clear,6,17.7,
2012-06-13 06:00:00,17.7,14.1,79,22,24.1,100.75,Mainly Clear,6,18.1,
2012-06-13 07:00:00,18.1,14.1,77,20,24.1,100.86,Mostly Cloudy,6,17.9,
2012-06-13 08:00:00,17.9,12.6,71,32,24.1,100.96,Mostly Cloudy,6,17.0,
2012-06-13 09:00:00,17.0,11.7,71,24,24.1,101.09,Mostly Cloudy,6,17.9,
2012-06-13 10:00:00,17.9,11.0,64,19,24.1,101.18,Mostly Cloudy,6,19.5,
2012-06-13 11:00:00,19.5,11.6,60,13,24.1,101.28,Mainly Clear,6,19.6,
2012-06-13 12:00:00,19.6,10.6,56,13,48.3,101.3,Mainly Clear,6,20.4,
2012-06-13 13:00:00,20.4,10.6,53,15,48.3,101.32,Mainly Clear,6,20.7,
2012-06-13 14:00:00,20.7,9.8,50,9,48.3,101.36,Mainly Clear,6,21.9,
2012-06-13 15:00:00,21.9,10.7,49,17,48.3,101.39,Mainly Clear,6,21.8,
2012-06-13 16:00:00,21.8,9.3,45,17,48.3,101.42,Mainly Clear,6,22.2,
2012-06-13 17:00:00,22.2,9.8,45,19,48.3,101.44,Mainly Clear,6,21.6,
2012-06-13 18:00:00,21.6,9.8,47,20,48.3,101.48,Mainly Clear,6,20.0,
2012-06-13 19:00:00,20.0,8.5,47,17,48.3,101.57,Clear,6,17.6,
2012-06-13 20:00:00,17.6,8.0,53,11,48.3,101.62,Clear,6,15.1,
2012-06-13 21:00:00,15.1,8.1,63,7,25.0,101.7,Clear,6,14.6,
2012-06-13 22:00:00,14.6,7.9,64,11,25.0,101.74,Clear,6,15.2,
2012-06-13 23:00:00,15.2,6.2,55,11,25.0,101.79,Clear,6,14.5,
2012-06-14 00:00:00,14.5,5.4,54,11,25.0,101.85,Clear,6,13.4,
2012-06-14 01:00:00,13.4,5.2,58,9,25.0,101.88,Clear,6,13.0,
2012-06-14 02:00:00,13.0,5.4,60,9,25.0,101.93,Clear,6,12.3,
2012-06-14 03:00:00,12.3,5.3,62,13,25.0,101.96,Clear,6,12.4,
2012-06-14 04:00:00,12.4,4.9,60,15,48.3,102.04,Clear,6,12.4,
2012-06-14 05:00:00,12.4,5.7,64,9,48.3,102.14,Clear,6,14.7,
2012-06-14 06:00:00,14.7,6.3,57,9,48.3,102.2,Clear,6,16.5,
2012-06-14 07:00:00,16.5,7.5,55,13,48.3,102.28,Clear,6,18.5,
2012-06-14 08:00:00,18.5,7.9,50,11,48.3,102.33,Clear,6,20.0,
2012-06-14 09:00:00,20.0,5.5,39,19,48.3,102.32,Clear,6,20.0,
2012-06-14 10:00:00,20.0,3.8,34,17,48.3,102.31,Clear,6,21.2,
2012-06-14 11:00:00,21.2,6.5,38,9,48.3,102.27,Clear,6,21.3,
2012-06-14 12:00:00,21.3,4.7,34,24,48.3,102.26,Clear,6,22.2,
2012-06-14 13:00:00,22.2,5.5,34,19,48.3,102.22,Clear,6,22.4,
2012-06-14 14:00:00,22.4,5.5,33,15,48.3,102.17,Clear,6,22.9,
2012-06-14 15:00:00,22.9,6.7,35,11,48.3,102.12,Clear,6,22.5,
2012-06-14 16:00:00,22.5,6.9,36,7,48.3,102.15,Clear,6,22.9,
2012-06-14 17:00:00,22.9,6.9,36,15,48.3,102.17,Clear,6,22.7,
2012-06-14 18:00:00,22.7,7.5,38,17,48.3,102.16,Clear,6,22.5,
2012-06-14 19:00:00,22.5,6.5,36,13,48.3,102.17,Clear,6,21.7,
2012-06-14 20:00:00,21.7,5.7,35,15,48.3,102.16,Clear,6,21.0,
2012-06-14 21:00:00,21.0,6.0,38,11,25.0,102.16,Clear,6,20.2,
2012-06-14 22:00:00,20.2,6.0,39,9,25.0,102.2,Clear,6,19.6,
2012-06-14 23:00:00,19.6,5.8,40,6,25.0,102.21,Clear,6,18.9,
2012-06-15 00:00:00,18.9,5.5,41,6,25.0,102.18,Clear,6,17.1,
2012-06-15 01:00:00,17.1,6.1,48,6,25.0,102.17,Clear,6,14.2,
2012-06-15 02:00:00,14.2,7.9,66,13,25.0,102.19,Clear,6,13.8,
2012-06-15 03:00:00,13.8,9.1,73,13,25.0,102.17,Clear,6,13.0,
2012-06-15 04:00:00,13.0,9.0,77,15,24.1,102.19,Clear,6,13.3,
2012-06-15 05:00:00,13.3,8.9,75,15,48.3,102.27,Clear,6,15.6,
2012-06-15 06:00:00,15.6,8.5,63,17,48.3,102.32,Clear,6,16.8,
2012-06-15 07:00:00,16.8,8.8,59,19,48.3,102.38,Clear,6,18.6,
2012-06-15 08:00:00,18.6,9.5,55,17,48.3,102.4,Mainly Clear,6,20.3,
2012-06-15 09:00:00,20.3,7.9,45,17,48.3,102.39,Mainly Clear,6,21.4,
2012-06-15 10:00:00,21.4,6.3,37,13,48.3,102.37,Mostly Cloudy,6,22.2,
2012-06-15 11:00:00,22.2,7.9,40,15,48.3,102.35,Mostly Cloudy,6,23.5,
2012-06-15 12:00:00,23.5,7.0,35,11,48.3,102.3,Mainly Clear,6,24.4,
2012-06-15 13:00:00,24.4,6.7,32,15,48.3,102.22,Mostly Cloudy,6,24.3,
2012-06-15 14:00:00,24.3,5.6,30,11,48.3,102.17,Cloudy,6,24.9,
2012-06-15 15:00:00,24.9,5.7,29,17,48.3,102.13,Cloudy,6,25.0,
2012-06-15 16:00:00,25.0,5.1,28,15,48.3,102.08,Cloudy,6,24.8,
2012-06-15 17:00:00,24.8,5.3,28,11,48.3,102.06,Cloudy,6,24.5,
2012-06-15 18:00:00,24.5,6.0,30,9,48.3,102.08,Cloudy,6,23.2,
2012-06-15 19:00:00,23.2,8.8,40,15,48.3,102.07,Cloudy,6,22.0,
2012-06-15 20:00:00,22.0,8.7,43,15,48.3,102.06,Mostly Cloudy,6,22.1,
2012-06-15 21:00:00,22.1,7.8,40,11,25.0,102.06,Mainly Clear,6,21.3,
2012-06-15 22:00:00,21.3,8.6,44,13,25.0,102.06,Mainly Clear,6,20.1,
2012-06-15 23:00:00,20.1,9.5,50,11,25.0,102.06,Clear,6,17.5,
2012-06-16 00:00:00,17.5,9.9,61,9,25.0,102.05,Clear,6,16.1,
2012-06-16 01:00:00,16.1,10.4,69,11,25.0,102.02,Mainly Clear,6,15.3,
2012-06-16 02:00:00,15.3,10.3,72,13,25.0,102.03,Clear,6,14.7,
2012-06-16 03:00:00,14.7,9.6,71,17,25.0,102.03,Mainly Clear,6,13.8,
2012-06-16 04:00:00,13.8,8.8,72,19,25.0,102.11,Mainly Clear,6,13.9,
2012-06-16 05:00:00,13.9,8.5,70,13,24.1,102.16,Mostly Cloudy,6,15.2,
2012-06-16 06:00:00,15.2,8.8,66,17,24.1,102.18,Mostly Cloudy,6,16.2,
2012-06-16 07:00:00,16.2,9.3,64,15,48.3,102.25,Mostly Cloudy,6,17.4,
2012-06-16 08:00:00,17.4,9.5,60,9,48.3,102.23,Mostly Cloudy,6,18.9,
2012-06-16 09:00:00,18.9,10.7,59,11,48.3,102.2,Cloudy,6,21.6,
2012-06-16 10:00:00,21.6,12.0,54,4,48.3,102.15,Cloudy,6,21.9,
2012-06-16 11:00:00,21.9,11.6,52,6,48.3,102.1,Cloudy,6,23.8,
2012-06-16 12:00:00,23.8,13.1,51,6,48.3,102.04,Mostly Cloudy,6,24.6,
2012-06-16 13:00:00,24.6,12.5,47,9,48.3,101.96,Cloudy,6,24.9,
2012-06-16 14:00:00,24.9,13.5,49,6,48.3,101.91,Mostly Cloudy,6,26.0,
2012-06-16 15:00:00,26.0,13.6,46,6,48.3,101.84,Mostly Cloudy,6,26.5,
2012-06-16 16:00:00,26.5,11.0,38,7,48.3,101.77,Mostly Cloudy,6,26.5,
2012-06-16 17:00:00,26.5,11.3,39,4,48.3,101.73,Mostly Cloudy,6,26.2,
2012-06-16 18:00:00,26.2,12.1,41,6,48.3,101.71,Mainly Clear,6,25.0,
2012-06-16 19:00:00,25.0,13.0,47,7,48.3,101.66,Mainly Clear,6,23.1,
2012-06-16 20:00:00,23.1,11.8,49,4,48.3,101.62,Mainly Clear,6,20.8,
2012-06-16 21:00:00,20.8,12.3,58,0,25.0,101.6,Clear,6,21.5,
2012-06-16 22:00:00,21.5,11.9,54,9,25.0,101.6,Mainly Clear,6,20.9,
2012-06-16 23:00:00,20.9,12.9,60,0,25.0,101.58,Mainly Clear,6,19.3,
2012-06-17 00:00:00,19.3,12.6,65,0,25.0,101.55,Mainly Clear,6,19.8,
2012-06-17 01:00:00,19.8,13.7,68,7,25.0,101.52,Mainly Clear,6,18.6,
2012-06-17 02:00:00,18.6,13.5,72,11,25.0,101.48,Mainly Clear,6,18.4,
2012-06-17 03:00:00,18.4,13.7,74,13,25.0,101.45,Clear,6,17.4,
2012-06-17 04:00:00,17.4,13.4,77,9,24.1,101.46,Mainly Clear,6,17.3,
2012-06-17 05:00:00,17.3,13.7,79,6,48.3,101.47,Mainly Clear,6,18.9,
2012-06-17 06:00:00,18.9,14.1,74,9,48.3,101.51,Mainly Clear,6,20.2,
2012-06-17 07:00:00,20.2,14.4,69,11,48.3,101.52,Mainly Clear,6,22.2,
2012-06-17 08:00:00,22.2,15.1,64,9,48.3,101.5,Mainly Clear,6,23.4,
2012-06-17 09:00:00,23.4,15.3,60,9,48.3,101.47,Mainly Clear,6,25.0,
2012-06-17 10:00:00,25.0,16.1,58,9,48.3,101.43,Mainly Clear,6,25.7,
2012-06-17 11:00:00,25.7,16.3,56,9,48.3,101.39,Cloudy,6,26.0,
2012-06-17 12:00:00,26.0,16.3,55,6,48.3,101.33,Cloudy,6,26.6,
2012-06-17 13:00:00,26.6,16.7,55,11,48.3,101.23,Mostly Cloudy,6,26.1,
2012-06-17 14:00:00,26.1,16.5,55,17,48.3,101.17,Cloudy,6,27.0,
2012-06-17 15:00:00,27.0,16.8,54,17,48.3,101.1,Cloudy,6,27.4,
2012-06-17 16:00:00,27.4,16.3,51,20,48.3,101.02,Cloudy,6,26.2,
2012-06-17 17:00:00,26.2,14.7,49,19,48.3,100.97,Cloudy,6,26.0,
2012-06-17 18:00:00,26.0,15.9,54,17,48.3,100.92,Cloudy,6,25.5,
2012-06-17 19:00:00,25.5,16.4,57,17,48.3,100.91,Cloudy,6,24.5,
2012-06-17 20:00:00,24.5,15.1,56,15,48.3,100.95,Cloudy,6,24.1,
2012-06-17 21:00:00,24.1,14.1,54,19,25.0,100.99,Mostly Cloudy,6,23.4,
2012-06-17 22:00:00,23.4,13.8,55,22,25.0,101.0,Mostly Cloudy,6,23.2,
2012-06-17 23:00:00,23.2,13.7,55,13,25.0,101.03,Mostly Cloudy,6,21.7,
2012-06-18 00:00:00,21.7,13.4,59,15,25.0,101.04,Mainly Clear,6,20.5,
2012-06-18 01:00:00,20.5,13.4,64,13,25.0,101.07,Mainly Clear,6,19.7,
2012-06-18 02:00:00,19.7,13.5,67,19,25.0,101.08,Mainly Clear,6,19.3,
2012-06-18 03:00:00,19.3,13.4,69,17,25.0,101.06,Mainly Clear,6,18.4,
2012-06-18 04:00:00,18.4,13.3,72,17,25.0,101.1,Mainly Clear,6,17.9,
2012-06-18 05:00:00,17.9,13.2,74,19,24.1,101.12,Mostly Cloudy,6,18.2,
2012-06-18 06:00:00,18.2,13.3,73,20,24.1,101.14,Mostly Cloudy,6,19.3,
2012-06-18 07:00:00,19.3,13.4,69,17,48.3,101.16,Mostly Cloudy,6,20.6,
2012-06-18 08:00:00,20.6,14.0,66,17,48.3,101.17,Mostly Cloudy,6,22.0,
2012-06-18 09:00:00,22.0,14.4,62,17,48.3,101.15,Mostly Cloudy,6,22.6,
2012-06-18 10:00:00,22.6,14.2,59,19,48.3,101.15,Mostly Cloudy,6,24.0,
2012-06-18 11:00:00,24.0,14.9,57,19,24.1,101.14,Mostly Cloudy,6,25.3,
2012-06-18 12:00:00,25.3,14.8,52,19,24.1,101.13,Mostly Cloudy,6,25.3,
2012-06-18 13:00:00,25.3,14.2,50,20,24.1,101.06,Mostly Cloudy,6,26.1,
2012-06-18 14:00:00,26.1,14.0,47,22,24.1,101.06,Mostly Cloudy,6,25.8,
2012-06-18 15:00:00,25.8,13.4,46,24,24.1,101.02,Mostly Cloudy,6,25.6,
2012-06-18 16:00:00,25.6,13.6,47,24,24.1,100.98,Mainly Clear,6,25.2,
2012-06-18 17:00:00,25.2,13.5,48,20,24.1,100.95,Mainly Clear,6,24.1,
2012-06-18 18:00:00,24.1,13.1,50,22,24.1,100.96,Mostly Cloudy,6,23.2,
2012-06-18 19:00:00,23.2,13.1,53,20,24.1,100.97,Mostly Cloudy,6,22.3,
2012-06-18 20:00:00,22.3,13.2,56,7,24.1,100.99,Cloudy,6,21.8,
2012-06-18 21:00:00,21.8,13.4,59,9,25.0,101.02,Mainly Clear,6,21.5,
2012-06-18 22:00:00,21.5,14.0,62,13,25.0,101.02,Mainly Clear,6,21.5,
2012-06-18 23:00:00,21.5,14.7,65,13,25.0,101.13,Mostly Cloudy,6,20.8,
2012-06-19 00:00:00,20.8,14.7,68,13,25.0,101.14,Mostly Cloudy,6,20.0,
2012-06-19 01:00:00,20.0,14.6,71,9,25.0,101.17,Mostly Cloudy,6,19.1,
2012-06-19 02:00:00,19.1,14.3,74,9,25.0,101.11,Clear,6,18.3,
2012-06-19 03:00:00,18.3,14.1,76,9,25.0,101.12,Clear,6,18.1,
2012-06-19 04:00:00,18.1,13.6,75,9,24.1,101.13,Mostly Cloudy,6,18.0,
2012-06-19 05:00:00,18.0,13.7,76,6,25.0,101.19,Mostly Cloudy,6,18.8,
2012-06-19 06:00:00,18.8,14.1,74,9,24.1,101.19,Cloudy,6,19.6,
2012-06-19 07:00:00,19.6,14.3,71,22,24.1,101.01,Mostly Cloudy,6,20.7,
2012-06-19 08:00:00,20.7,14.8,69,6,24.1,101.12,Cloudy,6,22.0,
2012-06-19 09:00:00,22.0,15.5,67,15,24.1,101.03,Cloudy,6,23.2,
2012-06-19 10:00:00,23.2,16.0,64,13,24.1,100.98,Cloudy,6,24.3,
2012-06-19 11:00:00,24.3,16.3,61,11,24.1,101.0,Cloudy,6,25.3,
2012-06-19 12:00:00,25.3,17.0,60,9,24.1,100.99,Cloudy,6,25.8,
2012-06-19 13:00:00,25.8,17.9,62,15,24.1,100.99,Cloudy,6,26.5,
2012-06-19 14:00:00,26.5,18.9,63,11,24.1,101.01,Cloudy,6,28.1,
2012-06-19 15:00:00,28.1,19.2,58,20,24.1,100.92,Mostly Cloudy,6,27.7,
2012-06-19 16:00:00,27.7,19.0,59,17,24.1,100.87,Mostly Cloudy,6,28.0,
2012-06-19 17:00:00,28.0,19.4,60,19,24.1,100.91,Mostly Cloudy,6,27.9,
2012-06-19 18:00:00,27.9,19.1,59,19,24.1,100.93,Cloudy,6,27.0,
2012-06-19 19:00:00,27.0,19.0,62,20,24.1,100.94,Mostly Cloudy,6,26.1,
2012-06-19 20:00:00,26.1,19.2,66,19,24.1,100.85,Cloudy,6,25.9,
2012-06-19 21:00:00,25.9,19.3,67,11,25.0,100.81,Cloudy,6,25.5,
2012-06-19 22:00:00,25.5,19.3,69,9,25.0,100.86,Mostly Cloudy,6,25.3,
2012-06-19 23:00:00,25.3,19.3,69,13,25.0,100.89,Cloudy,6,25.0,
2012-06-20 00:00:00,25.0,18.8,68,17,25.0,100.82,Mostly Cloudy,6,25.0,
2012-06-20 01:00:00,25.0,18.5,67,19,25.0,100.87,Mainly Clear,6,24.1,
2012-06-20 02:00:00,24.1,18.3,70,24,25.0,100.88,Clear,6,23.7,
2012-06-20 03:00:00,23.7,18.4,72,20,25.0,100.9,Mainly Clear,6,23.1,
2012-06-20 04:00:00,23.1,18.2,74,13,24.1,100.97,Mainly Clear,6,23.0,
2012-06-20 05:00:00,23.0,18.1,74,19,24.1,101.01,Mainly Clear,6,24.2,
2012-06-20 06:00:00,24.2,18.2,69,22,48.3,101.04,Mainly Clear,6,25.4,
2012-06-20 07:00:00,25.4,18.1,64,24,48.3,101.07,Mostly Cloudy,6,25.3,
2012-06-20 08:00:00,25.3,18.0,64,19,48.3,101.1,Mostly Cloudy,6,26.3,
2012-06-20 09:00:00,26.3,18.5,62,17,24.1,101.09,Mostly Cloudy,6,27.4,
2012-06-20 10:00:00,27.4,19.3,61,9,24.1,101.06,Mostly Cloudy,6,28.5,
2012-06-20 11:00:00,28.5,19.8,59,17,24.1,101.06,Mainly Clear,6,29.1,
2012-06-20 12:00:00,29.1,20.0,58,20,24.1,101.0,Mainly Clear,6,29.7,
2012-06-20 13:00:00,29.7,20.0,56,19,24.1,100.91,Clear,6,31.7,
2012-06-20 14:00:00,31.7,20.4,51,17,24.1,100.83,Clear,6,32.2,
2012-06-20 15:00:00,32.2,19.6,47,22,24.1,100.75,Mainly Clear,6,32.2,
2012-06-20 16:00:00,32.2,20.0,49,26,24.1,100.74,Mainly Clear,6,32.3,
2012-06-20 17:00:00,32.3,20.3,49,15,24.1,100.69,Mainly Clear,6,32.4,
2012-06-20 18:00:00,32.4,19.9,48,17,24.1,100.61,Mostly Cloudy,6,30.6,
2012-06-20 19:00:00,30.6,21.1,57,11,24.1,100.63,Mostly Cloudy,6,29.7,
2012-06-20 20:00:00,29.7,21.1,60,17,24.1,100.61,Mostly Cloudy,6,28.0,
2012-06-20 21:00:00,28.0,21.0,66,15,25.0,100.61,Mainly Clear,6,28.1,
2012-06-20 22:00:00,28.1,20.2,62,24,25.0,100.57,Clear,6,27.3,
2012-06-20 23:00:00,27.3,20.1,65,19,25.0,100.6,Mainly Clear,6,26.5,
2012-06-21 00:00:00,26.5,19.9,67,20,25.0,100.61,Mainly Clear,6,25.9,
2012-06-21 01:00:00,25.9,19.6,68,22,25.0,100.6,Clear,6,25.1,
2012-06-21 02:00:00,25.1,19.3,70,11,25.0,100.6,Mainly Clear,6,24.6,
2012-06-21 03:00:00,24.6,18.9,71,11,25.0,100.58,Mainly Clear,6,24.0,
2012-06-21 04:00:00,24.0,18.5,71,11,25.0,100.57,Mainly Clear,6,24.1,
2012-06-21 05:00:00,24.1,18.2,70,17,24.1,100.6,Mainly Clear,6,24.5,
2012-06-21 06:00:00,24.5,18.2,68,17,24.1,100.6,Mainly Clear,6,25.6,
2012-06-21 07:00:00,25.6,18.6,65,17,24.1,100.6,Mainly Clear,6,26.0,
2012-06-21 08:00:00,26.0,18.5,63,11,24.1,100.59,Mainly Clear,6,28.1,
2012-06-21 09:00:00,28.1,19.0,58,19,24.1,100.52,Mainly Clear,6,29.4,
2012-06-21 10:00:00,29.4,19.3,55,17,24.1,100.47,Clear,6,30.8,
2012-06-21 11:00:00,30.8,20.0,53,13,24.1,100.42,Mainly Clear,6,31.8,
2012-06-21 12:00:00,31.8,20.8,52,15,24.1,100.36,Mainly Clear,6,31.6,
2012-06-21 13:00:00,31.6,20.6,52,24,24.1,100.32,Mostly Cloudy,6,32.6,
2012-06-21 14:00:00,32.6,20.4,49,20,24.1,100.25,Mainly Clear,6,33.0,
2012-06-21 15:00:00,33.0,19.0,44,24,24.1,100.2,Mainly Clear,6,32.5,
2012-06-21 16:00:00,32.5,17.9,42,24,24.1,100.14,Mainly Clear,6,32.1,
2012-06-21 17:00:00,32.1,17.9,43,30,24.1,100.09,Mainly Clear,6,31.1,
2012-06-21 18:00:00,31.1,18.5,47,22,24.1,100.06,Clear,6,30.3,
2012-06-21 19:00:00,30.3,17.3,46,30,24.1,100.08,Clear,6,28.9,
2012-06-21 20:00:00,28.9,17.6,51,22,24.1,100.1,Mainly Clear,6,28.1,
2012-06-21 21:00:00,28.1,17.7,53,20,25.0,100.13,Mainly Clear,6,27.5,
2012-06-21 22:00:00,27.5,17.8,55,17,25.0,100.14,Mainly Clear,6,26.7,
2012-06-21 23:00:00,26.7,17.7,58,17,25.0,100.09,Clear,6,25.8,
2012-06-22 00:00:00,25.8,18.1,63,9,25.0,100.07,Clear,6,24.8,
2012-06-22 01:00:00,24.8,18.1,66,9,25.0,100.11,Mainly Clear,6,24.7,
2012-06-22 02:00:00,24.7,16.9,62,15,25.0,100.1,Mainly Clear,6,24.0,
2012-06-22 03:00:00,24.0,16.7,64,22,25.0,100.12,Mainly Clear,6,23.0,
2012-06-22 04:00:00,23.0,16.7,68,19,24.1,100.14,Mainly Clear,6,22.6,
2012-06-22 05:00:00,22.6,16.9,70,20,24.1,100.21,Mainly Clear,6,22.7,
2012-06-22 06:00:00,22.7,17.2,71,19,24.1,100.28,Mostly Cloudy,6,23.4,
2012-06-22 07:00:00,23.4,17.3,69,19,24.1,100.33,Mostly Cloudy,6,23.0,
2012-06-22 08:00:00,23.0,17.3,70,17,24.1,100.37,Mostly Cloudy,6,24.6,
2012-06-22 09:00:00,24.6,17.6,65,17,24.1,100.4,Mostly Cloudy,6,24.4,
2012-06-22 10:00:00,24.4,16.9,63,19,24.1,100.4,Mostly Cloudy,6,24.7,
2012-06-22 11:00:00,24.7,17.3,63,22,24.1,100.41,Mostly Cloudy,6,26.8,
2012-06-22 12:00:00,26.8,17.8,58,22,24.1,100.41,Mostly Cloudy,6,28.0,
2012-06-22 13:00:00,28.0,14.8,45,20,24.1,100.39,Mostly Cloudy,6,29.1,
2012-06-22 14:00:00,29.1,14.0,40,22,48.3,100.37,Mostly Cloudy,6,29.0,
2012-06-22 15:00:00,29.0,13.8,39,20,48.3,100.32,Mainly Clear,6,28.5,
2012-06-22 16:00:00,28.5,12.7,38,22,48.3,100.29,Mainly Clear,6,27.9,
2012-06-22 17:00:00,27.9,12.4,38,24,48.3,100.29,Mainly Clear,6,27.2,
2012-06-22 18:00:00,27.2,11.7,38,17,48.3,100.31,Mainly Clear,6,25.7,
2012-06-22 19:00:00,25.7,11.7,42,11,48.3,100.38,Mostly Cloudy,6,23.2,
2012-06-22 20:00:00,23.2,10.9,46,7,24.1,100.42,Mostly Cloudy,6,22.8,
2012-06-22 21:00:00,22.8,11.8,50,9,25.0,100.47,Mostly Cloudy,6,21.1,
2012-06-22 22:00:00,21.1,11.7,55,9,25.0,100.48,Mainly Clear,6,20.0,
2012-06-22 23:00:00,20.0,11.7,59,9,25.0,100.52,Mainly Clear,6,19.6,
2012-06-23 00:00:00,19.6,12.1,62,7,25.0,100.56,Mostly Cloudy,6,20.8,
2012-06-23 01:00:00,20.8,11.9,57,9,25.0,100.6,Mainly Clear,6,20.1,
2012-06-23 02:00:00,20.1,12.0,60,13,25.0,100.62,Mainly Clear,6,19.5,
2012-06-23 03:00:00,19.5,12.3,63,13,25.0,100.65,Mainly Clear,6,19.5,
2012-06-23 04:00:00,19.5,12.3,63,15,24.1,100.7,Mainly Clear,6,19.3,
2012-06-23 05:00:00,19.3,12.4,64,15,48.3,100.82,Mostly Cloudy,6,17.4,
2012-06-23 06:00:00,17.4,12.7,74,15,24.1,100.8,Rain Showers,6,18.6,
2012-06-23 07:00:00,18.6,13.7,73,11,48.3,100.84,Mostly Cloudy,6,20.0,
2012-06-23 08:00:00,20.0,12.6,62,15,48.3,100.89,Mostly Cloudy,6,21.5,
2012-06-23 09:00:00,21.5,11.8,54,15,48.3,100.9,Mostly Cloudy,6,22.2,
2012-06-23 10:00:00,22.2,11.7,51,7,48.3,100.91,Mostly Cloudy,6,23.8,
2012-06-23 11:00:00,23.8,11.4,46,11,48.3,100.89,Mostly Cloudy,6,25.1,
2012-06-23 12:00:00,25.1,9.8,38,13,48.3,100.85,Mostly Cloudy,6,25.6,
2012-06-23 13:00:00,25.6,9.6,36,19,48.3,100.84,Mainly Clear,6,26.1,
2012-06-23 14:00:00,26.1,7.1,30,15,48.3,100.82,Mainly Clear,6,26.4,
2012-06-23 15:00:00,26.4,5.7,27,13,48.3,100.86,Mostly Cloudy,6,26.5,
2012-06-23 16:00:00,26.5,5.9,27,22,48.3,100.84,Mostly Cloudy,6,26.4,
2012-06-23 17:00:00,26.4,4.4,24,15,48.3,100.83,Mainly Clear,6,25.8,
2012-06-23 18:00:00,25.8,3.6,24,20,48.3,100.82,Mainly Clear,6,25.8,
2012-06-23 19:00:00,25.8,3.5,24,13,48.3,100.84,Mainly Clear,6,23.5,
2012-06-23 20:00:00,23.5,5.4,31,6,48.3,100.88,Clear,6,20.1,
2012-06-23 21:00:00,20.1,7.3,43,0,25.0,100.95,Clear,6,19.6,
2012-06-23 22:00:00,19.6,7.5,45,0,25.0,100.99,Mainly Clear,6,18.8,
2012-06-23 23:00:00,18.8,8.5,51,0,25.0,101.01,Clear,6,18.3,
2012-06-24 00:00:00,18.3,8.4,52,0,25.0,101.0,Clear,6,17.6,
2012-06-24 01:00:00,17.6,8.7,56,6,25.0,101.02,Clear,6,14.1,
2012-06-24 02:00:00,14.1,8.7,70,4,25.0,101.01,Clear,6,14.9,
2012-06-24 03:00:00,14.9,9.1,68,0,25.0,101.02,Clear,6,14.4,
2012-06-24 04:00:00,14.4,9.0,70,11,48.3,101.04,Clear,6,14.0,
2012-06-24 05:00:00,14.0,9.2,73,6,48.3,101.04,Clear,6,17.8,
2012-06-24 06:00:00,17.8,10.5,62,4,48.3,101.04,Clear,6,20.0,
2012-06-24 07:00:00,20.0,12.2,61,7,48.3,101.03,Clear,6,22.2,
2012-06-24 08:00:00,22.2,10.6,48,7,48.3,101.03,Clear,6,23.2,
2012-06-24 09:00:00,23.2,12.7,52,11,48.3,101.0,Clear,6,24.3,
2012-06-24 10:00:00,24.3,13.0,49,15,48.3,100.97,Clear,6,26.3,
2012-06-24 11:00:00,26.3,12.0,41,17,48.3,100.91,Mainly Clear,6,27.1,
2012-06-24 12:00:00,27.1,8.4,31,9,48.3,100.82,Mainly Clear,6,27.3,
2012-06-24 13:00:00,27.3,9.9,34,17,48.3,100.75,Mostly Cloudy,6,26.8,
2012-06-24 14:00:00,26.8,9.4,33,19,48.3,100.67,Mostly Cloudy,6,26.7,
2012-06-24 15:00:00,26.7,8.9,33,22,48.3,100.63,Mostly Cloudy,6,26.4,
2012-06-24 16:00:00,26.4,8.7,33,19,24.1,100.61,Cloudy,6,21.5,
2012-06-24 17:00:00,21.5,11.8,54,32,24.1,100.69,Cloudy,6,19.4,
2012-06-24 18:00:00,19.4,12.7,65,26,24.1,100.71,Rain Showers,6,19.0,
2012-06-24 19:00:00,19.0,14.0,73,20,24.1,100.74,Rain,6,18.7,
2012-06-24 20:00:00,18.7,14.5,77,24,24.1,100.69,Rain,6,18.6,
2012-06-24 21:00:00,18.6,13.6,73,19,25.0,100.67,Cloudy,6,18.3,
2012-06-24 22:00:00,18.3,13.1,72,9,25.0,100.6,Cloudy,6,17.8,
2012-06-24 23:00:00,17.8,13.2,74,13,25.0,100.57,Cloudy,6,16.7,
2012-06-25 00:00:00,16.7,13.6,82,9,19.3,100.51,Rain Showers,6,15.7,
2012-06-25 01:00:00,15.7,13.6,87,9,19.3,100.41,Rain,6,15.7,
2012-06-25 02:00:00,15.7,13.8,88,7,12.9,100.32,Drizzle,6,15.9,
2012-06-25 03:00:00,15.9,14.2,90,9,11.3,100.26,Rain,6,16.1,
2012-06-25 04:00:00,16.1,14.1,88,15,19.3,100.21,Rain,6,16.4,
2012-06-25 05:00:00,16.4,14.3,87,15,19.3,100.21,Cloudy,6,16.7,
2012-06-25 06:00:00,16.7,14.3,86,15,24.1,100.19,Mostly Cloudy,6,17.2,
2012-06-25 07:00:00,17.2,13.8,80,15,24.1,100.18,Cloudy,6,18.7,
2012-06-25 08:00:00,18.7,13.9,74,17,24.1,100.16,Mainly Clear,6,18.8,
2012-06-25 09:00:00,18.8,13.0,69,26,24.1,100.13,Mostly Cloudy,6,17.9,
2012-06-25 10:00:00,17.9,12.8,72,24,24.1,100.12,Rain Showers,6,19.8,
2012-06-25 11:00:00,19.8,13.1,65,22,24.1,100.1,Mostly Cloudy,6,19.0,
2012-06-25 12:00:00,19.0,11.9,63,26,24.1,100.12,Mostly Cloudy,6,19.7,
2012-06-25 13:00:00,19.7,12.4,63,19,24.1,100.12,Mostly Cloudy,6,20.2,
2012-06-25 14:00:00,20.2,12.2,60,26,24.1,100.13,Mostly Cloudy,6,18.8,
2012-06-25 15:00:00,18.8,10.8,60,28,24.1,100.09,Mostly Cloudy,6,18.1,
2012-06-25 16:00:00,18.1,10.8,62,26,24.1,100.12,Mostly Cloudy,6,16.5,
2012-06-25 17:00:00,16.5,10.8,69,26,24.1,100.14,Cloudy,6,16.0,
2012-06-25 18:00:00,16.0,10.7,71,28,24.1,100.12,Cloudy,6,15.0,
2012-06-25 19:00:00,15.0,10.9,76,22,24.1,100.14,Cloudy,6,15.2,
2012-06-25 20:00:00,15.2,11.3,78,11,24.1,100.12,Cloudy,6,16.6,
2012-06-25 21:00:00,16.6,12.3,76,13,25.0,100.13,Cloudy,6,17.1,
2012-06-25 22:00:00,17.1,11.8,71,24,25.0,100.13,Cloudy,6,16.7,
2012-06-25 23:00:00,16.7,11.6,72,22,25.0,100.14,Cloudy,6,16.6,
2012-06-26 00:00:00,16.6,11.3,71,26,25.0,100.12,Cloudy,6,16.2,
2012-06-26 01:00:00,16.2,10.9,71,24,25.0,100.13,Cloudy,6,15.7,
2012-06-26 02:00:00,15.7,10.6,72,11,25.0,100.11,Cloudy,6,15.8,
2012-06-26 03:00:00,15.8,10.5,71,13,25.0,100.12,Cloudy,6,15.6,
2012-06-26 04:00:00,15.6,10.2,70,13,24.1,100.12,Cloudy,6,15.4,
2012-06-26 05:00:00,15.4,10.2,71,17,24.1,100.16,Cloudy,6,15.6,
2012-06-26 06:00:00,15.6,10.2,70,17,24.1,100.18,Mostly Cloudy,6,16.0,
2012-06-26 07:00:00,16.0,10.4,69,11,24.1,100.19,Mostly Cloudy,6,16.4,
2012-06-26 08:00:00,16.4,10.3,67,17,24.1,100.18,Cloudy,6,16.9,
2012-06-26 09:00:00,16.9,10.5,66,9,24.1,100.16,Cloudy,6,17.0,
2012-06-26 10:00:00,17.0,10.4,65,13,24.1,100.15,Cloudy,6,17.6,
2012-06-26 11:00:00,17.6,10.8,64,11,24.1,100.12,Cloudy,6,16.9,
2012-06-26 12:00:00,16.9,11.5,70,15,24.1,100.12,Rain,6,16.2,
2012-06-26 13:00:00,16.2,10.9,71,26,19.3,100.1,Cloudy,6,16.3,
2012-06-26 14:00:00,16.3,11.6,74,20,19.3,100.07,Drizzle,6,16.6,
2012-06-26 15:00:00,16.6,11.4,71,20,24.1,100.03,Cloudy,6,15.8,
2012-06-26 16:00:00,15.8,12.4,80,17,24.1,100.0,Cloudy,6,16.1,
2012-06-26 17:00:00,16.1,12.5,79,13,24.1,99.99,Rain Showers,6,15.6,
2012-06-26 18:00:00,15.6,12.6,82,13,19.3,99.99,Rain,6,15.4,
2012-06-26 19:00:00,15.4,12.6,83,15,19.3,99.93,Rain,6,15.3,
2012-06-26 20:00:00,15.3,12.8,85,15,24.1,99.9,Rain,6,15.4,
2012-06-26 21:00:00,15.4,12.9,85,15,12.9,99.9,Rain,6,15.4,
2012-06-26 22:00:00,15.4,12.8,84,15,16.1,99.85,Rain,6,15.4,
2012-06-26 23:00:00,15.4,12.8,84,15,19.3,99.8,Rain,6,15.7,
2012-06-27 00:00:00,15.7,12.9,83,17,19.3,99.75,Rain,6,15.7,
2012-06-27 01:00:00,15.7,12.9,83,13,19.3,99.72,Rain,6,15.6,
2012-06-27 02:00:00,15.6,12.7,83,11,19.3,99.69,Rain,6,15.3,
2012-06-27 03:00:00,15.3,12.7,84,9,19.3,99.69,Rain,6,15.2,
2012-06-27 04:00:00,15.2,12.4,83,13,19.3,99.72,Rain,6,15.2,
2012-06-27 05:00:00,15.2,12.2,82,17,24.1,99.76,Rain,6,15.4,
2012-06-27 06:00:00,15.4,12.2,81,15,24.1,99.79,Rain,6,16.3,
2012-06-27 07:00:00,16.3,12.2,77,20,24.1,99.81,Rain,6,18.0,
2012-06-27 08:00:00,18.0,12.9,72,28,24.1,99.83,Mostly Cloudy,6,18.0,
2012-06-27 09:00:00,18.0,12.0,68,20,24.1,99.86,Cloudy,6,18.7,
2012-06-27 10:00:00,18.7,13.0,69,20,24.1,99.89,Rain,6,17.8,
2012-06-27 11:00:00,17.8,13.5,76,24,24.1,99.93,Rain,6,19.8,
2012-06-27 12:00:00,19.8,13.5,67,20,19.3,99.92,Rain,6,19.3,
2012-06-27 13:00:00,19.3,14.4,73,13,19.3,99.96,Rain,6,19.1,
2012-06-27 14:00:00,19.1,14.7,76,19,19.3,99.99,Rain,6,19.6,
2012-06-27 15:00:00,19.6,15.1,75,19,24.1,100.02,Mostly Cloudy,6,20.3,
2012-06-27 16:00:00,20.3,14.2,68,20,24.1,100.03,Rain,6,19.9,
2012-06-27 17:00:00,19.9,14.3,70,20,24.1,100.05,Mostly Cloudy,6,21.1,
2012-06-27 18:00:00,21.1,14.1,64,15,24.1,100.06,Mostly Cloudy,6,19.4,
2012-06-27 19:00:00,19.4,13.8,70,17,24.1,100.09,Rain,6,19.3,
2012-06-27 20:00:00,19.3,13.2,68,11,24.1,100.13,Cloudy,6,19.3,
2012-06-27 21:00:00,19.3,12.7,66,13,25.0,100.19,Mostly Cloudy,6,18.7,
2012-06-27 22:00:00,18.7,13.4,71,11,25.0,100.19,Cloudy,6,17.5,
2012-06-27 23:00:00,17.5,14.1,80,9,25.0,100.17,Cloudy,6,17.2,
2012-06-28 00:00:00,17.2,14.0,81,6,25.0,100.17,Cloudy,6,17.7,
2012-06-28 01:00:00,17.7,13.3,75,11,25.0,100.15,Cloudy,6,17.6,
2012-06-28 02:00:00,17.6,13.4,76,7,25.0,100.16,Cloudy,6,17.5,
2012-06-28 03:00:00,17.5,13.3,76,6,25.0,100.18,Rain,6,17.7,
2012-06-28 04:00:00,17.7,13.9,78,11,25.0,100.2,Rain Showers,6,17.6,
2012-06-28 05:00:00,17.6,13.7,78,9,48.3,100.25,Mostly Cloudy,6,17.7,
2012-06-28 06:00:00,17.7,13.7,77,11,48.3,100.27,Mostly Cloudy,6,18.6,
2012-06-28 07:00:00,18.6,14.2,76,11,48.3,100.29,Mostly Cloudy,6,19.4,
2012-06-28 08:00:00,19.4,14.2,72,9,48.3,100.28,Mostly Cloudy,6,20.4,
2012-06-28 09:00:00,20.4,14.1,67,11,48.3,100.27,Mostly Cloudy,6,21.7,
2012-06-28 10:00:00,21.7,14.7,64,11,48.3,100.23,Mostly Cloudy,6,23.0,
2012-06-28 11:00:00,23.0,14.7,60,13,48.3,100.21,Mostly Cloudy,6,24.6,
2012-06-28 12:00:00,24.6,15.3,56,9,48.3,100.19,Mostly Cloudy,6,24.9,
2012-06-28 13:00:00,24.9,15.0,54,17,48.3,100.11,Mainly Clear,6,25.5,
2012-06-28 14:00:00,25.5,15.3,53,22,48.3,100.08,Mainly Clear,6,27.0,
2012-06-28 15:00:00,27.0,14.8,47,22,48.3,100.03,Mainly Clear,6,27.1,
2012-06-28 16:00:00,27.1,14.0,45,22,48.3,100.01,Mainly Clear,6,27.2,
2012-06-28 17:00:00,27.2,12.6,40,19,48.3,99.92,Mostly Cloudy,6,26.4,
2012-06-28 18:00:00,26.4,12.1,41,19,48.3,99.9,Mostly Cloudy,6,25.4,
2012-06-28 19:00:00,25.4,12.9,46,13,48.3,99.91,Mostly Cloudy,6,24.1,
2012-06-28 20:00:00,24.1,13.5,52,11,24.1,99.89,Mainly Clear,6,23.6,
2012-06-28 21:00:00,23.6,14.3,56,11,25.0,99.95,Mainly Clear,6,22.5,
2012-06-28 22:00:00,22.5,15.0,63,11,25.0,99.88,Mostly Cloudy,6,21.9,
2012-06-28 23:00:00,21.9,15.4,67,15,25.0,99.85,Mostly Cloudy,6,22.2,
2012-06-29 00:00:00,22.2,14.0,60,15,25.0,99.83,Rain Showers,6,21.1,
2012-06-29 01:00:00,21.1,14.7,67,4,25.0,99.75,Cloudy,6,20.3,
2012-06-29 02:00:00,20.3,15.3,73,7,25.0,99.71,Cloudy,6,19.5,
2012-06-29 03:00:00,19.5,16.1,81,7,9.7,99.71,"Thunderstorms,Rain Showers,Fog",6,18.8,
2012-06-29 04:00:00,18.8,16.5,86,9,24.1,99.68,Cloudy,6,18.9,
2012-06-29 05:00:00,18.9,16.4,85,13,24.1,99.71,Mostly Cloudy,6,19.7,
2012-06-29 06:00:00,19.7,16.7,83,17,24.1,99.72,Mostly Cloudy,6,21.4,
2012-06-29 07:00:00,21.4,16.7,75,20,24.1,99.65,Mainly Clear,6,22.8,
2012-06-29 08:00:00,22.8,17.4,72,24,24.1,99.61,Mainly Clear,6,24.8,
2012-06-29 09:00:00,24.8,18.0,66,24,24.1,99.55,Mainly Clear,6,25.5,
2012-06-29 10:00:00,25.5,18.3,64,26,48.3,99.52,Clear,6,26.5,
2012-06-29 11:00:00,26.5,19.2,64,26,24.1,99.51,Mainly Clear,6,27.3,
2012-06-29 12:00:00,27.3,18.5,59,32,24.1,99.47,Mostly Cloudy,6,28.6,
2012-06-29 13:00:00,28.6,18.2,53,37,48.3,99.46,Mainly Clear,6,29.8,
2012-06-29 14:00:00,29.8,17.1,46,33,48.3,99.44,Mainly Clear,6,30.7,
2012-06-29 15:00:00,30.7,14.6,38,32,48.3,99.42,Mainly Clear,6,31.1,
2012-06-29 16:00:00,31.1,13.0,33,28,48.3,99.39,Mainly Clear,6,30.2,
2012-06-29 17:00:00,30.2,12.2,33,30,48.3,99.43,Mainly Clear,6,29.8,
2012-06-29 18:00:00,29.8,12.5,35,24,48.3,99.45,Mainly Clear,6,28.5,
2012-06-29 19:00:00,28.5,12.3,37,17,48.3,99.45,Mainly Clear,6,27.6,
2012-06-29 20:00:00,27.6,13.4,42,9,25.0,99.51,Mainly Clear,6,26.5,
2012-06-29 21:00:00,26.5,15.3,50,22,25.0,99.58,Mainly Clear,6,25.7,
2012-06-29 22:00:00,25.7,14.0,48,22,25.0,99.59,Mostly Cloudy,6,24.5,
2012-06-29 23:00:00,24.5,13.5,50,17,25.0,99.61,Mainly Clear,6,23.1,
2012-06-30 00:00:00,23.1,11.9,49,20,25.0,99.63,Clear,6,22.6,
2012-06-30 01:00:00,22.6,11.4,49,15,25.0,99.68,Clear,6,22.0,
2012-06-30 02:00:00,22.0,11.5,51,17,25.0,99.67,Clear,6,21.2,
2012-06-30 03:00:00,21.2,12.3,57,17,25.0,99.66,Clear,6,20.5,
2012-06-30 04:00:00,20.5,13.0,62,20,48.3,99.7,Clear,6,20.8,
2012-06-30 05:00:00,20.8,12.4,59,26,48.3,99.83,Mostly Cloudy,6,21.6,
2012-06-30 06:00:00,21.6,13.2,59,28,48.3,99.85,Mostly Cloudy,6,22.1,
2012-06-30 07:00:00,22.1,13.8,59,20,48.3,99.86,Mostly Cloudy,6,23.4,
2012-06-30 08:00:00,23.4,14.4,57,26,48.3,99.88,Mostly Cloudy,6,24.2,
2012-06-30 09:00:00,24.2,13.9,53,26,48.3,99.83,Mainly Clear,6,25.1,
2012-06-30 10:00:00,25.1,14.5,52,30,48.3,99.83,Mainly Clear,6,26.3,
2012-06-30 11:00:00,26.3,14.9,50,26,48.3,99.79,Mainly Clear,6,27.6,
2012-06-30 12:00:00,27.6,15.5,48,26,48.3,99.74,Mainly Clear,6,28.0,
2012-06-30 13:00:00,28.0,14.8,45,30,48.3,99.68,Mainly Clear,6,29.9,
2012-06-30 14:00:00,29.9,13.8,37,33,48.3,99.67,Mainly Clear,6,28.8,
2012-06-30 15:00:00,28.8,13.2,38,28,24.1,99.66,Mostly Cloudy,6,29.0,
2012-06-30 16:00:00,29.0,13.1,38,26,48.3,99.65,Mostly Cloudy,6,24.8,
2012-06-30 17:00:00,24.8,17.6,64,11,48.3,99.69,Mostly Cloudy,6,24.3,
2012-06-30 18:00:00,24.3,16.2,61,22,24.1,99.79,Mostly Cloudy,6,23.9,
2012-06-30 19:00:00,23.9,16.6,64,7,48.3,99.86,Mostly Cloudy,6,22.9,
2012-06-30 20:00:00,22.9,16.2,66,6,25.0,99.92,Mostly Cloudy,6,23.6,
2012-06-30 21:00:00,23.6,16.3,64,13,25.0,100.02,Mostly Cloudy,6,23.3,
2012-06-30 22:00:00,23.3,15.3,61,7,25.0,100.04,Mostly Cloudy,6,22.3,
2012-06-30 23:00:00,22.3,15.6,66,4,25.0,100.07,Mostly Cloudy,6,22.0,
2012-07-01 00:00:00,22.0,15.7,67,0,25.0,100.1,Mostly Cloudy,7,21.1,
2012-07-01 01:00:00,21.1,16.8,76,6,25.0,100.14,Mostly Cloudy,7,20.4,
2012-07-01 02:00:00,20.4,16.1,76,9,24.1,100.16,Mostly Cloudy,7,20.2,
2012-07-01 03:00:00,20.2,13.8,67,7,25.0,100.22,Mostly Cloudy,7,20.0,
2012-07-01 04:00:00,20.0,12.3,61,6,24.1,100.27,Mostly Cloudy,7,20.2,
2012-07-01 05:00:00,20.2,12.3,60,0,24.1,100.32,Mostly Cloudy,7,21.0,
2012-07-01 06:00:00,21.0,12.9,60,7,24.1,100.41,Mostly Cloudy,7,21.3,
2012-07-01 07:00:00,21.3,13.4,61,11,24.1,100.46,Mostly Cloudy,7,21.6,
2012-07-01 08:00:00,21.6,13.1,58,6,24.1,100.5,Mainly Clear,7,22.9,
2012-07-01 09:00:00,22.9,13.0,54,4,48.3,100.51,Mainly Clear,7,23.4,
2012-07-01 10:00:00,23.4,13.5,54,13,48.3,100.5,Mainly Clear,7,24.6,
2012-07-01 11:00:00,24.6,14.4,53,19,48.3,100.5,Mainly Clear,7,24.2,
2012-07-01 12:00:00,24.2,13.4,51,22,48.3,100.54,Mainly Clear,7,25.4,
2012-07-01 13:00:00,25.4,14.0,49,22,48.3,100.55,Mainly Clear,7,25.1,
2012-07-01 14:00:00,25.1,13.9,50,17,48.3,100.56,Mainly Clear,7,24.7,
2012-07-01 15:00:00,24.7,14.0,51,15,48.3,100.56,Mostly Cloudy,7,24.7,
2012-07-01 16:00:00,24.7,13.8,51,15,48.3,100.55,Mostly Cloudy,7,25.3,
2012-07-01 17:00:00,25.3,14.5,51,11,48.3,100.52,Mainly Clear,7,24.5,
2012-07-01 18:00:00,24.5,13.9,52,17,48.3,100.52,Mainly Clear,7,23.6,
2012-07-01 19:00:00,23.6,13.0,51,15,48.3,100.51,Mainly Clear,7,21.9,
2012-07-01 20:00:00,21.9,12.9,57,11,25.0,100.55,Mainly Clear,7,21.3,
2012-07-01 21:00:00,21.3,12.9,59,7,25.0,100.63,Mainly Clear,7,19.6,
2012-07-01 22:00:00,19.6,13.0,66,11,25.0,100.63,Mainly Clear,7,19.1,
2012-07-01 23:00:00,19.1,12.9,67,9,25.0,100.67,Mainly Clear,7,18.1,
2012-07-02 00:00:00,18.1,13.0,72,13,25.0,100.69,Mainly Clear,7,17.3,
2012-07-02 01:00:00,17.3,12.6,74,7,25.0,100.71,Mainly Clear,7,16.6,
2012-07-02 02:00:00,16.6,12.5,77,7,25.0,100.72,Mainly Clear,7,16.6,
2012-07-02 03:00:00,16.6,12.5,77,6,25.0,100.72,Mainly Clear,7,16.8,
2012-07-02 04:00:00,16.8,12.4,75,0,24.1,100.75,Mainly Clear,7,16.6,
2012-07-02 05:00:00,16.6,12.7,78,6,24.1,100.76,Mainly Clear,7,19.5,
2012-07-02 06:00:00,19.5,14.0,71,6,48.3,100.79,Mainly Clear,7,21.5,
2012-07-02 07:00:00,21.5,14.6,65,9,48.3,100.81,Mainly Clear,7,22.2,
2012-07-02 08:00:00,22.2,14.8,63,15,48.3,100.84,Mostly Cloudy,7,23.4,
2012-07-02 09:00:00,23.4,15.0,59,15,48.3,100.83,Mainly Clear,7,23.6,
2012-07-02 10:00:00,23.6,15.1,59,13,48.3,100.81,Mainly Clear,7,25.2,
2012-07-02 11:00:00,25.2,15.6,55,19,48.3,100.78,Mainly Clear,7,25.9,
2012-07-02 12:00:00,25.9,15.6,53,15,48.3,100.73,Mainly Clear,7,26.5,
2012-07-02 13:00:00,26.5,13.7,45,17,48.3,100.66,Mainly Clear,7,26.7,
2012-07-02 14:00:00,26.7,12.8,42,19,48.3,100.61,Mostly Cloudy,7,28.3,
2012-07-02 15:00:00,28.3,12.3,37,30,48.3,100.55,Mainly Clear,7,28.0,
2012-07-02 16:00:00,28.0,11.6,36,22,48.3,100.54,Mainly Clear,7,26.3,
2012-07-02 17:00:00,26.3,9.7,35,26,48.3,100.62,Mostly Cloudy,7,25.9,
2012-07-02 18:00:00,25.9,10.0,37,20,48.3,100.66,Mostly Cloudy,7,24.5,
2012-07-02 19:00:00,24.5,9.7,39,15,48.3,100.69,Mostly Cloudy,7,21.7,
2012-07-02 20:00:00,21.7,10.0,47,9,25.0,100.75,Mainly Clear,7,20.0,
2012-07-02 21:00:00,20.0,10.4,54,6,25.0,100.81,Mainly Clear,7,19.1,
2012-07-02 22:00:00,19.1,10.5,57,6,25.0,100.82,Mainly Clear,7,19.0,
2012-07-02 23:00:00,19.0,10.8,59,7,25.0,100.81,Mainly Clear,7,18.2,
2012-07-03 00:00:00,18.2,10.8,62,7,25.0,100.83,Mainly Clear,7,16.7,
2012-07-03 01:00:00,16.7,10.5,67,4,25.0,100.84,Clear,7,17.2,
2012-07-03 02:00:00,17.2,11.1,67,4,25.0,100.83,Clear,7,16.9,
2012-07-03 03:00:00,16.9,10.4,66,0,25.0,100.83,Clear,7,14.3,
2012-07-03 04:00:00,14.3,10.5,78,6,24.1,100.89,Clear,7,17.6,
2012-07-03 05:00:00,17.6,10.8,64,6,48.3,100.84,Clear,7,18.5,
2012-07-03 06:00:00,18.5,11.1,62,9,48.3,100.98,Clear,7,20.3,
2012-07-03 07:00:00,20.3,10.3,53,6,48.3,100.97,Clear,7,21.5,
2012-07-03 08:00:00,21.5,10.9,51,0,48.3,100.96,Clear,7,21.9,
2012-07-03 09:00:00,21.9,11.1,50,9,48.3,100.94,Mainly Clear,7,23.0,
2012-07-03 10:00:00,23.0,11.6,49,4,48.3,100.89,Mainly Clear,7,24.1,
2012-07-03 11:00:00,24.1,12.0,47,9,48.3,100.85,Mostly Cloudy,7,25.2,
2012-07-03 12:00:00,25.2,12.3,45,11,48.3,100.79,Mostly Cloudy,7,26.9,
2012-07-03 13:00:00,26.9,13.1,43,13,48.3,100.74,Cloudy,7,27.3,
2012-07-03 14:00:00,27.3,13.0,41,9,48.3,100.66,Cloudy,7,26.9,
2012-07-03 15:00:00,26.9,12.3,40,15,48.3,100.58,Cloudy,7,27.4,
2012-07-03 16:00:00,27.4,11.4,37,15,48.3,100.55,Cloudy,7,27.5,
2012-07-03 17:00:00,27.5,10.4,34,15,48.3,100.49,Cloudy,7,27.0,
2012-07-03 18:00:00,27.0,10.7,36,11,48.3,100.44,Cloudy,7,25.3,
2012-07-03 19:00:00,25.3,14.4,51,17,48.3,100.41,Cloudy,7,24.8,
2012-07-03 20:00:00,24.8,12.8,47,17,48.3,100.36,Cloudy,7,25.0,
2012-07-03 21:00:00,25.0,13.9,50,13,25.0,100.37,Rain Showers,7,21.5,
2012-07-03 22:00:00,21.5,14.8,66,17,25.0,100.35,Rain Showers,7,20.8,
2012-07-03 23:00:00,20.8,14.8,69,0,25.0,100.32,Rain Showers,7,19.8,
2012-07-04 00:00:00,19.8,15.9,78,6,16.1,100.34,Rain,7,19.4,
2012-07-04 01:00:00,19.4,16.6,84,6,25.0,100.25,Cloudy,7,19.3,
2012-07-04 02:00:00,19.3,16.5,84,13,25.0,100.21,Cloudy,7,19.3,
2012-07-04 03:00:00,19.3,16.4,83,13,25.0,100.19,Cloudy,7,19.9,
2012-07-04 04:00:00,19.9,16.9,83,13,19.3,100.21,Cloudy,7,20.3,
2012-07-04 05:00:00,20.3,17.1,82,15,12.9,100.25,Cloudy,7,20.5,
2012-07-04 06:00:00,20.5,17.3,82,15,16.1,100.24,Cloudy,7,21.1,
2012-07-04 07:00:00,21.1,17.7,81,15,16.1,100.24,Cloudy,7,22.3,
2012-07-04 08:00:00,22.3,18.1,77,17,16.1,100.23,Cloudy,7,23.2,
2012-07-04 09:00:00,23.2,18.4,74,17,16.1,100.2,Mostly Cloudy,7,24.6,
2012-07-04 10:00:00,24.6,18.9,71,19,19.3,100.16,Cloudy,7,24.8,
2012-07-04 11:00:00,24.8,18.9,70,24,19.3,100.13,Cloudy,7,26.1,
2012-07-04 12:00:00,26.1,20.2,70,24,19.3,100.14,Cloudy,7,27.0,
2012-07-04 13:00:00,27.0,20.1,66,24,19.3,100.07,Mostly Cloudy,7,27.5,
2012-07-04 14:00:00,27.5,19.9,63,24,19.3,100.04,Mostly Cloudy,7,28.4,
2012-07-04 15:00:00,28.4,19.9,60,19,19.3,99.98,Mostly Cloudy,7,26.7,
2012-07-04 16:00:00,26.7,20.1,67,15,24.1,99.84,Thunderstorms,7,21.6,
2012-07-04 17:00:00,21.6,20.0,91,11,24.1,100.02,"Thunderstorms,Rain Showers",7,23.4,
2012-07-04 18:00:00,23.4,20.7,85,9,24.1,100.06,Mainly Clear,7,23.3,
2012-07-04 19:00:00,23.3,20.2,83,6,24.1,100.09,Mainly Clear,7,21.8,
2012-07-04 20:00:00,21.8,19.1,85,9,24.1,100.15,Mainly Clear,7,21.2,
2012-07-04 21:00:00,21.2,18.3,84,9,25.0,100.25,Mainly Clear,7,21.1,
2012-07-04 22:00:00,21.1,16.9,77,17,25.0,100.31,Clear,7,19.1,
2012-07-04 23:00:00,19.1,15.9,82,11,25.0,100.37,Clear,7,17.9,
2012-07-05 00:00:00,17.9,14.8,82,9,25.0,100.38,Clear,7,17.2,
2012-07-05 01:00:00,17.2,14.8,86,6,25.0,100.45,Mainly Clear,7,16.6,
2012-07-05 02:00:00,16.6,14.6,88,11,25.0,100.43,Mainly Clear,7,16.8,
2012-07-05 03:00:00,16.8,14.6,87,11,25.0,100.46,Mainly Clear,7,15.8,
2012-07-05 04:00:00,15.8,14.1,90,7,24.1,100.47,Mainly Clear,7,16.1,
2012-07-05 05:00:00,16.1,14.5,90,9,24.1,100.56,Mainly Clear,7,18.3,
2012-07-05 06:00:00,18.3,14.5,79,13,24.1,100.62,Mainly Clear,7,19.4,
2012-07-05 07:00:00,19.4,14.7,74,17,24.1,100.68,Mainly Clear,7,20.4,
2012-07-05 08:00:00,20.4,15.0,71,7,24.1,100.73,Mainly Clear,7,21.1,
2012-07-05 09:00:00,21.1,15.3,69,6,48.3,100.74,Mostly Cloudy,7,22.0,
2012-07-05 10:00:00,22.0,15.6,67,9,48.3,100.72,Mostly Cloudy,7,23.3,
2012-07-05 11:00:00,23.3,16.3,65,7,48.3,100.69,Cloudy,7,23.3,
2012-07-05 12:00:00,23.3,16.3,65,6,48.3,100.68,Cloudy,7,24.3,
2012-07-05 13:00:00,24.3,16.8,63,9,48.3,100.66,Cloudy,7,24.5,
2012-07-05 14:00:00,24.5,16.1,59,11,48.3,100.66,Mostly Cloudy,7,24.3,
2012-07-05 15:00:00,24.3,16.7,63,11,48.3,100.69,Mostly Cloudy,7,24.8,
2012-07-05 16:00:00,24.8,17.9,66,17,48.3,100.66,Mostly Cloudy,7,25.8,
2012-07-05 17:00:00,25.8,17.5,60,17,48.3,100.65,Mainly Clear,7,25.0,
2012-07-05 18:00:00,25.0,17.2,62,19,48.3,100.64,Mainly Clear,7,24.5,
2012-07-05 19:00:00,24.5,17.4,65,15,48.3,100.65,Mainly Clear,7,23.4,
2012-07-05 20:00:00,23.4,17.2,68,13,48.3,100.69,Clear,7,23.1,
2012-07-05 21:00:00,23.1,17.1,69,9,25.0,100.76,Clear,7,21.9,
2012-07-05 22:00:00,21.9,17.6,77,9,25.0,100.76,Clear,7,20.8,
2012-07-05 23:00:00,20.8,17.6,82,7,25.0,100.74,Clear,7,20.5,
2012-07-06 00:00:00,20.5,17.2,81,7,25.0,100.73,Mainly Clear,7,20.7,
2012-07-06 01:00:00,20.7,17.4,81,0,25.0,100.75,Mainly Clear,7,19.9,
2012-07-06 02:00:00,19.9,16.9,83,4,25.0,100.74,Clear,7,19.1,
2012-07-06 03:00:00,19.1,16.1,83,7,25.0,100.76,Clear,7,19.3,
2012-07-06 04:00:00,19.3,16.2,82,7,25.0,100.75,Clear,7,19.3,
2012-07-06 05:00:00,19.3,16.3,83,6,48.3,100.78,Mainly Clear,7,20.7,
2012-07-06 06:00:00,20.7,17.5,82,9,48.3,100.79,Mostly Cloudy,7,20.6,
2012-07-06 07:00:00,20.6,16.8,79,13,48.3,100.79,Mostly Cloudy,7,22.1,
2012-07-06 08:00:00,22.1,16.7,71,15,48.3,100.76,Mostly Cloudy,7,23.8,
2012-07-06 09:00:00,23.8,16.9,65,19,48.3,100.69,Cloudy,7,25.7,
2012-07-06 10:00:00,25.7,18.3,64,15,48.3,100.65,Cloudy,7,26.9,
2012-07-06 11:00:00,26.9,18.1,59,15,48.3,100.61,Cloudy,7,27.7,
2012-07-06 12:00:00,27.7,17.6,54,22,48.3,100.52,Cloudy,7,28.5,
2012-07-06 13:00:00,28.5,18.5,55,22,24.1,100.5,Cloudy,7,29.0,
2012-07-06 14:00:00,29.0,18.5,53,22,24.1,100.45,Cloudy,7,29.6,
2012-07-06 15:00:00,29.6,19.7,55,20,24.1,100.47,Cloudy,7,30.5,
2012-07-06 16:00:00,30.5,20.4,55,20,24.1,100.41,Cloudy,7,29.5,
2012-07-06 17:00:00,29.5,20.2,57,15,24.1,100.38,Cloudy,7,29.7,
2012-07-06 18:00:00,29.7,20.8,59,11,24.1,100.33,Cloudy,7,29.1,
2012-07-06 19:00:00,29.1,20.9,61,15,24.1,100.36,Cloudy,7,28.7,
2012-07-06 20:00:00,28.7,21.2,64,13,24.1,100.33,Cloudy,7,28.3,
2012-07-06 21:00:00,28.3,21.7,67,7,25.0,100.36,Cloudy,7,26.8,
2012-07-06 22:00:00,26.8,21.9,75,9,25.0,100.39,Cloudy,7,26.3,
2012-07-06 23:00:00,26.3,21.0,73,11,25.0,100.46,Rain Showers,7,25.8,
2012-07-07 00:00:00,25.8,20.8,74,6,25.0,100.44,Cloudy,7,25.1,
2012-07-07 01:00:00,25.1,17.2,62,11,25.0,100.4,Cloudy,7,24.0,
2012-07-07 02:00:00,24.0,16.3,62,7,25.0,100.33,Cloudy,7,24.1,
2012-07-07 03:00:00,24.1,16.0,61,9,25.0,100.38,Cloudy,7,23.9,
2012-07-07 04:00:00,23.9,16.0,61,13,25.0,100.47,Cloudy,7,22.2,
2012-07-07 05:00:00,22.2,17.0,72,11,25.0,100.52,Rain,7,23.2,
2012-07-07 06:00:00,23.2,17.4,70,9,24.1,100.45,Cloudy,7,23.5,
2012-07-07 07:00:00,23.5,17.1,67,19,24.1,100.42,Mostly Cloudy,7,23.3,
2012-07-07 08:00:00,23.3,16.3,65,17,24.1,100.4,Cloudy,7,23.1,
2012-07-07 09:00:00,23.1,16.1,65,15,24.1,100.42,Mostly Cloudy,7,24.1,
2012-07-07 10:00:00,24.1,16.0,61,19,24.1,100.43,Mostly Cloudy,7,24.4,
2012-07-07 11:00:00,24.4,16.2,60,17,24.1,100.44,Mostly Cloudy,7,26.5,
2012-07-07 12:00:00,26.5,16.5,54,22,24.1,100.42,Mainly Clear,7,27.8,
2012-07-07 13:00:00,27.8,16.4,50,20,48.3,100.37,Mainly Clear,7,28.8,
2012-07-07 14:00:00,28.8,16.5,47,17,48.3,100.32,Mainly Clear,7,28.9,
2012-07-07 15:00:00,28.9,16.4,47,22,48.3,100.28,Mostly Cloudy,7,29.1,
2012-07-07 16:00:00,29.1,15.7,44,17,48.3,100.28,Mostly Cloudy,7,28.7,
2012-07-07 17:00:00,28.7,14.5,42,20,48.3,100.28,Mainly Clear,7,27.7,
2012-07-07 18:00:00,27.7,15.3,47,15,48.3,100.33,Mainly Clear,7,26.4,
2012-07-07 19:00:00,26.4,15.1,50,13,48.3,100.4,Mostly Cloudy,7,25.5,
2012-07-07 20:00:00,25.5,14.5,51,9,48.3,100.43,Mostly Cloudy,7,24.5,
2012-07-07 21:00:00,24.5,14.7,54,11,25.0,100.48,Mostly Cloudy,7,23.2,
2012-07-07 22:00:00,23.2,15.1,60,9,25.0,100.49,Mainly Clear,7,23.8,
2012-07-07 23:00:00,23.8,13.9,54,17,25.0,100.53,Mainly Clear,7,22.0,
2012-07-08 00:00:00,22.0,13.6,59,17,25.0,100.56,Mainly Clear,7,21.0,
2012-07-08 01:00:00,21.0,12.9,60,15,25.0,100.59,Mainly Clear,7,20.0,
2012-07-08 02:00:00,20.0,12.7,63,11,25.0,100.62,Mainly Clear,7,17.7,
2012-07-08 03:00:00,17.7,11.7,68,7,25.0,100.64,Mainly Clear,7,16.3,
2012-07-08 04:00:00,16.3,12.2,77,7,24.1,100.7,Clear,7,16.6,
2012-07-08 05:00:00,16.6,13.1,80,9,24.1,100.76,Mainly Clear,7,18.6,
2012-07-08 06:00:00,18.6,12.5,68,15,48.3,100.8,Mainly Clear,7,18.8,
2012-07-08 07:00:00,18.8,12.2,65,20,48.3,100.83,Mainly Clear,7,19.3,
2012-07-08 08:00:00,19.3,6.5,43,22,48.3,100.84,Mainly Clear,7,20.6,
2012-07-08 09:00:00,20.6,8.5,46,20,48.3,100.81,Clear,7,21.6,
2012-07-08 10:00:00,21.6,7.8,41,22,48.3,100.82,Clear,7,22.0,
2012-07-08 11:00:00,22.0,7.1,38,19,48.3,100.81,Clear,7,23.0,
2012-07-08 12:00:00,23.0,7.8,38,24,48.3,100.79,Clear,7,23.9,
2012-07-08 13:00:00,23.9,7.7,35,17,48.3,100.76,Mainly Clear,7,24.5,
2012-07-08 14:00:00,24.5,9.6,39,17,48.3,100.72,Mainly Clear,7,24.3,
2012-07-08 15:00:00,24.3,8.5,37,15,48.3,100.72,Mainly Clear,7,24.5,
2012-07-08 16:00:00,24.5,7.7,34,24,48.3,100.72,Mainly Clear,7,24.2,
2012-07-08 17:00:00,24.2,7.8,35,26,48.3,100.7,Mainly Clear,7,23.6,
2012-07-08 18:00:00,23.6,8.3,38,20,48.3,100.69,Mainly Clear,7,22.2,
2012-07-08 19:00:00,22.2,8.5,41,19,48.3,100.72,Mainly Clear,7,20.3,
2012-07-08 20:00:00,20.3,8.4,46,11,48.3,100.74,Clear,7,19.8,
2012-07-08 21:00:00,19.8,8.0,46,9,25.0,100.8,Clear,7,17.9,
2012-07-08 22:00:00,17.9,8.1,53,7,25.0,100.81,Clear,7,17.1,
2012-07-08 23:00:00,17.1,8.4,57,9,25.0,100.85,Clear,7,16.0,
2012-07-09 00:00:00,16.0,8.9,63,13,25.0,100.83,Clear,7,14.4,
2012-07-09 01:00:00,14.4,9.0,70,9,25.0,100.84,Clear,7,14.9,
2012-07-09 02:00:00,14.9,9.1,68,9,25.0,100.86,Clear,7,13.2,
2012-07-09 03:00:00,13.2,9.0,76,9,25.0,100.88,Mainly Clear,7,13.5,
2012-07-09 04:00:00,13.5,8.9,74,9,25.0,100.91,Mainly Clear,7,12.8,
2012-07-09 05:00:00,12.8,9.4,80,7,24.1,100.98,Mainly Clear,7,16.1,
2012-07-09 06:00:00,16.1,9.6,65,13,48.3,101.07,Mainly Clear,7,17.8,
2012-07-09 07:00:00,17.8,8.7,55,11,48.3,101.1,Clear,7,18.2,
2012-07-09 08:00:00,18.2,8.1,52,11,48.3,101.13,Clear,7,19.2,
2012-07-09 09:00:00,19.2,7.9,48,9,48.3,101.13,Clear,7,19.9,
2012-07-09 10:00:00,19.9,7.5,45,17,48.3,101.12,Clear,7,21.4,
2012-07-09 11:00:00,21.4,7.9,42,20,48.3,101.09,Clear,7,22.2,
2012-07-09 12:00:00,22.2,7.1,38,13,48.3,101.07,Clear,7,23.1,
2012-07-09 13:00:00,23.1,7.9,38,19,48.3,101.04,Mainly Clear,7,24.3,
2012-07-09 14:00:00,24.3,6.5,32,22,48.3,101.01,Mainly Clear,7,24.4,
2012-07-09 15:00:00,24.4,5.3,29,17,48.3,101.0,Mainly Clear,7,24.5,
2012-07-09 16:00:00,24.5,4.7,28,15,48.3,100.99,Mainly Clear,7,24.2,
2012-07-09 17:00:00,24.2,5.3,29,11,48.3,100.98,Mainly Clear,7,23.6,
2012-07-09 18:00:00,23.6,6.9,34,13,48.3,101.0,Mainly Clear,7,22.3,
2012-07-09 19:00:00,22.3,7.2,38,13,48.3,101.01,Mainly Clear,7,19.5,
2012-07-09 20:00:00,19.5,7.9,47,7,48.3,101.02,Clear,7,19.9,
2012-07-09 21:00:00,19.9,8.1,46,6,25.0,101.05,Mainly Clear,7,17.6,
2012-07-09 22:00:00,17.6,9.0,57,4,25.0,101.04,Clear,7,16.3,
2012-07-09 23:00:00,16.3,9.6,64,6,25.0,101.05,Mainly Clear,7,18.2,
2012-07-10 00:00:00,18.2,11.2,64,7,25.0,101.04,Clear,7,18.7,
2012-07-10 01:00:00,18.7,9.4,55,13,25.0,101.04,Clear,7,17.0,
2012-07-10 02:00:00,17.0,9.8,63,7,25.0,101.06,Clear,7,16.6,
2012-07-10 03:00:00,16.6,11.0,69,9,25.0,101.06,Clear,7,16.4,
2012-07-10 04:00:00,16.4,12.4,77,11,24.1,101.11,Clear,7,16.6,
2012-07-10 05:00:00,16.6,11.7,73,9,48.3,101.15,Mainly Clear,7,17.1,
2012-07-10 06:00:00,17.1,12.3,73,9,48.3,101.19,Mainly Clear,7,19.3,
2012-07-10 07:00:00,19.3,11.8,62,9,48.3,101.22,Mainly Clear,7,20.4,
2012-07-10 08:00:00,20.4,13.7,65,15,48.3,101.22,Mainly Clear,7,22.3,
2012-07-10 09:00:00,22.3,12.9,55,9,48.3,101.24,Mainly Clear,7,23.6,
2012-07-10 10:00:00,23.6,11.6,47,9,48.3,101.23,Mainly Clear,7,25.0,
2012-07-10 11:00:00,25.0,10.7,41,15,48.3,101.21,Mainly Clear,7,25.9,
2012-07-10 12:00:00,25.9,9.4,35,26,48.3,101.15,Mainly Clear,7,25.8,
2012-07-10 13:00:00,25.8,8.5,33,22,48.3,101.14,Mainly Clear,7,27.0,
2012-07-10 14:00:00,27.0,10.7,36,19,48.3,101.11,Mostly Cloudy,7,26.5,
2012-07-10 15:00:00,26.5,11.2,38,19,48.3,101.09,Mainly Clear,7,26.1,
2012-07-10 16:00:00,26.1,10.6,38,13,48.3,101.09,Mostly Cloudy,7,26.5,
2012-07-10 17:00:00,26.5,10.3,36,13,48.3,101.1,Mainly Clear,7,25.6,
2012-07-10 18:00:00,25.6,9.1,35,19,48.3,101.13,Mainly Clear,7,23.9,
2012-07-10 19:00:00,23.9,10.1,42,13,48.3,101.18,Mainly Clear,7,21.5,
2012-07-10 20:00:00,21.5,9.5,46,11,48.3,101.26,Clear,7,21.9,
2012-07-10 21:00:00,21.9,7.7,40,11,25.0,101.34,Mainly Clear,7,20.2,
2012-07-10 22:00:00,20.2,6.6,41,7,25.0,101.37,Clear,7,17.7,
2012-07-10 23:00:00,17.7,7.8,52,9,25.0,101.43,Clear,7,18.5,
2012-07-11 00:00:00,18.5,6.5,45,7,25.0,101.45,Clear,7,15.5,
2012-07-11 01:00:00,15.5,8.2,62,0,25.0,101.5,Clear,7,14.9,
2012-07-11 02:00:00,14.9,8.0,63,4,25.0,101.52,Clear,7,15.1,
2012-07-11 03:00:00,15.1,6.0,54,4,25.0,101.55,Clear,7,13.5,
2012-07-11 04:00:00,13.5,8.6,72,4,24.1,101.6,Clear,7,13.1,
2012-07-11 05:00:00,13.1,8.7,75,4,48.3,101.66,Clear,7,15.4,
2012-07-11 06:00:00,15.4,9.9,70,6,48.3,101.71,Clear,7,18.2,
2012-07-11 07:00:00,18.2,9.6,57,4,48.3,101.73,Clear,7,20.4,
2012-07-11 08:00:00,20.4,8.9,48,4,48.3,101.75,Clear,7,22.5,
2012-07-11 09:00:00,22.5,9.5,44,9,48.3,101.73,Clear,7,23.9,
2012-07-11 10:00:00,23.9,9.2,39,7,48.3,101.74,Mainly Clear,7,24.9,
2012-07-11 11:00:00,24.9,10.1,39,9,48.3,101.72,Mainly Clear,7,26.4,
2012-07-11 12:00:00,26.4,8.7,33,13,48.3,101.69,Mainly Clear,7,26.7,
2012-07-11 13:00:00,26.7,9.3,33,15,48.3,101.66,Mainly Clear,7,27.4,
2012-07-11 14:00:00,27.4,9.4,32,13,48.3,101.61,Mostly Cloudy,7,27.8,
2012-07-11 15:00:00,27.8,8.9,31,19,48.3,101.59,Mostly Cloudy,7,27.6,
2012-07-11 16:00:00,27.6,8.9,31,20,48.3,101.54,Mostly Cloudy,7,27.5,
2012-07-11 17:00:00,27.5,10.1,34,19,48.3,101.5,Mostly Cloudy,7,27.3,
2012-07-11 18:00:00,27.3,8.0,30,19,48.3,101.48,Mostly Cloudy,7,26.5,
2012-07-11 19:00:00,26.5,8.8,33,13,24.1,101.5,Mostly Cloudy,7,25.6,
2012-07-11 20:00:00,25.6,10.5,39,9,25.0,101.49,Mainly Clear,7,22.5,
2012-07-11 21:00:00,22.5,11.8,51,13,25.0,101.53,Mainly Clear,7,21.8,
2012-07-11 22:00:00,21.8,11.2,51,9,25.0,101.5,Mainly Clear,7,22.8,
2012-07-11 23:00:00,22.8,11.8,50,17,25.0,101.5,Clear,7,21.8,
2012-07-12 00:00:00,21.8,12.8,57,11,25.0,101.5,Clear,7,18.5,
2012-07-12 01:00:00,18.5,13.3,72,6,25.0,101.5,Clear,7,20.6,
2012-07-12 02:00:00,20.6,12.9,61,6,25.0,101.49,Clear,7,20.6,
2012-07-12 03:00:00,20.6,12.5,60,11,25.0,101.5,Clear,7,20.3,
2012-07-12 04:00:00,20.3,12.6,61,7,24.1,101.52,Mainly Clear,7,17.7,
2012-07-12 05:00:00,17.7,12.8,73,9,48.3,101.56,Mainly Clear,7,20.2,
2012-07-12 06:00:00,20.2,12.2,60,17,48.3,101.57,Mainly Clear,7,21.6,
2012-07-12 07:00:00,21.6,12.6,57,15,48.3,101.58,Mainly Clear,7,22.6,
2012-07-12 08:00:00,22.6,13.2,55,13,48.3,101.59,Mainly Clear,7,24.2,
2012-07-12 09:00:00,24.2,16.1,61,15,48.3,101.56,Mainly Clear,7,26.0,
2012-07-12 10:00:00,26.0,14.8,50,20,48.3,101.57,Mainly Clear,7,27.6,
2012-07-12 11:00:00,27.6,13.5,42,22,48.3,101.54,Mainly Clear,7,29.0,
2012-07-12 12:00:00,29.0,13.9,40,22,48.3,101.5,Mainly Clear,7,29.6,
2012-07-12 13:00:00,29.6,13.6,38,24,48.3,101.46,Mainly Clear,7,30.8,
2012-07-12 14:00:00,30.8,13.5,35,24,48.3,101.44,Mostly Cloudy,7,30.6,
2012-07-12 15:00:00,30.6,12.9,34,24,48.3,101.38,Mostly Cloudy,7,30.4,
2012-07-12 16:00:00,30.4,13.0,34,24,48.3,101.37,Mostly Cloudy,7,29.8,
2012-07-12 17:00:00,29.8,13.1,36,19,48.3,101.33,Mostly Cloudy,7,29.1,
2012-07-12 18:00:00,29.1,13.6,39,13,48.3,101.32,Cloudy,7,28.2,
2012-07-12 19:00:00,28.2,14.0,42,11,24.1,101.34,Cloudy,7,26.9,
2012-07-12 20:00:00,26.9,14.6,47,7,25.0,101.36,Mostly Cloudy,7,25.7,
2012-07-12 21:00:00,25.7,15.0,52,6,25.0,101.41,Mainly Clear,7,24.4,
2012-07-12 22:00:00,24.4,17.1,64,9,25.0,101.4,Mainly Clear,7,23.5,
2012-07-12 23:00:00,23.5,16.1,63,11,25.0,101.41,Mainly Clear,7,21.8,
2012-07-13 00:00:00,21.8,16.7,73,6,25.0,101.45,Mainly Clear,7,22.6,
2012-07-13 01:00:00,22.6,15.5,64,7,25.0,101.44,Mainly Clear,7,22.4,
2012-07-13 02:00:00,22.4,14.6,61,9,25.0,101.37,Mainly Clear,7,21.1,
2012-07-13 03:00:00,21.1,14.7,67,11,25.0,101.45,Mainly Clear,7,20.8,
2012-07-13 04:00:00,20.8,14.6,68,13,24.1,101.49,Clear,7,20.7,
2012-07-13 05:00:00,20.7,14.7,68,15,24.1,101.56,Mainly Clear,7,21.7,
2012-07-13 06:00:00,21.7,15.7,69,15,24.1,101.57,Mainly Clear,7,22.5,
2012-07-13 07:00:00,22.5,15.1,63,15,48.3,101.59,Mostly Cloudy,7,24.4,
2012-07-13 08:00:00,24.4,15.1,56,13,24.1,101.61,Mostly Cloudy,7,25.9,
2012-07-13 09:00:00,25.9,16.5,56,15,48.3,101.6,Mostly Cloudy,7,27.2,
2012-07-13 10:00:00,27.2,17.2,54,15,48.3,101.59,Mostly Cloudy,7,29.0,
2012-07-13 11:00:00,29.0,16.1,46,17,48.3,101.57,Mainly Clear,7,30.1,
2012-07-13 12:00:00,30.1,15.2,40,19,48.3,101.54,Mainly Clear,7,31.2,
2012-07-13 13:00:00,31.2,14.6,37,20,48.3,101.51,Mainly Clear,7,32.1,
2012-07-13 14:00:00,32.1,10.2,26,20,48.3,101.49,Mainly Clear,7,31.9,
2012-07-13 15:00:00,31.9,12.3,30,22,48.3,101.46,Clear,7,31.6,
2012-07-13 16:00:00,31.6,11.8,30,22,48.3,101.4,Clear,7,31.4,
2012-07-13 17:00:00,31.4,13.8,34,20,48.3,101.36,Mainly Clear,7,30.9,
2012-07-13 18:00:00,30.9,14.5,37,13,48.3,101.33,Clear,7,29.9,
2012-07-13 19:00:00,29.9,15.4,41,11,24.1,101.33,Mainly Clear,7,28.5,
2012-07-13 20:00:00,28.5,15.8,46,11,25.0,101.35,Mainly Clear,7,27.4,
2012-07-13 21:00:00,27.4,16.4,51,11,25.0,101.38,Mainly Clear,7,26.6,
2012-07-13 22:00:00,26.6,16.4,54,9,25.0,101.37,Clear,7,26.0,
2012-07-13 23:00:00,26.0,16.2,55,7,25.0,101.38,Clear,7,25.2,
2012-07-14 00:00:00,25.2,16.6,59,11,25.0,101.38,Clear,7,25.0,
2012-07-14 01:00:00,25.0,15.4,55,15,25.0,101.37,Clear,7,24.2,
2012-07-14 02:00:00,24.2,15.6,59,11,25.0,101.34,Clear,7,23.3,
2012-07-14 03:00:00,23.3,15.3,61,13,25.0,101.35,Clear,7,23.1,
2012-07-14 04:00:00,23.1,15.4,62,15,24.1,101.4,Clear,7,23.0,
2012-07-14 05:00:00,23.0,16.7,68,13,24.1,101.45,Mainly Clear,7,23.4,
2012-07-14 06:00:00,23.4,16.8,66,15,24.1,101.47,Mainly Clear,7,24.3,
2012-07-14 07:00:00,24.3,17.0,64,13,24.1,101.49,Mainly Clear,7,25.7,
2012-07-14 08:00:00,25.7,16.7,58,17,24.1,101.49,Mainly Clear,7,27.3,
2012-07-14 09:00:00,27.3,17.0,53,15,48.3,101.45,Mainly Clear,7,30.2,
2012-07-14 10:00:00,30.2,17.7,47,17,48.3,101.46,Mainly Clear,7,29.6,
2012-07-14 11:00:00,29.6,19.8,56,17,48.3,101.44,Mainly Clear,7,31.7,
2012-07-14 12:00:00,31.7,19.7,49,22,48.3,101.41,Mainly Clear,7,31.9,
2012-07-14 13:00:00,31.9,19.3,47,19,48.3,101.37,Mainly Clear,7,32.7,
2012-07-14 14:00:00,32.7,15.3,35,28,48.3,101.35,Mainly Clear,7,33.0,
2012-07-14 15:00:00,33.0,16.8,38,22,48.3,101.31,Mainly Clear,7,32.9,
2012-07-14 16:00:00,32.9,15.3,35,24,48.3,101.26,Mainly Clear,7,32.5,
2012-07-14 17:00:00,32.5,16.5,38,19,48.3,101.22,Mainly Clear,7,31.5,
2012-07-14 18:00:00,31.5,18.4,46,15,24.1,101.19,Mainly Clear,7,30.8,
2012-07-14 19:00:00,30.8,18.2,47,11,24.1,101.21,Mainly Clear,7,29.8,
2012-07-14 20:00:00,29.8,17.7,48,9,25.0,101.22,Mainly Clear,7,28.3,
2012-07-14 21:00:00,28.3,18.8,56,9,25.0,101.28,Clear,7,27.8,
2012-07-14 22:00:00,27.8,18.3,56,11,25.0,101.29,Clear,7,26.0,
2012-07-14 23:00:00,26.0,19.2,66,9,25.0,101.31,Clear,7,25.5,
2012-07-15 00:00:00,25.5,18.9,67,7,25.0,101.32,Clear,7,25.2,
2012-07-15 01:00:00,25.2,18.7,67,9,25.0,101.29,Clear,7,24.5,
2012-07-15 02:00:00,24.5,18.9,71,9,25.0,101.28,Mainly Clear,7,24.1,
2012-07-15 03:00:00,24.1,18.6,71,11,25.0,101.26,Clear,7,21.6,
2012-07-15 04:00:00,21.6,17.8,79,7,24.1,101.24,Mainly Clear,7,23.2,
2012-07-15 05:00:00,23.2,18.4,74,9,24.1,101.26,Mostly Cloudy,7,23.9,
2012-07-15 06:00:00,23.9,18.4,71,9,24.1,101.23,Cloudy,7,24.5,
2012-07-15 07:00:00,24.5,18.3,68,9,24.1,101.24,Cloudy,7,25.8,
2012-07-15 08:00:00,25.8,17.9,62,15,24.1,101.24,Cloudy,7,26.5,
2012-07-15 09:00:00,26.5,18.8,63,13,24.1,101.21,Mostly Cloudy,7,28.1,
2012-07-15 10:00:00,28.1,19.2,58,13,24.1,101.17,Cloudy,7,29.3,
2012-07-15 11:00:00,29.3,20.2,58,15,48.3,101.14,Cloudy,7,29.4,
2012-07-15 12:00:00,29.4,19.7,56,9,48.3,101.06,Cloudy,7,30.5,
2012-07-15 13:00:00,30.5,19.2,51,15,24.1,100.98,Cloudy,7,30.2,
2012-07-15 14:00:00,30.2,20.3,55,17,24.1,100.92,Cloudy,7,22.7,
2012-07-15 15:00:00,22.7,20.9,90,24,12.9,100.92,"Thunderstorms,Rain Showers",7,24.0,
2012-07-15 16:00:00,24.0,20.5,81,0,24.1,100.78,Cloudy,7,23.5,
2012-07-15 17:00:00,23.5,20.6,84,11,24.1,100.78,Cloudy,7,24.4,
2012-07-15 18:00:00,24.4,20.5,79,0,25.0,100.79,Cloudy,7,23.8,
2012-07-15 19:00:00,23.8,21.1,85,20,25.0,100.73,Mostly Cloudy,7,23.2,
2012-07-15 20:00:00,23.2,19.5,80,6,25.0,100.73,Mostly Cloudy,7,23.0,
2012-07-15 21:00:00,23.0,19.0,78,9,25.0,100.72,Mainly Clear,7,22.2,
2012-07-15 22:00:00,22.2,18.9,82,7,25.0,100.67,Mainly Clear,7,21.8,
2012-07-15 23:00:00,21.8,19.1,85,6,25.0,100.67,Mainly Clear,7,21.2,
2012-07-16 00:00:00,21.2,19.0,87,6,25.0,100.64,Mostly Cloudy,7,21.6,
2012-07-16 01:00:00,21.6,19.4,87,0,25.0,100.62,Thunderstorms,7,20.4,
2012-07-16 02:00:00,20.4,18.6,89,6,19.3,100.52,Rain Showers,7,20.8,
2012-07-16 03:00:00,20.8,19.2,91,7,25.0,100.52,Cloudy,7,20.4,
2012-07-16 04:00:00,20.4,19.2,93,0,19.3,100.52,Mostly Cloudy,7,20.3,
2012-07-16 05:00:00,20.3,19.6,96,4,9.7,100.55,Fog,7,21.8,
2012-07-16 06:00:00,21.8,19.8,88,6,19.3,100.55,Mainly Clear,7,23.0,
2012-07-16 07:00:00,23.0,19.8,82,6,24.1,100.57,Mostly Cloudy,7,24.5,
2012-07-16 08:00:00,24.5,20.8,80,7,24.1,100.57,Mostly Cloudy,7,25.7,
2012-07-16 09:00:00,25.7,20.8,74,9,24.1,100.56,Mostly Cloudy,7,26.8,
2012-07-16 10:00:00,26.8,20.9,70,9,24.1,100.55,Mostly Cloudy,7,27.4,
2012-07-16 11:00:00,27.4,20.4,66,13,24.1,100.54,Mostly Cloudy,7,27.4,
2012-07-16 12:00:00,27.4,20.3,65,11,24.1,100.52,Mostly Cloudy,7,28.1,
2012-07-16 13:00:00,28.1,19.9,61,15,24.1,100.45,Mostly Cloudy,7,28.1,
2012-07-16 14:00:00,28.1,20.7,64,13,24.1,100.43,Cloudy,7,28.6,
2012-07-16 15:00:00,28.6,20.0,60,11,24.1,100.39,Cloudy,7,28.8,
2012-07-16 16:00:00,28.8,17.5,50,15,24.1,100.35,Mostly Cloudy,7,28.7,
2012-07-16 17:00:00,28.7,16.1,46,19,24.1,100.35,Mostly Cloudy,7,27.6,
2012-07-16 18:00:00,27.6,16.6,51,15,24.1,100.35,Mostly Cloudy,7,26.5,
2012-07-16 19:00:00,26.5,17.2,57,4,24.1,100.32,Mostly Cloudy,7,24.3,
2012-07-16 20:00:00,24.3,17.9,67,7,24.1,100.3,Mostly Cloudy,7,24.5,
2012-07-16 21:00:00,24.5,18.5,69,4,25.0,100.37,Cloudy,7,24.2,
2012-07-16 22:00:00,24.2,17.7,67,9,25.0,100.38,Mostly Cloudy,7,23.5,
2012-07-16 23:00:00,23.5,18.0,71,6,25.0,100.36,Cloudy,7,23.8,
2012-07-17 00:00:00,23.8,17.6,68,0,25.0,100.33,Cloudy,7,24.4,
2012-07-17 01:00:00,24.4,17.0,63,6,25.0,100.28,Mostly Cloudy,7,23.9,
2012-07-17 02:00:00,23.9,19.3,75,6,25.0,100.21,Cloudy,7,23.3,
2012-07-17 03:00:00,23.3,19.9,81,4,25.0,100.14,Cloudy,7,22.8,
2012-07-17 04:00:00,22.8,20.4,86,7,12.9,100.1,Rain,7,20.6,
2012-07-17 05:00:00,20.6,18.6,88,19,4.8,100.08,"Thunderstorms,Rain,Fog",7,19.6,
2012-07-17 06:00:00,19.6,18.5,93,15,3.2,100.01,"Thunderstorms,Moderate Rain Showers,Fog",7,19.9,
2012-07-17 07:00:00,19.9,19.1,95,9,6.4,99.99,"Drizzle,Fog",7,21.5,
2012-07-17 08:00:00,21.5,20.4,93,19,12.9,99.87,Rain,7,22.9,
2012-07-17 09:00:00,22.9,21.3,91,17,9.7,99.84,"Thunderstorms,Rain Showers,Fog",7,24.7,
2012-07-17 10:00:00,24.7,20.8,79,19,16.1,99.79,Mostly Cloudy,7,27.2,
2012-07-17 11:00:00,27.2,20.4,66,22,16.1,99.75,Mainly Clear,7,28.3,
2012-07-17 12:00:00,28.3,21.0,65,17,16.1,99.72,Cloudy,7,29.4,
2012-07-17 13:00:00,29.4,22.3,66,9,19.3,99.66,Cloudy,7,25.5,
2012-07-17 14:00:00,25.5,23.1,87,17,6.4,99.65,"Thunderstorms,Rain Showers",7,25.8,
2012-07-17 15:00:00,25.8,22.0,80,4,24.1,99.69,Cloudy,7,23.8,
2012-07-17 16:00:00,23.8,21.7,88,24,16.1,99.81,"Thunderstorms,Rain Showers",7,25.9,
2012-07-17 17:00:00,25.9,22.2,80,7,24.1,99.83,Cloudy,7,26.0,
2012-07-17 18:00:00,26.0,20.4,71,19,24.1,99.84,Mostly Cloudy,7,24.3,
2012-07-17 19:00:00,24.3,18.9,72,19,24.1,99.94,Mostly Cloudy,7,23.2,
2012-07-17 20:00:00,23.2,18.6,75,11,24.1,100.0,Mostly Cloudy,7,23.0,
2012-07-17 21:00:00,23.0,18.5,76,9,25.0,100.09,Mostly Cloudy,7,22.4,
2012-07-17 22:00:00,22.4,18.3,78,9,25.0,100.19,Mostly Cloudy,7,21.6,
2012-07-17 23:00:00,21.6,18.1,80,13,25.0,100.25,Mostly Cloudy,7,20.7,
2012-07-18 00:00:00,20.7,17.6,82,9,25.0,100.28,Mostly Cloudy,7,21.3,
2012-07-18 01:00:00,21.3,17.6,79,11,25.0,100.37,Cloudy,7,19.9,
2012-07-18 02:00:00,19.9,17.6,87,7,25.0,100.35,Mostly Cloudy,7,19.3,
2012-07-18 03:00:00,19.3,17.2,88,9,25.0,100.33,Clear,7,19.0,
2012-07-18 04:00:00,19.0,16.6,86,6,24.1,100.38,Mainly Clear,7,18.8,
2012-07-18 05:00:00,18.8,16.7,88,0,48.3,100.44,Mainly Clear,7,20.0,
2012-07-18 06:00:00,20.0,17.2,84,6,24.1,100.56,Mostly Cloudy,7,20.5,
2012-07-18 07:00:00,20.5,16.6,78,11,24.1,100.6,Mostly Cloudy,7,21.1,
2012-07-18 08:00:00,21.1,14.4,66,22,24.1,100.66,Mainly Clear,7,22.6,
2012-07-18 09:00:00,22.6,13.1,55,24,24.1,100.73,Mainly Clear,7,22.3,
2012-07-18 10:00:00,22.3,10.3,47,26,24.1,100.77,Mainly Clear,7,22.6,
2012-07-18 11:00:00,22.6,10.9,48,24,48.3,100.8,Mainly Clear,7,23.2,
2012-07-18 12:00:00,23.2,10.2,44,24,48.3,100.8,Mainly Clear,7,23.9,
2012-07-18 13:00:00,23.9,10.6,43,24,48.3,100.83,Mostly Cloudy,7,23.3,
2012-07-18 14:00:00,23.3,10.2,43,19,48.3,100.87,Mostly Cloudy,7,24.0,
2012-07-18 15:00:00,24.0,10.1,41,26,48.3,100.83,Mainly Clear,7,24.1,
2012-07-18 16:00:00,24.1,9.6,40,24,48.3,100.77,Mainly Clear,7,23.5,
2012-07-18 17:00:00,23.5,9.8,42,15,48.3,100.78,Mainly Clear,7,22.6,
2012-07-18 18:00:00,22.6,10.9,48,17,48.3,100.88,Mainly Clear,7,21.5,
2012-07-18 19:00:00,21.5,10.7,50,17,48.3,100.98,Mainly Clear,7,20.0,
2012-07-18 20:00:00,20.0,10.2,53,13,24.1,101.03,Mainly Clear,7,19.4,
2012-07-18 21:00:00,19.4,9.9,54,11,25.0,101.06,Clear,7,17.5,
2012-07-18 22:00:00,17.5,10.3,63,11,25.0,101.06,Clear,7,15.7,
2012-07-18 23:00:00,15.7,10.7,72,7,25.0,101.09,Clear,7,14.4,
2012-07-19 00:00:00,14.4,10.9,79,4,25.0,101.14,Clear,7,14.2,
2012-07-19 01:00:00,14.2,11.1,82,7,25.0,101.11,Clear,7,14.6,
2012-07-19 02:00:00,14.6,10.6,77,6,25.0,101.11,Clear,7,13.8,
2012-07-19 03:00:00,13.8,10.5,80,7,25.0,101.09,Clear,7,12.4,
2012-07-19 04:00:00,12.4,10.4,88,6,25.0,101.11,Mainly Clear,7,12.7,
2012-07-19 05:00:00,12.7,10.5,86,0,48.3,101.2,Mainly Clear,7,15.2,
2012-07-19 06:00:00,15.2,11.0,76,6,48.3,101.25,Mainly Clear,7,16.7,
2012-07-19 07:00:00,16.7,9.7,63,11,48.3,101.27,Clear,7,18.4,
2012-07-19 08:00:00,18.4,9.4,56,6,48.3,101.28,Mainly Clear,7,19.3,
2012-07-19 09:00:00,19.3,9.7,54,6,48.3,101.29,Mainly Clear,7,19.2,
2012-07-19 10:00:00,19.2,8.9,51,9,48.3,101.3,Mostly Cloudy,7,20.3,
2012-07-19 11:00:00,20.3,10.2,52,7,48.3,101.33,Mostly Cloudy,7,21.5,
2012-07-19 12:00:00,21.5,10.0,48,6,48.3,101.29,Mostly Cloudy,7,21.3,
2012-07-19 13:00:00,21.3,8.8,45,7,48.3,101.27,Mostly Cloudy,7,22.6,
2012-07-19 14:00:00,22.6,9.0,42,4,48.3,101.22,Mostly Cloudy,7,22.9,
2012-07-19 15:00:00,22.9,9.0,41,13,48.3,101.21,Mostly Cloudy,7,22.8,
2012-07-19 16:00:00,22.8,7.9,38,11,48.3,101.21,Mainly Clear,7,22.9,
2012-07-19 17:00:00,22.9,8.2,39,15,48.3,101.21,Mainly Clear,7,21.9,
2012-07-19 18:00:00,21.9,8.0,41,15,48.3,101.2,Mainly Clear,7,21.4,
2012-07-19 19:00:00,21.4,8.5,44,11,48.3,101.25,Mainly Clear,7,20.0,
2012-07-19 20:00:00,20.0,8.5,47,7,48.3,101.28,Mainly Clear,7,19.2,
2012-07-19 21:00:00,19.2,9.2,52,13,25.0,101.34,Mainly Clear,7,18.7,
2012-07-19 22:00:00,18.7,9.9,57,11,25.0,101.39,Mainly Clear,7,19.5,
2012-07-19 23:00:00,19.5,8.1,48,15,25.0,101.41,Mainly Clear,7,17.2,
2012-07-20 00:00:00,17.2,9.3,60,11,25.0,101.45,Clear,7,16.0,
2012-07-20 01:00:00,16.0,9.5,65,15,25.0,101.48,Clear,7,14.6,
2012-07-20 02:00:00,14.6,9.8,73,11,25.0,101.46,Clear,7,14.2,
2012-07-20 03:00:00,14.2,9.8,75,11,25.0,101.44,Clear,7,14.4,
2012-07-20 04:00:00,14.4,9.3,71,11,48.3,101.49,Clear,7,14.5,
2012-07-20 05:00:00,14.5,9.3,71,13,48.3,101.51,Clear,7,15.5,
2012-07-20 06:00:00,15.5,9.6,68,13,48.3,101.55,Mainly Clear,7,17.1,
2012-07-20 07:00:00,17.1,9.9,63,9,48.3,101.56,Mainly Clear,7,19.3,
2012-07-20 08:00:00,19.3,10.1,55,9,48.3,101.57,Mainly Clear,7,20.3,
2012-07-20 09:00:00,20.3,9.7,51,11,48.3,101.58,Mainly Clear,7,21.3,
2012-07-20 10:00:00,21.3,10.8,51,13,48.3,101.57,Mainly Clear,7,21.3,
2012-07-20 11:00:00,21.3,10.7,51,9,48.3,101.57,Mainly Clear,7,22.6,
2012-07-20 12:00:00,22.6,9.5,43,6,48.3,101.51,Mainly Clear,7,23.2,
2012-07-20 13:00:00,23.2,10.4,44,9,48.3,101.45,Mainly Clear,7,23.9,
2012-07-20 14:00:00,23.9,10.0,41,13,48.3,101.42,Mainly Clear,7,24.2,
2012-07-20 15:00:00,24.2,9.9,40,4,48.3,101.37,Mainly Clear,7,24.4,
2012-07-20 16:00:00,24.4,9.7,39,11,48.3,101.34,Mainly Clear,7,24.2,
2012-07-20 17:00:00,24.2,9.8,40,4,48.3,101.34,Mainly Clear,7,24.6,
2012-07-20 18:00:00,24.6,9.6,39,4,48.3,101.35,Mainly Clear,7,23.5,
2012-07-20 19:00:00,23.5,7.6,36,7,48.3,101.33,Mainly Clear,7,22.2,
2012-07-20 20:00:00,22.2,9.5,44,6,48.3,101.34,Mainly Clear,7,19.6,
2012-07-20 21:00:00,19.6,12.0,61,0,25.0,101.36,Clear,7,18.1,
2012-07-20 22:00:00,18.1,12.3,69,0,25.0,101.37,Clear,7,18.2,
2012-07-20 23:00:00,18.2,12.3,68,0,25.0,101.36,Clear,7,17.2,
2012-07-21 00:00:00,17.2,12.6,74,4,25.0,101.4,Clear,7,17.2,
2012-07-21 01:00:00,17.2,12.4,73,0,25.0,101.4,Clear,7,15.1,
2012-07-21 02:00:00,15.1,12.4,84,0,25.0,101.39,Clear,7,14.0,
2012-07-21 03:00:00,14.0,12.3,89,0,25.0,101.37,Clear,7,14.6,
2012-07-21 04:00:00,14.6,12.9,90,0,24.1,101.4,Clear,7,14.5,
2012-07-21 05:00:00,14.5,12.5,88,4,48.3,101.38,Clear,7,16.9,
2012-07-21 06:00:00,16.9,13.7,81,4,48.3,101.4,Clear,7,20.0,
2012-07-21 07:00:00,20.0,15.0,73,0,48.3,101.43,Clear,7,21.1,
2012-07-21 08:00:00,21.1,14.2,65,0,48.3,101.47,Mainly Clear,7,22.3,
2012-07-21 09:00:00,22.3,14.5,61,7,48.3,101.44,Mainly Clear,7,23.2,
2012-07-21 10:00:00,23.2,14.1,57,9,48.3,101.4,Mainly Clear,7,24.7,
2012-07-21 11:00:00,24.7,13.7,50,9,48.3,101.39,Mainly Clear,7,24.9,
2012-07-21 12:00:00,24.9,12.3,45,6,48.3,101.36,Mainly Clear,7,25.5,
2012-07-21 13:00:00,25.5,12.1,43,11,48.3,101.3,Mainly Clear,7,26.2,
2012-07-21 14:00:00,26.2,13.5,45,17,48.3,101.26,Mostly Cloudy,7,26.3,
2012-07-21 15:00:00,26.3,12.3,42,17,48.3,101.22,Mostly Cloudy,7,26.2,
2012-07-21 16:00:00,26.2,13.1,44,15,48.3,101.19,Mostly Cloudy,7,26.9,
2012-07-21 17:00:00,26.9,12.1,40,15,48.3,101.13,Mainly Clear,7,26.1,
2012-07-21 18:00:00,26.1,10.8,38,15,48.3,101.11,Mainly Clear,7,25.4,
2012-07-21 19:00:00,25.4,11.7,42,13,24.1,101.06,Mostly Cloudy,7,24.6,
2012-07-21 20:00:00,24.6,13.5,50,13,25.0,101.08,Mostly Cloudy,7,23.4,
2012-07-21 21:00:00,23.4,12.9,52,4,25.0,101.18,Mostly Cloudy,7,23.0,
2012-07-21 22:00:00,23.0,15.3,62,4,25.0,101.19,Mostly Cloudy,7,22.9,
2012-07-21 23:00:00,22.9,14.4,59,9,25.0,101.19,Cloudy,7,22.7,
2012-07-22 00:00:00,22.7,14.9,61,11,25.0,101.19,Cloudy,7,22.5,
2012-07-22 01:00:00,22.5,15.4,64,13,25.0,101.17,Mostly Cloudy,7,22.4,
2012-07-22 02:00:00,22.4,15.9,67,15,25.0,101.13,Mostly Cloudy,7,22.4,
2012-07-22 03:00:00,22.4,14.8,62,15,25.0,101.12,Mostly Cloudy,7,21.9,
2012-07-22 04:00:00,21.9,15.3,66,15,25.0,101.15,Mainly Clear,7,21.8,
2012-07-22 05:00:00,21.8,14.8,64,15,48.3,101.18,Mostly Cloudy,7,22.2,
2012-07-22 06:00:00,22.2,15.1,64,17,48.3,101.22,Mainly Clear,7,22.5,
2012-07-22 07:00:00,22.5,15.6,65,19,48.3,101.24,Mostly Cloudy,7,23.3,
2012-07-22 08:00:00,23.3,17.2,69,19,48.3,101.26,Mainly Clear,7,25.2,
2012-07-22 09:00:00,25.2,17.9,64,26,48.3,101.23,Mainly Clear,7,25.7,
2012-07-22 10:00:00,25.7,18.5,64,22,48.3,101.2,Mainly Clear,7,26.8,
2012-07-22 11:00:00,26.8,18.6,61,24,48.3,101.16,Mainly Clear,7,27.8,
2012-07-22 12:00:00,27.8,18.3,56,22,48.3,101.15,Mainly Clear,7,28.3,
2012-07-22 13:00:00,28.3,18.8,56,20,48.3,101.11,Mainly Clear,7,28.3,
2012-07-22 14:00:00,28.3,18.5,55,20,48.3,101.09,Mostly Cloudy,7,30.1,
2012-07-22 15:00:00,30.1,19.2,52,20,48.3,101.06,Mostly Cloudy,7,29.9,
2012-07-22 16:00:00,29.9,17.8,48,24,48.3,101.02,Mostly Cloudy,7,29.1,
2012-07-22 17:00:00,29.1,17.9,51,17,24.1,101.02,Mostly Cloudy,7,29.2,
2012-07-22 18:00:00,29.2,16.9,47,20,48.3,100.99,Mostly Cloudy,7,28.6,
2012-07-22 19:00:00,28.6,16.1,47,20,24.1,100.99,Mostly Cloudy,7,27.3,
2012-07-22 20:00:00,27.3,17.5,55,13,25.0,101.05,Mainly Clear,7,26.9,
2012-07-22 21:00:00,26.9,17.0,55,15,25.0,101.07,Mostly Cloudy,7,25.8,
2012-07-22 22:00:00,25.8,17.4,60,11,25.0,101.01,Clear,7,25.0,
2012-07-22 23:00:00,25.0,17.8,64,9,25.0,101.03,Mainly Clear,7,24.3,
2012-07-23 00:00:00,24.3,17.7,67,11,25.0,101.01,Mainly Clear,7,24.3,
2012-07-23 01:00:00,24.3,17.6,66,11,25.0,101.0,Mainly Clear,7,23.8,
2012-07-23 02:00:00,23.8,17.8,69,9,25.0,100.98,Mostly Cloudy,7,23.4,
2012-07-23 03:00:00,23.4,18.0,72,9,25.0,100.97,Mainly Clear,7,23.0,
2012-07-23 04:00:00,23.0,18.1,74,11,24.1,100.94,Mostly Cloudy,7,23.1,
2012-07-23 05:00:00,23.1,17.8,72,13,24.1,100.94,Cloudy,7,23.5,
2012-07-23 06:00:00,23.5,18.3,73,13,24.1,100.94,Cloudy,7,24.1,
2012-07-23 07:00:00,24.1,18.9,73,17,24.1,100.89,Cloudy,7,24.8,
2012-07-23 08:00:00,24.8,19.5,72,19,24.1,100.86,Cloudy,7,26.3,
2012-07-23 09:00:00,26.3,19.8,67,19,48.3,100.76,Mainly Clear,7,27.6,
2012-07-23 10:00:00,27.6,20.9,67,20,48.3,100.7,Mainly Clear,7,27.8,
2012-07-23 11:00:00,27.8,20.7,65,15,48.3,100.64,Mainly Clear,7,28.8,
2012-07-23 12:00:00,28.8,20.3,60,13,48.3,100.57,Mainly Clear,7,30.1,
2012-07-23 13:00:00,30.1,20.4,56,11,48.3,100.46,Mainly Clear,7,30.7,
2012-07-23 14:00:00,30.7,19.7,52,17,48.3,100.35,Mostly Cloudy,7,30.1,
2012-07-23 15:00:00,30.1,19.4,53,11,24.1,100.19,Cloudy,7,29.9,
2012-07-23 16:00:00,29.9,19.1,52,9,24.1,100.15,Cloudy,7,19.4,
2012-07-23 17:00:00,19.4,18.2,93,4,24.1,100.24,"Thunderstorms,Rain",7,20.6,
2012-07-23 18:00:00,20.6,19.1,91,30,19.3,100.19,"Thunderstorms,Rain",7,20.7,
2012-07-23 19:00:00,20.7,18.5,87,20,24.1,100.08,Rain,7,21.0,
2012-07-23 20:00:00,21.0,18.5,86,9,25.0,99.98,Cloudy,7,18.1,
2012-07-23 21:00:00,18.1,17.7,98,11,6.4,100.27,"Thunderstorms,Rain Showers",7,18.7,
2012-07-23 22:00:00,18.7,18.0,96,7,6.4,100.04,"Thunderstorms,Rain Showers",7,19.6,
2012-07-23 23:00:00,19.6,18.7,95,11,25.0,99.93,Cloudy,7,19.3,
2012-07-24 00:00:00,19.3,18.3,94,6,25.0,99.84,Cloudy,7,19.4,
2012-07-24 01:00:00,19.4,18.3,93,11,25.0,99.76,Mostly Cloudy,7,19.3,
2012-07-24 02:00:00,19.3,18.3,94,0,25.0,99.75,Cloudy,7,18.2,
2012-07-24 03:00:00,18.2,17.9,98,4,25.0,99.73,Mainly Clear,7,18.9,
2012-07-24 04:00:00,18.9,18.5,98,7,16.1,99.75,Mostly Cloudy,7,19.5,
2012-07-24 05:00:00,19.5,18.6,95,6,24.1,99.78,Mostly Cloudy,7,20.5,
2012-07-24 06:00:00,20.5,18.9,91,7,24.1,99.8,Mainly Clear,7,21.6,
2012-07-24 07:00:00,21.6,19.3,87,13,24.1,99.85,Mainly Clear,7,22.7,
2012-07-24 08:00:00,22.7,19.2,81,13,24.1,99.89,Mainly Clear,7,23.5,
2012-07-24 09:00:00,23.5,17.8,70,19,24.1,99.93,Mostly Cloudy,7,24.0,
2012-07-24 10:00:00,24.0,16.2,62,19,24.1,99.95,Mostly Cloudy,7,23.4,
2012-07-24 11:00:00,23.4,16.9,67,17,24.1,99.96,Cloudy,7,23.5,
2012-07-24 12:00:00,23.5,16.9,66,22,24.1,99.98,Mostly Cloudy,7,23.8,
2012-07-24 13:00:00,23.8,14.6,56,30,24.1,100.04,Mainly Clear,7,24.5,
2012-07-24 14:00:00,24.5,12.2,46,28,48.3,100.11,Mostly Cloudy,7,23.0,
2012-07-24 15:00:00,23.0,10.4,45,24,48.3,100.14,Mostly Cloudy,7,23.8,
2012-07-24 16:00:00,23.8,11.7,47,20,48.3,100.15,Mostly Cloudy,7,23.0,
2012-07-24 17:00:00,23.0,11.5,48,24,48.3,100.19,Mostly Cloudy,7,22.1,
2012-07-24 18:00:00,22.1,11.8,52,15,24.1,100.25,Mostly Cloudy,7,21.4,
2012-07-24 19:00:00,21.4,11.5,53,15,25.0,100.29,Mostly Cloudy,7,20.7,
2012-07-24 20:00:00,20.7,12.2,58,17,25.0,100.34,Mostly Cloudy,7,19.6,
2012-07-24 21:00:00,19.6,12.2,62,17,25.0,100.41,Mostly Cloudy,7,19.0,
2012-07-24 22:00:00,19.0,12.3,65,19,25.0,100.45,Mainly Clear,7,18.0,
2012-07-24 23:00:00,18.0,12.5,70,17,25.0,100.5,Clear,7,16.6,
2012-07-25 00:00:00,16.6,12.4,76,11,25.0,100.55,Clear,7,15.8,
2012-07-25 01:00:00,15.8,12.0,78,4,25.0,100.56,Clear,7,15.4,
2012-07-25 02:00:00,15.4,12.5,83,9,25.0,100.59,Clear,7,15.4,
2012-07-25 03:00:00,15.4,12.5,83,11,25.0,100.65,Clear,7,14.5,
2012-07-25 04:00:00,14.5,12.2,86,7,25.0,100.69,Clear,7,13.8,
2012-07-25 05:00:00,13.8,12.1,89,7,24.1,100.71,Clear,7,16.2,
2012-07-25 06:00:00,16.2,13.2,82,11,24.1,100.76,Clear,7,17.5,
2012-07-25 07:00:00,17.5,12.2,71,13,24.1,100.81,Clear,7,18.8,
2012-07-25 08:00:00,18.8,12.8,68,13,24.1,100.8,Clear,7,19.6,
2012-07-25 09:00:00,19.6,12.9,65,11,48.3,100.79,Clear,7,21.1,
2012-07-25 10:00:00,21.1,12.6,58,11,48.3,100.88,Clear,7,22.3,
2012-07-25 11:00:00,22.3,13.5,57,13,48.3,100.76,Mainly Clear,7,23.2,
2012-07-25 12:00:00,23.2,12.7,52,9,48.3,100.76,Mainly Clear,7,23.4,
2012-07-25 13:00:00,23.4,13.1,52,19,48.3,100.66,Mostly Cloudy,7,23.6,
2012-07-25 14:00:00,23.6,13.6,53,22,48.3,100.61,Mostly Cloudy,7,24.8,
2012-07-25 15:00:00,24.8,13.6,50,19,48.3,100.58,Mostly Cloudy,7,24.7,
2012-07-25 16:00:00,24.7,13.8,51,22,48.3,100.51,Cloudy,7,24.1,
2012-07-25 17:00:00,24.1,12.3,48,28,48.3,100.46,Cloudy,7,23.7,
2012-07-25 18:00:00,23.7,13.1,51,20,24.1,100.44,Cloudy,7,23.4,
2012-07-25 19:00:00,23.4,12.9,52,17,25.0,100.37,Cloudy,7,23.2,
2012-07-25 20:00:00,23.2,12.0,49,15,25.0,100.34,Cloudy,7,21.8,
2012-07-25 21:00:00,21.8,13.6,60,13,25.0,100.31,Cloudy,7,21.2,
2012-07-25 22:00:00,21.2,13.8,63,13,25.0,100.29,Cloudy,7,20.8,
2012-07-25 23:00:00,20.8,13.4,63,11,25.0,100.29,Rain Showers,7,21.3,
2012-07-26 00:00:00,21.3,14.4,65,13,25.0,100.23,Rain Showers,7,20.4,
2012-07-26 01:00:00,20.4,13.9,66,13,25.0,100.18,Mostly Cloudy,7,20.3,
2012-07-26 02:00:00,20.3,13.8,66,11,25.0,100.12,Mostly Cloudy,7,20.6,
2012-07-26 03:00:00,20.6,14.4,68,9,25.0,100.07,Cloudy,7,20.6,
2012-07-26 04:00:00,20.6,14.2,67,6,25.0,100.0,Cloudy,7,20.0,
2012-07-26 05:00:00,20.0,14.8,72,7,24.1,99.98,Cloudy,7,19.6,
2012-07-26 06:00:00,19.6,15.5,77,9,16.1,100.01,Rain,7,19.4,
2012-07-26 07:00:00,19.4,16.0,81,7,24.1,100.0,Cloudy,7,20.4,
2012-07-26 08:00:00,20.4,15.0,71,4,24.1,99.99,Cloudy,7,20.6,
2012-07-26 09:00:00,20.6,15.3,72,9,24.1,99.97,Cloudy,7,20.6,
2012-07-26 10:00:00,20.6,16.3,76,11,24.1,99.96,Cloudy,7,21.9,
2012-07-26 11:00:00,21.9,17.5,76,7,24.1,99.93,Mostly Cloudy,7,21.1,
2012-07-26 12:00:00,21.1,16.2,74,6,24.1,99.91,Cloudy,7,21.3,
2012-07-26 13:00:00,21.3,16.2,73,4,24.1,99.9,Cloudy,7,21.6,
2012-07-26 14:00:00,21.6,16.8,74,6,24.1,99.86,Cloudy,7,21.3,
2012-07-26 15:00:00,21.3,16.7,75,4,24.1,99.86,Cloudy,7,21.9,
2012-07-26 16:00:00,21.9,16.7,72,7,24.1,99.83,Cloudy,7,21.7,
2012-07-26 17:00:00,21.7,16.4,72,7,24.1,99.86,Cloudy,7,21.6,
2012-07-26 18:00:00,21.6,16.5,73,11,24.1,99.89,Cloudy,7,21.0,
2012-07-26 19:00:00,21.0,17.5,80,11,24.1,99.92,Cloudy,7,20.5,
2012-07-26 20:00:00,20.5,17.6,83,4,24.1,99.94,Mostly Cloudy,7,20.3,
2012-07-26 21:00:00,20.3,17.5,84,4,25.0,99.97,Mostly Cloudy,7,18.8,
2012-07-26 22:00:00,18.8,17.5,92,0,25.0,99.94,Mainly Clear,7,18.6,
2012-07-26 23:00:00,18.6,17.5,93,0,25.0,99.99,Mostly Cloudy,7,18.1,
2012-07-27 00:00:00,18.1,17.2,94,0,25.0,100.01,Mainly Clear,7,17.2,
2012-07-27 01:00:00,17.2,16.5,96,0,25.0,100.05,Mostly Cloudy,7,16.9,
2012-07-27 02:00:00,16.9,16.3,96,4,25.0,100.08,Mainly Clear,7,15.9,
2012-07-27 03:00:00,15.9,15.3,96,4,25.0,100.1,Mostly Cloudy,7,17.5,
2012-07-27 04:00:00,17.5,16.2,92,0,25.0,100.19,Mainly Clear,7,16.2,
2012-07-27 05:00:00,16.2,15.6,96,7,24.1,100.33,Mostly Cloudy,7,18.4,
2012-07-27 06:00:00,18.4,15.3,82,17,24.1,100.34,Mostly Cloudy,7,19.0,
2012-07-27 07:00:00,19.0,14.3,74,24,24.1,100.44,Mostly Cloudy,7,20.2,
2012-07-27 08:00:00,20.2,14.3,69,13,24.1,100.46,Mostly Cloudy,7,21.1,
2012-07-27 09:00:00,21.1,14.5,66,7,24.1,100.51,Mostly Cloudy,7,22.0,
2012-07-27 10:00:00,22.0,15.3,66,6,24.1,100.53,Mainly Clear,7,23.4,
2012-07-27 11:00:00,23.4,16.5,65,4,24.1,100.55,Mainly Clear,7,24.1,
2012-07-27 12:00:00,24.1,15.6,59,6,24.1,100.56,Mainly Clear,7,24.8,
2012-07-27 13:00:00,24.8,16.1,58,0,24.1,100.55,Mainly Clear,7,26.6,
2012-07-27 14:00:00,26.6,16.8,55,0,24.1,100.57,Mainly Clear,7,26.1,
2012-07-27 15:00:00,26.1,17.0,57,11,24.1,100.6,Mostly Cloudy,7,25.6,
2012-07-27 16:00:00,25.6,16.0,55,6,24.1,100.63,Mostly Cloudy,7,25.8,
2012-07-27 17:00:00,25.8,15.8,54,6,24.1,100.66,Mostly Cloudy,7,26.1,
2012-07-27 18:00:00,26.1,15.2,51,7,24.1,100.71,Mostly Cloudy,7,23.7,
2012-07-27 19:00:00,23.7,17.0,66,4,24.1,100.74,Mainly Clear,7,22.5,
2012-07-27 20:00:00,22.5,16.6,69,6,24.1,100.8,Mainly Clear,7,21.4,
2012-07-27 21:00:00,21.4,16.6,74,4,25.0,100.86,Mainly Clear,7,21.3,
2012-07-27 22:00:00,21.3,16.0,72,0,25.0,100.88,Mainly Clear,7,21.1,
2012-07-27 23:00:00,21.1,16.7,76,0,25.0,100.92,Mostly Cloudy,7,22.8,
2012-07-28 00:00:00,22.8,16.8,69,9,25.0,100.95,Mostly Cloudy,7,22.3,
2012-07-28 01:00:00,22.3,11.4,50,4,25.0,101.01,Mainly Clear,7,20.8,
2012-07-28 02:00:00,20.8,11.9,57,13,25.0,101.06,Mostly Cloudy,7,18.7,
2012-07-28 03:00:00,18.7,14.3,76,11,25.0,101.09,Mostly Cloudy,7,17.6,
2012-07-28 04:00:00,17.6,12.1,70,13,25.0,101.14,Mostly Cloudy,7,17.4,
2012-07-28 05:00:00,17.4,11.2,67,15,48.3,101.18,Mostly Cloudy,7,18.1,
2012-07-28 06:00:00,18.1,11.5,65,17,48.3,101.2,Mostly Cloudy,7,19.5,
2012-07-28 07:00:00,19.5,11.1,58,15,48.3,101.22,Mostly Cloudy,7,20.3,
2012-07-28 08:00:00,20.3,11.5,57,17,48.3,101.25,Mostly Cloudy,7,20.7,
2012-07-28 09:00:00,20.7,12.3,59,19,48.3,101.25,Mostly Cloudy,7,21.6,
2012-07-28 10:00:00,21.6,12.8,57,15,48.3,101.29,Mostly Cloudy,7,23.9,
2012-07-28 11:00:00,23.9,14.0,54,20,48.3,101.26,Cloudy,7,23.9,
2012-07-28 12:00:00,23.9,14.2,55,13,48.3,101.19,Cloudy,7,25.5,
2012-07-28 13:00:00,25.5,12.2,44,13,48.3,101.15,Cloudy,7,26.4,
2012-07-28 14:00:00,26.4,11.1,38,13,48.3,101.13,Mostly Cloudy,7,26.7,
2012-07-28 15:00:00,26.7,11.2,38,22,48.3,101.12,Mostly Cloudy,7,25.8,
2012-07-28 16:00:00,25.8,11.9,42,17,48.3,101.1,Mostly Cloudy,7,26.2,
2012-07-28 17:00:00,26.2,10.6,38,17,48.3,101.1,Mostly Cloudy,7,26.2,
2012-07-28 18:00:00,26.2,10.3,37,15,48.3,101.15,Mostly Cloudy,7,25.6,
2012-07-28 19:00:00,25.6,10.2,38,13,48.3,101.15,Mostly Cloudy,7,24.6,
2012-07-28 20:00:00,24.6,10.8,42,9,24.1,101.14,Mostly Cloudy,7,22.8,
2012-07-28 21:00:00,22.8,11.8,50,4,25.0,101.14,Mainly Clear,7,19.5,
2012-07-28 22:00:00,19.5,13.1,66,7,25.0,101.16,Mainly Clear,7,18.9,
2012-07-28 23:00:00,18.9,13.8,72,9,25.0,101.18,Mainly Clear,7,18.5,
2012-07-29 00:00:00,18.5,13.7,74,9,25.0,101.18,Clear,7,18.4,
2012-07-29 01:00:00,18.4,13.7,74,13,25.0,101.16,Clear,7,17.7,
2012-07-29 02:00:00,17.7,12.9,73,15,25.0,101.16,Clear,7,17.1,
2012-07-29 03:00:00,17.1,10.8,66,15,25.0,101.14,Mainly Clear,7,16.8,
2012-07-29 04:00:00,16.8,10.7,67,13,25.0,101.15,Mainly Clear,7,16.6,
2012-07-29 05:00:00,16.6,10.8,69,13,48.3,101.23,Mainly Clear,7,17.6,
2012-07-29 06:00:00,17.6,11.2,66,15,48.3,101.27,Mainly Clear,7,19.2,
2012-07-29 07:00:00,19.2,12.3,64,15,24.1,101.29,Mainly Clear,7,20.5,
2012-07-29 08:00:00,20.5,13.3,63,13,24.1,101.31,Mainly Clear,7,22.2,
2012-07-29 09:00:00,22.2,14.8,63,9,48.3,101.3,Mainly Clear,7,24.0,
2012-07-29 10:00:00,24.0,16.9,65,7,48.3,101.28,Mainly Clear,7,24.7,
2012-07-29 11:00:00,24.7,16.7,61,11,48.3,101.26,Mainly Clear,7,26.6,
2012-07-29 12:00:00,26.6,17.5,57,6,48.3,101.21,Mainly Clear,7,26.6,
2012-07-29 13:00:00,26.6,17.5,57,9,48.3,101.17,Mainly Clear,7,27.3,
2012-07-29 14:00:00,27.3,17.4,55,4,48.3,101.12,Mainly Clear,7,27.8,
2012-07-29 15:00:00,27.8,17.7,54,11,48.3,101.09,Mainly Clear,7,27.5,
2012-07-29 16:00:00,27.5,17.5,54,0,48.3,101.06,Mainly Clear,7,27.0,
2012-07-29 17:00:00,27.0,16.9,54,7,48.3,101.03,Mainly Clear,7,26.8,
2012-07-29 18:00:00,26.8,16.9,55,6,48.3,101.05,Mainly Clear,7,26.5,
2012-07-29 19:00:00,26.5,17.4,57,6,48.3,101.08,Mostly Cloudy,7,25.8,
2012-07-29 20:00:00,25.8,17.3,59,9,24.1,101.12,Mostly Cloudy,7,25.3,
2012-07-29 21:00:00,25.3,18.3,65,11,25.0,101.15,Mainly Clear,7,22.5,
2012-07-29 22:00:00,22.5,19.5,83,4,25.0,101.16,Mainly Clear,7,21.2,
2012-07-29 23:00:00,21.2,18.6,85,4,25.0,101.18,Clear,7,21.9,
2012-07-30 00:00:00,21.9,17.6,77,0,25.0,101.17,Mainly Clear,7,19.7,
2012-07-30 01:00:00,19.7,17.2,85,6,25.0,101.16,Mainly Clear,7,20.6,
2012-07-30 02:00:00,20.6,18.6,88,6,25.0,101.15,Clear,7,20.5,
2012-07-30 03:00:00,20.5,18.3,87,4,25.0,101.13,Clear,7,19.0,
2012-07-30 04:00:00,19.0,15.6,81,6,25.0,101.22,Mainly Clear,7,17.9,
2012-07-30 05:00:00,17.9,16.7,93,0,24.1,101.27,Mainly Clear,7,20.5,
2012-07-30 06:00:00,20.5,16.9,80,6,24.1,101.28,Mainly Clear,7,21.6,
2012-07-30 07:00:00,21.6,17.2,76,6,48.3,101.31,Mainly Clear,7,22.4,
2012-07-30 08:00:00,22.4,16.7,70,7,48.3,101.31,Clear,7,24.1,
2012-07-30 09:00:00,24.1,16.9,64,7,48.3,101.31,Mainly Clear,7,25.0,
2012-07-30 10:00:00,25.0,15.8,57,15,48.3,101.29,Mainly Clear,7,26.0,
2012-07-30 11:00:00,26.0,15.0,51,15,48.3,101.27,Mainly Clear,7,27.2,
2012-07-30 12:00:00,27.2,15.8,50,19,48.3,101.22,Mainly Clear,7,28.5,
2012-07-30 13:00:00,28.5,15.5,45,15,48.3,101.17,Mostly Cloudy,7,29.3,
2012-07-30 14:00:00,29.3,15.9,44,17,48.3,101.13,Cloudy,7,29.0,
2012-07-30 15:00:00,29.0,13.5,39,17,48.3,101.1,Cloudy,7,29.9,
2012-07-30 16:00:00,29.9,14.3,39,9,48.3,101.04,Cloudy,7,29.4,
2012-07-30 17:00:00,29.4,12.9,36,9,48.3,101.03,Cloudy,7,28.2,
2012-07-30 18:00:00,28.2,15.4,46,13,48.3,101.01,Mainly Clear,7,26.9,
2012-07-30 19:00:00,26.9,16.4,53,11,48.3,101.01,Mainly Clear,7,25.2,
2012-07-30 20:00:00,25.2,16.5,59,7,48.3,101.01,Mainly Clear,7,24.3,
2012-07-30 21:00:00,24.3,16.9,63,11,25.0,101.0,Clear,7,23.8,
2012-07-30 22:00:00,23.8,17.6,68,9,25.0,101.0,Clear,7,22.9,
2012-07-30 23:00:00,22.9,17.7,73,6,25.0,101.02,Mainly Clear,7,22.2,
2012-07-31 00:00:00,22.2,19.0,82,6,25.0,101.03,Mainly Clear,7,21.3,
2012-07-31 01:00:00,21.3,18.0,81,9,25.0,101.03,Mainly Clear,7,21.5,
2012-07-31 02:00:00,21.5,16.6,74,13,25.0,101.02,Mainly Clear,7,20.1,
2012-07-31 03:00:00,20.1,16.1,78,13,25.0,101.02,Clear,7,19.4,
2012-07-31 04:00:00,19.4,15.8,80,9,25.0,101.03,Mainly Clear,7,19.8,
2012-07-31 05:00:00,19.8,17.1,84,11,25.0,101.04,Mainly Clear,7,21.1,
2012-07-31 06:00:00,21.1,17.7,81,7,48.3,101.05,Mainly Clear,7,22.6,
2012-07-31 07:00:00,22.6,18.2,76,9,48.3,101.03,Clear,7,24.2,
2012-07-31 08:00:00,24.2,18.5,71,9,48.3,101.02,Clear,7,25.9,
2012-07-31 09:00:00,25.9,19.5,68,7,24.1,100.98,Mainly Clear,7,27.3,
2012-07-31 10:00:00,27.3,19.8,64,11,24.1,100.97,Mainly Clear,7,28.4,
2012-07-31 11:00:00,28.4,20.8,63,13,24.1,100.93,Mainly Clear,7,28.9,
2012-07-31 12:00:00,28.9,20.7,61,19,24.1,100.87,Mainly Clear,7,28.7,
2012-07-31 13:00:00,28.7,19.2,56,19,24.1,100.79,Mainly Clear,7,28.8,
2012-07-31 14:00:00,28.8,18.4,53,20,24.1,100.7,Mainly Clear,7,28.8,
2012-07-31 15:00:00,28.8,18.4,53,19,24.1,100.64,Mainly Clear,7,28.8,
2012-07-31 16:00:00,28.8,19.1,56,22,24.1,100.58,Mostly Cloudy,7,28.0,
2012-07-31 17:00:00,28.0,17.7,54,20,24.1,100.55,Mostly Cloudy,7,25.3,
2012-07-31 18:00:00,25.3,19.3,69,17,24.1,100.53,Mostly Cloudy,7,24.8,
2012-07-31 19:00:00,24.8,18.3,67,22,24.1,100.55,Rain Showers,7,22.4,
2012-07-31 20:00:00,22.4,18.7,80,35,9.7,100.64,"Thunderstorms,Rain Showers,Fog",7,22.8,
2012-07-31 21:00:00,22.8,18.8,78,13,25.0,100.65,"Thunderstorms,Rain Showers",7,22.8,
2012-07-31 22:00:00,22.8,19.4,81,7,25.0,100.57,Mostly Cloudy,7,21.8,
2012-07-31 23:00:00,21.8,19.2,85,4,25.0,100.52,Mainly Clear,7,21.0,
2012-08-01 00:00:00,21.0,19.8,93,0,25.0,100.53,Mainly Clear,8,21.0,
2012-08-01 01:00:00,21.0,19.6,92,4,25.0,100.54,Clear,8,21.3,
2012-08-01 02:00:00,21.3,19.1,87,9,25.0,100.55,Mostly Cloudy,8,20.8,
2012-08-01 03:00:00,20.8,19.0,89,9,25.0,100.54,Cloudy,8,20.8,
2012-08-01 04:00:00,20.8,18.7,88,6,25.0,100.57,Mostly Cloudy,8,20.8,
2012-08-01 05:00:00,20.8,18.1,85,9,25.0,100.58,Cloudy,8,20.4,
2012-08-01 06:00:00,20.4,18.6,89,7,25.0,100.62,Rain Showers,8,20.8,
2012-08-01 07:00:00,20.8,18.7,88,11,24.1,100.64,Cloudy,8,21.2,
2012-08-01 08:00:00,21.2,18.9,87,9,24.1,100.65,Cloudy,8,22.0,
2012-08-01 09:00:00,22.0,18.9,83,13,24.1,100.64,Cloudy,8,24.1,
2012-08-01 10:00:00,24.1,19.4,75,13,24.1,100.6,Mostly Cloudy,8,24.1,
2012-08-01 11:00:00,24.1,18.0,69,17,24.1,100.6,Mostly Cloudy,8,25.2,
2012-08-01 12:00:00,25.2,18.6,67,13,24.1,100.56,Mainly Clear,8,25.7,
2012-08-01 13:00:00,25.7,18.2,63,15,24.1,100.51,Mainly Clear,8,26.9,
2012-08-01 14:00:00,26.9,19.2,63,15,24.1,100.48,Mainly Clear,8,27.3,
2012-08-01 15:00:00,27.3,18.6,59,13,24.1,100.46,Mainly Clear,8,27.8,
2012-08-01 16:00:00,27.8,18.7,58,9,24.1,100.4,Mainly Clear,8,27.4,
2012-08-01 17:00:00,27.4,19.0,60,13,24.1,100.38,Mainly Clear,8,27.0,
2012-08-01 18:00:00,27.0,18.9,61,15,24.1,100.39,Mainly Clear,8,26.3,
2012-08-01 19:00:00,26.3,19.2,65,13,24.1,100.46,Mostly Cloudy,8,25.7,
2012-08-01 20:00:00,25.7,19.1,67,15,25.0,100.48,Mostly Cloudy,8,23.1,
2012-08-01 21:00:00,23.1,20.3,84,6,25.0,100.49,Mainly Clear,8,24.2,
2012-08-01 22:00:00,24.2,20.3,79,7,25.0,100.52,Mainly Clear,8,23.9,
2012-08-01 23:00:00,23.9,19.8,78,6,25.0,100.5,Mainly Clear,8,23.9,
2012-08-02 00:00:00,23.9,19.8,78,7,25.0,100.51,Mostly Cloudy,8,22.6,
2012-08-02 01:00:00,22.6,19.6,83,7,25.0,100.48,Mainly Clear,8,21.8,
2012-08-02 02:00:00,21.8,19.6,87,9,25.0,100.49,Mainly Clear,8,22.2,
2012-08-02 03:00:00,22.2,20.1,88,11,25.0,100.47,Mainly Clear,8,21.5,
2012-08-02 04:00:00,21.5,19.6,89,11,25.0,100.51,Mainly Clear,8,21.3,
2012-08-02 05:00:00,21.3,19.6,90,7,24.1,100.55,Clear,8,21.7,
2012-08-02 06:00:00,21.7,19.6,88,15,48.3,100.55,Clear,8,22.5,
2012-08-02 07:00:00,22.5,20.1,86,13,48.3,100.6,Mainly Clear,8,23.9,
2012-08-02 08:00:00,23.9,19.9,78,11,48.3,100.61,Mainly Clear,8,24.5,
2012-08-02 09:00:00,24.5,19.8,75,17,48.3,100.63,Mainly Clear,8,25.8,
2012-08-02 10:00:00,25.8,19.5,68,11,24.1,100.6,Mainly Clear,8,27.3,
2012-08-02 11:00:00,27.3,20.1,65,17,24.1,100.56,Mainly Clear,8,27.4,
2012-08-02 12:00:00,27.4,18.5,58,13,24.1,100.56,Mainly Clear,8,29.1,
2012-08-02 13:00:00,29.1,18.0,51,20,24.1,100.5,Mainly Clear,8,29.6,
2012-08-02 14:00:00,29.6,18.8,52,13,24.1,100.44,Mainly Clear,8,29.8,
2012-08-02 15:00:00,29.8,18.9,52,19,24.1,100.43,Mostly Cloudy,8,30.0,
2012-08-02 16:00:00,30.0,17.8,48,22,24.1,100.4,Mostly Cloudy,8,29.9,
2012-08-02 17:00:00,29.9,16.1,43,20,24.1,100.41,Mostly Cloudy,8,28.4,
2012-08-02 18:00:00,28.4,16.3,48,15,24.1,100.42,Mostly Cloudy,8,27.7,
2012-08-02 19:00:00,27.7,14.8,45,15,24.1,100.44,Mostly Cloudy,8,27.2,
2012-08-02 20:00:00,27.2,15.4,48,19,25.0,100.52,Cloudy,8,26.8,
2012-08-02 21:00:00,26.8,15.5,50,24,25.0,100.53,Cloudy,8,25.7,
2012-08-02 22:00:00,25.7,15.9,55,17,25.0,100.52,Cloudy,8,25.0,
2012-08-02 23:00:00,25.0,17.1,62,24,25.0,100.5,Mostly Cloudy,8,24.4,
2012-08-03 00:00:00,24.4,16.9,63,17,25.0,100.5,Mainly Clear,8,24.1,
2012-08-03 01:00:00,24.1,16.9,64,13,25.0,100.5,Mainly Clear,8,23.5,
2012-08-03 02:00:00,23.5,17.3,68,13,25.0,100.52,Mostly Cloudy,8,23.4,
2012-08-03 03:00:00,23.4,18.0,72,15,25.0,100.54,Mostly Cloudy,8,22.9,
2012-08-03 04:00:00,22.9,17.8,73,15,25.0,100.6,Cloudy,8,22.3,
2012-08-03 05:00:00,22.3,17.9,76,11,24.1,100.68,Mainly Clear,8,22.5,
2012-08-03 06:00:00,22.5,18.3,77,13,24.1,100.74,Mainly Clear,8,23.2,
2012-08-03 07:00:00,23.2,18.5,75,17,24.1,100.81,Mainly Clear,8,24.1,
2012-08-03 08:00:00,24.1,18.5,71,13,24.1,100.87,Clear,8,25.6,
2012-08-03 09:00:00,25.6,17.8,62,15,24.1,100.91,Mainly Clear,8,26.0,
2012-08-03 10:00:00,26.0,17.7,60,11,24.1,100.95,Mainly Clear,8,27.1,
2012-08-03 11:00:00,27.1,17.3,55,13,24.1,100.99,Mainly Clear,8,27.1,
2012-08-03 12:00:00,27.1,16.7,53,17,24.1,101.03,Mainly Clear,8,28.2,
2012-08-03 13:00:00,28.2,16.6,49,19,24.1,101.07,Mainly Clear,8,27.6,
2012-08-03 14:00:00,27.6,15.6,48,24,24.1,101.1,Mainly Clear,8,29.2,
2012-08-03 15:00:00,29.2,16.7,47,17,24.1,101.11,Mainly Clear,8,28.9,
2012-08-03 16:00:00,28.9,15.9,45,20,24.1,101.1,Mainly Clear,8,28.0,
2012-08-03 17:00:00,28.0,16.0,48,20,48.3,101.14,Clear,8,27.2,
2012-08-03 18:00:00,27.2,16.1,51,11,48.3,101.18,Clear,8,25.5,
2012-08-03 19:00:00,25.5,15.6,54,7,48.3,101.24,Clear,8,23.9,
2012-08-03 20:00:00,23.9,15.7,60,6,24.1,101.31,Clear,8,22.0,
2012-08-03 21:00:00,22.0,15.9,68,6,25.0,101.39,Clear,8,23.3,
2012-08-03 22:00:00,23.3,15.3,61,9,25.0,101.42,Clear,8,23.1,
2012-08-03 23:00:00,23.1,15.2,61,4,25.0,101.49,Clear,8,21.3,
2012-08-04 00:00:00,21.3,15.3,69,9,25.0,101.51,Clear,8,22.3,
2012-08-04 01:00:00,22.3,15.2,64,9,25.0,101.55,Mostly Cloudy,8,22.0,
2012-08-04 02:00:00,22.0,15.0,64,7,25.0,101.59,Mostly Cloudy,8,21.8,
2012-08-04 03:00:00,21.8,14.8,64,6,25.0,101.61,Mostly Cloudy,8,22.1,
2012-08-04 04:00:00,22.1,14.2,61,7,24.1,101.62,Cloudy,8,21.3,
2012-08-04 05:00:00,21.3,14.3,64,11,48.3,101.65,Cloudy,8,20.2,
2012-08-04 06:00:00,20.2,16.0,77,9,48.3,101.67,Mostly Cloudy,8,21.8,
2012-08-04 07:00:00,21.8,15.3,67,17,48.3,101.75,Mainly Clear,8,23.1,
2012-08-04 08:00:00,23.1,15.6,63,13,48.3,101.75,Mainly Clear,8,24.7,
2012-08-04 09:00:00,24.7,16.4,60,15,24.1,101.73,Mainly Clear,8,27.2,
2012-08-04 10:00:00,27.2,17.2,54,13,24.1,101.72,Mainly Clear,8,28.3,
2012-08-04 11:00:00,28.3,18.0,54,17,24.1,101.69,Clear,8,30.1,
2012-08-04 12:00:00,30.1,19.2,52,9,25.0,101.62,Clear,8,31.2,
2012-08-04 13:00:00,31.2,18.1,46,11,24.1,101.56,Clear,8,32.0,
2012-08-04 14:00:00,32.0,18.3,44,17,24.1,101.48,Clear,8,32.8,
2012-08-04 15:00:00,32.8,18.8,44,17,24.1,101.39,Clear,8,32.5,
2012-08-04 16:00:00,32.5,18.5,44,15,24.1,101.34,Clear,8,32.5,
2012-08-04 17:00:00,32.5,19.8,47,13,24.1,101.32,Clear,8,32.2,
2012-08-04 18:00:00,32.2,20.1,49,13,24.1,101.29,Mostly Cloudy,8,30.8,
2012-08-04 19:00:00,30.8,19.2,50,20,24.1,101.23,Mainly Clear,8,29.2,
2012-08-04 20:00:00,29.2,18.7,53,19,24.1,101.23,Clear,8,27.5,
2012-08-04 21:00:00,27.5,18.4,58,17,25.0,101.3,Mainly Clear,8,26.5,
2012-08-04 22:00:00,26.5,18.2,60,13,25.0,101.28,Mainly Clear,8,26.2,
2012-08-04 23:00:00,26.2,18.6,63,17,25.0,101.27,Clear,8,25.7,
2012-08-05 00:00:00,25.7,19.0,67,19,25.0,101.24,Clear,8,25.1,
2012-08-05 01:00:00,25.1,19.2,70,19,25.0,101.19,Clear,8,24.2,
2012-08-05 02:00:00,24.2,19.3,74,19,25.0,101.16,Clear,8,24.4,
2012-08-05 03:00:00,24.4,19.3,73,22,25.0,101.06,Mainly Clear,8,24.3,
2012-08-05 04:00:00,24.3,19.6,75,19,25.0,101.04,Mainly Clear,8,24.1,
2012-08-05 05:00:00,24.1,19.8,77,22,24.1,101.02,Mostly Cloudy,8,24.6,
2012-08-05 06:00:00,24.6,20.2,77,19,24.1,100.96,Cloudy,8,25.9,
2012-08-05 07:00:00,25.9,20.7,73,22,24.1,100.89,Cloudy,8,26.5,
2012-08-05 08:00:00,26.5,21.0,72,24,24.1,100.8,Cloudy,8,26.9,
2012-08-05 09:00:00,26.9,21.3,71,24,19.3,100.72,Mostly Cloudy,8,24.8,
2012-08-05 10:00:00,24.8,22.6,88,22,19.3,100.71,Cloudy,8,27.9,
2012-08-05 11:00:00,27.9,23.2,76,24,24.1,100.63,Mostly Cloudy,8,29.7,
2012-08-05 12:00:00,29.7,22.2,64,19,24.1,100.5,Mostly Cloudy,8,25.2,
2012-08-05 13:00:00,25.2,23.0,88,24,12.9,100.4,Rain Showers,8,24.9,
2012-08-05 14:00:00,24.9,22.9,89,26,16.1,100.42,Rain Showers,8,29.0,
2012-08-05 15:00:00,29.0,24.4,76,13,24.1,100.31,Mostly Cloudy,8,31.1,
2012-08-05 16:00:00,31.1,22.0,58,28,24.1,100.26,Mostly Cloudy,8,30.1,
2012-08-05 17:00:00,30.1,21.1,59,22,24.1,100.2,Cloudy,8,25.0,
2012-08-05 18:00:00,25.0,22.0,83,22,19.3,100.28,"Thunderstorms,Rain Showers",8,24.2,
2012-08-05 19:00:00,24.2,22.2,89,26,16.1,100.29,Rain Showers,8,24.3,
2012-08-05 20:00:00,24.3,21.8,86,32,25.0,100.32,Cloudy,8,23.9,
2012-08-05 21:00:00,23.9,21.2,85,32,25.0,100.43,Mainly Clear,8,23.9,
2012-08-05 22:00:00,23.9,20.0,79,26,25.0,100.5,Mainly Clear,8,23.1,
2012-08-05 23:00:00,23.1,17.4,70,30,25.0,100.58,Clear,8,21.7,
2012-08-06 00:00:00,21.7,13.7,60,24,25.0,100.67,Clear,8,20.7,
2012-08-06 01:00:00,20.7,14.3,67,24,25.0,100.7,Mainly Clear,8,19.6,
2012-08-06 02:00:00,19.6,13.7,69,22,25.0,100.77,Clear,8,18.7,
2012-08-06 03:00:00,18.7,13.2,70,22,25.0,100.79,Clear,8,17.7,
2012-08-06 04:00:00,17.7,13.3,75,13,25.0,100.86,Clear,8,16.6,
2012-08-06 05:00:00,16.6,13.3,81,9,48.3,100.95,Clear,8,18.0,
2012-08-06 06:00:00,18.0,13.8,76,13,48.3,101.01,Clear,8,19.0,
2012-08-06 07:00:00,19.0,14.0,73,17,48.3,101.06,Mainly Clear,8,19.7,
2012-08-06 08:00:00,19.7,13.6,68,17,48.3,101.09,Mainly Clear,8,20.0,
2012-08-06 09:00:00,20.0,13.3,65,20,48.3,101.11,Mostly Cloudy,8,20.8,
2012-08-06 10:00:00,20.8,13.2,62,22,48.3,101.13,Mostly Cloudy,8,22.1,
2012-08-06 11:00:00,22.1,13.6,59,28,48.3,101.15,Mainly Clear,8,21.9,
2012-08-06 12:00:00,21.9,13.0,57,24,48.3,101.17,Mostly Cloudy,8,21.4,
2012-08-06 13:00:00,21.4,13.7,61,13,48.3,101.18,Mostly Cloudy,8,22.5,
2012-08-06 14:00:00,22.5,13.0,55,13,48.3,101.15,Mostly Cloudy,8,22.6,
2012-08-06 15:00:00,22.6,13.8,58,22,48.3,101.12,Mainly Clear,8,23.0,
2012-08-06 16:00:00,23.0,12.2,51,19,48.3,101.07,Mainly Clear,8,23.0,
2012-08-06 17:00:00,23.0,12.8,53,24,48.3,101.06,Mainly Clear,8,23.0,
2012-08-06 18:00:00,23.0,12.8,53,15,48.3,101.03,Mainly Clear,8,21.6,
2012-08-06 19:00:00,21.6,12.8,57,9,48.3,101.02,Clear,8,22.1,
2012-08-06 20:00:00,22.1,13.5,58,9,25.0,101.03,Clear,8,21.7,
2012-08-06 21:00:00,21.7,14.5,64,9,25.0,101.03,Clear,8,20.1,
2012-08-06 22:00:00,20.1,15.6,75,13,25.0,101.04,Clear,8,20.6,
2012-08-06 23:00:00,20.6,15.1,71,11,25.0,101.05,Clear,8,19.6,
2012-08-07 00:00:00,19.6,16.0,80,13,25.0,101.04,Clear,8,19.3,
2012-08-07 01:00:00,19.3,15.6,79,17,25.0,101.02,Clear,8,18.9,
2012-08-07 02:00:00,18.9,14.8,77,19,25.0,100.99,Clear,8,18.2,
2012-08-07 03:00:00,18.2,15.3,83,13,25.0,100.96,Clear,8,18.5,
2012-08-07 04:00:00,18.5,15.5,83,11,25.0,100.95,Clear,8,16.6,
2012-08-07 05:00:00,16.6,15.0,90,7,48.3,100.99,Clear,8,17.9,
2012-08-07 06:00:00,17.9,15.3,85,6,48.3,101.02,Clear,8,19.6,
2012-08-07 07:00:00,19.6,16.1,80,15,48.3,101.01,Mainly Clear,8,21.2,
2012-08-07 08:00:00,21.2,16.4,74,17,48.3,101.01,Mainly Clear,8,22.8,
2012-08-07 09:00:00,22.8,16.7,68,19,48.3,100.99,Mainly Clear,8,24.1,
2012-08-07 10:00:00,24.1,17.1,65,24,48.3,100.96,Mainly Clear,8,25.3,
2012-08-07 11:00:00,25.3,16.9,60,22,48.3,100.96,Mainly Clear,8,26.5,
2012-08-07 12:00:00,26.5,16.1,53,17,48.3,100.9,Mainly Clear,8,27.7,
2012-08-07 13:00:00,27.7,15.7,48,20,48.3,100.87,Mainly Clear,8,27.6,
2012-08-07 14:00:00,27.6,14.2,44,20,48.3,100.82,Mainly Clear,8,28.7,
2012-08-07 15:00:00,28.7,13.6,40,24,48.3,100.79,Mostly Cloudy,8,27.4,
2012-08-07 16:00:00,27.4,13.6,43,17,48.3,100.74,Mostly Cloudy,8,27.8,
2012-08-07 17:00:00,27.8,13.1,40,15,48.3,100.74,Mostly Cloudy,8,27.0,
2012-08-07 18:00:00,27.0,13.8,44,15,48.3,100.74,Mostly Cloudy,8,26.3,
2012-08-07 19:00:00,26.3,14.8,49,13,48.3,100.73,Mostly Cloudy,8,25.8,
2012-08-07 20:00:00,25.8,13.7,47,17,25.0,100.81,Mostly Cloudy,8,21.2,
2012-08-07 21:00:00,21.2,15.0,68,22,25.0,100.9,Cloudy,8,20.2,
2012-08-07 22:00:00,20.2,16.6,80,0,25.0,100.86,Mostly Cloudy,8,20.2,
2012-08-07 23:00:00,20.2,17.5,84,9,25.0,100.87,Rain Showers,8,19.3,
2012-08-08 00:00:00,19.3,18.0,92,7,25.0,100.92,Mostly Cloudy,8,18.7,
2012-08-08 01:00:00,18.7,17.8,95,7,25.0,100.94,Mainly Clear,8,18.3,
2012-08-08 02:00:00,18.3,17.6,96,4,19.3,100.91,Mainly Clear,8,17.4,
2012-08-08 03:00:00,17.4,17.1,98,4,12.9,100.92,Clear,8,17.2,
2012-08-08 04:00:00,17.2,16.9,98,4,16.1,100.97,Clear,8,16.8,
2012-08-08 05:00:00,16.8,16.7,99,0,19.3,101.02,Mainly Clear,8,18.1,
2012-08-08 06:00:00,18.1,17.3,95,0,24.1,101.03,Clear,8,19.3,
2012-08-08 07:00:00,19.3,17.4,89,6,48.3,101.09,Clear,8,21.1,
2012-08-08 08:00:00,21.1,17.5,80,0,48.3,101.12,Mostly Cloudy,8,22.5,
2012-08-08 09:00:00,22.5,16.6,69,4,48.3,101.11,Mainly Clear,8,24.1,
2012-08-08 10:00:00,24.1,16.0,61,9,48.3,101.11,Mainly Clear,8,24.8,
2012-08-08 11:00:00,24.8,15.2,55,4,48.3,101.08,Mainly Clear,8,26.4,
2012-08-08 12:00:00,26.4,11.9,40,0,48.3,101.05,Mainly Clear,8,27.4,
2012-08-08 13:00:00,27.4,14.1,44,4,48.3,101.0,Mainly Clear,8,28.0,
2012-08-08 14:00:00,28.0,15.6,47,11,24.1,100.98,Mainly Clear,8,28.3,
2012-08-08 15:00:00,28.3,14.7,43,7,24.1,100.94,Mostly Cloudy,8,28.0,
2012-08-08 16:00:00,28.0,16.1,48,9,24.1,100.92,Mostly Cloudy,8,24.8,
2012-08-08 17:00:00,24.8,17.1,62,19,24.1,100.91,Mostly Cloudy,8,25.1,
2012-08-08 18:00:00,25.1,16.8,60,9,24.1,100.9,Mostly Cloudy,8,25.1,
2012-08-08 19:00:00,25.1,17.0,61,7,24.1,100.9,Rain Showers,8,24.3,
2012-08-08 20:00:00,24.3,17.2,65,11,25.0,100.92,Rain Showers,8,23.0,
2012-08-08 21:00:00,23.0,17.8,73,6,25.0,100.93,Mostly Cloudy,8,23.5,
2012-08-08 22:00:00,23.5,17.1,67,4,25.0,100.89,Mostly Cloudy,8,23.1,
2012-08-08 23:00:00,23.1,17.0,69,6,25.0,100.92,Mostly Cloudy,8,22.8,
2012-08-09 00:00:00,22.8,17.7,73,9,25.0,100.93,Mainly Clear,8,22.8,
2012-08-09 01:00:00,22.8,16.7,68,11,25.0,100.89,Mostly Cloudy,8,22.4,
2012-08-09 02:00:00,22.4,16.7,70,4,25.0,100.91,Cloudy,8,21.8,
2012-08-09 03:00:00,21.8,17.4,76,9,25.0,100.89,Cloudy,8,21.4,
2012-08-09 04:00:00,21.4,17.4,78,11,25.0,100.9,Mostly Cloudy,8,21.1,
2012-08-09 05:00:00,21.1,16.9,77,13,24.1,100.93,Cloudy,8,20.9,
2012-08-09 06:00:00,20.9,17.0,78,15,24.1,100.98,Cloudy,8,20.7,
2012-08-09 07:00:00,20.7,17.3,81,13,24.1,101.01,Cloudy,8,21.1,
2012-08-09 08:00:00,21.1,17.5,80,19,24.1,101.01,Cloudy,8,21.7,
2012-08-09 09:00:00,21.7,17.5,77,22,24.1,100.98,Cloudy,8,21.7,
2012-08-09 10:00:00,21.7,17.0,75,17,24.1,100.98,Cloudy,8,23.2,
2012-08-09 11:00:00,23.2,17.3,69,13,24.1,100.98,Cloudy,8,24.2,
2012-08-09 12:00:00,24.2,17.8,67,17,24.1,100.92,Cloudy,8,23.6,
2012-08-09 13:00:00,23.6,17.4,68,19,24.1,100.94,Cloudy,8,24.0,
2012-08-09 14:00:00,24.0,17.8,68,20,24.1,100.86,Rain Showers,8,23.7,
2012-08-09 15:00:00,23.7,17.0,66,17,16.1,100.91,Rain Showers,8,22.3,
2012-08-09 16:00:00,22.3,18.7,80,19,19.3,100.89,Rain,8,21.3,
2012-08-09 17:00:00,21.3,18.7,85,17,12.9,100.93,Rain,8,20.4,
2012-08-09 18:00:00,20.4,18.6,89,20,16.1,100.87,Rain,8,20.2,
2012-08-09 19:00:00,20.2,18.2,88,13,19.3,100.92,Rain,8,20.2,
2012-08-09 20:00:00,20.2,17.7,86,15,25.0,100.88,Cloudy,8,19.9,
2012-08-09 21:00:00,19.9,17.5,86,19,25.0,100.87,Cloudy,8,20.1,
2012-08-09 22:00:00,20.1,17.0,82,19,25.0,100.83,Cloudy,8,19.8,
2012-08-09 23:00:00,19.8,17.0,84,20,25.0,100.77,Cloudy,8,19.5,
2012-08-10 00:00:00,19.5,17.0,85,17,25.0,100.74,Cloudy,8,19.3,
2012-08-10 01:00:00,19.3,16.8,85,19,25.0,100.68,Cloudy,8,20.1,
2012-08-10 02:00:00,20.1,17.0,82,13,25.0,100.66,Cloudy,8,19.7,
2012-08-10 03:00:00,19.7,17.3,86,13,25.0,100.65,Cloudy,8,19.3,
2012-08-10 04:00:00,19.3,17.6,90,9,9.7,100.67,Rain,8,19.0,
2012-08-10 05:00:00,19.0,17.7,92,19,12.9,100.58,Rain,8,19.0,
2012-08-10 06:00:00,19.0,17.7,92,9,16.1,100.69,Cloudy,8,19.7,
2012-08-10 07:00:00,19.7,18.2,91,7,12.9,100.66,Cloudy,8,20.8,
2012-08-10 08:00:00,20.8,18.9,89,9,12.9,100.69,Cloudy,8,20.2,
2012-08-10 09:00:00,20.2,18.6,91,13,11.3,100.7,Cloudy,8,20.2,
2012-08-10 10:00:00,20.2,18.5,90,11,11.3,100.75,Cloudy,8,19.9,
2012-08-10 11:00:00,19.9,18.5,92,15,6.4,100.73,Fog,8,20.8,
2012-08-10 12:00:00,20.8,18.8,88,17,6.4,100.73,Fog,8,21.3,
2012-08-10 13:00:00,21.3,19.2,88,19,6.4,100.7,"Rain,Fog",8,21.7,
2012-08-10 14:00:00,21.7,19.3,86,19,8.0,100.64,"Rain,Fog",8,21.0,
2012-08-10 15:00:00,21.0,19.5,91,20,6.4,100.63,"Rain,Fog",8,20.7,
2012-08-10 16:00:00,20.7,19.0,90,20,8.0,100.65,"Rain,Fog",8,20.6,
2012-08-10 17:00:00,20.6,19.0,91,20,8.0,100.63,"Rain,Fog",8,20.0,
2012-08-10 18:00:00,20.0,18.9,93,22,6.4,100.62,"Rain,Fog",8,19.6,
2012-08-10 19:00:00,19.6,18.5,93,24,4.8,100.63,"Rain,Fog",8,19.1,
2012-08-10 20:00:00,19.1,17.9,93,17,12.9,100.65,Rain,8,18.5,
2012-08-10 21:00:00,18.5,17.7,95,22,16.1,100.62,Rain,8,18.2,
2012-08-10 22:00:00,18.2,17.4,95,20,25.0,100.58,Cloudy,8,18.0,
2012-08-10 23:00:00,18.0,17.2,95,19,25.0,100.56,Cloudy,8,17.9,
2012-08-11 00:00:00,17.9,17.0,94,20,16.1,100.57,Cloudy,8,17.5,
2012-08-11 01:00:00,17.5,16.7,95,19,16.1,100.57,Cloudy,8,17.6,
2012-08-11 02:00:00,17.6,16.8,95,19,16.1,100.54,Cloudy,8,17.5,
2012-08-11 03:00:00,17.5,16.7,95,22,16.1,100.53,Cloudy,8,17.2,
2012-08-11 04:00:00,17.2,16.7,97,24,16.1,100.54,Rain Showers,8,17.2,
2012-08-11 05:00:00,17.2,16.7,97,22,12.9,100.57,Cloudy,8,17.4,
2012-08-11 06:00:00,17.4,16.7,96,20,16.1,100.61,Cloudy,8,18.4,
2012-08-11 07:00:00,18.4,17.2,93,17,12.9,100.65,Cloudy,8,19.4,
2012-08-11 08:00:00,19.4,17.8,90,15,12.9,100.66,Cloudy,8,20.4,
2012-08-11 09:00:00,20.4,18.0,86,15,24.1,100.66,Cloudy,8,22.3,
2012-08-11 10:00:00,22.3,19.0,82,11,24.1,100.65,Cloudy,8,23.9,
2012-08-11 11:00:00,23.9,19.8,78,13,24.1,100.61,Mostly Cloudy,8,26.1,
2012-08-11 12:00:00,26.1,20.6,72,9,24.1,100.58,Mostly Cloudy,8,26.9,
2012-08-11 13:00:00,26.9,20.0,66,15,24.1,100.51,Cloudy,8,27.3,
2012-08-11 14:00:00,27.3,20.1,65,17,24.1,100.47,Cloudy,8,27.5,
2012-08-11 15:00:00,27.5,19.9,63,19,24.1,100.42,Cloudy,8,26.8,
2012-08-11 16:00:00,26.8,20.5,68,9,24.1,100.36,Cloudy,8,20.2,
2012-08-11 17:00:00,20.2,19.5,96,32,12.9,100.58,"Thunderstorms,Rain Showers",8,19.6,
2012-08-11 18:00:00,19.6,18.7,95,19,24.1,100.59,Rain Showers,8,20.4,
2012-08-11 19:00:00,20.4,18.6,89,11,24.1,100.59,Mainly Clear,8,19.9,
2012-08-11 20:00:00,19.9,18.9,94,13,25.0,100.65,Mostly Cloudy,8,20.0,
2012-08-11 21:00:00,20.0,18.5,91,9,25.0,100.68,Mostly Cloudy,8,20.0,
2012-08-11 22:00:00,20.0,18.6,92,9,25.0,100.72,Cloudy,8,20.0,
2012-08-11 23:00:00,20.0,18.8,93,9,25.0,100.71,Mostly Cloudy,8,20.1,
2012-08-12 00:00:00,20.1,18.9,93,4,19.3,100.7,Mostly Cloudy,8,19.7,
2012-08-12 01:00:00,19.7,19.2,97,6,19.3,100.69,Cloudy,8,19.7,
2012-08-12 02:00:00,19.7,19.0,96,4,12.9,100.66,Cloudy,8,19.5,
2012-08-12 03:00:00,19.5,19.0,97,0,12.9,100.65,Mostly Cloudy,8,19.5,
2012-08-12 04:00:00,19.5,18.8,96,4,9.7,100.68,Fog,8,19.6,
2012-08-12 05:00:00,19.6,18.7,95,4,8.0,100.75,Fog,8,19.8,
2012-08-12 06:00:00,19.8,18.9,95,9,12.9,100.75,Mostly Cloudy,8,20.5,
2012-08-12 07:00:00,20.5,19.0,91,7,24.1,100.79,Mostly Cloudy,8,21.6,
2012-08-12 08:00:00,21.6,17.8,79,15,24.1,100.8,Mostly Cloudy,8,22.3,
2012-08-12 09:00:00,22.3,16.6,70,19,48.3,100.79,Mainly Clear,8,22.9,
2012-08-12 10:00:00,22.9,16.7,68,17,48.3,100.76,Mainly Clear,8,24.0,
2012-08-12 11:00:00,24.0,17.6,67,13,48.3,100.72,Mainly Clear,8,24.4,
2012-08-12 12:00:00,24.4,16.9,63,17,48.3,100.67,Mainly Clear,8,25.4,
2012-08-12 13:00:00,25.4,17.2,60,13,48.3,100.64,Mainly Clear,8,26.4,
2012-08-12 14:00:00,26.4,17.0,56,13,48.3,100.62,Mainly Clear,8,26.2,
2012-08-12 15:00:00,26.2,16.9,57,15,48.3,100.58,Mainly Clear,8,26.7,
2012-08-12 16:00:00,26.7,16.9,55,17,48.3,100.56,Mainly Clear,8,26.0,
2012-08-12 17:00:00,26.0,16.9,57,17,24.1,100.55,Mostly Cloudy,8,23.2,
2012-08-12 18:00:00,23.2,18.6,75,15,48.3,100.61,Mainly Clear,8,23.2,
2012-08-12 19:00:00,23.2,17.8,72,15,24.1,100.63,Mainly Clear,8,22.9,
2012-08-12 20:00:00,22.9,17.5,72,13,25.0,100.69,Mainly Clear,8,22.3,
2012-08-12 21:00:00,22.3,17.8,76,11,25.0,100.71,Mainly Clear,8,21.8,
2012-08-12 22:00:00,21.8,17.7,78,17,25.0,100.7,Mainly Clear,8,21.8,
2012-08-12 23:00:00,21.8,17.8,78,19,25.0,100.69,Mainly Clear,8,21.3,
2012-08-13 00:00:00,21.3,17.3,78,22,25.0,100.68,Clear,8,20.9,
2012-08-13 01:00:00,20.9,17.5,81,15,25.0,100.68,Clear,8,20.4,
2012-08-13 02:00:00,20.4,17.6,84,13,25.0,100.67,Mainly Clear,8,20.2,
2012-08-13 03:00:00,20.2,18.0,87,9,25.0,100.7,Mainly Clear,8,19.5,
2012-08-13 04:00:00,19.5,17.3,87,9,25.0,100.74,Mainly Clear,8,19.5,
2012-08-13 05:00:00,19.5,17.5,88,13,24.1,100.78,Mainly Clear,8,19.7,
2012-08-13 06:00:00,19.7,17.6,88,13,24.1,100.81,Mainly Clear,8,19.9,
2012-08-13 07:00:00,19.9,17.5,86,19,19.3,100.87,Cloudy,8,20.9,
2012-08-13 08:00:00,20.9,18.0,83,13,19.3,100.89,Mostly Cloudy,8,21.9,
2012-08-13 09:00:00,21.9,18.0,79,15,19.3,100.88,Mostly Cloudy,8,22.4,
2012-08-13 10:00:00,22.4,17.8,75,22,19.3,100.88,Mostly Cloudy,8,22.5,
2012-08-13 11:00:00,22.5,17.8,75,20,24.1,100.87,Mostly Cloudy,8,23.8,
2012-08-13 12:00:00,23.8,17.4,67,17,24.1,100.85,Mostly Cloudy,8,25.2,
2012-08-13 13:00:00,25.2,17.9,64,20,24.1,100.82,Mostly Cloudy,8,25.1,
2012-08-13 14:00:00,25.1,17.4,62,19,24.1,100.79,Mostly Cloudy,8,25.4,
2012-08-13 15:00:00,25.4,17.4,61,13,24.1,100.74,Mostly Cloudy,8,25.2,
2012-08-13 16:00:00,25.2,17.1,61,19,24.1,100.76,Mostly Cloudy,8,24.5,
2012-08-13 17:00:00,24.5,18.0,67,11,24.1,100.78,Mostly Cloudy,8,24.6,
2012-08-13 18:00:00,24.6,16.9,62,11,24.1,100.8,Mostly Cloudy,8,24.4,
2012-08-13 19:00:00,24.4,17.4,65,7,24.1,100.8,Mainly Clear,8,23.2,
2012-08-13 20:00:00,23.2,17.6,71,7,25.0,100.83,Mainly Clear,8,22.4,
2012-08-13 21:00:00,22.4,17.8,75,6,25.0,100.87,Mainly Clear,8,22.2,
2012-08-13 22:00:00,22.2,17.7,76,9,25.0,100.88,Mainly Clear,8,21.7,
2012-08-13 23:00:00,21.7,17.3,76,9,25.0,100.86,Mainly Clear,8,21.2,
2012-08-14 00:00:00,21.2,17.4,79,7,25.0,100.85,Mainly Clear,8,21.1,
2012-08-14 01:00:00,21.1,17.7,81,9,25.0,100.85,Mainly Clear,8,20.9,
2012-08-14 02:00:00,20.9,18.2,85,11,25.0,100.83,Mostly Cloudy,8,20.7,
2012-08-14 03:00:00,20.7,17.6,82,11,25.0,100.82,Mainly Clear,8,19.5,
2012-08-14 04:00:00,19.5,17.4,88,6,25.0,100.83,Mostly Cloudy,8,19.8,
2012-08-14 05:00:00,19.8,17.3,86,7,24.1,100.84,Mainly Clear,8,20.9,
2012-08-14 06:00:00,20.9,17.2,79,9,24.1,100.83,Mostly Cloudy,8,21.0,
2012-08-14 07:00:00,21.0,16.7,76,13,24.1,100.88,Mostly Cloudy,8,21.9,
2012-08-14 08:00:00,21.9,17.1,74,9,24.1,100.87,Mostly Cloudy,8,21.9,
2012-08-14 09:00:00,21.9,17.8,78,11,24.1,100.89,Cloudy,8,21.9,
2012-08-14 10:00:00,21.9,18.1,79,15,24.1,100.88,Cloudy,8,21.9,
2012-08-14 11:00:00,21.9,18.2,80,15,24.1,100.86,Cloudy,8,22.6,
2012-08-14 12:00:00,22.6,18.5,78,9,24.1,100.84,Cloudy,8,23.7,
2012-08-14 13:00:00,23.7,19.2,76,15,24.1,100.79,Mostly Cloudy,8,24.2,
2012-08-14 14:00:00,24.2,18.5,71,13,24.1,100.75,Mostly Cloudy,8,25.7,
2012-08-14 15:00:00,25.7,18.4,64,15,24.1,100.71,Mostly Cloudy,8,24.5,
2012-08-14 16:00:00,24.5,17.2,64,7,24.1,100.69,Mostly Cloudy,8,24.9,
2012-08-14 17:00:00,24.9,17.2,62,7,24.1,100.67,Mostly Cloudy,8,24.5,
2012-08-14 18:00:00,24.5,17.1,63,6,24.1,100.69,Mostly Cloudy,8,24.3,
2012-08-14 19:00:00,24.3,17.2,65,0,24.1,100.67,Mostly Cloudy,8,23.3,
2012-08-14 20:00:00,23.3,17.8,71,6,25.0,100.68,Mostly Cloudy,8,23.0,
2012-08-14 21:00:00,23.0,18.5,76,6,25.0,100.69,Cloudy,8,22.2,
2012-08-14 22:00:00,22.2,17.7,76,4,25.0,100.66,Cloudy,8,21.7,
2012-08-14 23:00:00,21.7,17.8,79,4,25.0,100.64,Cloudy,8,21.4,
2012-08-15 00:00:00,21.4,17.4,78,4,25.0,100.61,Cloudy,8,21.2,
2012-08-15 01:00:00,21.2,18.0,82,20,25.0,100.65,Rain Showers,8,19.5,
2012-08-15 02:00:00,19.5,18.7,95,9,25.0,100.63,Rain,8,19.1,
2012-08-15 03:00:00,19.1,18.0,93,9,25.0,100.58,Cloudy,8,18.8,
2012-08-15 04:00:00,18.8,17.7,93,4,19.3,100.56,Cloudy,8,18.9,
2012-08-15 05:00:00,18.9,17.6,92,4,24.1,100.62,Cloudy,8,19.3,
2012-08-15 06:00:00,19.3,17.5,89,0,24.1,100.65,Cloudy,8,18.8,
2012-08-15 07:00:00,18.8,17.7,93,0,24.1,100.69,Drizzle,8,20.1,
2012-08-15 08:00:00,20.1,18.2,89,0,24.1,100.69,Mostly Cloudy,8,21.0,
2012-08-15 09:00:00,21.0,18.4,85,11,24.1,100.73,Mostly Cloudy,8,21.5,
2012-08-15 10:00:00,21.5,18.3,82,13,24.1,100.75,Cloudy,8,21.6,
2012-08-15 11:00:00,21.6,18.2,81,9,24.1,100.78,Mostly Cloudy,8,23.7,
2012-08-15 12:00:00,23.7,17.8,70,7,24.1,100.73,Mostly Cloudy,8,25.3,
2012-08-15 13:00:00,25.3,18.0,64,9,24.1,100.72,Mostly Cloudy,8,25.2,
2012-08-15 14:00:00,25.2,16.7,59,15,24.1,100.7,Mainly Clear,8,25.7,
2012-08-15 15:00:00,25.7,17.8,62,15,24.1,100.68,Mainly Clear,8,25.7,
2012-08-15 16:00:00,25.7,16.4,56,17,24.1,100.69,Mainly Clear,8,25.6,
2012-08-15 17:00:00,25.6,15.7,54,13,24.1,100.67,Mainly Clear,8,24.9,
2012-08-15 18:00:00,24.9,16.0,58,13,24.1,100.68,Mainly Clear,8,22.5,
2012-08-15 19:00:00,22.5,16.1,67,7,24.1,100.69,Mainly Clear,8,21.7,
2012-08-15 20:00:00,21.7,16.1,70,6,25.0,100.71,Mainly Clear,8,20.4,
2012-08-15 21:00:00,20.4,15.9,75,6,25.0,100.7,Clear,8,19.9,
2012-08-15 22:00:00,19.9,16.0,78,7,25.0,100.76,Mainly Clear,8,20.6,
2012-08-15 23:00:00,20.6,16.5,77,0,25.0,100.81,Mainly Clear,8,18.9,
2012-08-16 00:00:00,18.9,16.2,84,9,25.0,100.76,Clear,8,18.5,
2012-08-16 01:00:00,18.5,16.0,85,9,25.0,100.76,Mainly Clear,8,17.8,
2012-08-16 02:00:00,17.8,15.7,88,6,25.0,100.75,Mainly Clear,8,17.4,
2012-08-16 03:00:00,17.4,15.6,89,6,25.0,100.76,Mainly Clear,8,16.7,
2012-08-16 04:00:00,16.7,15.2,91,6,25.0,100.79,Mainly Clear,8,16.6,
2012-08-16 05:00:00,16.6,15.3,92,0,25.0,100.81,Mainly Clear,8,18.2,
2012-08-16 06:00:00,18.2,15.7,85,0,48.3,100.85,Mainly Clear,8,19.3,
2012-08-16 07:00:00,19.3,16.8,85,9,24.1,100.87,Mostly Cloudy,8,20.5,
2012-08-16 08:00:00,20.5,17.2,81,7,48.3,100.82,Mainly Clear,8,21.7,
2012-08-16 09:00:00,21.7,17.8,79,0,48.3,100.79,Mostly Cloudy,8,23.8,
2012-08-16 10:00:00,23.8,17.7,69,0,24.1,100.78,Mainly Clear,8,23.8,
2012-08-16 11:00:00,23.8,17.3,67,7,24.1,100.74,Mostly Cloudy,8,24.9,
2012-08-16 12:00:00,24.9,16.7,60,6,24.1,100.71,Mostly Cloudy,8,25.8,
2012-08-16 13:00:00,25.8,17.3,59,11,24.1,100.71,Mainly Clear,8,25.9,
2012-08-16 14:00:00,25.9,15.7,53,17,24.1,100.71,Mainly Clear,8,26.9,
2012-08-16 15:00:00,26.9,15.6,50,13,24.1,100.63,Mainly Clear,8,27.0,
2012-08-16 16:00:00,27.0,12.6,41,7,24.1,100.54,Mainly Clear,8,26.4,
2012-08-16 17:00:00,26.4,14.7,49,9,24.1,100.53,Mainly Clear,8,24.9,
2012-08-16 18:00:00,24.9,14.4,52,7,24.1,100.49,Clear,8,23.7,
2012-08-16 19:00:00,23.7,13.8,54,4,24.1,100.5,Mainly Clear,8,23.5,
2012-08-16 20:00:00,23.5,15.3,60,6,25.0,100.52,Mainly Clear,8,21.6,
2012-08-16 21:00:00,21.6,17.4,77,6,25.0,100.5,Mainly Clear,8,22.0,
2012-08-16 22:00:00,22.0,17.5,76,4,25.0,100.48,Mainly Clear,8,22.3,
2012-08-16 23:00:00,22.3,17.6,75,9,25.0,100.48,Mainly Clear,8,21.9,
2012-08-17 00:00:00,21.9,17.0,74,7,25.0,100.51,Mainly Clear,8,21.1,
2012-08-17 01:00:00,21.1,17.3,79,11,25.0,100.47,Clear,8,18.9,
2012-08-17 02:00:00,18.9,16.5,86,4,25.0,100.44,Clear,8,18.7,
2012-08-17 03:00:00,18.7,16.3,86,0,25.0,100.37,Clear,8,18.2,
2012-08-17 04:00:00,18.2,16.1,88,11,25.0,100.32,Mainly Clear,8,17.6,
2012-08-17 05:00:00,17.6,15.3,86,7,25.0,100.3,Clear,8,18.2,
2012-08-17 06:00:00,18.2,14.9,81,11,24.1,100.28,Mostly Cloudy,8,19.5,
2012-08-17 07:00:00,19.5,16.0,80,15,24.1,100.24,Mostly Cloudy,8,21.1,
2012-08-17 08:00:00,21.1,17.3,79,17,24.1,100.21,Cloudy,8,21.4,
2012-08-17 09:00:00,21.4,17.0,76,17,24.1,100.17,Rain Showers,8,21.8,
2012-08-17 10:00:00,21.8,17.0,74,13,24.1,100.13,Cloudy,8,23.5,
2012-08-17 11:00:00,23.5,17.8,70,11,24.1,100.1,Cloudy,8,22.7,
2012-08-17 12:00:00,22.7,19.1,80,15,24.1,100.09,Rain Showers,8,24.1,
2012-08-17 13:00:00,24.1,19.2,74,20,24.1,100.06,Cloudy,8,24.8,
2012-08-17 14:00:00,24.8,18.6,68,24,24.1,100.06,Cloudy,8,24.9,
2012-08-17 15:00:00,24.9,15.8,57,30,24.1,100.11,Mostly Cloudy,8,24.3,
2012-08-17 16:00:00,24.3,14.6,55,28,24.1,100.14,Mostly Cloudy,8,24.8,
2012-08-17 17:00:00,24.8,15.7,57,30,24.1,100.15,Mostly Cloudy,8,23.9,
2012-08-17 18:00:00,23.9,16.1,62,24,48.3,100.19,Mostly Cloudy,8,23.4,
2012-08-17 19:00:00,23.4,16.3,64,17,48.3,100.24,Mainly Clear,8,22.4,
2012-08-17 20:00:00,22.4,15.8,66,13,25.0,100.34,Mainly Clear,8,21.7,
2012-08-17 21:00:00,21.7,14.9,65,9,25.0,100.37,Mainly Clear,8,21.1,
2012-08-17 22:00:00,21.1,14.2,65,13,25.0,100.4,Mainly Clear,8,18.6,
2012-08-17 23:00:00,18.6,13.0,70,13,25.0,100.44,Mainly Clear,8,18.1,
2012-08-18 00:00:00,18.1,11.3,64,11,25.0,100.47,Mainly Clear,8,17.7,
2012-08-18 01:00:00,17.7,11.3,66,9,25.0,100.51,Clear,8,15.3,
2012-08-18 02:00:00,15.3,11.1,76,7,25.0,100.52,Mainly Clear,8,15.7,
2012-08-18 03:00:00,15.7,11.2,75,7,25.0,100.54,Mainly Clear,8,14.8,
2012-08-18 04:00:00,14.8,10.9,77,11,25.0,100.57,Mainly Clear,8,14.8,
2012-08-18 05:00:00,14.8,11.1,78,13,24.1,100.64,Mainly Clear,8,15.1,
2012-08-18 06:00:00,15.1,12.0,82,17,48.3,100.69,Mainly Clear,8,15.6,
2012-08-18 07:00:00,15.6,12.2,80,20,48.3,100.77,Mainly Clear,8,17.1,
2012-08-18 08:00:00,17.1,12.6,75,17,48.3,100.79,Mainly Clear,8,18.0,
2012-08-18 09:00:00,18.0,11.7,67,19,24.1,100.82,Mainly Clear,8,18.3,
2012-08-18 10:00:00,18.3,11.6,65,17,24.1,100.83,Mostly Cloudy,8,19.0,
2012-08-18 11:00:00,19.0,10.9,59,19,48.3,100.84,Mostly Cloudy,8,21.0,
2012-08-18 12:00:00,21.0,11.2,53,22,48.3,100.83,Mainly Clear,8,21.2,
2012-08-18 13:00:00,21.2,10.4,50,20,48.3,100.85,Mainly Clear,8,20.1,
2012-08-18 14:00:00,20.1,10.2,53,17,48.3,100.81,Mainly Clear,8,22.0,
2012-08-18 15:00:00,22.0,9.3,44,20,48.3,100.79,Mainly Clear,8,21.3,
2012-08-18 16:00:00,21.3,7.8,42,22,48.3,100.78,Mostly Cloudy,8,21.3,
2012-08-18 17:00:00,21.3,8.1,43,13,48.3,100.78,Mostly Cloudy,8,20.8,
2012-08-18 18:00:00,20.8,6.9,40,15,48.3,100.8,Mostly Cloudy,8,18.4,
2012-08-18 19:00:00,18.4,7.6,49,11,48.3,100.83,Mainly Clear,8,18.6,
2012-08-18 20:00:00,18.6,7.9,50,7,25.0,100.88,Clear,8,15.9,
2012-08-18 21:00:00,15.9,8.6,62,6,25.0,100.88,Clear,8,15.2,
2012-08-18 22:00:00,15.2,8.9,66,6,25.0,100.89,Mainly Clear,8,16.6,
2012-08-18 23:00:00,16.6,10.2,66,0,25.0,100.91,Clear,8,16.0,
2012-08-19 00:00:00,16.0,11.5,75,9,25.0,100.96,Clear,8,16.6,
2012-08-19 01:00:00,16.6,9.9,65,13,25.0,100.98,Clear,8,16.3,
2012-08-19 02:00:00,16.3,11.2,72,13,25.0,100.96,Clear,8,15.8,
2012-08-19 03:00:00,15.8,11.2,74,11,25.0,100.94,Clear,8,13.3,
2012-08-19 04:00:00,13.3,10.9,85,7,25.0,100.94,Clear,8,12.8,
2012-08-19 05:00:00,12.8,11.0,89,9,24.1,100.97,Mainly Clear,8,15.2,
2012-08-19 06:00:00,15.2,12.2,82,15,48.3,101.02,Mainly Clear,8,16.5,
2012-08-19 07:00:00,16.5,12.6,78,13,48.3,101.06,Mainly Clear,8,17.5,
2012-08-19 08:00:00,17.5,13.3,76,15,48.3,101.06,Clear,8,19.4,
2012-08-19 09:00:00,19.4,14.3,72,11,48.3,101.06,Mainly Clear,8,20.6,
2012-08-19 10:00:00,20.6,14.5,68,9,48.3,101.02,Mainly Clear,8,22.5,
2012-08-19 11:00:00,22.5,13.8,58,15,48.3,101.0,Mainly Clear,8,23.3,
2012-08-19 12:00:00,23.3,12.7,51,15,48.3,100.93,Mostly Cloudy,8,23.3,
2012-08-19 13:00:00,23.3,11.3,47,13,48.3,100.9,Mostly Cloudy,8,24.5,
2012-08-19 14:00:00,24.5,10.6,42,15,48.3,100.84,Mostly Cloudy,8,23.5,
2012-08-19 15:00:00,23.5,11.3,46,17,48.3,100.77,Mostly Cloudy,8,23.5,
2012-08-19 16:00:00,23.5,11.0,45,13,48.3,100.74,Cloudy,8,23.7,
2012-08-19 17:00:00,23.7,10.6,44,13,48.3,100.73,Mostly Cloudy,8,22.1,
2012-08-19 18:00:00,22.1,12.3,54,9,48.3,100.74,Mostly Cloudy,8,20.7,
2012-08-19 19:00:00,20.7,11.7,56,11,48.3,100.75,Mostly Cloudy,8,19.5,
2012-08-19 20:00:00,19.5,12.1,62,6,25.0,100.83,Mainly Clear,8,16.7,
2012-08-19 21:00:00,16.7,12.2,75,4,25.0,100.81,Mainly Clear,8,17.6,
2012-08-19 22:00:00,17.6,11.6,68,0,25.0,100.79,Clear,8,16.8,
2012-08-19 23:00:00,16.8,11.6,71,0,25.0,100.78,Mainly Clear,8,15.4,
2012-08-20 00:00:00,15.4,11.9,80,0,25.0,100.79,Mainly Clear,8,16.5,
2012-08-20 01:00:00,16.5,13.6,83,0,25.0,100.75,Mainly Clear,8,15.3,
2012-08-20 02:00:00,15.3,13.5,89,0,25.0,100.75,Clear,8,15.6,
2012-08-20 03:00:00,15.6,13.3,86,0,25.0,100.75,Mainly Clear,8,15.3,
2012-08-20 04:00:00,15.3,13.2,87,0,25.0,100.72,Mainly Clear,8,14.5,
2012-08-20 05:00:00,14.5,13.4,93,0,25.0,100.72,Mainly Clear,8,16.0,
2012-08-20 06:00:00,16.0,12.8,81,6,48.3,100.76,Mainly Clear,8,17.8,
2012-08-20 07:00:00,17.8,13.6,76,7,48.3,100.77,Mainly Clear,8,19.0,
2012-08-20 08:00:00,19.0,14.4,75,11,48.3,100.76,Mainly Clear,8,20.2,
2012-08-20 09:00:00,20.2,13.9,67,11,48.3,100.78,Clear,8,21.6,
2012-08-20 10:00:00,21.6,14.2,63,17,48.3,100.77,Mostly Cloudy,8,23.1,
2012-08-20 11:00:00,23.1,15.7,63,13,48.3,100.74,Mainly Clear,8,24.8,
2012-08-20 12:00:00,24.8,13.5,49,17,24.1,100.69,Mainly Clear,8,24.6,
2012-08-20 13:00:00,24.6,13.2,49,17,24.1,100.64,Mainly Clear,8,25.2,
2012-08-20 14:00:00,25.2,11.7,43,11,24.1,100.62,Mainly Clear,8,24.6,
2012-08-20 15:00:00,24.6,10.5,41,15,24.1,100.6,Mainly Clear,8,24.4,
2012-08-20 16:00:00,24.4,10.4,41,13,24.1,100.56,Clear,8,23.8,
2012-08-20 17:00:00,23.8,10.6,43,13,24.1,100.57,Mainly Clear,8,22.5,
2012-08-20 18:00:00,22.5,10.0,45,17,24.1,100.64,Mainly Clear,8,20.1,
2012-08-20 19:00:00,20.1,9.0,49,9,24.1,100.69,Mainly Clear,8,18.4,
2012-08-20 20:00:00,18.4,9.4,56,9,25.0,100.75,Clear,8,18.2,
2012-08-20 21:00:00,18.2,9.9,58,7,25.0,100.77,Mainly Clear,8,18.5,
2012-08-20 22:00:00,18.5,10.0,58,7,25.0,100.78,Mainly Clear,8,16.6,
2012-08-20 23:00:00,16.6,10.8,69,6,25.0,100.8,Mainly Clear,8,16.5,
2012-08-21 00:00:00,16.5,10.4,67,4,25.0,100.82,Mainly Clear,8,15.0,
2012-08-21 01:00:00,15.0,10.8,76,4,25.0,100.85,Mainly Clear,8,15.9,
2012-08-21 02:00:00,15.9,11.0,73,0,25.0,100.9,Mostly Cloudy,8,15.9,
2012-08-21 03:00:00,15.9,11.3,74,0,25.0,100.92,Mostly Cloudy,8,16.1,
2012-08-21 04:00:00,16.1,11.0,72,6,25.0,100.93,Mainly Clear,8,15.0,
2012-08-21 05:00:00,15.0,10.3,73,0,24.1,100.99,Mainly Clear,8,14.6,
2012-08-21 06:00:00,14.6,10.9,78,7,48.3,101.02,Mainly Clear,8,17.2,
2012-08-21 07:00:00,17.2,12.6,74,6,48.3,101.08,Mainly Clear,8,19.3,
2012-08-21 08:00:00,19.3,11.8,62,7,48.3,101.12,Mostly Cloudy,8,20.4,
2012-08-21 09:00:00,20.4,9.1,48,13,48.3,101.15,Mostly Cloudy,8,21.8,
2012-08-21 10:00:00,21.8,10.9,50,13,48.3,101.18,Mainly Clear,8,21.1,
2012-08-21 11:00:00,21.1,9.6,48,11,48.3,101.17,Mainly Clear,8,23.7,
2012-08-21 12:00:00,23.7,10.4,43,17,48.3,101.19,Mainly Clear,8,23.2,
2012-08-21 13:00:00,23.2,10.3,44,22,48.3,101.19,Mostly Cloudy,8,22.6,
2012-08-21 14:00:00,22.6,10.9,48,15,48.3,101.18,Mostly Cloudy,8,23.4,
2012-08-21 15:00:00,23.4,11.4,47,19,48.3,101.15,Mostly Cloudy,8,23.1,
2012-08-21 16:00:00,23.1,11.9,49,17,48.3,101.14,Mostly Cloudy,8,22.6,
2012-08-21 17:00:00,22.6,10.9,48,19,48.3,101.17,Mostly Cloudy,8,22.4,
2012-08-21 18:00:00,22.4,10.8,48,13,48.3,101.18,Mostly Cloudy,8,22.1,
2012-08-21 19:00:00,22.1,11.7,52,7,48.3,101.21,Mostly Cloudy,8,21.5,
2012-08-21 20:00:00,21.5,10.7,50,6,25.0,101.25,Mainly Clear,8,19.2,
2012-08-21 21:00:00,19.2,12.9,67,20,24.1,101.36,Mostly Cloudy,8,18.5,
2012-08-21 22:00:00,18.5,13.3,72,6,25.0,101.33,Mostly Cloudy,8,18.1,
2012-08-21 23:00:00,18.1,13.6,75,4,25.0,101.34,Mostly Cloudy,8,19.0,
2012-08-22 00:00:00,19.0,14.6,76,13,25.0,101.34,Mostly Cloudy,8,18.6,
2012-08-22 01:00:00,18.6,14.7,78,15,25.0,101.33,Rain Showers,8,18.8,
2012-08-22 02:00:00,18.8,13.8,73,11,25.0,101.35,Mostly Cloudy,8,18.8,
2012-08-22 03:00:00,18.8,12.0,65,13,25.0,101.38,Cloudy,8,18.6,
2012-08-22 04:00:00,18.6,12.1,66,9,25.0,101.39,Cloudy,8,18.0,
2012-08-22 05:00:00,18.0,12.4,70,7,48.3,101.41,Mainly Clear,8,17.6,
2012-08-22 06:00:00,17.6,12.6,72,6,48.3,101.45,Mainly Clear,8,18.9,
2012-08-22 07:00:00,18.9,12.1,65,15,48.3,101.46,Mainly Clear,8,19.9,
2012-08-22 08:00:00,19.9,11.7,59,15,48.3,101.48,Mainly Clear,8,21.1,
2012-08-22 09:00:00,21.1,12.9,59,15,48.3,101.5,Mostly Cloudy,8,22.0,
2012-08-22 10:00:00,22.0,14.1,61,17,48.3,101.5,Mainly Clear,8,23.2,
2012-08-22 11:00:00,23.2,13.9,56,24,48.3,101.46,Mainly Clear,8,24.4,
2012-08-22 12:00:00,24.4,12.9,49,24,48.3,101.44,Mainly Clear,8,25.8,
2012-08-22 13:00:00,25.8,12.8,44,24,48.3,101.39,Mainly Clear,8,25.5,
2012-08-22 14:00:00,25.5,11.5,42,19,48.3,101.35,Mainly Clear,8,25.7,
2012-08-22 15:00:00,25.7,10.9,39,20,48.3,101.33,Clear,8,25.6,
2012-08-22 16:00:00,25.6,10.6,39,28,48.3,101.28,Mainly Clear,8,25.4,
2012-08-22 17:00:00,25.4,10.9,40,15,48.3,101.27,Mainly Clear,8,25.1,
2012-08-22 18:00:00,25.1,10.5,40,11,48.3,101.24,Mainly Clear,8,23.9,
2012-08-22 19:00:00,23.9,12.7,49,9,48.3,101.25,Mainly Clear,8,23.3,
2012-08-22 20:00:00,23.3,14.6,58,13,25.0,101.28,Mainly Clear,8,22.5,
2012-08-22 21:00:00,22.5,14.2,59,15,25.0,101.29,Clear,8,21.9,
2012-08-22 22:00:00,21.9,14.0,61,17,25.0,101.27,Mainly Clear,8,21.5,
2012-08-22 23:00:00,21.5,12.7,57,19,25.0,101.26,Mainly Clear,8,20.7,
2012-08-23 00:00:00,20.7,12.0,57,11,24.1,101.29,Mainly Clear,8,20.2,
2012-08-23 01:00:00,20.2,12.9,63,13,25.0,101.29,Mainly Clear,8,19.3,
2012-08-23 02:00:00,19.3,13.0,67,13,25.0,101.32,Mostly Cloudy,8,18.9,
2012-08-23 03:00:00,18.9,12.8,68,13,25.0,101.31,Mainly Clear,8,18.9,
2012-08-23 04:00:00,18.9,13.5,71,15,25.0,101.31,Mainly Clear,8,18.5,
2012-08-23 05:00:00,18.5,14.3,77,15,25.0,101.33,Mainly Clear,8,19.1,
2012-08-23 06:00:00,19.1,15.2,78,24,24.1,101.36,Mainly Clear,8,20.3,
2012-08-23 07:00:00,20.3,15.9,76,19,24.1,101.37,Clear,8,21.8,
2012-08-23 08:00:00,21.8,15.8,69,22,24.1,101.37,Mainly Clear,8,22.9,
2012-08-23 09:00:00,22.9,16.8,69,24,48.3,101.39,Mainly Clear,8,23.9,
2012-08-23 10:00:00,23.9,15.1,58,22,48.3,101.39,Mainly Clear,8,26.0,
2012-08-23 11:00:00,26.0,16.0,54,24,48.3,101.37,Mainly Clear,8,26.5,
2012-08-23 12:00:00,26.5,15.5,51,28,48.3,101.36,Mostly Cloudy,8,27.0,
2012-08-23 13:00:00,27.0,15.6,50,26,48.3,101.37,Mostly Cloudy,8,25.0,
2012-08-23 14:00:00,25.0,15.4,55,13,24.1,101.37,Rain Showers,8,25.8,
2012-08-23 15:00:00,25.8,16.2,55,19,48.3,101.35,Mostly Cloudy,8,25.6,
2012-08-23 16:00:00,25.6,15.5,54,22,48.3,101.34,Mainly Clear,8,25.9,
2012-08-23 17:00:00,25.9,15.7,53,17,48.3,101.33,Mainly Clear,8,25.0,
2012-08-23 18:00:00,25.0,16.0,57,11,48.3,101.34,Mainly Clear,8,22.6,
2012-08-23 19:00:00,22.6,15.8,65,9,25.0,101.36,Mainly Clear,8,21.8,
2012-08-23 20:00:00,21.8,16.1,70,7,25.0,101.41,Clear,8,22.9,
2012-08-23 21:00:00,22.9,16.6,68,7,25.0,101.47,Mainly Clear,8,20.5,
2012-08-23 22:00:00,20.5,16.3,77,6,25.0,101.53,Mostly Cloudy,8,21.8,
2012-08-23 23:00:00,21.8,16.7,73,6,25.0,101.55,Mainly Clear,8,19.1,
2012-08-24 00:00:00,19.1,16.2,83,4,25.0,101.59,Mainly Clear,8,19.2,
2012-08-24 01:00:00,19.2,15.6,80,13,25.0,101.62,Mainly Clear,8,20.4,
2012-08-24 02:00:00,20.4,12.4,60,9,25.0,101.63,Mostly Cloudy,8,19.6,
2012-08-24 03:00:00,19.6,12.4,63,13,25.0,101.64,Mainly Clear,8,19.0,
2012-08-24 04:00:00,19.0,12.6,66,13,25.0,101.65,Mainly Clear,8,16.4,
2012-08-24 05:00:00,16.4,13.7,84,6,48.3,101.72,Mainly Clear,8,16.6,
2012-08-24 06:00:00,16.6,12.9,79,11,48.3,101.76,Mainly Clear,8,18.5,
2012-08-24 07:00:00,18.5,12.4,68,11,24.1,101.78,Mainly Clear,8,20.7,
2012-08-24 08:00:00,20.7,13.0,61,7,24.1,101.8,Clear,8,22.1,
2012-08-24 09:00:00,22.1,13.1,57,9,48.3,101.81,Mainly Clear,8,24.2,
2012-08-24 10:00:00,24.2,13.3,51,13,48.3,101.84,Mainly Clear,8,25.4,
2012-08-24 11:00:00,25.4,13.4,47,0,48.3,101.82,Mainly Clear,8,26.5,
2012-08-24 12:00:00,26.5,13.9,46,6,48.3,101.8,Mainly Clear,8,27.3,
2012-08-24 13:00:00,27.3,14.2,45,4,48.3,101.77,Mainly Clear,8,27.7,
2012-08-24 14:00:00,27.7,13.5,42,11,48.3,101.71,Mainly Clear,8,27.7,
2012-08-24 15:00:00,27.7,12.5,39,9,48.3,101.69,Mainly Clear,8,27.9,
2012-08-24 16:00:00,27.9,13.3,41,11,48.3,101.68,Mainly Clear,8,27.3,
2012-08-24 17:00:00,27.3,13.7,43,6,48.3,101.7,Mainly Clear,8,25.8,
2012-08-24 18:00:00,25.8,14.2,49,6,24.1,101.71,Mainly Clear,8,26.1,
2012-08-24 19:00:00,26.1,13.4,45,11,25.0,101.73,Mostly Cloudy,8,25.9,
2012-08-24 20:00:00,25.9,13.1,45,13,25.0,101.76,Mostly Cloudy,8,24.9,
2012-08-24 21:00:00,24.9,13.3,48,7,25.0,101.77,Mainly Clear,8,23.0,
2012-08-24 22:00:00,23.0,14.3,58,11,25.0,101.77,Mainly Clear,8,22.4,
2012-08-24 23:00:00,22.4,13.8,58,13,25.0,101.79,Mainly Clear,8,22.1,
2012-08-25 00:00:00,22.1,13.9,60,9,25.0,101.8,Mostly Cloudy,8,21.6,
2012-08-25 01:00:00,21.6,14.0,62,11,25.0,101.77,Mainly Clear,8,20.9,
2012-08-25 02:00:00,20.9,13.7,63,6,25.0,101.8,Mainly Clear,8,20.9,
2012-08-25 03:00:00,20.9,14.0,65,6,25.0,101.8,Mainly Clear,8,20.8,
2012-08-25 04:00:00,20.8,14.3,66,11,25.0,101.81,Mainly Clear,8,20.4,
2012-08-25 05:00:00,20.4,14.6,69,4,24.1,101.88,Mainly Clear,8,20.2,
2012-08-25 06:00:00,20.2,15.1,72,6,24.1,101.93,Mainly Clear,8,21.5,
2012-08-25 07:00:00,21.5,15.9,70,6,24.1,101.96,Mainly Clear,8,21.9,
2012-08-25 08:00:00,21.9,16.4,71,4,24.1,101.96,Mainly Clear,8,24.8,
2012-08-25 09:00:00,24.8,16.7,61,6,48.3,101.97,Mainly Clear,8,26.4,
2012-08-25 10:00:00,26.4,16.6,55,7,48.3,101.97,Clear,8,27.1,
2012-08-25 11:00:00,27.1,17.0,54,7,48.3,101.94,Mainly Clear,8,29.1,
2012-08-25 12:00:00,29.1,17.3,49,7,48.3,101.92,Mainly Clear,8,30.1,
2012-08-25 13:00:00,30.1,16.7,45,11,48.3,101.84,Clear,8,30.8,
2012-08-25 14:00:00,30.8,15.7,40,7,48.3,101.79,Mainly Clear,8,31.1,
2012-08-25 15:00:00,31.1,15.2,38,9,48.3,101.75,Mainly Clear,8,31.1,
2012-08-25 16:00:00,31.1,16.6,42,13,48.3,101.74,Mainly Clear,8,30.2,
2012-08-25 17:00:00,30.2,17.1,45,11,48.3,101.72,Mainly Clear,8,28.9,
2012-08-25 18:00:00,28.9,16.5,47,13,48.3,101.74,Mainly Clear,8,27.0,
2012-08-25 19:00:00,27.0,16.3,52,9,25.0,101.76,Mainly Clear,8,26.5,
2012-08-25 20:00:00,26.5,16.6,55,13,25.0,101.78,Mainly Clear,8,25.3,
2012-08-25 21:00:00,25.3,17.1,60,11,25.0,101.76,Clear,8,23.9,
2012-08-25 22:00:00,23.9,17.3,67,9,25.0,101.8,Clear,8,24.0,
2012-08-25 23:00:00,24.0,18.0,69,9,25.0,101.83,Clear,8,22.1,
2012-08-26 00:00:00,22.1,18.0,78,11,25.0,101.85,Clear,8,22.4,
2012-08-26 01:00:00,22.4,18.4,78,6,25.0,101.89,Clear,8,23.4,
2012-08-26 02:00:00,23.4,16.9,67,7,25.0,101.9,Clear,8,23.5,
2012-08-26 03:00:00,23.5,16.9,66,15,25.0,101.91,Clear,8,23.2,
2012-08-26 04:00:00,23.2,16.9,68,7,25.0,101.95,Clear,8,21.2,
2012-08-26 05:00:00,21.2,16.9,76,6,24.1,102.02,Clear,8,20.9,
2012-08-26 06:00:00,20.9,17.2,79,0,24.1,102.06,Clear,8,22.9,
2012-08-26 07:00:00,22.9,17.1,70,9,24.1,102.1,Clear,8,24.2,
2012-08-26 08:00:00,24.2,17.3,65,15,24.1,102.09,Mainly Clear,8,24.7,
2012-08-26 09:00:00,24.7,17.5,64,11,24.1,102.08,Mainly Clear,8,26.3,
2012-08-26 10:00:00,26.3,17.7,59,15,48.3,102.07,Mainly Clear,8,27.9,
2012-08-26 11:00:00,27.9,17.4,53,20,48.3,102.04,Mainly Clear,8,28.9,
2012-08-26 12:00:00,28.9,17.1,49,17,48.3,101.99,Mainly Clear,8,29.7,
2012-08-26 13:00:00,29.7,16.7,46,13,48.3,101.92,Mainly Clear,8,30.2,
2012-08-26 14:00:00,30.2,15.5,41,17,48.3,101.81,Mainly Clear,8,30.1,
2012-08-26 15:00:00,30.1,15.7,42,13,48.3,101.76,Mainly Clear,8,30.4,
2012-08-26 16:00:00,30.4,16.1,42,11,48.3,101.68,Mainly Clear,8,29.5,
2012-08-26 17:00:00,29.5,16.8,46,4,48.3,101.62,Mainly Clear,8,28.5,
2012-08-26 18:00:00,28.5,15.2,44,11,48.3,101.56,Mainly Clear,8,27.2,
2012-08-26 19:00:00,27.2,14.9,47,15,25.0,101.55,Mainly Clear,8,25.7,
2012-08-26 20:00:00,25.7,15.8,54,11,25.0,101.56,Mainly Clear,8,24.8,
2012-08-26 21:00:00,24.8,16.1,58,9,25.0,101.55,Mostly Cloudy,8,23.9,
2012-08-26 22:00:00,23.9,16.9,65,15,25.0,101.52,Mostly Cloudy,8,24.3,
2012-08-26 23:00:00,24.3,17.5,66,15,25.0,101.51,Mostly Cloudy,8,24.3,
2012-08-27 00:00:00,24.3,16.9,63,15,25.0,101.49,Mostly Cloudy,8,23.2,
2012-08-27 01:00:00,23.2,17.0,68,11,25.0,101.44,Mainly Clear,8,22.3,
2012-08-27 02:00:00,22.3,16.2,68,11,25.0,101.43,Mostly Cloudy,8,21.8,
2012-08-27 03:00:00,21.8,15.9,69,11,25.0,101.4,Mostly Cloudy,8,22.4,
2012-08-27 04:00:00,22.4,15.8,66,13,25.0,101.37,Mostly Cloudy,8,21.4,
2012-08-27 05:00:00,21.4,15.7,70,15,24.1,101.36,Mostly Cloudy,8,22.0,
2012-08-27 06:00:00,22.0,16.4,71,13,24.1,101.38,Mostly Cloudy,8,23.1,
2012-08-27 07:00:00,23.1,16.9,68,13,24.1,101.36,Mostly Cloudy,8,24.7,
2012-08-27 08:00:00,24.7,16.7,61,17,24.1,101.33,Mostly Cloudy,8,25.6,
2012-08-27 09:00:00,25.6,17.5,61,19,48.3,101.31,Mostly Cloudy,8,26.0,
2012-08-27 10:00:00,26.0,17.9,61,22,48.3,101.25,Mostly Cloudy,8,26.2,
2012-08-27 11:00:00,26.2,18.0,61,17,24.1,101.19,Cloudy,8,27.1,
2012-08-27 12:00:00,27.1,18.4,59,20,24.1,101.11,Cloudy,8,26.7,
2012-08-27 13:00:00,26.7,18.4,60,20,24.1,101.03,Cloudy,8,26.4,
2012-08-27 14:00:00,26.4,18.2,61,17,24.1,100.95,Cloudy,8,26.0,
2012-08-27 15:00:00,26.0,18.2,62,15,24.1,100.87,Rain Showers,8,23.6,
2012-08-27 16:00:00,23.6,20.2,81,13,24.1,100.83,Rain Showers,8,22.4,
2012-08-27 17:00:00,22.4,20.5,89,13,24.1,100.84,Rain Showers,8,22.8,
2012-08-27 18:00:00,22.8,20.3,86,7,25.0,100.78,Cloudy,8,22.6,
2012-08-27 19:00:00,22.6,20.4,87,7,25.0,100.71,Cloudy,8,22.8,
2012-08-27 20:00:00,22.8,20.1,85,13,25.0,100.68,Mostly Cloudy,8,21.8,
2012-08-27 21:00:00,21.8,20.6,93,11,25.0,100.66,Mostly Cloudy,8,22.3,
2012-08-27 22:00:00,22.3,20.2,88,15,25.0,100.63,Mostly Cloudy,8,22.5,
2012-08-27 23:00:00,22.5,19.1,81,22,25.0,100.59,Mostly Cloudy,8,21.8,
2012-08-28 00:00:00,21.8,19.1,85,26,25.0,100.53,Cloudy,8,21.5,
2012-08-28 01:00:00,21.5,19.2,87,15,25.0,100.49,Cloudy,8,21.3,
2012-08-28 02:00:00,21.3,19.3,88,15,25.0,100.46,Cloudy,8,21.1,
2012-08-28 03:00:00,21.1,19.3,89,13,25.0,100.44,Mostly Cloudy,8,20.9,
2012-08-28 04:00:00,20.9,19.3,91,11,25.0,100.42,Mainly Clear,8,20.0,
2012-08-28 05:00:00,20.0,19.0,94,13,16.1,100.47,Mostly Cloudy,8,20.3,
2012-08-28 06:00:00,20.3,19.3,94,15,19.3,100.5,Mostly Cloudy,8,21.4,
2012-08-28 07:00:00,21.4,19.5,89,15,19.3,100.53,Mostly Cloudy,8,21.3,
2012-08-28 08:00:00,21.3,18.9,86,15,19.3,100.57,Cloudy,8,22.7,
2012-08-28 09:00:00,22.7,16.7,69,24,48.3,100.59,Mainly Clear,8,23.8,
2012-08-28 10:00:00,23.8,15.5,60,15,48.3,100.61,Mainly Clear,8,22.6,
2012-08-28 11:00:00,22.6,15.1,63,13,48.3,100.6,Mostly Cloudy,8,25.2,
2012-08-28 12:00:00,25.2,13.9,50,22,48.3,100.6,Mainly Clear,8,25.4,
2012-08-28 13:00:00,25.4,12.1,44,30,48.3,100.61,Mainly Clear,8,24.2,
2012-08-28 14:00:00,24.2,10.0,41,30,48.3,100.61,Mainly Clear,8,23.2,
2012-08-28 15:00:00,23.2,8.8,40,28,48.3,100.65,Mainly Clear,8,22.4,
2012-08-28 16:00:00,22.4,8.7,42,24,48.3,100.71,Mainly Clear,8,21.5,
2012-08-28 17:00:00,21.5,7.7,41,22,48.3,100.76,Mainly Clear,8,20.0,
2012-08-28 18:00:00,20.0,7.3,44,20,48.3,100.79,Mainly Clear,8,19.3,
2012-08-28 19:00:00,19.3,7.4,46,17,25.0,100.87,Mostly Cloudy,8,16.9,
2012-08-28 20:00:00,16.9,6.9,52,15,25.0,100.97,Mainly Clear,8,14.9,
2012-08-28 21:00:00,14.9,7.1,60,7,25.0,101.01,Mainly Clear,8,13.9,
2012-08-28 22:00:00,13.9,7.4,65,9,25.0,101.01,Mainly Clear,8,14.1,
2012-08-28 23:00:00,14.1,8.7,70,7,25.0,101.05,Mostly Cloudy,8,12.0,
2012-08-29 00:00:00,12.0,8.2,78,7,25.0,101.06,Clear,8,11.5,
2012-08-29 01:00:00,11.5,8.0,79,9,25.0,101.07,Mostly Cloudy,8,13.4,
2012-08-29 02:00:00,13.4,8.6,73,11,25.0,101.08,Mostly Cloudy,8,11.0,
2012-08-29 03:00:00,11.0,7.7,80,9,25.0,101.06,Clear,8,10.5,
2012-08-29 04:00:00,10.5,7.6,82,7,25.0,101.06,Clear,8,10.5,
2012-08-29 05:00:00,10.5,7.9,84,7,48.3,101.07,Clear,8,12.0,
2012-08-29 06:00:00,12.0,8.9,81,9,48.3,101.1,Clear,8,16.0,
2012-08-29 07:00:00,16.0,8.1,59,19,48.3,101.13,Clear,8,18.0,
2012-08-29 08:00:00,18.0,7.4,50,20,48.3,101.13,Clear,8,19.6,
2012-08-29 09:00:00,19.6,7.9,47,22,48.3,101.11,Clear,8,20.7,
2012-08-29 10:00:00,20.7,8.1,44,20,48.3,101.09,Clear,8,21.9,
2012-08-29 11:00:00,21.9,8.5,42,22,48.3,101.07,Clear,8,22.6,
2012-08-29 12:00:00,22.6,8.2,40,26,48.3,101.01,Mainly Clear,8,23.5,
2012-08-29 13:00:00,23.5,7.9,37,32,48.3,100.98,Clear,8,24.7,
2012-08-29 14:00:00,24.7,8.3,35,20,48.3,100.92,Clear,8,24.2,
2012-08-29 15:00:00,24.2,8.0,36,32,48.3,100.87,Mainly Clear,8,24.2,
2012-08-29 16:00:00,24.2,8.1,36,24,48.3,100.86,Mainly Clear,8,23.5,
2012-08-29 17:00:00,23.5,7.6,36,26,48.3,100.86,Mainly Clear,8,22.5,
2012-08-29 18:00:00,22.5,6.9,36,19,48.3,100.87,Clear,8,21.7,
2012-08-29 19:00:00,21.7,6.7,38,15,48.3,100.89,Clear,8,19.7,
2012-08-29 20:00:00,19.7,7.1,44,9,25.0,100.92,Clear,8,19.7,
2012-08-29 21:00:00,19.7,7.3,45,15,25.0,100.93,Clear,8,19.5,
2012-08-29 22:00:00,19.5,8.7,50,22,25.0,100.93,Clear,8,18.3,
2012-08-29 23:00:00,18.3,9.9,58,20,25.0,100.97,Clear,8,17.5,
2012-08-30 00:00:00,17.5,10.6,64,19,25.0,100.96,Clear,8,17.0,
2012-08-30 01:00:00,17.0,11.5,70,11,25.0,100.92,Clear,8,15.4,
2012-08-30 02:00:00,15.4,12.1,81,11,25.0,100.97,Mostly Cloudy,8,16.2,
2012-08-30 03:00:00,16.2,11.7,75,17,25.0,100.93,Mainly Clear,8,15.1,
2012-08-30 04:00:00,15.1,11.8,81,15,25.0,100.96,Clear,8,15.5,
2012-08-30 05:00:00,15.5,11.7,78,20,48.3,100.97,Mainly Clear,8,16.3,
2012-08-30 06:00:00,16.3,11.8,75,26,48.3,100.95,Mostly Cloudy,8,16.8,
2012-08-30 07:00:00,16.8,11.8,72,20,24.1,100.95,Mainly Clear,8,17.9,
2012-08-30 08:00:00,17.9,12.6,71,24,24.1,100.94,Mainly Clear,8,19.6,
2012-08-30 09:00:00,19.6,13.2,67,32,48.3,100.93,Mainly Clear,8,21.8,
2012-08-30 10:00:00,21.8,13.3,58,26,48.3,100.88,Mainly Clear,8,23.1,
2012-08-30 11:00:00,23.1,14.0,57,33,48.3,100.84,Mainly Clear,8,25.0,
2012-08-30 12:00:00,25.0,15.4,55,32,48.3,100.79,Mainly Clear,8,26.7,
2012-08-30 13:00:00,26.7,16.6,54,37,48.3,100.73,Mainly Clear,8,27.8,
2012-08-30 14:00:00,27.8,16.5,50,26,48.3,100.65,Mainly Clear,8,28.5,
2012-08-30 15:00:00,28.5,17.0,50,35,48.3,100.61,Mainly Clear,8,27.8,
2012-08-30 16:00:00,27.8,16.2,49,33,48.3,100.54,Mostly Cloudy,8,27.4,
2012-08-30 17:00:00,27.4,16.5,51,41,48.3,100.53,Mostly Cloudy,8,26.6,
2012-08-30 18:00:00,26.6,16.3,53,35,48.3,100.5,Mostly Cloudy,8,25.5,
2012-08-30 19:00:00,25.5,16.3,57,43,25.0,100.49,Mostly Cloudy,8,24.5,
2012-08-30 20:00:00,24.5,15.2,56,39,25.0,100.51,Mostly Cloudy,8,24.5,
2012-08-30 21:00:00,24.5,15.6,58,44,25.0,100.53,Mainly Clear,8,24.2,
2012-08-30 22:00:00,24.2,15.5,58,41,25.0,100.54,Mainly Clear,8,23.7,
2012-08-30 23:00:00,23.7,15.6,60,37,25.0,100.57,Mainly Clear,8,23.4,
2012-08-31 00:00:00,23.4,14.5,57,33,25.0,100.55,Clear,8,23.5,
2012-08-31 01:00:00,23.5,14.1,56,35,25.0,100.51,Mainly Clear,8,23.2,
2012-08-31 02:00:00,23.2,13.9,56,35,25.0,100.5,Mainly Clear,8,22.8,
2012-08-31 03:00:00,22.8,12.3,52,28,25.0,100.52,Mostly Cloudy,8,22.8,
2012-08-31 04:00:00,22.8,13.0,54,28,25.0,100.47,Mostly Cloudy,8,22.6,
2012-08-31 05:00:00,22.6,14.6,61,28,24.1,100.45,Mostly Cloudy,8,22.5,
2012-08-31 06:00:00,22.5,16.1,67,30,24.1,100.51,Rain Showers,8,22.6,
2012-08-31 07:00:00,22.6,16.4,68,32,24.1,100.48,Rain Showers,8,22.9,
2012-08-31 08:00:00,22.9,15.9,65,37,24.1,100.49,Cloudy,8,21.8,
2012-08-31 09:00:00,21.8,17.1,75,35,24.1,100.5,Rain Showers,8,19.7,
2012-08-31 10:00:00,19.7,17.8,89,20,24.1,100.54,"Thunderstorms,Rain Showers",8,21.1,
2012-08-31 11:00:00,21.1,18.6,86,26,24.1,100.52,Cloudy,8,22.8,
2012-08-31 12:00:00,22.8,18.6,77,20,24.1,100.49,Rain Showers,8,24.0,
2012-08-31 13:00:00,24.0,18.2,70,22,24.1,100.43,Cloudy,8,24.1,
2012-08-31 14:00:00,24.1,18.2,70,22,24.1,100.38,Cloudy,8,25.6,
2012-08-31 15:00:00,25.6,18.6,65,30,24.1,100.35,Mostly Cloudy,8,24.8,
2012-08-31 16:00:00,24.8,18.5,68,20,24.1,100.38,Mostly Cloudy,8,25.0,
2012-08-31 17:00:00,25.0,18.4,67,17,24.1,100.41,Mostly Cloudy,8,24.2,
2012-08-31 18:00:00,24.2,18.6,71,13,24.1,100.47,Mostly Cloudy,8,23.1,
2012-08-31 19:00:00,23.1,18.9,77,9,25.0,100.52,Mainly Clear,8,22.3,
2012-08-31 20:00:00,22.3,19.1,82,11,25.0,100.61,Mainly Clear,8,21.6,
2012-08-31 21:00:00,21.6,19.0,85,11,25.0,100.65,Mainly Clear,8,21.7,
2012-08-31 22:00:00,21.7,16.9,74,20,25.0,100.78,Mainly Clear,8,20.8,
2012-08-31 23:00:00,20.8,12.9,61,11,25.0,100.84,Clear,8,19.6,
2012-09-01 00:00:00,19.6,13.1,66,11,25.0,100.94,Mainly Clear,9,19.1,
2012-09-01 01:00:00,19.1,12.5,66,4,25.0,101.0,Mainly Clear,9,19.1,
2012-09-01 02:00:00,19.1,12.6,66,9,25.0,101.05,Mainly Clear,9,17.7,
2012-09-01 03:00:00,17.7,12.8,73,11,25.0,101.13,Mainly Clear,9,16.3,
2012-09-01 04:00:00,16.3,12.8,80,11,25.0,101.21,Clear,9,16.0,
2012-09-01 05:00:00,16.0,12.9,82,13,25.0,101.31,Mainly Clear,9,16.2,
2012-09-01 06:00:00,16.2,12.5,79,13,48.3,101.41,Mainly Clear,9,17.8,
2012-09-01 07:00:00,17.8,10.6,63,24,48.3,101.48,Mainly Clear,9,18.6,
2012-09-01 08:00:00,18.6,9.5,55,20,48.3,101.54,Mainly Clear,9,20.4,
2012-09-01 09:00:00,20.4,8.8,47,15,48.3,101.59,Clear,9,22.0,
2012-09-01 10:00:00,22.0,8.5,42,20,48.3,101.6,Clear,9,22.7,
2012-09-01 11:00:00,22.7,6.2,34,15,48.3,101.6,Mainly Clear,9,23.2,
2012-09-01 12:00:00,23.2,7.0,35,13,48.3,101.57,Clear,9,23.6,
2012-09-01 13:00:00,23.6,7.0,34,6,48.3,101.54,Clear,9,23.5,
2012-09-01 14:00:00,23.5,6.7,34,7,48.3,101.47,Clear,9,24.3,
2012-09-01 15:00:00,24.3,7.3,34,7,48.3,101.44,Clear,9,24.2,
2012-09-01 16:00:00,24.2,7.0,33,4,48.3,101.43,Clear,9,24.0,
2012-09-01 17:00:00,24.0,6.6,33,7,48.3,101.39,Clear,9,22.7,
2012-09-01 18:00:00,22.7,8.4,40,9,48.3,101.41,Clear,9,20.9,
2012-09-01 19:00:00,20.9,8.3,44,6,48.3,101.45,Clear,9,18.8,
2012-09-01 20:00:00,18.8,9.9,56,11,25.0,101.46,Clear,9,18.5,
2012-09-01 21:00:00,18.5,7.6,49,7,25.0,101.47,Clear,9,17.5,
2012-09-01 22:00:00,17.5,9.2,58,6,25.0,101.46,Clear,9,17.0,
2012-09-01 23:00:00,17.0,9.1,60,7,25.0,101.45,Mainly Clear,9,16.1,
2012-09-02 00:00:00,16.1,9.0,63,4,25.0,101.47,Clear,9,14.0,
2012-09-02 01:00:00,14.0,9.3,73,4,25.0,101.47,Clear,9,13.5,
2012-09-02 02:00:00,13.5,9.5,77,4,25.0,101.47,Clear,9,13.0,
2012-09-02 03:00:00,13.0,9.5,79,0,25.0,101.43,Mainly Clear,9,13.3,
2012-09-02 04:00:00,13.3,9.7,79,0,25.0,101.41,Mainly Clear,9,14.2,
2012-09-02 05:00:00,14.2,10.2,77,6,25.0,101.43,Mainly Clear,9,13.0,
2012-09-02 06:00:00,13.0,10.8,86,7,24.1,101.48,Mainly Clear,9,15.5,
2012-09-02 07:00:00,15.5,11.6,78,4,48.3,101.49,Mainly Clear,9,17.3,
2012-09-02 08:00:00,17.3,11.7,70,7,48.3,101.51,Mostly Cloudy,9,19.1,
2012-09-02 09:00:00,19.1,11.5,61,4,48.3,101.52,Mostly Cloudy,9,20.7,
2012-09-02 10:00:00,20.7,11.4,55,6,48.3,101.53,Mostly Cloudy,9,21.8,
2012-09-02 11:00:00,21.8,10.3,48,4,48.3,101.52,Mostly Cloudy,9,24.4,
2012-09-02 12:00:00,24.4,8.8,37,4,48.3,101.49,Mainly Clear,9,25.5,
2012-09-02 13:00:00,25.5,7.0,31,9,48.3,101.47,Mainly Clear,9,25.3,
2012-09-02 14:00:00,25.3,7.4,32,9,48.3,101.45,Mainly Clear,9,25.6,
2012-09-02 15:00:00,25.6,6.5,29,7,48.3,101.41,Mainly Clear,9,25.4,
2012-09-02 16:00:00,25.4,6.0,29,11,48.3,101.43,Mainly Clear,9,23.6,
2012-09-02 17:00:00,23.6,6.9,34,9,48.3,101.44,Mainly Clear,9,24.0,
2012-09-02 18:00:00,24.0,6.8,33,11,48.3,101.47,Mainly Clear,9,20.9,
2012-09-02 19:00:00,20.9,8.4,45,13,48.3,101.51,Mainly Clear,9,21.2,
2012-09-02 20:00:00,21.2,8.5,44,9,25.0,101.52,Clear,9,19.7,
2012-09-02 21:00:00,19.7,9.4,51,7,25.0,101.53,Mainly Clear,9,19.2,
2012-09-02 22:00:00,19.2,10.0,55,4,25.0,101.57,Mainly Clear,9,18.7,
2012-09-02 23:00:00,18.7,9.8,56,4,25.0,101.57,Clear,9,17.5,
2012-09-03 00:00:00,17.5,10.2,62,7,25.0,101.6,Clear,9,15.6,
2012-09-03 01:00:00,15.6,9.3,66,0,25.0,101.61,Mainly Clear,9,13.7,
2012-09-03 02:00:00,13.7,8.9,73,6,25.0,101.59,Mainly Clear,9,14.0,
2012-09-03 03:00:00,14.0,10.4,79,4,25.0,101.61,Mainly Clear,9,13.4,
2012-09-03 04:00:00,13.4,11.0,85,6,25.0,101.63,Clear,9,14.5,
2012-09-03 05:00:00,14.5,10.3,76,6,25.0,101.68,Mainly Clear,9,13.4,
2012-09-03 06:00:00,13.4,10.7,84,6,48.3,101.68,Mainly Clear,9,16.3,
2012-09-03 07:00:00,16.3,12.2,77,7,48.3,101.69,Mainly Clear,9,18.5,
2012-09-03 08:00:00,18.5,13.0,70,11,48.3,101.67,Mainly Clear,9,21.1,
2012-09-03 09:00:00,21.1,11.8,55,9,48.3,101.65,Mainly Clear,9,23.5,
2012-09-03 10:00:00,23.5,11.7,47,9,48.3,101.63,Mainly Clear,9,24.3,
2012-09-03 11:00:00,24.3,10.9,43,9,48.3,101.59,Mainly Clear,9,26.0,
2012-09-03 12:00:00,26.0,11.1,39,13,48.3,101.54,Mainly Clear,9,26.2,
2012-09-03 13:00:00,26.2,10.0,36,4,48.3,101.5,Mainly Clear,9,28.0,
2012-09-03 14:00:00,28.0,10.4,33,0,48.3,101.41,Mainly Clear,9,27.8,
2012-09-03 15:00:00,27.8,10.5,34,13,48.3,101.33,Mainly Clear,9,27.8,
2012-09-03 16:00:00,27.8,11.4,36,4,48.3,101.29,Mostly Cloudy,9,26.6,
2012-09-03 17:00:00,26.6,12.8,42,13,48.3,101.25,Mostly Cloudy,9,25.8,
2012-09-03 18:00:00,25.8,12.5,44,13,48.3,101.2,Mostly Cloudy,9,25.3,
2012-09-03 19:00:00,25.3,12.4,45,9,25.0,101.19,Mostly Cloudy,9,25.0,
2012-09-03 20:00:00,25.0,12.6,46,9,25.0,101.21,Mostly Cloudy,9,24.2,
2012-09-03 21:00:00,24.2,12.8,49,15,25.0,101.19,Mainly Clear,9,22.7,
2012-09-03 22:00:00,22.7,14.7,61,13,25.0,101.19,Mainly Clear,9,21.1,
2012-09-03 23:00:00,21.1,15.8,72,11,25.0,101.18,Mainly Clear,9,20.6,
2012-09-04 00:00:00,20.6,15.9,74,9,25.0,101.21,Mainly Clear,9,21.1,
2012-09-04 01:00:00,21.1,16.0,73,9,25.0,101.2,Mostly Cloudy,9,20.8,
2012-09-04 02:00:00,20.8,15.8,73,13,25.0,101.16,Mostly Cloudy,9,20.9,
2012-09-04 03:00:00,20.9,15.3,70,7,25.0,101.14,Mostly Cloudy,9,20.8,
2012-09-04 04:00:00,20.8,14.8,69,6,25.0,101.13,Cloudy,9,20.7,
2012-09-04 05:00:00,20.7,14.6,68,9,25.0,101.11,Mostly Cloudy,9,20.7,
2012-09-04 06:00:00,20.7,15.3,71,15,25.0,101.15,Cloudy,9,20.5,
2012-09-04 07:00:00,20.5,16.1,76,17,24.1,101.13,Cloudy,9,21.1,
2012-09-04 08:00:00,21.1,16.4,75,15,24.1,101.11,Mostly Cloudy,9,22.0,
2012-09-04 09:00:00,22.0,16.9,73,11,24.1,101.1,Mostly Cloudy,9,22.9,
2012-09-04 10:00:00,22.9,17.2,70,9,24.1,101.08,Cloudy,9,25.0,
2012-09-04 11:00:00,25.0,17.5,63,15,24.1,101.02,Mostly Cloudy,9,25.6,
2012-09-04 12:00:00,25.6,18.0,63,6,24.1,100.94,Cloudy,9,25.2,
2012-09-04 13:00:00,25.2,17.8,64,9,24.1,100.89,Cloudy,9,24.7,
2012-09-04 14:00:00,24.7,18.0,66,15,24.1,100.83,Cloudy,9,24.1,
2012-09-04 15:00:00,24.1,17.8,68,19,24.1,100.81,Cloudy,9,23.5,
2012-09-04 16:00:00,23.5,17.7,70,15,24.1,100.77,Cloudy,9,23.3,
2012-09-04 17:00:00,23.3,18.0,72,15,24.1,100.74,Cloudy,9,21.8,
2012-09-04 18:00:00,21.8,19.2,85,9,19.3,100.73,Rain,9,20.8,
2012-09-04 19:00:00,20.8,19.7,93,7,12.9,100.7,Rain,9,20.7,
2012-09-04 20:00:00,20.7,19.9,95,9,12.9,100.68,Rain,9,21.1,
2012-09-04 21:00:00,21.1,19.7,92,9,19.3,100.66,Rain,9,20.7,
2012-09-04 22:00:00,20.7,19.7,94,15,19.3,100.61,Rain,9,20.2,
2012-09-04 23:00:00,20.2,19.2,94,9,19.3,100.47,Rain,9,20.3,
2012-09-05 00:00:00,20.3,19.1,93,13,19.3,100.43,Rain,9,20.0,
2012-09-05 01:00:00,20.0,18.6,92,13,16.1,100.35,Rain,9,19.1,
2012-09-05 02:00:00,19.1,18.2,95,17,25.0,100.35,Rain,9,18.6,
2012-09-05 03:00:00,18.6,17.7,95,15,25.0,100.39,Cloudy,9,18.5,
2012-09-05 04:00:00,18.5,17.6,94,11,25.0,100.43,Mostly Cloudy,9,17.6,
2012-09-05 05:00:00,17.6,17.1,97,7,25.0,100.46,Mostly Cloudy,9,18.2,
2012-09-05 06:00:00,18.2,17.4,95,7,24.1,100.51,Mostly Cloudy,9,19.5,
2012-09-05 07:00:00,19.5,18.3,93,11,24.1,100.55,Mainly Clear,9,21.3,
2012-09-05 08:00:00,21.3,18.6,85,13,48.3,100.51,Mainly Clear,9,22.4,
2012-09-05 09:00:00,22.4,18.5,79,15,24.1,100.54,Mostly Cloudy,9,23.3,
2012-09-05 10:00:00,23.3,18.9,76,11,24.1,100.59,Mostly Cloudy,9,23.4,
2012-09-05 11:00:00,23.4,17.9,71,7,24.1,100.57,Rain Showers,9,25.5,
2012-09-05 12:00:00,25.5,19.2,68,11,24.1,100.54,Mainly Clear,9,25.9,
2012-09-05 13:00:00,25.9,18.3,63,11,24.1,100.52,Mainly Clear,9,26.4,
2012-09-05 14:00:00,26.4,18.1,60,13,24.1,100.49,Mainly Clear,9,26.2,
2012-09-05 15:00:00,26.2,17.6,59,11,24.1,100.47,Mainly Clear,9,27.0,
2012-09-05 16:00:00,27.0,17.7,57,9,24.1,100.45,Mainly Clear,9,26.1,
2012-09-05 17:00:00,26.1,17.2,58,13,24.1,100.44,Mainly Clear,9,25.8,
2012-09-05 18:00:00,25.8,17.1,59,9,24.1,100.5,Mainly Clear,9,25.2,
2012-09-05 19:00:00,25.2,17.5,62,6,25.0,100.55,Mostly Cloudy,9,24.2,
2012-09-05 20:00:00,24.2,18.7,71,7,25.0,100.57,Mostly Cloudy,9,24.0,
2012-09-05 21:00:00,24.0,18.1,70,9,25.0,100.58,Rain Showers,9,22.9,
2012-09-05 22:00:00,22.9,18.2,75,7,25.0,100.55,Mostly Cloudy,9,22.1,
2012-09-05 23:00:00,22.1,18.1,78,6,25.0,100.53,Mainly Clear,9,21.3,
2012-09-06 00:00:00,21.3,18.1,82,7,25.0,100.53,Mainly Clear,9,21.0,
2012-09-06 01:00:00,21.0,18.4,85,7,25.0,100.55,Mostly Cloudy,9,21.3,
2012-09-06 02:00:00,21.3,18.5,84,7,25.0,100.55,Mainly Clear,9,21.1,
2012-09-06 03:00:00,21.1,18.5,85,6,25.0,100.55,Mostly Cloudy,9,21.1,
2012-09-06 04:00:00,21.1,18.8,87,7,25.0,100.54,Mainly Clear,9,21.0,
2012-09-06 05:00:00,21.0,18.1,84,6,25.0,100.61,Mostly Cloudy,9,19.5,
2012-09-06 06:00:00,19.5,17.8,90,9,25.0,100.58,Mostly Cloudy,9,19.9,
2012-09-06 07:00:00,19.9,17.7,87,7,25.0,100.62,Cloudy,9,21.1,
2012-09-06 08:00:00,21.1,18.1,83,7,24.1,100.62,Mostly Cloudy,9,23.1,
2012-09-06 09:00:00,23.1,18.3,74,6,24.1,100.59,Mainly Clear,9,24.7,
2012-09-06 10:00:00,24.7,17.8,65,6,24.1,100.55,Mainly Clear,9,26.1,
2012-09-06 11:00:00,26.1,18.1,61,13,24.1,100.5,Mainly Clear,9,26.8,
2012-09-06 12:00:00,26.8,17.3,56,15,24.1,100.45,Mainly Clear,9,27.9,
2012-09-06 13:00:00,27.9,17.5,53,11,24.1,100.41,Mainly Clear,9,28.1,
2012-09-06 14:00:00,28.1,17.8,54,13,24.1,100.34,Mostly Cloudy,9,28.2,
2012-09-06 15:00:00,28.2,18.4,55,13,24.1,100.3,Mainly Clear,9,27.6,
2012-09-06 16:00:00,27.6,17.9,56,19,24.1,100.31,Mainly Clear,9,26.9,
2012-09-06 17:00:00,26.9,17.6,57,17,24.1,100.36,Mainly Clear,9,24.8,
2012-09-06 18:00:00,24.8,16.5,60,9,24.1,100.38,Mainly Clear,9,22.6,
2012-09-06 19:00:00,22.6,16.5,68,6,25.0,100.42,Mainly Clear,9,22.5,
2012-09-06 20:00:00,22.5,16.8,70,11,25.0,100.47,Clear,9,21.4,
2012-09-06 21:00:00,21.4,15.1,67,7,25.0,100.52,Mainly Clear,9,19.6,
2012-09-06 22:00:00,19.6,15.0,75,9,25.0,100.55,Mainly Clear,9,20.2,
2012-09-06 23:00:00,20.2,14.6,70,0,25.0,100.59,Mainly Clear,9,18.1,
2012-09-07 00:00:00,18.1,14.8,81,4,24.1,100.62,Clear,9,18.7,
2012-09-07 01:00:00,18.7,14.5,77,4,25.0,100.62,Clear,9,17.6,
2012-09-07 02:00:00,17.6,15.6,88,9,25.0,100.62,Mainly Clear,9,18.5,
2012-09-07 03:00:00,18.5,14.5,78,6,25.0,100.68,Clear,9,18.3,
2012-09-07 04:00:00,18.3,14.2,77,6,25.0,100.68,Clear,9,15.8,
2012-09-07 05:00:00,15.8,14.3,91,7,25.0,100.72,Mainly Clear,9,17.5,
2012-09-07 06:00:00,17.5,14.6,83,11,48.3,100.77,Mainly Clear,9,18.6,
2012-09-07 07:00:00,18.6,14.4,77,15,48.3,100.81,Mostly Cloudy,9,19.9,
2012-09-07 08:00:00,19.9,13.9,68,9,48.3,100.79,Mostly Cloudy,9,21.2,
2012-09-07 09:00:00,21.2,14.4,65,19,48.3,100.8,Mostly Cloudy,9,22.2,
2012-09-07 10:00:00,22.2,15.8,67,19,48.3,100.82,Mostly Cloudy,9,22.6,
2012-09-07 11:00:00,22.6,15.4,64,19,48.3,100.84,Mostly Cloudy,9,23.3,
2012-09-07 12:00:00,23.3,14.0,56,17,48.3,100.82,Cloudy,9,24.6,
2012-09-07 13:00:00,24.6,12.7,47,17,48.3,100.8,Mostly Cloudy,9,25.6,
2012-09-07 14:00:00,25.6,12.5,44,9,48.3,100.76,Mostly Cloudy,9,25.1,
2012-09-07 15:00:00,25.1,10.5,40,13,48.3,100.72,Mostly Cloudy,9,25.0,
2012-09-07 16:00:00,25.0,9.9,38,6,48.3,100.7,Mostly Cloudy,9,24.6,
2012-09-07 17:00:00,24.6,10.2,40,0,48.3,100.64,Cloudy,9,23.5,
2012-09-07 18:00:00,23.5,11.8,48,0,24.1,100.6,Cloudy,9,21.7,
2012-09-07 19:00:00,21.7,12.0,54,6,25.0,100.61,Mostly Cloudy,9,23.2,
2012-09-07 20:00:00,23.2,11.9,49,4,25.0,100.58,Mostly Cloudy,9,22.9,
2012-09-07 21:00:00,22.9,13.4,55,6,25.0,100.5,Cloudy,9,21.6,
2012-09-07 22:00:00,21.6,14.8,65,9,25.0,100.45,Cloudy,9,21.4,
2012-09-07 23:00:00,21.4,15.3,68,17,24.1,100.29,Cloudy,9,21.1,
2012-09-08 00:00:00,21.1,16.1,73,13,25.0,100.21,Cloudy,9,20.5,
2012-09-08 01:00:00,20.5,16.6,78,6,25.0,100.21,Cloudy,9,21.1,
2012-09-08 02:00:00,21.1,16.0,73,7,25.0,100.12,Cloudy,9,21.1,
2012-09-08 03:00:00,21.1,16.2,74,9,25.0,99.98,Cloudy,9,21.9,
2012-09-08 04:00:00,21.9,15.8,68,17,25.0,99.85,"Thunderstorms,Rain Showers",9,18.6,
2012-09-08 05:00:00,18.6,16.7,89,11,25.0,99.93,Cloudy,9,18.7,
2012-09-08 06:00:00,18.7,16.6,88,17,24.1,99.82,Cloudy,9,21.0,
2012-09-08 07:00:00,21.0,17.8,82,20,19.3,99.77,Cloudy,9,20.9,
2012-09-08 08:00:00,20.9,17.7,82,9,19.3,99.66,Cloudy,9,23.2,
2012-09-08 09:00:00,23.2,19.0,77,13,19.3,99.54,Cloudy,9,25.9,
2012-09-08 10:00:00,25.9,19.5,68,28,19.3,99.35,Cloudy,9,26.5,
2012-09-08 11:00:00,26.5,18.9,63,35,19.3,99.27,Cloudy,9,26.1,
2012-09-08 12:00:00,26.1,17.9,61,39,19.3,99.21,Cloudy,9,25.5,
2012-09-08 13:00:00,25.5,17.4,61,24,24.1,99.08,Cloudy,9,26.0,
2012-09-08 14:00:00,26.0,18.4,63,33,24.1,98.94,Rain Showers,9,24.4,
2012-09-08 15:00:00,24.4,20.2,77,30,16.1,98.89,Rain Showers,9,20.4,
2012-09-08 16:00:00,20.4,18.2,87,39,24.1,99.09,Rain Showers,9,20.6,
2012-09-08 17:00:00,20.6,16.2,76,33,48.3,99.17,Cloudy,9,20.5,
2012-09-08 18:00:00,20.5,16.0,75,39,24.1,99.33,Cloudy,9,19.9,
2012-09-08 19:00:00,19.9,14.6,72,37,25.0,99.44,Mostly Cloudy,9,19.2,
2012-09-08 20:00:00,19.2,13.2,68,43,25.0,99.51,Mainly Clear,9,16.1,
2012-09-08 21:00:00,16.1,12.7,80,44,25.0,99.67,Mostly Cloudy,9,14.2,
2012-09-08 22:00:00,14.2,10.8,80,30,25.0,99.87,Mostly Cloudy,9,14.5,
2012-09-08 23:00:00,14.5,10.2,75,28,25.0,100.06,Cloudy,9,14.3,
2012-09-09 00:00:00,14.3,9.4,72,30,25.0,100.18,Cloudy,9,13.9,
2012-09-09 01:00:00,13.9,9.6,75,28,25.0,100.26,Cloudy,9,13.7,
2012-09-09 02:00:00,13.7,9.6,76,24,25.0,100.3,Mostly Cloudy,9,12.6,
2012-09-09 03:00:00,12.6,9.4,81,17,25.0,100.28,Mainly Clear,9,12.2,
2012-09-09 04:00:00,12.2,9.5,84,20,25.0,100.39,Mainly Clear,9,11.5,
2012-09-09 05:00:00,11.5,9.5,88,11,25.0,100.44,Clear,9,11.0,
2012-09-09 06:00:00,11.0,9.6,91,6,24.1,100.5,Mainly Clear,9,12.1,
2012-09-09 07:00:00,12.1,9.8,86,7,24.1,100.57,Mainly Clear,9,13.7,
2012-09-09 08:00:00,13.7,9.9,78,17,24.1,100.6,Mainly Clear,9,14.8,
2012-09-09 09:00:00,14.8,8.8,67,17,48.3,100.65,Mainly Clear,9,15.7,
2012-09-09 10:00:00,15.7,9.0,64,17,48.3,100.69,Mostly Cloudy,9,16.8,
2012-09-09 11:00:00,16.8,9.0,60,19,48.3,100.66,Mainly Clear,9,17.3,
2012-09-09 12:00:00,17.3,8.9,58,22,48.3,100.65,Mainly Clear,9,17.3,
2012-09-09 13:00:00,17.3,8.6,57,11,48.3,100.68,Mainly Clear,9,18.1,
2012-09-09 14:00:00,18.1,8.4,53,19,48.3,100.67,Mostly Cloudy,9,17.6,
2012-09-09 15:00:00,17.6,8.9,57,17,48.3,100.67,Mostly Cloudy,9,17.9,
2012-09-09 16:00:00,17.9,8.4,54,22,48.3,100.71,Mainly Clear,9,15.6,
2012-09-09 17:00:00,15.6,8.4,62,15,48.3,100.76,Mainly Clear,9,15.5,
2012-09-09 18:00:00,15.5,8.6,63,11,48.3,100.8,Mostly Cloudy,9,15.2,
2012-09-09 19:00:00,15.2,8.6,65,11,25.0,100.83,Mostly Cloudy,9,14.1,
2012-09-09 20:00:00,14.1,8.6,69,9,25.0,100.87,Mostly Cloudy,9,13.7,
2012-09-09 21:00:00,13.7,9.0,73,9,25.0,100.89,Mostly Cloudy,9,14.2,
2012-09-09 22:00:00,14.2,9.0,71,9,25.0,100.9,Mostly Cloudy,9,13.9,
2012-09-09 23:00:00,13.9,9.8,76,15,25.0,100.93,Cloudy,9,13.4,
2012-09-10 00:00:00,13.4,10.2,81,9,25.0,100.94,Mostly Cloudy,9,13.0,
2012-09-10 01:00:00,13.0,10.3,84,9,25.0,100.95,Mostly Cloudy,9,12.7,
2012-09-10 02:00:00,12.7,9.9,83,11,25.0,100.96,Mostly Cloudy,9,12.4,
2012-09-10 03:00:00,12.4,9.5,82,11,25.0,100.98,Mostly Cloudy,9,11.3,
2012-09-10 04:00:00,11.3,8.7,84,13,25.0,101.0,Mainly Clear,9,10.4,
2012-09-10 05:00:00,10.4,8.5,88,17,25.0,101.05,Mainly Clear,9,10.1,
2012-09-10 06:00:00,10.1,8.1,87,17,24.1,101.15,Mainly Clear,9,11.5,
2012-09-10 07:00:00,11.5,7.6,77,15,24.1,101.23,Mainly Clear,9,12.8,
2012-09-10 08:00:00,12.8,7.1,68,19,24.1,101.29,Mostly Cloudy,9,13.3,
2012-09-10 09:00:00,13.3,7.3,67,15,24.1,101.33,Mainly Clear,9,14.4,
2012-09-10 10:00:00,14.4,6.5,59,15,24.1,101.32,Mostly Cloudy,9,14.9,
2012-09-10 11:00:00,14.9,6.3,56,19,48.3,101.31,Mostly Cloudy,9,16.0,
2012-09-10 12:00:00,16.0,6.1,52,20,48.3,101.31,Mostly Cloudy,9,16.6,
2012-09-10 13:00:00,16.6,6.0,50,13,48.3,101.32,Mostly Cloudy,9,17.5,
2012-09-10 14:00:00,17.5,6.1,47,20,48.3,101.3,Mostly Cloudy,9,17.8,
2012-09-10 15:00:00,17.8,5.9,46,24,24.1,101.27,Mostly Cloudy,9,16.7,
2012-09-10 16:00:00,16.7,5.1,46,20,48.3,101.31,Mostly Cloudy,9,16.1,
2012-09-10 17:00:00,16.1,4.9,47,20,48.3,101.39,Mostly Cloudy,9,14.5,
2012-09-10 18:00:00,14.5,4.9,52,17,24.1,101.43,Mostly Cloudy,9,13.5,
2012-09-10 19:00:00,13.5,4.9,56,9,25.0,101.47,Mainly Clear,9,10.9,
2012-09-10 20:00:00,10.9,5.7,70,7,25.0,101.54,Clear,9,9.8,
2012-09-10 21:00:00,9.8,6.0,77,6,25.0,101.55,Clear,9,9.7,
2012-09-10 22:00:00,9.7,5.9,77,7,25.0,101.56,Clear,9,9.3,
2012-09-10 23:00:00,9.3,6.4,82,7,25.0,101.56,Clear,9,8.4,
2012-09-11 00:00:00,8.4,6.2,86,9,25.0,101.57,Clear,9,8.4,
2012-09-11 01:00:00,8.4,6.3,87,9,25.0,101.58,Clear,9,8.4,
2012-09-11 02:00:00,8.4,6.9,90,9,25.0,101.6,Clear,9,9.1,
2012-09-11 03:00:00,9.1,7.3,88,7,25.0,101.64,Clear,9,9.2,
2012-09-11 04:00:00,9.2,6.8,85,4,25.0,101.7,Clear,9,6.9,
2012-09-11 05:00:00,6.9,5.6,91,0,25.0,101.75,Clear,9,7.6,
2012-09-11 06:00:00,7.6,6.3,91,6,24.1,101.83,Mainly Clear,9,11.0,
2012-09-11 07:00:00,11.0,8.4,84,9,48.3,101.89,Mostly Cloudy,9,13.2,
2012-09-11 08:00:00,13.2,8.9,75,9,48.3,101.92,Mostly Cloudy,9,15.1,
2012-09-11 09:00:00,15.1,8.6,65,13,48.3,101.95,Mostly Cloudy,9,16.8,
2012-09-11 10:00:00,16.8,8.9,60,17,48.3,101.93,Mostly Cloudy,9,18.4,
2012-09-11 11:00:00,18.4,8.4,52,19,48.3,101.89,Mainly Clear,9,18.9,
2012-09-11 12:00:00,18.9,9.1,53,19,48.3,101.87,Mainly Clear,9,20.6,
2012-09-11 13:00:00,20.6,9.7,50,20,48.3,101.81,Mainly Clear,9,21.0,
2012-09-11 14:00:00,21.0,8.9,46,20,48.3,101.75,Mainly Clear,9,21.3,
2012-09-11 15:00:00,21.3,8.4,44,19,48.3,101.69,Mainly Clear,9,21.5,
2012-09-11 16:00:00,21.5,8.9,44,20,48.3,101.67,Mainly Clear,9,21.4,
2012-09-11 17:00:00,21.4,9.4,46,20,48.3,101.67,Mainly Clear,9,20.7,
2012-09-11 18:00:00,20.7,10.3,51,17,48.3,101.66,Mainly Clear,9,19.8,
2012-09-11 19:00:00,19.8,11.1,57,9,25.0,101.68,Mainly Clear,9,19.8,
2012-09-11 20:00:00,19.8,11.6,59,15,25.0,101.73,Mainly Clear,9,19.1,
2012-09-11 21:00:00,19.1,12.9,67,15,25.0,101.76,Clear,9,18.4,
2012-09-11 22:00:00,18.4,12.0,66,17,25.0,101.78,Clear,9,17.8,
2012-09-11 23:00:00,17.8,11.9,68,15,25.0,101.8,Clear,9,17.5,
2012-09-12 00:00:00,17.5,10.6,64,17,25.0,101.82,Clear,9,17.2,
2012-09-12 01:00:00,17.2,9.9,62,11,25.0,101.85,Clear,9,14.5,
2012-09-12 02:00:00,14.5,9.6,72,6,25.0,101.86,Clear,9,13.2,
2012-09-12 03:00:00,13.2,9.9,80,4,25.0,101.9,Clear,9,13.7,
2012-09-12 04:00:00,13.7,10.0,78,0,25.0,101.91,Clear,9,13.1,
2012-09-12 05:00:00,13.1,10.7,85,6,25.0,101.96,Clear,9,13.5,
2012-09-12 06:00:00,13.5,11.2,86,0,48.3,102.02,Clear,9,15.8,
2012-09-12 07:00:00,15.8,11.8,77,9,48.3,102.02,Clear,9,17.4,
2012-09-12 08:00:00,17.4,11.1,66,7,48.3,102.04,Clear,9,19.6,
2012-09-12 09:00:00,19.6,11.9,61,7,48.3,102.05,Clear,9,21.9,
2012-09-12 10:00:00,21.9,13.2,58,11,48.3,102.02,Mainly Clear,9,23.9,
2012-09-12 11:00:00,23.9,13.3,51,20,48.3,101.98,Clear,9,25.3,
2012-09-12 12:00:00,25.3,13.4,48,19,48.3,101.95,Mainly Clear,9,26.1,
2012-09-12 13:00:00,26.1,14.0,47,13,48.3,101.87,Mainly Clear,9,26.9,
2012-09-12 14:00:00,26.9,13.5,44,17,48.3,101.84,Mainly Clear,9,27.3,
2012-09-12 15:00:00,27.3,13.4,42,17,48.3,101.8,Mainly Clear,9,27.3,
2012-09-12 16:00:00,27.3,12.2,39,19,48.3,101.77,Mainly Clear,9,26.8,
2012-09-12 17:00:00,26.8,11.6,39,17,48.3,101.77,Mainly Clear,9,25.0,
2012-09-12 18:00:00,25.0,12.9,47,11,48.3,101.78,Mainly Clear,9,22.2,
2012-09-12 19:00:00,22.2,15.0,64,11,25.0,101.83,Mainly Clear,9,22.4,
2012-09-12 20:00:00,22.4,14.0,59,11,25.0,101.88,Mainly Clear,9,22.2,
2012-09-12 21:00:00,22.2,13.2,57,11,25.0,101.91,Clear,9,21.0,
2012-09-12 22:00:00,21.0,14.4,66,13,25.0,101.95,Mainly Clear,9,20.2,
2012-09-12 23:00:00,20.2,14.6,70,11,25.0,101.96,Mainly Clear,9,19.8,
2012-09-13 00:00:00,19.8,13.6,67,9,25.0,101.96,Mainly Clear,9,19.5,
2012-09-13 01:00:00,19.5,13.4,68,7,25.0,101.97,Mainly Clear,9,16.3,
2012-09-13 02:00:00,16.3,12.9,80,11,25.0,101.98,Mainly Clear,9,15.7,
2012-09-13 03:00:00,15.7,13.1,85,9,25.0,101.96,Clear,9,15.5,
2012-09-13 04:00:00,15.5,12.8,84,11,25.0,101.96,Clear,9,14.9,
2012-09-13 05:00:00,14.9,11.8,82,4,25.0,102.0,Clear,9,15.7,
2012-09-13 06:00:00,15.7,12.4,81,6,48.3,102.02,Mainly Clear,9,18.1,
2012-09-13 07:00:00,18.1,13.8,76,6,48.3,102.03,Mainly Clear,9,19.8,
2012-09-13 08:00:00,19.8,12.8,64,9,48.3,102.04,Mainly Clear,9,21.5,
2012-09-13 09:00:00,21.5,13.7,61,13,48.3,102.05,Mainly Clear,9,22.6,
2012-09-13 10:00:00,22.6,14.2,59,17,48.3,102.05,Mainly Clear,9,24.6,
2012-09-13 11:00:00,24.6,14.8,54,15,48.3,102.02,Mainly Clear,9,26.2,
2012-09-13 12:00:00,26.2,14.9,50,17,48.3,101.97,Mainly Clear,9,27.3,
2012-09-13 13:00:00,27.3,14.2,45,19,48.3,101.89,Mainly Clear,9,27.9,
2012-09-13 14:00:00,27.9,13.7,42,24,48.3,101.82,Mainly Clear,9,28.2,
2012-09-13 15:00:00,28.2,13.9,42,22,48.3,101.77,Mainly Clear,9,28.4,
2012-09-13 16:00:00,28.4,14.0,41,19,48.3,101.73,Mainly Clear,9,27.8,
2012-09-13 17:00:00,27.8,13.1,40,20,48.3,101.73,Mainly Clear,9,26.0,
2012-09-13 18:00:00,26.0,14.7,50,9,48.3,101.71,Mainly Clear,9,24.2,
2012-09-13 19:00:00,24.2,15.8,59,11,25.0,101.72,Mainly Clear,9,23.2,
2012-09-13 20:00:00,23.2,15.7,63,11,25.0,101.74,Clear,9,22.3,
2012-09-13 21:00:00,22.3,16.0,68,13,25.0,101.71,Mainly Clear,9,21.8,
2012-09-13 22:00:00,21.8,15.2,66,15,25.0,101.7,Mainly Clear,9,20.7,
2012-09-13 23:00:00,20.7,15.3,71,13,25.0,101.72,Clear,9,19.5,
2012-09-14 00:00:00,19.5,15.5,78,9,25.0,101.72,Clear,9,16.6,
2012-09-14 01:00:00,16.6,14.9,90,0,25.0,101.71,Clear,9,18.2,
2012-09-14 02:00:00,18.2,14.8,81,4,25.0,101.69,Clear,9,16.4,
2012-09-14 03:00:00,16.4,14.2,87,6,25.0,101.67,Clear,9,15.9,
2012-09-14 04:00:00,15.9,13.7,87,9,25.0,101.66,Clear,9,16.4,
2012-09-14 05:00:00,16.4,14.1,86,4,25.0,101.65,Mostly Cloudy,9,16.6,
2012-09-14 06:00:00,16.6,14.5,87,6,24.1,101.65,Cloudy,9,17.9,
2012-09-14 07:00:00,17.9,15.1,84,9,24.1,101.64,Cloudy,9,19.5,
2012-09-14 08:00:00,19.5,15.1,76,9,24.1,101.63,Mostly Cloudy,9,22.2,
2012-09-14 09:00:00,22.2,15.5,66,9,24.1,101.61,Cloudy,9,22.6,
2012-09-14 10:00:00,22.6,15.4,64,13,24.1,101.56,Mostly Cloudy,9,24.2,
2012-09-14 11:00:00,24.2,16.2,61,13,24.1,101.51,Cloudy,9,25.7,
2012-09-14 12:00:00,25.7,16.5,57,9,48.3,101.44,Cloudy,9,26.5,
2012-09-14 13:00:00,26.5,16.8,55,9,48.3,101.34,Cloudy,9,27.3,
2012-09-14 14:00:00,27.3,16.4,51,9,48.3,101.27,Mostly Cloudy,9,26.3,
2012-09-14 15:00:00,26.3,16.4,54,9,24.1,101.2,Cloudy,9,25.5,
2012-09-14 16:00:00,25.5,17.8,62,4,24.1,101.13,Cloudy,9,25.4,
2012-09-14 17:00:00,25.4,17.2,60,7,24.1,101.04,Cloudy,9,24.5,
2012-09-14 18:00:00,24.5,17.6,65,6,24.1,100.96,Rain Showers,9,21.0,
2012-09-14 19:00:00,21.0,18.9,88,17,25.0,100.94,Cloudy,9,16.5,
2012-09-14 20:00:00,16.5,15.8,96,22,16.1,101.06,"Thunderstorms,Rain Showers",9,15.3,
2012-09-14 21:00:00,15.3,14.3,94,13,11.3,101.31,Rain Showers,9,15.5,
2012-09-14 22:00:00,15.5,14.2,92,0,19.3,101.21,Rain Showers,9,15.9,
2012-09-14 23:00:00,15.9,15.4,97,13,16.1,101.13,Rain Showers,9,16.3,
2012-09-15 00:00:00,16.3,14.8,91,20,19.3,101.17,Cloudy,9,15.6,
2012-09-15 01:00:00,15.6,14.2,91,22,25.0,101.14,Cloudy,9,15.0,
2012-09-15 02:00:00,15.0,13.6,91,24,25.0,101.09,Cloudy,9,14.7,
2012-09-15 03:00:00,14.7,12.9,89,30,25.0,101.08,Cloudy,9,14.2,
2012-09-15 04:00:00,14.2,12.2,88,30,25.0,101.12,Mostly Cloudy,9,13.7,
2012-09-15 05:00:00,13.7,12.7,94,28,9.7,101.14,"Drizzle,Fog",9,13.4,
2012-09-15 06:00:00,13.4,11.1,86,22,24.1,101.25,Mostly Cloudy,9,13.8,
2012-09-15 07:00:00,13.8,10.5,80,20,24.1,101.36,Mostly Cloudy,9,14.6,
2012-09-15 08:00:00,14.6,10.5,76,19,24.1,101.44,Mainly Clear,9,14.9,
2012-09-15 09:00:00,14.9,9.7,71,19,24.1,101.5,Mostly Cloudy,9,16.0,
2012-09-15 10:00:00,16.0,9.6,66,22,24.1,101.51,Mostly Cloudy,9,16.1,
2012-09-15 11:00:00,16.1,7.8,58,22,48.3,101.49,Mostly Cloudy,9,16.6,
2012-09-15 12:00:00,16.6,7.3,54,17,48.3,101.49,Mostly Cloudy,9,16.6,
2012-09-15 13:00:00,16.6,7.9,56,20,48.3,101.44,Mostly Cloudy,9,16.2,
2012-09-15 14:00:00,16.2,7.5,56,22,24.1,101.39,Rain Showers,9,14.2,
2012-09-15 15:00:00,14.2,11.4,83,13,24.1,101.41,Mostly Cloudy,9,16.6,
2012-09-15 16:00:00,16.6,9.2,62,17,24.1,101.36,Mainly Clear,9,14.2,
2012-09-15 17:00:00,14.2,8.7,69,22,24.1,101.39,Rain Showers,9,13.3,
2012-09-15 18:00:00,13.3,8.6,73,7,24.1,101.4,Mostly Cloudy,9,12.7,
2012-09-15 19:00:00,12.7,7.1,69,13,25.0,101.42,Mainly Clear,9,11.6,
2012-09-15 20:00:00,11.6,6.3,70,11,25.0,101.46,Mainly Clear,9,9.9,
2012-09-15 21:00:00,9.9,6.1,77,13,25.0,101.48,Mainly Clear,9,8.5,
2012-09-15 22:00:00,8.5,5.7,83,7,25.0,101.51,Clear,9,7.9,
2012-09-15 23:00:00,7.9,5.6,85,9,25.0,101.5,Clear,9,6.6,
2012-09-16 00:00:00,6.6,5.0,90,7,25.0,101.52,Clear,9,6.1,
2012-09-16 01:00:00,6.1,5.2,94,9,25.0,101.49,Clear,9,6.5,
2012-09-16 02:00:00,6.5,5.6,94,6,25.0,101.46,Clear,9,6.7,
2012-09-16 03:00:00,6.7,5.6,93,7,25.0,101.44,Clear,9,7.3,
2012-09-16 04:00:00,7.3,6.2,93,9,25.0,101.43,Clear,9,4.9,
2012-09-16 05:00:00,4.9,4.6,98,9,25.0,101.45,Clear,9,5.8,
2012-09-16 06:00:00,5.8,4.9,94,9,48.3,101.53,Clear,9,8.7,
2012-09-16 07:00:00,8.7,6.5,86,9,48.3,101.55,Clear,9,11.7,
2012-09-16 08:00:00,11.7,4.5,61,9,48.3,101.58,Clear,9,13.1,
2012-09-16 09:00:00,13.1,3.0,50,19,48.3,101.57,Mainly Clear,9,14.0,
2012-09-16 10:00:00,14.0,4.3,52,20,48.3,101.53,Mainly Clear,9,14.9,
2012-09-16 11:00:00,14.9,3.9,48,20,48.3,101.49,Mainly Clear,9,15.3,
2012-09-16 12:00:00,15.3,3.2,44,19,48.3,101.44,Mainly Clear,9,15.7,
2012-09-16 13:00:00,15.7,2.9,42,24,48.3,101.35,Mainly Clear,9,16.6,
2012-09-16 14:00:00,16.6,3.8,42,24,48.3,101.3,Mainly Clear,9,16.7,
2012-09-16 15:00:00,16.7,3.6,42,19,48.3,101.25,Clear,9,16.6,
2012-09-16 16:00:00,16.6,3.0,40,15,48.3,101.2,Clear,9,16.6,
2012-09-16 17:00:00,16.6,3.6,42,20,48.3,101.17,Clear,9,15.5,
2012-09-16 18:00:00,15.5,3.2,44,11,48.3,101.16,Clear,9,14.2,
2012-09-16 19:00:00,14.2,3.9,50,6,25.0,101.18,Mainly Clear,9,12.5,
2012-09-16 20:00:00,12.5,4.6,59,6,25.0,101.18,Clear,9,12.8,
2012-09-16 21:00:00,12.8,5.4,61,6,25.0,101.18,Clear,9,13.1,
2012-09-16 22:00:00,13.1,5.4,60,6,25.0,101.2,Clear,9,12.1,
2012-09-16 23:00:00,12.1,5.6,64,6,25.0,101.21,Clear,9,11.5,
2012-09-17 00:00:00,11.5,8.6,82,4,25.0,101.2,Clear,9,10.1,
2012-09-17 01:00:00,10.1,8.4,89,4,25.0,101.21,Clear,9,10.1,
2012-09-17 02:00:00,10.1,7.8,86,6,25.0,101.18,Clear,9,10.1,
2012-09-17 03:00:00,10.1,8.4,89,7,25.0,101.16,Mostly Cloudy,9,11.1,
2012-09-17 04:00:00,11.1,8.3,83,7,25.0,101.12,Cloudy,9,12.1,
2012-09-17 05:00:00,12.1,7.9,75,7,25.0,101.12,Cloudy,9,12.5,
2012-09-17 06:00:00,12.5,9.0,79,4,48.3,101.13,Cloudy,9,13.7,
2012-09-17 07:00:00,13.7,9.7,77,7,24.1,101.13,Cloudy,9,14.7,
2012-09-17 08:00:00,14.7,10.8,77,9,24.1,101.13,Cloudy,9,16.8,
2012-09-17 09:00:00,16.8,13.1,79,13,24.1,101.13,Mainly Clear,9,18.2,
2012-09-17 10:00:00,18.2,13.6,75,17,24.1,101.11,Mainly Clear,9,19.9,
2012-09-17 11:00:00,19.9,14.9,73,15,24.1,101.09,Mainly Clear,9,21.8,
2012-09-17 12:00:00,21.8,14.2,62,17,24.1,101.06,Mainly Clear,9,23.5,
2012-09-17 13:00:00,23.5,14.1,56,17,24.1,101.01,Mainly Clear,9,24.6,
2012-09-17 14:00:00,24.6,12.6,47,15,24.1,100.95,Clear,9,25.2,
2012-09-17 15:00:00,25.2,10.8,40,15,24.1,100.9,Clear,9,25.0,
2012-09-17 16:00:00,25.0,12.5,46,13,24.1,100.87,Mainly Clear,9,24.4,
2012-09-17 17:00:00,24.4,12.2,46,13,24.1,100.87,Clear,9,22.1,
2012-09-17 18:00:00,22.1,14.8,63,15,24.1,100.88,Mainly Clear,9,20.6,
2012-09-17 19:00:00,20.6,15.1,71,15,25.0,100.9,Mainly Clear,9,20.0,
2012-09-17 20:00:00,20.0,15.4,75,13,25.0,100.88,Mainly Clear,9,19.3,
2012-09-17 21:00:00,19.3,15.3,78,0,25.0,100.88,Mainly Clear,9,18.8,
2012-09-17 22:00:00,18.8,15.1,79,6,25.0,100.83,Mainly Clear,9,17.0,
2012-09-17 23:00:00,17.0,15.0,88,7,25.0,100.84,Mainly Clear,9,16.2,
2012-09-18 00:00:00,16.2,14.2,88,6,25.0,100.84,Mainly Clear,9,16.9,
2012-09-18 01:00:00,16.9,12.5,75,0,25.0,100.81,Mainly Clear,9,16.6,
2012-09-18 02:00:00,16.6,12.1,75,9,25.0,100.75,Clear,9,16.1,
2012-09-18 03:00:00,16.1,13.0,82,19,25.0,100.67,Mostly Cloudy,9,16.2,
2012-09-18 04:00:00,16.2,12.9,81,17,25.0,100.59,Mostly Cloudy,9,16.1,
2012-09-18 05:00:00,16.1,12.8,81,24,25.0,100.52,Mostly Cloudy,9,16.4,
2012-09-18 06:00:00,16.4,12.9,80,22,24.1,100.49,Mainly Clear,9,16.9,
2012-09-18 07:00:00,16.9,13.1,78,20,24.1,100.44,Mostly Cloudy,9,18.5,
2012-09-18 08:00:00,18.5,13.4,72,26,24.1,100.4,Cloudy,9,18.7,
2012-09-18 09:00:00,18.7,13.8,73,19,24.1,100.31,Cloudy,9,16.9,
2012-09-18 10:00:00,16.9,16.0,94,19,9.7,100.26,Rain,9,17.3,
2012-09-18 11:00:00,17.3,16.4,94,20,9.7,100.13,Rain,9,16.6,
2012-09-18 12:00:00,16.6,16.3,98,20,6.4,99.92,Rain,9,17.1,
2012-09-18 13:00:00,17.1,16.4,96,35,9.7,99.66,Rain,9,17.3,
2012-09-18 14:00:00,17.3,16.6,96,32,24.1,99.49,Rain,9,18.1,
2012-09-18 15:00:00,18.1,17.0,93,32,24.1,99.28,Rain,9,19.4,
2012-09-18 16:00:00,19.4,17.4,88,33,24.1,99.14,Rain,9,20.4,
2012-09-18 17:00:00,20.4,17.9,86,35,24.1,99.01,Rain,9,20.0,
2012-09-18 18:00:00,20.0,18.9,93,28,6.4,99.19,Rain,9,19.4,
2012-09-18 19:00:00,19.4,18.5,95,22,25.0,99.28,Rain,9,19.2,
2012-09-18 20:00:00,19.2,17.9,92,24,25.0,99.33,Rain,9,19.1,
2012-09-18 21:00:00,19.1,17.6,91,20,25.0,99.39,Cloudy,9,18.8,
2012-09-18 22:00:00,18.8,17.6,93,30,9.7,99.44,Rain,9,17.7,
2012-09-18 23:00:00,17.7,16.1,90,33,12.9,99.52,Rain,9,12.8,
2012-09-19 00:00:00,12.8,11.2,90,37,25.0,99.78,Cloudy,9,11.0,
2012-09-19 01:00:00,11.0,9.1,88,28,25.0,99.95,Mostly Cloudy,9,9.7,
2012-09-19 02:00:00,9.7,7.6,87,35,25.0,100.1,Cloudy,9,8.7,
2012-09-19 03:00:00,8.7,6.1,84,35,25.0,100.31,Cloudy,9,8.3,
2012-09-19 04:00:00,8.3,4.9,79,28,25.0,100.49,Cloudy,9,8.2,
2012-09-19 05:00:00,8.2,4.8,79,30,25.0,100.63,Mostly Cloudy,9,8.0,
2012-09-19 06:00:00,8.0,4.2,77,26,24.1,100.79,Cloudy,9,8.2,
2012-09-19 07:00:00,8.2,4.1,75,33,24.1,100.92,Mostly Cloudy,9,8.6,
2012-09-19 08:00:00,8.6,4.1,73,26,24.1,101.04,Mostly Cloudy,9,9.2,
2012-09-19 09:00:00,9.2,4.1,70,32,24.1,101.13,Mostly Cloudy,9,11.0,
2012-09-19 10:00:00,11.0,3.6,60,32,48.3,101.19,Mostly Cloudy,9,12.0,
2012-09-19 11:00:00,12.0,3.9,58,24,48.3,101.29,Mostly Cloudy,9,13.2,
2012-09-19 12:00:00,13.2,4.0,54,22,48.3,101.37,Mostly Cloudy,9,13.6,
2012-09-19 13:00:00,13.6,2.7,48,24,48.3,101.41,Mostly Cloudy,9,14.5,
2012-09-19 14:00:00,14.5,3.0,46,24,48.3,101.45,Mainly Clear,9,14.3,
2012-09-19 15:00:00,14.3,0.9,40,15,48.3,101.49,Mainly Clear,9,14.2,
2012-09-19 16:00:00,14.2,2.2,44,19,48.3,101.6,Mainly Clear,9,12.7,
2012-09-19 17:00:00,12.7,2.3,49,11,48.3,101.66,Mainly Clear,9,10.6,
2012-09-19 18:00:00,10.6,2.1,56,11,48.3,101.68,Clear,9,10.0,
2012-09-19 19:00:00,10.0,2.5,60,4,25.0,101.75,Clear,9,8.8,
2012-09-19 20:00:00,8.8,3.2,68,4,25.0,101.81,Clear,9,9.5,
2012-09-19 21:00:00,9.5,2.7,62,0,25.0,101.83,Clear,9,8.5,
2012-09-19 22:00:00,8.5,2.7,67,0,25.0,101.85,Clear,9,9.8,
2012-09-19 23:00:00,9.8,3.1,63,4,25.0,101.88,Clear,9,7.2,
2012-09-20 00:00:00,7.2,4.5,83,7,25.0,101.88,Clear,9,8.4,
2012-09-20 01:00:00,8.4,4.0,74,6,25.0,101.92,Clear,9,9.0,
2012-09-20 02:00:00,9.0,4.0,71,7,25.0,101.89,Clear,9,8.0,
2012-09-20 03:00:00,8.0,4.8,80,4,25.0,101.91,Clear,9,8.3,
2012-09-20 04:00:00,8.3,5.7,84,9,25.0,101.91,Clear,9,7.7,
2012-09-20 05:00:00,7.7,6.5,92,6,25.0,101.95,Clear,9,7.7,
2012-09-20 06:00:00,7.7,6.5,92,6,48.3,101.97,Clear,9,9.6,
2012-09-20 07:00:00,9.6,6.9,83,9,48.3,101.95,Clear,9,11.7,
2012-09-20 08:00:00,11.7,7.6,76,7,48.3,101.94,Clear,9,12.8,
2012-09-20 09:00:00,12.8,7.6,71,15,48.3,101.85,Clear,9,15.2,
2012-09-20 10:00:00,15.2,7.4,60,20,48.3,101.76,Clear,9,16.2,
2012-09-20 11:00:00,16.2,6.9,54,19,48.3,101.65,Clear,9,17.6,
2012-09-20 12:00:00,17.6,7.3,51,15,48.3,101.56,Clear,9,18.3,
2012-09-20 13:00:00,18.3,6.7,47,22,48.3,101.48,Mainly Clear,9,19.3,
2012-09-20 14:00:00,19.3,6.9,44,15,48.3,101.43,Mainly Clear,9,19.1,
2012-09-20 15:00:00,19.1,7.5,47,20,48.3,101.39,Clear,9,18.7,
2012-09-20 16:00:00,18.7,7.7,49,24,48.3,101.31,Clear,9,18.0,
2012-09-20 17:00:00,18.0,7.9,52,26,48.3,101.31,Clear,9,16.6,
2012-09-20 18:00:00,16.6,7.9,56,19,48.3,101.26,Clear,9,16.2,
2012-09-20 19:00:00,16.2,7.9,58,24,25.0,101.27,Clear,9,15.6,
2012-09-20 20:00:00,15.6,7.9,60,20,25.0,101.24,Mainly Clear,9,15.4,
2012-09-20 21:00:00,15.4,7.9,61,20,25.0,101.25,Clear,9,13.4,
2012-09-20 22:00:00,13.4,8.5,72,15,25.0,101.25,Clear,9,14.0,
2012-09-20 23:00:00,14.0,8.9,71,19,25.0,101.24,Mainly Clear,9,13.7,
2012-09-21 00:00:00,13.7,9.6,76,19,25.0,101.23,Mainly Clear,9,13.1,
2012-09-21 01:00:00,13.1,9.9,81,20,25.0,101.23,Mainly Clear,9,13.5,
2012-09-21 02:00:00,13.5,10.5,82,19,25.0,101.18,Mostly Cloudy,9,13.9,
2012-09-21 03:00:00,13.9,11.0,83,15,25.0,101.14,Mostly Cloudy,9,14.3,
2012-09-21 04:00:00,14.3,11.4,83,19,25.0,101.14,Cloudy,9,14.4,
2012-09-21 05:00:00,14.4,11.2,81,19,25.0,101.17,Mostly Cloudy,9,14.4,
2012-09-21 06:00:00,14.4,11.4,82,19,48.3,101.19,Mostly Cloudy,9,14.6,
2012-09-21 07:00:00,14.6,11.4,81,17,48.3,101.18,Cloudy,9,15.2,
2012-09-21 08:00:00,15.2,11.8,80,15,48.3,101.23,Cloudy,9,16.0,
2012-09-21 09:00:00,16.0,12.4,79,15,48.3,101.21,Cloudy,9,16.7,
2012-09-21 10:00:00,16.7,12.9,78,13,48.3,101.17,Cloudy,9,17.1,
2012-09-21 11:00:00,17.1,12.8,76,15,48.3,101.13,Cloudy,9,17.8,
2012-09-21 12:00:00,17.8,13.3,75,17,48.3,101.08,Cloudy,9,18.2,
2012-09-21 13:00:00,18.2,13.6,75,15,48.3,101.0,Cloudy,9,19.2,
2012-09-21 14:00:00,19.2,13.9,71,17,48.3,100.95,Cloudy,9,19.3,
2012-09-21 15:00:00,19.3,13.9,71,13,24.1,100.93,Mostly Cloudy,9,19.0,
2012-09-21 16:00:00,19.0,14.1,73,6,24.1,100.89,Cloudy,9,17.3,
2012-09-21 17:00:00,17.3,15.5,89,4,24.1,100.88,Cloudy,9,15.9,
2012-09-21 18:00:00,15.9,15.2,96,19,19.3,100.95,Cloudy,9,15.2,
2012-09-21 19:00:00,15.2,15.1,99,7,25.0,101.01,Rain,9,15.7,
2012-09-21 20:00:00,15.7,15.2,97,4,25.0,101.01,Cloudy,9,15.4,
2012-09-21 21:00:00,15.4,15.3,99,0,9.7,101.04,"Rain,Fog",9,15.7,
2012-09-21 22:00:00,15.7,15.4,98,13,8.0,100.99,"Rain,Fog",9,15.7,
2012-09-21 23:00:00,15.7,15.6,99,13,6.4,100.93,Fog,9,15.7,
2012-09-22 00:00:00,15.7,15.4,98,7,8.0,100.87,Fog,9,15.9,
2012-09-22 01:00:00,15.9,15.4,97,7,11.3,100.85,Cloudy,9,15.9,
2012-09-22 02:00:00,15.9,14.7,93,11,19.3,100.76,Cloudy,9,15.8,
2012-09-22 03:00:00,15.8,14.4,91,24,19.3,100.68,Rain Showers,9,15.4,
2012-09-22 04:00:00,15.4,14.1,92,20,19.3,100.5,Rain Showers,9,15.4,
2012-09-22 05:00:00,15.4,13.3,87,24,25.0,100.46,Cloudy,9,15.6,
2012-09-22 06:00:00,15.6,12.8,83,26,24.1,100.43,Mostly Cloudy,9,16.2,
2012-09-22 07:00:00,16.2,12.8,80,33,24.1,100.36,Mostly Cloudy,9,16.4,
2012-09-22 08:00:00,16.4,13.1,81,32,48.3,100.25,Mostly Cloudy,9,17.3,
2012-09-22 09:00:00,17.3,13.1,76,39,24.1,100.19,Cloudy,9,18.5,
2012-09-22 10:00:00,18.5,13.8,74,33,24.1,100.14,Mostly Cloudy,9,18.4,
2012-09-22 11:00:00,18.4,14.1,76,32,24.1,100.09,Cloudy,9,16.9,
2012-09-22 12:00:00,16.9,15.6,92,22,16.1,100.23,Rain Showers,9,16.6,
2012-09-22 13:00:00,16.6,15.6,94,15,19.3,100.22,Rain Showers,9,16.3,
2012-09-22 14:00:00,16.3,15.7,96,22,6.4,100.29,"Rain,Fog",9,16.1,
2012-09-22 15:00:00,16.1,15.0,93,9,24.1,100.32,Rain,9,16.8,
2012-09-22 16:00:00,16.8,15.2,90,15,24.1,100.28,Mostly Cloudy,9,16.4,
2012-09-22 17:00:00,16.4,14.9,91,13,24.1,100.32,Mostly Cloudy,9,16.1,
2012-09-22 18:00:00,16.1,15.6,97,13,25.0,100.33,Rain Showers,9,16.0,
2012-09-22 19:00:00,16.0,15.3,96,9,25.0,100.36,Rain Showers,9,16.3,
2012-09-22 20:00:00,16.3,14.0,86,20,25.0,100.39,Cloudy,9,15.7,
2012-09-22 21:00:00,15.7,13.4,86,26,25.0,100.37,Cloudy,9,15.4,
2012-09-22 22:00:00,15.4,12.7,84,22,25.0,100.41,Cloudy,9,15.1,
2012-09-22 23:00:00,15.1,12.0,82,22,25.0,100.42,Cloudy,9,14.2,
2012-09-23 00:00:00,14.2,10.4,78,26,25.0,100.41,Mostly Cloudy,9,12.8,
2012-09-23 01:00:00,12.8,9.6,81,17,25.0,100.46,Mostly Cloudy,9,12.2,
2012-09-23 02:00:00,12.2,8.3,77,26,25.0,100.56,Mostly Cloudy,9,11.6,
2012-09-23 03:00:00,11.6,8.0,79,24,25.0,100.58,Cloudy,9,11.0,
2012-09-23 04:00:00,11.0,7.4,78,24,25.0,100.63,Mostly Cloudy,9,10.2,
2012-09-23 05:00:00,10.2,7.3,82,20,25.0,100.7,Mainly Clear,9,9.9,
2012-09-23 06:00:00,9.9,7.4,84,19,24.1,100.77,Mainly Clear,9,10.6,
2012-09-23 07:00:00,10.6,7.8,83,20,24.1,100.82,Mainly Clear,9,11.3,
2012-09-23 08:00:00,11.3,7.6,78,28,48.3,100.89,Mainly Clear,9,12.0,
2012-09-23 09:00:00,12.0,6.8,70,24,48.3,100.9,Mainly Clear,9,13.2,
2012-09-23 10:00:00,13.2,5.6,60,33,48.3,100.97,Mainly Clear,9,13.5,
2012-09-23 11:00:00,13.5,4.0,53,28,48.3,101.0,Mainly Clear,9,15.6,
2012-09-23 12:00:00,15.6,4.5,48,26,48.3,101.0,Mainly Clear,9,14.6,
2012-09-23 13:00:00,14.6,4.2,50,30,48.3,101.01,Mainly Clear,9,16.0,
2012-09-23 14:00:00,16.0,4.1,45,28,48.3,101.02,Mainly Clear,9,15.1,
2012-09-23 15:00:00,15.1,4.6,49,24,48.3,101.04,Mainly Clear,9,15.1,
2012-09-23 16:00:00,15.1,5.7,53,15,48.3,101.07,Mainly Clear,9,14.3,
2012-09-23 17:00:00,14.3,3.4,48,20,48.3,101.11,Mainly Clear,9,10.9,
2012-09-23 18:00:00,10.9,4.3,64,9,25.0,101.17,Mainly Clear,9,9.8,
2012-09-23 19:00:00,9.8,5.3,74,4,25.0,101.23,Mainly Clear,9,11.4,
2012-09-23 20:00:00,11.4,4.7,63,9,25.0,101.31,Mainly Clear,9,8.7,
2012-09-23 21:00:00,8.7,5.2,79,7,25.0,101.38,Mainly Clear,9,7.2,
2012-09-23 22:00:00,7.2,4.9,85,7,25.0,101.41,Mainly Clear,9,9.2,
2012-09-23 23:00:00,9.2,5.2,76,7,25.0,101.43,Mostly Cloudy,9,7.7,
2012-09-24 00:00:00,7.7,5.1,84,0,25.0,101.42,Mainly Clear,9,5.7,
2012-09-24 01:00:00,5.7,4.3,91,6,25.0,101.41,Mainly Clear,9,6.9,
2012-09-24 02:00:00,6.9,5.1,88,0,25.0,101.37,Clear,9,5.7,
2012-09-24 03:00:00,5.7,4.7,93,0,25.0,101.38,Clear,9,7.2,
2012-09-24 04:00:00,7.2,5.0,86,4,25.0,101.42,Mainly Clear,9,8.0,
2012-09-24 05:00:00,8.0,7.8,99,0,25.0,101.44,Mostly Cloudy,9,6.9,
2012-09-24 06:00:00,6.9,6.8,99,9,48.3,101.47,Mostly Cloudy,9,7.9,
2012-09-24 07:00:00,7.9,7.5,97,6,48.3,101.48,Mostly Cloudy,9,9.9,
2012-09-24 08:00:00,9.9,7.5,85,13,48.3,101.51,Mainly Clear,9,11.0,
2012-09-24 09:00:00,11.0,7.9,81,13,48.3,101.49,Mainly Clear,9,12.8,
2012-09-24 10:00:00,12.8,7.5,70,22,48.3,101.46,Mainly Clear,9,14.2,
2012-09-24 11:00:00,14.2,5.5,56,28,48.3,101.44,Mainly Clear,9,15.0,
2012-09-24 12:00:00,15.0,5.7,54,20,48.3,101.37,Mainly Clear,9,15.8,
2012-09-24 13:00:00,15.8,3.2,43,28,48.3,101.28,Mainly Clear,9,16.6,
2012-09-24 14:00:00,16.6,3.7,42,32,48.3,101.23,Mainly Clear,9,16.3,
2012-09-24 15:00:00,16.3,3.6,43,24,48.3,101.13,Mainly Clear,9,16.4,
2012-09-24 16:00:00,16.4,4.5,45,26,48.3,101.09,Mainly Clear,9,15.3,
2012-09-24 17:00:00,15.3,5.2,51,28,48.3,101.06,Mainly Clear,9,14.4,
2012-09-24 18:00:00,14.4,5.8,56,22,25.0,101.03,Mainly Clear,9,13.8,
2012-09-24 19:00:00,13.8,5.6,58,33,25.0,101.05,Mainly Clear,9,12.1,
2012-09-24 20:00:00,12.1,6.3,68,15,25.0,101.06,Mainly Clear,9,11.7,
2012-09-24 21:00:00,11.7,6.2,69,17,25.0,101.06,Mostly Cloudy,9,12.6,
2012-09-24 22:00:00,12.6,5.6,62,17,25.0,101.08,Mostly Cloudy,9,12.1,
2012-09-24 23:00:00,12.1,5.6,64,20,25.0,101.04,Mainly Clear,9,11.9,
2012-09-25 00:00:00,11.9,6.0,67,17,25.0,101.02,Mostly Cloudy,9,12.1,
2012-09-25 01:00:00,12.1,6.4,68,19,25.0,100.92,Mostly Cloudy,9,11.7,
2012-09-25 02:00:00,11.7,5.3,65,20,25.0,100.88,Mostly Cloudy,9,11.2,
2012-09-25 03:00:00,11.2,5.5,68,20,25.0,100.85,Mostly Cloudy,9,11.6,
2012-09-25 04:00:00,11.6,5.3,65,24,25.0,100.85,Mostly Cloudy,9,11.3,
2012-09-25 05:00:00,11.3,6.0,70,17,25.0,100.85,Cloudy,9,12.4,
2012-09-25 06:00:00,12.4,6.1,65,19,48.3,100.89,Mostly Cloudy,9,13.0,
2012-09-25 07:00:00,13.0,6.9,66,28,48.3,100.89,Mainly Clear,9,14.1,
2012-09-25 08:00:00,14.1,7.2,63,24,48.3,100.92,Mainly Clear,9,16.3,
2012-09-25 09:00:00,16.3,8.6,60,32,48.3,100.93,Mainly Clear,9,17.4,
2012-09-25 10:00:00,17.4,9.0,58,35,48.3,100.92,Mainly Clear,9,18.0,
2012-09-25 11:00:00,18.0,9.2,56,28,48.3,100.94,Mainly Clear,9,18.1,
2012-09-25 12:00:00,18.1,9.6,58,30,48.3,100.99,Mostly Cloudy,9,18.9,
2012-09-25 13:00:00,18.9,9.9,56,33,48.3,100.99,Mostly Cloudy,9,19.0,
2012-09-25 14:00:00,19.0,10.4,57,32,48.3,100.97,Mostly Cloudy,9,19.0,
2012-09-25 15:00:00,19.0,10.2,57,28,48.3,100.98,Mostly Cloudy,9,19.2,
2012-09-25 16:00:00,19.2,9.5,53,19,48.3,100.98,Mostly Cloudy,9,18.8,
2012-09-25 17:00:00,18.8,10.5,59,9,48.3,100.98,Mainly Clear,9,17.8,
2012-09-25 18:00:00,17.8,10.9,64,13,24.1,100.99,Mainly Clear,9,16.6,
2012-09-25 19:00:00,16.6,10.5,67,11,25.0,101.02,Clear,9,15.7,
2012-09-25 20:00:00,15.7,10.6,72,7,25.0,101.03,Mainly Clear,9,14.3,
2012-09-25 21:00:00,14.3,10.5,78,13,25.0,101.06,Mostly Cloudy,9,13.1,
2012-09-25 22:00:00,13.1,9.5,79,7,25.0,101.05,Mainly Clear,9,14.0,
2012-09-25 23:00:00,14.0,9.2,73,17,25.0,101.03,Cloudy,9,14.2,
2012-09-26 00:00:00,14.2,9.9,75,15,25.0,101.02,Mostly Cloudy,9,14.0,
2012-09-26 01:00:00,14.0,9.7,75,17,25.0,100.96,Mostly Cloudy,9,14.1,
2012-09-26 02:00:00,14.1,9.3,73,17,25.0,100.89,Mostly Cloudy,9,14.7,
2012-09-26 03:00:00,14.7,8.7,67,17,25.0,100.87,Mostly Cloudy,9,14.6,
2012-09-26 04:00:00,14.6,9.0,69,17,25.0,100.88,Mostly Cloudy,9,15.1,
2012-09-26 05:00:00,15.1,9.2,68,17,25.0,100.84,Mostly Cloudy,9,15.0,
2012-09-26 06:00:00,15.0,9.1,68,17,24.1,100.86,Cloudy,9,14.9,
2012-09-26 07:00:00,14.9,10.4,74,19,24.1,100.87,Cloudy,9,14.9,
2012-09-26 08:00:00,14.9,11.0,77,19,24.1,100.89,Cloudy,9,15.4,
2012-09-26 09:00:00,15.4,12.0,80,20,24.1,100.88,Cloudy,9,16.7,
2012-09-26 10:00:00,16.7,12.6,77,19,24.1,100.89,Cloudy,9,18.1,
2012-09-26 11:00:00,18.1,13.5,74,20,24.1,100.84,Cloudy,9,18.1,
2012-09-26 12:00:00,18.1,13.9,76,15,24.1,100.82,Cloudy,9,18.8,
2012-09-26 13:00:00,18.8,14.6,77,20,24.1,100.8,Cloudy,9,20.0,
2012-09-26 14:00:00,20.0,14.8,72,24,24.1,100.73,Cloudy,9,17.6,
2012-09-26 15:00:00,17.6,15.6,88,11,24.1,100.75,Mostly Cloudy,9,18.8,
2012-09-26 16:00:00,18.8,15.2,80,7,24.1,100.74,Rain Showers,9,16.1,
2012-09-26 17:00:00,16.1,12.6,80,19,24.1,100.86,Mostly Cloudy,9,14.6,
2012-09-26 18:00:00,14.6,10.2,75,17,24.1,101.0,Mostly Cloudy,9,13.6,
2012-09-26 19:00:00,13.6,9.5,76,7,25.0,101.09,Mostly Cloudy,9,13.8,
2012-09-26 20:00:00,13.8,7.8,67,15,25.0,101.22,Cloudy,9,13.6,
2012-09-26 21:00:00,13.6,7.0,64,6,25.0,101.33,Cloudy,9,12.6,
2012-09-26 22:00:00,12.6,7.5,71,7,25.0,101.39,Mostly Cloudy,9,11.9,
2012-09-26 23:00:00,11.9,6.2,68,7,25.0,101.46,Mostly Cloudy,9,10.1,
2012-09-27 00:00:00,10.1,6.0,76,7,25.0,101.51,Mainly Clear,9,8.3,
2012-09-27 01:00:00,8.3,6.3,87,9,25.0,101.54,Mainly Clear,9,7.4,
2012-09-27 02:00:00,7.4,5.9,90,9,25.0,101.56,Mainly Clear,9,6.3,
2012-09-27 03:00:00,6.3,4.9,91,9,25.0,101.63,Clear,9,5.1,
2012-09-27 04:00:00,5.1,4.1,93,11,25.0,101.69,Clear,9,6.0,
2012-09-27 05:00:00,6.0,4.6,91,7,25.0,101.76,Clear,9,6.4,
2012-09-27 06:00:00,6.4,4.3,86,0,48.3,101.86,Clear,9,7.5,
2012-09-27 07:00:00,7.5,5.3,86,0,48.3,101.91,Clear,9,9.0,
2012-09-27 08:00:00,9.0,5.6,79,11,48.3,101.99,Clear,9,10.9,
2012-09-27 09:00:00,10.9,5.1,67,9,48.3,102.03,Mainly Clear,9,12.8,
2012-09-27 10:00:00,12.8,4.4,57,4,48.3,102.06,Mainly Clear,9,12.8,
2012-09-27 11:00:00,12.8,3.5,53,6,48.3,102.04,Mainly Clear,9,12.9,
2012-09-27 12:00:00,12.9,3.8,54,4,48.3,102.04,Mainly Clear,9,13.6,
2012-09-27 13:00:00,13.6,4.5,54,11,48.3,101.99,Mostly Cloudy,9,14.9,
2012-09-27 14:00:00,14.9,4.4,49,4,48.3,101.95,Mainly Clear,9,15.1,
2012-09-27 15:00:00,15.1,4.7,50,9,48.3,101.93,Mainly Clear,9,15.1,
2012-09-27 16:00:00,15.1,3.7,46,11,48.3,101.93,Mainly Clear,9,14.6,
2012-09-27 17:00:00,14.6,3.6,48,7,48.3,101.94,Mainly Clear,9,13.1,
2012-09-27 18:00:00,13.1,3.8,53,7,48.3,101.97,Mainly Clear,9,10.6,
2012-09-27 19:00:00,10.6,4.4,65,0,25.0,102.0,Clear,9,11.5,
2012-09-27 20:00:00,11.5,4.9,64,4,25.0,102.01,Mainly Clear,9,9.4,
2012-09-27 21:00:00,9.4,5.5,77,7,25.0,102.01,Clear,9,9.3,
2012-09-27 22:00:00,9.3,4.8,73,4,25.0,101.99,Clear,9,9.2,
2012-09-27 23:00:00,9.2,4.6,73,4,25.0,101.98,Clear,9,9.2,
2012-09-28 00:00:00,9.2,4.0,70,6,25.0,101.96,Clear,9,8.0,
2012-09-28 01:00:00,8.0,4.7,80,7,25.0,101.98,Mainly Clear,9,8.9,
2012-09-28 02:00:00,8.9,5.2,78,6,25.0,101.94,Mainly Clear,9,7.2,
2012-09-28 03:00:00,7.2,4.9,85,9,25.0,101.92,Clear,9,6.0,
2012-09-28 04:00:00,6.0,5.3,95,9,25.0,101.91,Clear,9,5.1,
2012-09-28 05:00:00,5.1,4.6,97,7,25.0,101.87,Mainly Clear,9,5.3,
2012-09-28 06:00:00,5.3,4.1,92,9,48.3,101.83,Mainly Clear,9,7.6,
2012-09-28 07:00:00,7.6,4.7,82,11,48.3,101.8,Mainly Clear,9,9.3,
2012-09-28 08:00:00,9.3,5.8,79,9,48.3,101.81,Mainly Clear,9,10.7,
2012-09-28 09:00:00,10.7,5.3,69,13,48.3,101.76,Mostly Cloudy,9,13.3,
2012-09-28 10:00:00,13.3,6.0,61,13,48.3,101.67,Mostly Cloudy,9,14.6,
2012-09-28 11:00:00,14.6,5.2,53,13,48.3,101.62,Mostly Cloudy,9,15.8,
2012-09-28 12:00:00,15.8,7.1,56,7,48.3,101.55,Mostly Cloudy,9,16.6,
2012-09-28 13:00:00,16.6,6.9,53,9,48.3,101.42,Mainly Clear,9,16.7,
2012-09-28 14:00:00,16.7,8.7,59,17,24.1,101.37,Mostly Cloudy,9,15.6,
2012-09-28 15:00:00,15.6,9.6,67,19,24.1,101.35,Mostly Cloudy,9,14.2,
2012-09-28 16:00:00,14.2,10.0,76,17,24.1,101.33,Mostly Cloudy,9,13.3,
2012-09-28 17:00:00,13.3,10.1,81,17,24.1,101.34,Mostly Cloudy,9,12.9,
2012-09-28 18:00:00,12.9,10.0,83,15,24.1,101.33,Mostly Cloudy,9,13.0,
2012-09-28 19:00:00,13.0,10.0,82,15,25.0,101.35,Mostly Cloudy,9,13.1,
2012-09-28 20:00:00,13.1,10.1,82,4,25.0,101.34,Mostly Cloudy,9,13.1,
2012-09-28 21:00:00,13.1,9.8,80,7,25.0,101.32,Mostly Cloudy,9,13.1,
2012-09-28 22:00:00,13.1,9.8,80,9,25.0,101.3,Mostly Cloudy,9,13.1,
2012-09-28 23:00:00,13.1,9.2,77,11,19.3,101.29,Cloudy,9,13.0,
2012-09-29 00:00:00,13.0,9.3,78,7,19.3,101.27,Cloudy,9,13.1,
2012-09-29 01:00:00,13.1,9.3,78,9,25.0,101.24,Cloudy,9,13.0,
2012-09-29 02:00:00,13.0,9.3,78,11,25.0,101.2,Cloudy,9,11.7,
2012-09-29 03:00:00,11.7,9.9,89,11,25.0,101.19,Cloudy,9,11.3,
2012-09-29 04:00:00,11.3,9.6,89,15,25.0,101.19,Cloudy,9,10.3,
2012-09-29 05:00:00,10.3,8.9,91,19,25.0,101.23,Cloudy,9,10.2,
2012-09-29 06:00:00,10.2,8.8,91,11,25.0,101.27,Cloudy,9,9.8,
2012-09-29 07:00:00,9.8,8.6,92,17,25.0,101.29,Cloudy,9,10.9,
2012-09-29 08:00:00,10.9,9.0,88,19,24.1,101.28,Cloudy,9,12.4,
2012-09-29 09:00:00,12.4,9.6,83,22,24.1,101.27,Mostly Cloudy,9,13.0,
2012-09-29 10:00:00,13.0,10.0,82,20,24.1,101.23,Cloudy,9,12.6,
2012-09-29 11:00:00,12.6,9.8,83,24,24.1,101.19,Cloudy,9,12.6,
2012-09-29 12:00:00,12.6,9.9,84,22,24.1,101.18,Drizzle,9,12.4,
2012-09-29 13:00:00,12.4,9.8,84,19,24.1,101.15,Drizzle,9,12.6,
2012-09-29 14:00:00,12.6,9.8,83,19,24.1,101.12,Cloudy,9,11.6,
2012-09-29 15:00:00,11.6,10.1,91,20,19.3,101.11,Drizzle,9,11.7,
2012-09-29 16:00:00,11.7,9.8,88,26,24.1,101.11,Cloudy,9,11.1,
2012-09-29 17:00:00,11.1,10.4,95,22,9.7,101.12,Drizzle,9,10.8,
2012-09-29 18:00:00,10.8,9.8,94,20,16.1,101.12,Drizzle,9,10.5,
2012-09-29 19:00:00,10.5,10.2,98,19,6.4,101.15,"Drizzle,Fog",9,10.5,
2012-09-29 20:00:00,10.5,9.9,96,24,8.0,101.13,"Drizzle,Fog",9,10.7,
2012-09-29 21:00:00,10.7,9.8,94,22,9.7,101.11,"Drizzle,Fog",9,10.6,
2012-09-29 22:00:00,10.6,9.9,95,20,9.7,101.08,"Drizzle,Fog",9,10.8,
2012-09-29 23:00:00,10.8,9.7,93,17,12.9,101.06,Drizzle,9,10.8,
2012-09-30 00:00:00,10.8,9.4,91,13,8.0,101.03,"Drizzle,Fog",9,10.7,
2012-09-30 01:00:00,10.7,9.6,93,15,8.0,101.02,"Drizzle,Fog",9,10.3,
2012-09-30 02:00:00,10.3,9.8,97,20,6.4,100.97,"Drizzle,Fog",9,10.4,
2012-09-30 03:00:00,10.4,9.6,95,17,12.9,100.92,Drizzle,9,10.8,
2012-09-30 04:00:00,10.8,9.5,92,17,12.9,100.96,Cloudy,9,10.9,
2012-09-30 05:00:00,10.9,9.6,92,15,16.1,100.92,Cloudy,9,11.0,
2012-09-30 06:00:00,11.0,9.6,91,13,19.3,100.9,Cloudy,9,11.2,
2012-09-30 07:00:00,11.2,9.9,92,15,19.3,100.88,Cloudy,9,11.4,
2012-09-30 08:00:00,11.4,9.9,90,19,19.3,100.9,Cloudy,9,11.7,
2012-09-30 09:00:00,11.7,9.9,89,20,19.3,100.84,Cloudy,9,11.9,
2012-09-30 10:00:00,11.9,10.1,89,17,19.3,100.79,Cloudy,9,12.2,
2012-09-30 11:00:00,12.2,10.2,88,19,12.9,100.72,Cloudy,9,11.8,
2012-09-30 12:00:00,11.8,11.1,95,17,9.7,100.65,"Drizzle,Fog",9,11.4,
2012-09-30 13:00:00,11.4,11.0,97,13,6.4,100.54,"Drizzle,Fog",9,11.5,
2012-09-30 14:00:00,11.5,11.1,97,19,8.0,100.46,"Rain,Fog",9,11.6,
2012-09-30 15:00:00,11.6,10.9,95,20,6.4,100.36,"Rain,Fog",9,11.7,
2012-09-30 16:00:00,11.7,11.2,97,13,8.0,100.28,"Rain,Fog",9,11.7,
2012-09-30 17:00:00,11.7,11.2,97,11,8.0,100.21,"Rain,Fog",9,11.6,
2012-09-30 18:00:00,11.6,11.5,99,4,9.7,100.15,"Rain,Fog",9,11.5,
2012-09-30 19:00:00,11.5,11.4,99,9,9.7,100.09,"Rain,Fog",9,11.6,
2012-09-30 20:00:00,11.6,11.6,100,9,8.0,100.0,"Rain,Fog",9,11.6,
2012-09-30 21:00:00,11.6,11.5,99,11,9.7,99.9,"Rain,Fog",9,11.6,
2012-09-30 22:00:00,11.6,11.2,97,13,16.1,99.79,Rain,9,11.5,
2012-09-30 23:00:00,11.5,11.2,98,15,6.4,99.72,"Rain,Fog",9,11.5,
2012-10-01 00:00:00,11.5,11.1,97,15,19.3,99.62,Rain,10,11.4,
2012-10-01 01:00:00,11.4,11.1,98,17,6.4,99.56,"Rain,Fog",10,11.3,
2012-10-01 02:00:00,11.3,11.2,99,15,6.4,99.5,"Rain,Fog",10,11.2,
2012-10-01 03:00:00,11.2,11.0,99,17,8.0,99.44,"Rain,Fog",10,11.3,
2012-10-01 04:00:00,11.3,11.1,99,15,6.4,99.44,"Rain,Fog",10,11.3,
2012-10-01 05:00:00,11.3,11.1,99,15,8.0,99.47,"Rain,Fog",10,11.7,
2012-10-01 06:00:00,11.7,11.0,95,15,19.3,99.51,Cloudy,10,12.1,
2012-10-01 07:00:00,12.1,11.2,94,17,19.3,99.6,Rain,10,12.6,
2012-10-01 08:00:00,12.6,11.8,95,17,24.1,99.7,Cloudy,10,14.0,
2012-10-01 09:00:00,14.0,12.3,89,19,24.1,99.8,Mostly Cloudy,10,14.9,
2012-10-01 10:00:00,14.9,12.0,83,20,24.1,99.88,Cloudy,10,14.8,
2012-10-01 11:00:00,14.8,11.9,83,26,24.1,99.96,Cloudy,10,14.8,
2012-10-01 12:00:00,14.8,11.3,80,17,24.1,100.06,Cloudy,10,14.9,
2012-10-01 13:00:00,14.9,11.5,80,19,24.1,100.14,Cloudy,10,15.3,
2012-10-01 14:00:00,15.3,11.4,78,24,24.1,100.2,Cloudy,10,15.2,
2012-10-01 15:00:00,15.2,11.5,79,26,24.1,100.27,Cloudy,10,15.0,
2012-10-01 16:00:00,15.0,11.5,80,19,24.1,100.35,Cloudy,10,14.9,
2012-10-01 17:00:00,14.9,11.4,80,17,48.3,100.45,Mostly Cloudy,10,14.6,
2012-10-01 18:00:00,14.6,11.6,82,6,25.0,100.51,Cloudy,10,14.6,
2012-10-01 19:00:00,14.6,11.7,83,9,25.0,100.57,Mostly Cloudy,10,13.8,
2012-10-01 20:00:00,13.8,11.7,87,9,25.0,100.61,Mostly Cloudy,10,13.8,
2012-10-01 21:00:00,13.8,12.0,89,6,25.0,100.65,Mostly Cloudy,10,13.1,
2012-10-01 22:00:00,13.1,12.7,97,6,25.0,100.66,Mostly Cloudy,10,14.2,
2012-10-01 23:00:00,14.2,12.9,92,22,25.0,100.75,Mostly Cloudy,10,13.5,
2012-10-02 00:00:00,13.5,12.7,95,9,25.0,100.74,Mostly Cloudy,10,12.8,
2012-10-02 01:00:00,12.8,12.6,99,9,25.0,100.76,Mostly Cloudy,10,12.4,
2012-10-02 02:00:00,12.4,12.3,99,7,19.3,100.77,Mostly Cloudy,10,12.1,
2012-10-02 03:00:00,12.1,11.8,98,7,19.3,100.82,Mainly Clear,10,12.0,
2012-10-02 04:00:00,12.0,11.9,99,6,19.3,100.85,Clear,10,11.1,
2012-10-02 05:00:00,11.1,11.0,99,6,16.1,100.92,Mainly Clear,10,11.2,
2012-10-02 06:00:00,11.2,11.2,100,0,48.3,100.96,Mostly Cloudy,10,11.9,
2012-10-02 07:00:00,11.9,11.8,99,4,24.1,101.04,Mostly Cloudy,10,13.0,
2012-10-02 08:00:00,13.0,12.4,96,9,24.1,101.08,Mostly Cloudy,10,14.3,
2012-10-02 09:00:00,14.3,13.1,92,6,24.1,101.08,Cloudy,10,15.2,
2012-10-02 10:00:00,15.2,13.3,88,9,24.1,101.09,Cloudy,10,16.6,
2012-10-02 11:00:00,16.6,13.9,84,7,24.1,101.08,Mostly Cloudy,10,18.2,
2012-10-02 12:00:00,18.2,13.6,75,13,24.1,101.1,Mostly Cloudy,10,18.2,
2012-10-02 13:00:00,18.2,12.9,71,9,24.1,101.03,Cloudy,10,18.7,
2012-10-02 14:00:00,18.7,12.4,67,11,24.1,101.03,Mostly Cloudy,10,18.8,
2012-10-02 15:00:00,18.8,11.5,63,9,24.1,101.08,Mostly Cloudy,10,18.7,
2012-10-02 16:00:00,18.7,12.6,68,6,24.1,101.06,Mostly Cloudy,10,17.9,
2012-10-02 17:00:00,17.9,13.9,77,9,24.1,101.1,Mostly Cloudy,10,16.6,
2012-10-02 18:00:00,16.6,13.3,81,9,24.1,101.16,Mainly Clear,10,15.0,
2012-10-02 19:00:00,15.0,13.3,90,11,25.0,101.18,Mainly Clear,10,14.6,
2012-10-02 20:00:00,14.6,13.0,90,9,25.0,101.22,Mainly Clear,10,14.0,
2012-10-02 21:00:00,14.0,12.8,92,6,25.0,101.27,Mainly Clear,10,14.2,
2012-10-02 22:00:00,14.2,12.9,92,4,25.0,101.28,Clear,10,11.4,
2012-10-02 23:00:00,11.4,10.9,97,4,25.0,101.31,Clear,10,11.9,
2012-10-03 00:00:00,11.9,11.7,99,4,25.0,101.3,Clear,10,11.3,
2012-10-03 01:00:00,11.3,11.0,98,4,25.0,101.33,Clear,10,11.3,
2012-10-03 02:00:00,11.3,11.2,99,7,25.0,101.32,Clear,10,11.6,
2012-10-03 03:00:00,11.6,11.4,99,7,25.0,101.33,Clear,10,11.5,
2012-10-03 04:00:00,11.5,11.2,98,7,25.0,101.37,Clear,10,11.0,
2012-10-03 05:00:00,11.0,11.0,100,11,3.2,101.38,Fog,10,11.5,
2012-10-03 06:00:00,11.5,11.5,100,11,0.6,101.42,Fog,10,11.7,
2012-10-03 07:00:00,11.7,11.7,100,13,0.6,101.49,Fog,10,11.4,
2012-10-03 08:00:00,11.4,11.4,100,15,1.6,101.54,Fog,10,12.7,
2012-10-03 09:00:00,12.7,12.6,99,19,4.8,101.53,Fog,10,14.8,
2012-10-03 10:00:00,14.8,13.5,92,19,9.7,101.5,Fog,10,15.8,
2012-10-03 11:00:00,15.8,13.7,87,19,12.9,101.48,Cloudy,10,16.9,
2012-10-03 12:00:00,16.9,13.2,79,19,24.1,101.42,Mostly Cloudy,10,17.5,
2012-10-03 13:00:00,17.5,13.5,77,13,19.3,101.4,Mostly Cloudy,10,18.7,
2012-10-03 14:00:00,18.7,13.6,72,13,19.3,101.4,Cloudy,10,19.3,
2012-10-03 15:00:00,19.3,13.9,71,13,24.1,101.4,Cloudy,10,19.2,
2012-10-03 16:00:00,19.2,14.2,73,11,24.1,101.42,Cloudy,10,19.2,
2012-10-03 17:00:00,19.2,13.9,71,11,24.1,101.45,Cloudy,10,18.9,
2012-10-03 18:00:00,18.9,13.9,73,11,25.0,101.47,Cloudy,10,19.0,
2012-10-03 19:00:00,19.0,13.9,72,7,25.0,101.51,Cloudy,10,18.6,
2012-10-03 20:00:00,18.6,14.3,76,9,25.0,101.51,Cloudy,10,18.6,
2012-10-03 21:00:00,18.6,14.4,77,11,25.0,101.53,Cloudy,10,18.3,
2012-10-03 22:00:00,18.3,14.7,80,7,25.0,101.56,Cloudy,10,18.0,
2012-10-03 23:00:00,18.0,14.9,82,7,25.0,101.57,Cloudy,10,17.0,
2012-10-04 00:00:00,17.0,15.1,89,11,16.1,101.55,Cloudy,10,16.1,
2012-10-04 01:00:00,16.1,14.7,91,11,16.1,101.55,Cloudy,10,14.7,
2012-10-04 02:00:00,14.7,14.1,96,11,6.4,101.56,Drizzle,10,12.6,
2012-10-04 03:00:00,12.6,11.8,95,13,9.7,101.55,"Drizzle,Fog",10,11.7,
2012-10-04 04:00:00,11.7,11.5,99,15,19.3,101.55,Cloudy,10,11.5,
2012-10-04 05:00:00,11.5,11.0,97,9,16.1,101.59,Cloudy,10,11.3,
2012-10-04 06:00:00,11.3,10.8,97,9,6.4,101.58,Fog,10,11.4,
2012-10-04 07:00:00,11.4,11.1,98,13,4.0,101.58,"Drizzle,Fog",10,12.0,
2012-10-04 08:00:00,12.0,11.8,99,7,4.0,101.57,Fog,10,12.1,
2012-10-04 09:00:00,12.1,12.0,99,11,2.8,101.54,"Drizzle,Fog",10,12.6,
2012-10-04 10:00:00,12.6,12.5,99,9,4.8,101.47,"Drizzle,Fog",10,13.3,
2012-10-04 11:00:00,13.3,12.8,97,6,6.4,101.47,Fog,10,13.6,
2012-10-04 12:00:00,13.6,13.0,96,0,6.4,101.42,"Drizzle,Fog",10,14.4,
2012-10-04 13:00:00,14.4,13.2,92,0,6.4,101.38,"Drizzle,Fog",10,15.6,
2012-10-04 14:00:00,15.6,14.3,92,4,8.0,101.3,"Rain,Fog",10,15.9,
2012-10-04 15:00:00,15.9,14.7,93,4,9.7,101.24,Fog,10,16.0,
2012-10-04 16:00:00,16.0,15.5,97,4,9.7,101.18,Fog,10,15.8,
2012-10-04 17:00:00,15.8,15.3,97,4,9.7,101.13,Fog,10,14.6,
2012-10-04 18:00:00,14.6,14.5,99,0,9.7,101.12,Fog,10,14.8,
2012-10-04 19:00:00,14.8,14.6,99,6,9.7,101.1,Fog,10,14.1,
2012-10-04 20:00:00,14.1,14.1,100,4,9.7,101.1,Fog,10,14.4,
2012-10-04 21:00:00,14.4,13.7,96,6,9.7,101.07,Fog,10,15.3,
2012-10-04 22:00:00,15.3,13.8,91,13,12.9,101.01,Mainly Clear,10,16.6,
2012-10-04 23:00:00,16.6,13.7,83,13,9.7,100.97,"Rain,Fog",10,15.8,
2012-10-05 00:00:00,15.8,12.7,82,11,12.9,100.94,Mainly Clear,10,15.3,
2012-10-05 01:00:00,15.3,12.6,84,15,12.9,100.94,Mainly Clear,10,15.7,
2012-10-05 02:00:00,15.7,12.7,82,17,16.1,100.92,Clear,10,14.7,
2012-10-05 03:00:00,14.7,12.6,87,17,19.3,100.94,Clear,10,14.4,
2012-10-05 04:00:00,14.4,12.6,89,13,19.3,100.96,Clear,10,13.8,
2012-10-05 05:00:00,13.8,12.6,92,17,19.3,100.96,Clear,10,13.7,
2012-10-05 06:00:00,13.7,12.9,95,4,16.1,100.93,Mainly Clear,10,15.3,
2012-10-05 07:00:00,15.3,14.0,92,6,24.1,100.92,Mainly Clear,10,16.8,
2012-10-05 08:00:00,16.8,14.3,85,9,24.1,100.92,Mostly Cloudy,10,17.3,
2012-10-05 09:00:00,17.3,13.6,79,13,24.1,100.84,Mostly Cloudy,10,18.9,
2012-10-05 10:00:00,18.9,14.4,75,11,24.1,100.87,Rain Showers,10,17.5,
2012-10-05 11:00:00,17.5,14.3,81,22,24.1,100.85,Cloudy,10,18.5,
2012-10-05 12:00:00,18.5,15.3,82,19,24.1,100.74,Cloudy,10,19.2,
2012-10-05 13:00:00,19.2,14.9,76,20,24.1,100.69,Cloudy,10,20.2,
2012-10-05 14:00:00,20.2,15.6,75,19,24.1,100.6,Mostly Cloudy,10,20.7,
2012-10-05 15:00:00,20.7,15.4,72,26,24.1,100.57,Cloudy,10,20.3,
2012-10-05 16:00:00,20.3,15.4,73,28,24.1,100.55,Cloudy,10,19.7,
2012-10-05 17:00:00,19.7,14.8,73,26,24.1,100.55,Cloudy,10,19.0,
2012-10-05 18:00:00,19.0,14.8,77,24,25.0,100.53,Cloudy,10,18.7,
2012-10-05 19:00:00,18.7,14.2,75,32,25.0,100.53,Cloudy,10,18.1,
2012-10-05 20:00:00,18.1,14.0,77,24,25.0,100.55,Cloudy,10,17.8,
2012-10-05 21:00:00,17.8,13.8,77,22,25.0,100.56,Cloudy,10,17.4,
2012-10-05 22:00:00,17.4,12.1,71,19,25.0,100.54,Cloudy,10,17.0,
2012-10-05 23:00:00,17.0,10.9,67,17,25.0,100.53,Cloudy,10,16.8,
2012-10-06 00:00:00,16.8,11.2,70,13,25.0,100.51,Cloudy,10,16.1,
2012-10-06 01:00:00,16.1,10.9,71,17,25.0,100.5,Cloudy,10,15.4,
2012-10-06 02:00:00,15.4,9.6,68,11,25.0,100.44,Rain Showers,10,14.6,
2012-10-06 03:00:00,14.6,10.1,74,11,25.0,100.39,Rain Showers,10,11.0,
2012-10-06 04:00:00,11.0,9.7,92,13,16.1,100.35,Rain,10,9.4,
2012-10-06 05:00:00,9.4,8.8,96,15,16.1,100.32,Rain,10,9.1,
2012-10-06 06:00:00,9.1,8.7,97,6,16.1,100.35,Rain,10,8.6,
2012-10-06 07:00:00,8.6,8.4,99,11,8.0,100.35,"Rain,Fog",10,8.8,
2012-10-06 08:00:00,8.8,8.4,97,7,19.3,100.36,Rain,10,9.5,
2012-10-06 09:00:00,9.5,8.6,94,7,24.1,100.33,Rain,10,9.7,
2012-10-06 10:00:00,9.7,8.7,93,13,24.1,100.32,Rain,10,9.6,
2012-10-06 11:00:00,9.6,8.4,92,13,24.1,100.35,Rain,10,10.9,
2012-10-06 12:00:00,10.9,9.3,90,17,24.1,100.32,Mostly Cloudy,10,11.8,
2012-10-06 13:00:00,11.8,9.0,83,20,24.1,100.3,Cloudy,10,13.8,
2012-10-06 14:00:00,13.8,8.9,72,17,24.1,100.28,Mostly Cloudy,10,14.4,
2012-10-06 15:00:00,14.4,8.8,69,28,48.3,100.25,Mainly Clear,10,14.6,
2012-10-06 16:00:00,14.6,7.7,63,28,48.3,100.26,Mainly Clear,10,12.0,
2012-10-06 17:00:00,12.0,7.9,76,9,48.3,100.32,Mostly Cloudy,10,9.7,
2012-10-06 18:00:00,9.7,7.2,84,19,25.0,100.43,Mostly Cloudy,10,10.2,
2012-10-06 19:00:00,10.2,5.9,75,26,25.0,100.52,Mostly Cloudy,10,9.8,
2012-10-06 20:00:00,9.8,5.5,75,17,25.0,100.58,Mainly Clear,10,9.7,
2012-10-06 21:00:00,9.7,5.2,74,19,25.0,100.66,Mainly Clear,10,9.2,
2012-10-06 22:00:00,9.2,4.4,72,26,25.0,100.75,Mainly Clear,10,8.7,
2012-10-06 23:00:00,8.7,4.0,72,22,25.0,100.79,Mainly Clear,10,8.8,
2012-10-07 00:00:00,8.8,4.2,73,28,25.0,100.82,Mostly Cloudy,10,8.4,
2012-10-07 01:00:00,8.4,4.4,76,17,25.0,100.9,Mainly Clear,10,7.0,
2012-10-07 02:00:00,7.0,4.2,82,15,25.0,100.93,Mainly Clear,10,6.5,
2012-10-07 03:00:00,6.5,3.9,83,11,25.0,101.01,Mainly Clear,10,5.3,
2012-10-07 04:00:00,5.3,3.7,89,13,25.0,101.09,Clear,10,5.7,
2012-10-07 05:00:00,5.7,3.8,88,7,25.0,101.19,Mostly Cloudy,10,5.9,
2012-10-07 06:00:00,5.9,3.7,86,11,24.1,101.25,Mostly Cloudy,10,6.0,
2012-10-07 07:00:00,6.0,3.7,85,13,24.1,101.31,Mostly Cloudy,10,5.9,
2012-10-07 08:00:00,5.9,3.3,83,9,24.1,101.29,Mainly Clear,10,6.9,
2012-10-07 09:00:00,6.9,2.5,74,9,48.3,101.3,Mostly Cloudy,10,8.5,
2012-10-07 10:00:00,8.5,3.1,69,22,48.3,101.3,Mostly Cloudy,10,9.0,
2012-10-07 11:00:00,9.0,1.5,59,15,48.3,101.33,Mainly Clear,10,9.2,
2012-10-07 12:00:00,9.2,0.6,55,22,48.3,101.36,Mostly Cloudy,10,9.3,
2012-10-07 13:00:00,9.3,-0.5,50,20,48.3,101.32,Mostly Cloudy,10,10.2,
2012-10-07 14:00:00,10.2,-0.6,47,17,48.3,101.25,Mainly Clear,10,10.5,
2012-10-07 15:00:00,10.5,0.3,49,11,48.3,101.24,Mainly Clear,10,9.2,
2012-10-07 16:00:00,9.2,-0.2,52,11,48.3,101.23,Cloudy,10,8.6,
2012-10-07 17:00:00,8.6,-1.2,50,13,48.3,101.26,Cloudy,10,7.3,
2012-10-07 18:00:00,7.3,-0.1,59,9,25.0,101.27,Cloudy,10,7.3,
2012-10-07 19:00:00,7.3,0.9,64,6,25.0,101.3,Cloudy,10,7.4,
2012-10-07 20:00:00,7.4,0.4,61,6,25.0,101.33,Cloudy,10,7.3,
2012-10-07 21:00:00,7.3,0.6,62,7,25.0,101.34,Cloudy,10,7.5,
2012-10-07 22:00:00,7.5,0.4,61,0,25.0,101.38,Cloudy,10,6.5,
2012-10-07 23:00:00,6.5,1.4,70,15,25.0,101.44,Rain Showers,10,6.4,
2012-10-08 00:00:00,6.4,2.9,78,9,25.0,101.49,Rain Showers,10,6.2,
2012-10-08 01:00:00,6.2,2.9,79,7,25.0,101.52,Rain Showers,10,5.4,
2012-10-08 02:00:00,5.4,3.0,84,6,25.0,101.5,Mostly Cloudy,10,5.1,
2012-10-08 03:00:00,5.1,2.9,86,0,25.0,101.52,Clear,10,3.6,
2012-10-08 04:00:00,3.6,2.4,92,6,25.0,101.58,Clear,10,2.8,
2012-10-08 05:00:00,2.8,2.6,99,0,25.0,101.62,Clear,10,2.4,
2012-10-08 06:00:00,2.4,1.9,96,9,24.1,101.73,Mainly Clear,10,2.5,
2012-10-08 07:00:00,2.5,1.3,92,6,48.3,101.83,Mainly Clear,10,5.4,
2012-10-08 08:00:00,5.4,1.1,74,7,48.3,101.92,Mainly Clear,10,6.6,
2012-10-08 09:00:00,6.6,0.5,65,4,48.3,101.94,Clear,10,8.6,
2012-10-08 10:00:00,8.6,-1.7,48,7,48.3,101.97,Mainly Clear,10,10.0,
2012-10-08 11:00:00,10.0,-1.0,46,9,48.3,101.95,Mainly Clear,10,10.7,
2012-10-08 12:00:00,10.7,-2.0,41,13,48.3,101.95,Mainly Clear,10,11.1,
2012-10-08 13:00:00,11.1,-1.3,42,13,48.3,101.93,Mainly Clear,10,11.6,
2012-10-08 14:00:00,11.6,-1.5,40,19,48.3,101.91,Mainly Clear,10,11.9,
2012-10-08 15:00:00,11.9,0.3,45,9,48.3,101.89,Mostly Cloudy,10,12.0,
2012-10-08 16:00:00,12.0,-0.1,43,13,48.3,101.9,Mostly Cloudy,10,11.5,
2012-10-08 17:00:00,11.5,-1.0,42,9,48.3,101.94,Cloudy,10,10.6,
2012-10-08 18:00:00,10.6,-0.7,45,7,25.0,101.98,Mostly Cloudy,10,9.7,
2012-10-08 19:00:00,9.7,1.5,57,15,25.0,102.03,Mainly Clear,10,8.1,
2012-10-08 20:00:00,8.1,2.2,66,7,25.0,102.05,Mainly Clear,10,7.3,
2012-10-08 21:00:00,7.3,2.7,73,9,25.0,102.08,Mainly Clear,10,8.0,
2012-10-08 22:00:00,8.0,2.0,66,4,25.0,102.08,Clear,10,7.4,
2012-10-08 23:00:00,7.4,1.9,68,7,25.0,102.06,Clear,10,5.8,
2012-10-09 00:00:00,5.8,2.6,80,6,25.0,102.06,Clear,10,5.8,
2012-10-09 01:00:00,5.8,3.3,84,4,25.0,102.08,Clear,10,5.9,
2012-10-09 02:00:00,5.9,3.4,84,6,25.0,102.06,Clear,10,5.9,
2012-10-09 03:00:00,5.9,3.2,83,4,25.0,102.02,Clear,10,4.3,
2012-10-09 04:00:00,4.3,2.7,89,7,25.0,102.04,Clear,10,5.1,
2012-10-09 05:00:00,5.1,3.2,88,4,25.0,102.08,Mainly Clear,10,5.4,
2012-10-09 06:00:00,5.4,3.7,89,7,48.3,102.09,Mainly Clear,10,6.7,
2012-10-09 07:00:00,6.7,5.3,91,9,48.3,102.09,Mainly Clear,10,8.4,
2012-10-09 08:00:00,8.4,6.0,85,15,48.3,102.08,Clear,10,10.3,
2012-10-09 09:00:00,10.3,6.4,77,15,48.3,102.06,Clear,10,12.5,
2012-10-09 10:00:00,12.5,6.0,65,17,48.3,102.0,Clear,10,13.5,
2012-10-09 11:00:00,13.5,4.7,55,6,48.3,101.93,Mainly Clear,10,14.4,
2012-10-09 12:00:00,14.4,4.4,51,7,48.3,101.84,Mainly Clear,10,15.0,
2012-10-09 13:00:00,15.0,4.4,49,7,48.3,101.71,Mostly Cloudy,10,14.9,
2012-10-09 14:00:00,14.9,3.2,45,11,48.3,101.66,Mostly Cloudy,10,15.0,
2012-10-09 15:00:00,15.0,4.6,50,13,48.3,101.59,Mostly Cloudy,10,14.5,
2012-10-09 16:00:00,14.5,4.0,49,13,48.3,101.57,Mostly Cloudy,10,13.6,
2012-10-09 17:00:00,13.6,4.8,55,22,48.3,101.5,Mostly Cloudy,10,13.2,
2012-10-09 18:00:00,13.2,4.8,57,20,25.0,101.44,Mostly Cloudy,10,12.8,
2012-10-09 19:00:00,12.8,4.5,57,19,25.0,101.45,Mostly Cloudy,10,11.9,
2012-10-09 20:00:00,11.9,4.6,61,19,25.0,101.4,Mainly Clear,10,11.4,
2012-10-09 21:00:00,11.4,4.5,62,19,25.0,101.36,Mainly Clear,10,10.6,
2012-10-09 22:00:00,10.6,7.4,81,17,25.0,101.32,Mainly Clear,10,10.4,
2012-10-09 23:00:00,10.4,7.4,82,19,25.0,101.26,Mainly Clear,10,10.0,
2012-10-10 00:00:00,10.0,7.4,84,15,25.0,101.22,Mainly Clear,10,10.3,
2012-10-10 01:00:00,10.3,7.8,84,11,25.0,101.18,Mostly Cloudy,10,11.0,
2012-10-10 02:00:00,11.0,7.8,81,15,25.0,101.09,Mostly Cloudy,10,11.3,
2012-10-10 03:00:00,11.3,7.9,80,13,25.0,101.01,Mostly Cloudy,10,11.3,
2012-10-10 04:00:00,11.3,8.1,81,30,25.0,100.94,Mostly Cloudy,10,11.2,
2012-10-10 05:00:00,11.2,8.3,82,20,25.0,100.9,Mostly Cloudy,10,11.5,
2012-10-10 06:00:00,11.5,8.4,81,37,24.1,100.85,Mostly Cloudy,10,11.6,
2012-10-10 07:00:00,11.6,8.8,83,39,24.1,100.8,Cloudy,10,12.0,
2012-10-10 08:00:00,12.0,8.8,81,32,24.1,100.73,Cloudy,10,12.5,
2012-10-10 09:00:00,12.5,8.9,79,32,24.1,100.64,Cloudy,10,13.5,
2012-10-10 10:00:00,13.5,9.0,74,33,24.1,100.53,Cloudy,10,12.2,
2012-10-10 11:00:00,12.2,10.6,90,13,12.9,100.43,Rain,10,13.3,
2012-10-10 12:00:00,13.3,9.9,80,20,19.3,100.33,Cloudy,10,12.5,
2012-10-10 13:00:00,12.5,10.8,89,19,4.0,100.24,Rain,10,12.8,
2012-10-10 14:00:00,12.8,11.8,94,19,48.3,100.07,Cloudy,10,13.2,
2012-10-10 15:00:00,13.2,11.2,88,15,48.3,100.01,Cloudy,10,13.7,
2012-10-10 16:00:00,13.7,10.4,80,26,16.1,100.02,Rain,10,11.5,
2012-10-10 17:00:00,11.5,7.7,77,33,24.1,100.13,Rain,10,8.9,
2012-10-10 18:00:00,8.9,7.1,88,19,25.0,100.25,Mostly Cloudy,10,7.8,
2012-10-10 19:00:00,7.8,6.1,89,17,25.0,100.31,Mostly Cloudy,10,7.4,
2012-10-10 20:00:00,7.4,5.9,90,15,25.0,100.34,Mostly Cloudy,10,7.9,
2012-10-10 21:00:00,7.9,5.9,87,19,25.0,100.37,Mostly Cloudy,10,7.7,
2012-10-10 22:00:00,7.7,5.7,87,11,25.0,100.4,Mostly Cloudy,10,6.7,
2012-10-10 23:00:00,6.7,4.9,88,9,25.0,100.37,Mainly Clear,10,7.2,
2012-10-11 00:00:00,7.2,4.4,82,17,25.0,100.4,Mostly Cloudy,10,6.7,
2012-10-11 01:00:00,6.7,3.8,82,20,25.0,100.42,Mostly Cloudy,10,6.6,
2012-10-11 02:00:00,6.6,3.8,82,32,25.0,100.45,Mostly Cloudy,10,6.6,
2012-10-11 03:00:00,6.6,3.9,83,24,25.0,100.51,Mostly Cloudy,10,6.0,
2012-10-11 04:00:00,6.0,3.2,82,26,25.0,100.68,Mostly Cloudy,10,5.5,
2012-10-11 05:00:00,5.5,2.5,81,28,25.0,100.84,Mainly Clear,10,5.0,
2012-10-11 06:00:00,5.0,2.4,83,22,24.1,100.95,Mainly Clear,10,4.9,
2012-10-11 07:00:00,4.9,2.3,83,26,24.1,101.05,Mainly Clear,10,6.0,
2012-10-11 08:00:00,6.0,2.3,77,20,24.1,101.14,Mainly Clear,10,6.8,
2012-10-11 09:00:00,6.8,1.2,67,24,24.1,101.2,Mainly Clear,10,7.7,
2012-10-11 10:00:00,7.7,0.2,59,32,48.3,101.19,Mostly Cloudy,10,8.7,
2012-10-11 11:00:00,8.7,1.2,59,24,48.3,101.2,Mostly Cloudy,10,8.0,
2012-10-11 12:00:00,8.0,-0.6,55,30,48.3,101.22,Mostly Cloudy,10,9.2,
2012-10-11 13:00:00,9.2,-1.8,46,30,48.3,101.22,Mostly Cloudy,10,9.7,
2012-10-11 14:00:00,9.7,-1.7,45,26,48.3,101.2,Mostly Cloudy,10,9.8,
2012-10-11 15:00:00,9.8,-2.9,41,30,48.3,101.21,Mostly Cloudy,10,9.8,
2012-10-11 16:00:00,9.8,-2.7,41,28,48.3,101.18,Mostly Cloudy,10,9.1,
2012-10-11 17:00:00,9.1,-2.2,45,19,24.1,101.15,Cloudy,10,9.1,
2012-10-11 18:00:00,9.1,0.9,56,30,25.0,101.19,Rain,10,8.4,
2012-10-11 19:00:00,8.4,2.2,65,37,25.0,101.13,Rain,10,7.0,
2012-10-11 20:00:00,7.0,3.6,79,32,25.0,101.07,Rain,10,6.6,
2012-10-11 21:00:00,6.6,4.2,85,22,25.0,100.93,Rain,10,6.9,
2012-10-11 22:00:00,6.9,3.9,81,22,25.0,100.77,Rain,10,8.2,
2012-10-11 23:00:00,8.2,4.2,76,19,25.0,100.69,Rain,10,7.7,
2012-10-12 00:00:00,7.7,5.3,85,22,25.0,100.74,Rain,10,8.1,
2012-10-12 01:00:00,8.1,5.4,83,24,25.0,100.75,Rain,10,7.9,
2012-10-12 02:00:00,7.9,4.4,79,30,25.0,100.76,Cloudy,10,7.2,
2012-10-12 03:00:00,7.2,1.1,65,33,25.0,100.83,Cloudy,10,5.5,
2012-10-12 04:00:00,5.5,0.6,71,26,25.0,101.0,Cloudy,10,4.4,
2012-10-12 05:00:00,4.4,-0.1,73,24,25.0,101.14,Mostly Cloudy,10,3.6,
2012-10-12 06:00:00,3.6,-0.4,75,24,24.1,101.3,Mainly Clear,10,3.7,
2012-10-12 07:00:00,3.7,-0.4,75,17,24.1,101.45,Mainly Clear,10,4.8,
2012-10-12 08:00:00,4.8,-0.7,68,17,24.1,101.57,Mainly Clear,10,5.4,
2012-10-12 09:00:00,5.4,-1.7,60,19,24.1,101.68,Mostly Cloudy,10,5.4,
2012-10-12 10:00:00,5.4,-2.4,57,20,24.1,101.74,Mostly Cloudy,10,6.2,
2012-10-12 11:00:00,6.2,-3.4,50,22,24.1,101.76,Mostly Cloudy,10,5.6,
2012-10-12 12:00:00,5.6,-5.1,46,30,24.1,101.83,Mostly Cloudy,10,6.2,
2012-10-12 13:00:00,6.2,-5.5,43,26,24.1,101.87,Mostly Cloudy,10,6.2,
2012-10-12 14:00:00,6.2,-5.1,44,22,24.1,101.93,Mostly Cloudy,10,6.4,
2012-10-12 15:00:00,6.4,-5.4,43,20,24.1,101.98,Mostly Cloudy,10,5.2,
2012-10-12 16:00:00,5.2,-5.3,47,19,24.1,102.07,Mostly Cloudy,10,4.7,
2012-10-12 17:00:00,4.7,-5.1,49,22,24.1,102.13,Mainly Clear,10,4.0,
2012-10-12 18:00:00,4.0,-4.5,54,15,25.0,102.21,Clear,10,2.5,
2012-10-12 19:00:00,2.5,-3.9,63,13,25.0,102.28,Clear,10,1.2,
2012-10-12 20:00:00,1.2,-3.6,70,9,25.0,102.35,Clear,10,0.7,
2012-10-12 21:00:00,0.7,-4.0,71,7,25.0,102.41,Clear,10,0.0,
2012-10-12 22:00:00,0.0,-4.7,71,9,25.0,102.47,Clear,10,-0.2,
2012-10-12 23:00:00,-0.2,-4.9,71,9,25.0,102.48,Mainly Clear,10,1.9,
2012-10-13 00:00:00,1.9,-3.8,66,9,25.0,102.49,Mostly Cloudy,10,-0.9,
2012-10-13 01:00:00,-0.9,-3.8,81,7,25.0,102.51,Mostly Cloudy,10,0.1,
2012-10-13 02:00:00,0.1,-3.6,76,4,25.0,102.47,Mostly Cloudy,10,-1.6,
2012-10-13 03:00:00,-1.6,-3.6,86,4,25.0,102.49,Mostly Cloudy,10,-1.9,
2012-10-13 04:00:00,-1.9,-3.8,87,4,25.0,102.52,Mainly Clear,10,-1.9,
2012-10-13 05:00:00,-1.9,-3.9,86,0,25.0,102.53,Clear,10,-1.0,
2012-10-13 06:00:00,-1.0,-3.3,84,0,48.3,102.54,Mostly Cloudy,10,1.0,
2012-10-13 07:00:00,1.0,-2.2,79,6,48.3,102.56,Mostly Cloudy,10,3.4,
2012-10-13 08:00:00,3.4,-1.3,71,11,48.3,102.57,Mainly Clear,10,4.5,
2012-10-13 09:00:00,4.5,1.2,79,17,48.3,102.55,Mainly Clear,10,6.1,
2012-10-13 10:00:00,6.1,-1.1,60,19,48.3,102.52,Mainly Clear,10,7.7,
2012-10-13 11:00:00,7.7,-3.7,44,28,48.3,102.46,Mostly Cloudy,10,9.7,
2012-10-13 12:00:00,9.7,-1.9,44,22,48.3,102.37,Mostly Cloudy,10,8.6,
2012-10-13 13:00:00,8.6,-2.8,45,20,48.3,102.24,Mainly Clear,10,9.8,
2012-10-13 14:00:00,9.8,-3.1,40,19,48.3,102.2,Mostly Cloudy,10,9.4,
2012-10-13 15:00:00,9.4,-2.1,44,19,48.3,102.18,Mostly Cloudy,10,9.5,
2012-10-13 16:00:00,9.5,-2.7,42,17,48.3,102.14,Mostly Cloudy,10,9.1,
2012-10-13 17:00:00,9.1,-2.7,43,13,25.0,102.08,Mostly Cloudy,10,8.8,
2012-10-13 18:00:00,8.8,-2.4,45,7,25.0,102.01,Cloudy,10,8.2,
2012-10-13 19:00:00,8.2,-1.1,52,15,25.0,101.92,Cloudy,10,7.9,
2012-10-13 20:00:00,7.9,-1.4,52,15,25.0,101.85,Cloudy,10,8.3,
2012-10-13 21:00:00,8.3,-1.9,49,9,25.0,101.73,Cloudy,10,8.2,
2012-10-13 22:00:00,8.2,-0.9,53,24,25.0,101.75,Rain Showers,10,5.6,
2012-10-13 23:00:00,5.6,3.0,83,19,9.7,101.77,"Rain,Fog",10,5.4,
2012-10-14 00:00:00,5.4,3.1,85,7,8.0,101.68,"Rain,Fog",10,4.6,
2012-10-14 01:00:00,4.6,3.4,92,20,9.7,101.51,"Rain,Fog",10,4.4,
2012-10-14 02:00:00,4.4,3.2,92,17,11.3,101.35,Rain,10,4.6,
2012-10-14 03:00:00,4.6,3.8,95,17,9.7,101.24,"Rain,Fog",10,4.9,
2012-10-14 04:00:00,4.9,4.3,96,17,8.0,101.16,"Rain,Fog",10,5.4,
2012-10-14 05:00:00,5.4,4.5,94,9,9.7,101.18,"Rain,Fog",10,5.5,
2012-10-14 06:00:00,5.5,4.5,93,11,12.9,101.11,Rain,10,5.9,
2012-10-14 07:00:00,5.9,4.8,93,6,9.7,101.16,Fog,10,6.2,
2012-10-14 08:00:00,6.2,5.4,95,7,4.8,101.13,Fog,10,6.8,
2012-10-14 09:00:00,6.8,5.4,91,7,16.1,101.13,Cloudy,10,7.3,
2012-10-14 10:00:00,7.3,5.7,90,6,16.1,101.14,Drizzle,10,6.7,
2012-10-14 11:00:00,6.7,6.4,98,11,3.2,101.11,"Drizzle,Fog",10,6.7,
2012-10-14 12:00:00,6.7,6.3,97,13,2.4,101.0,"Drizzle,Fog",10,6.6,
2012-10-14 13:00:00,6.6,6.3,98,13,1.6,100.94,"Drizzle,Fog",10,6.6,
2012-10-14 14:00:00,6.6,6.3,98,19,2.0,100.84,"Rain,Fog",10,7.0,
2012-10-14 15:00:00,7.0,6.6,97,15,8.0,100.77,"Rain,Fog",10,7.5,
2012-10-14 16:00:00,7.5,7.1,97,15,3.2,100.68,"Rain,Fog",10,7.7,
2012-10-14 17:00:00,7.7,7.3,97,19,6.4,100.67,"Rain,Fog",10,9.9,
2012-10-14 18:00:00,9.9,9.4,97,11,2.0,100.56,"Rain,Fog",10,9.6,
2012-10-14 19:00:00,9.6,9.1,97,15,9.7,100.48,"Drizzle,Fog",10,10.0,
2012-10-14 20:00:00,10.0,9.3,95,15,9.7,100.31,Fog,10,9.8,
2012-10-14 21:00:00,9.8,9.3,97,11,9.7,100.27,Fog,10,9.4,
2012-10-14 22:00:00,9.4,9.1,98,7,9.7,100.17,Fog,10,8.9,
2012-10-14 23:00:00,8.9,8.6,98,15,6.4,100.13,"Rain,Fog",10,8.8,
2012-10-15 00:00:00,8.8,8.4,97,13,9.7,100.05,"Rain,Fog",10,8.5,
2012-10-15 01:00:00,8.5,8.2,98,9,9.7,100.02,"Rain,Fog",10,8.7,
2012-10-15 02:00:00,8.7,8.4,98,11,9.7,99.88,"Rain,Fog",10,8.8,
2012-10-15 03:00:00,8.8,8.4,97,9,9.7,99.78,"Rain,Fog",10,11.9,
2012-10-15 04:00:00,11.9,10.7,92,4,12.9,99.66,Mostly Cloudy,10,13.5,
2012-10-15 05:00:00,13.5,11.6,88,11,16.1,99.62,Mostly Cloudy,10,13.6,
2012-10-15 06:00:00,13.6,11.5,87,19,24.1,99.56,Cloudy,10,13.8,
2012-10-15 07:00:00,13.8,11.1,84,19,24.1,99.53,Mostly Cloudy,10,14.4,
2012-10-15 08:00:00,14.4,11.3,82,20,24.1,99.53,Cloudy,10,16.4,
2012-10-15 09:00:00,16.4,12.1,76,24,24.1,99.51,Mostly Cloudy,10,16.6,
2012-10-15 10:00:00,16.6,12.7,78,20,24.1,99.5,Cloudy,10,16.6,
2012-10-15 11:00:00,16.6,12.4,76,17,24.1,99.61,Rain Showers,10,16.4,
2012-10-15 12:00:00,16.4,10.6,69,22,24.1,99.63,Mostly Cloudy,10,16.3,
2012-10-15 13:00:00,16.3,10.7,69,28,24.1,99.64,Mostly Cloudy,10,17.8,
2012-10-15 14:00:00,17.8,9.3,57,30,48.3,99.65,Mostly Cloudy,10,16.2,
2012-10-15 15:00:00,16.2,9.0,62,28,24.1,99.7,Mostly Cloudy,10,15.5,
2012-10-15 16:00:00,15.5,8.9,65,30,24.1,99.7,Mostly Cloudy,10,14.7,
2012-10-15 17:00:00,14.7,8.2,65,33,24.1,99.69,Mostly Cloudy,10,13.7,
2012-10-15 18:00:00,13.7,8.7,72,32,25.0,99.7,Mostly Cloudy,10,12.9,
2012-10-15 19:00:00,12.9,8.3,74,30,25.0,99.72,Mostly Cloudy,10,12.6,
2012-10-15 20:00:00,12.6,7.9,73,30,25.0,99.76,Mainly Clear,10,12.1,
2012-10-15 21:00:00,12.1,6.8,70,26,25.0,99.74,Mainly Clear,10,12.1,
2012-10-15 22:00:00,12.1,5.1,62,32,25.0,99.73,Mostly Cloudy,10,11.6,
2012-10-15 23:00:00,11.6,3.5,57,28,25.0,99.75,Mostly Cloudy,10,9.8,
2012-10-16 00:00:00,9.8,3.8,66,28,25.0,99.81,Mainly Clear,10,9.2,
2012-10-16 01:00:00,9.2,3.9,69,24,25.0,99.89,Mostly Cloudy,10,7.6,
2012-10-16 02:00:00,7.6,1.8,67,30,25.0,99.88,Mainly Clear,10,6.7,
2012-10-16 03:00:00,6.7,2.6,75,19,25.0,99.88,Mostly Cloudy,10,6.6,
2012-10-16 04:00:00,6.6,3.0,78,22,25.0,99.94,Cloudy,10,5.9,
2012-10-16 05:00:00,5.9,2.9,81,19,25.0,99.99,Cloudy,10,5.2,
2012-10-16 06:00:00,5.2,1.0,74,28,24.1,100.05,Mostly Cloudy,10,4.8,
2012-10-16 07:00:00,4.8,0.8,75,15,24.1,100.18,Mostly Cloudy,10,5.6,
2012-10-16 08:00:00,5.6,0.7,71,22,24.1,100.24,Mainly Clear,10,6.0,
2012-10-16 09:00:00,6.0,1.3,72,19,24.1,100.27,Mostly Cloudy,10,7.6,
2012-10-16 10:00:00,7.6,1.6,66,26,24.1,100.3,Mostly Cloudy,10,7.7,
2012-10-16 11:00:00,7.7,1.4,64,22,24.1,100.34,Mostly Cloudy,10,7.8,
2012-10-16 12:00:00,7.8,1.6,65,28,24.1,100.35,Cloudy,10,8.2,
2012-10-16 13:00:00,8.2,1.2,61,24,24.1,100.38,Mostly Cloudy,10,8.6,
2012-10-16 14:00:00,8.6,0.7,58,30,24.1,100.37,Mostly Cloudy,10,8.4,
2012-10-16 15:00:00,8.4,0.7,58,32,24.1,100.39,Mostly Cloudy,10,8.4,
2012-10-16 16:00:00,8.4,0.0,55,28,24.1,100.43,Mostly Cloudy,10,7.3,
2012-10-16 17:00:00,7.3,-0.5,58,20,24.1,100.47,Mainly Clear,10,6.5,
2012-10-16 18:00:00,6.5,-0.2,62,15,25.0,100.54,Mainly Clear,10,4.9,
2012-10-16 19:00:00,4.9,-0.2,70,9,25.0,100.57,Mainly Clear,10,3.7,
2012-10-16 20:00:00,3.7,-0.3,75,7,25.0,100.63,Clear,10,3.0,
2012-10-16 21:00:00,3.0,-0.5,78,11,25.0,100.66,Clear,10,4.1,
2012-10-16 22:00:00,4.1,-0.4,72,7,25.0,100.73,Clear,10,1.6,
2012-10-16 23:00:00,1.6,-0.5,86,7,25.0,100.75,Clear,10,3.8,
2012-10-17 00:00:00,3.8,0.5,79,11,25.0,100.8,Clear,10,2.8,
2012-10-17 01:00:00,2.8,0.6,85,9,25.0,100.86,Clear,10,1.1,
2012-10-17 02:00:00,1.1,-1.2,85,7,25.0,100.91,Clear,10,1.8,
2012-10-17 03:00:00,1.8,-0.9,82,6,25.0,100.92,Mostly Cloudy,10,2.2,
2012-10-17 04:00:00,2.2,-0.2,84,7,25.0,100.96,Mostly Cloudy,10,2.6,
2012-10-17 05:00:00,2.6,0.2,84,0,25.0,100.95,Mostly Cloudy,10,2.7,
2012-10-17 06:00:00,2.7,0.4,85,0,24.1,100.98,Mainly Clear,10,3.3,
2012-10-17 07:00:00,3.3,0.7,83,0,24.1,101.02,Clear,10,6.3,
2012-10-17 08:00:00,6.3,2.0,74,0,24.1,101.06,Mainly Clear,10,7.1,
2012-10-17 09:00:00,7.1,4.1,81,6,24.1,101.08,Mainly Clear,10,9.1,
2012-10-17 10:00:00,9.1,1.3,58,6,24.1,101.08,Mainly Clear,10,10.1,
2012-10-17 11:00:00,10.1,2.1,58,6,48.3,101.02,Mainly Clear,10,10.8,
2012-10-17 12:00:00,10.8,2.1,55,7,48.3,100.97,Mainly Clear,10,11.4,
2012-10-17 13:00:00,11.4,1.9,52,6,48.3,100.9,Mostly Cloudy,10,12.0,
2012-10-17 14:00:00,12.0,2.4,52,0,48.3,100.88,Mostly Cloudy,10,12.5,
2012-10-17 15:00:00,12.5,2.9,52,4,48.3,100.86,Mostly Cloudy,10,12.5,
2012-10-17 16:00:00,12.5,3.5,54,4,48.3,100.87,Mostly Cloudy,10,11.7,
2012-10-17 17:00:00,11.7,4.0,59,11,24.1,100.87,Mostly Cloudy,10,11.0,
2012-10-17 18:00:00,11.0,4.7,65,7,25.0,100.94,Mostly Cloudy,10,11.7,
2012-10-17 19:00:00,11.7,3.6,58,7,25.0,100.93,Cloudy,10,11.7,
2012-10-17 20:00:00,11.7,3.2,56,9,25.0,100.92,Mostly Cloudy,10,11.6,
2012-10-17 21:00:00,11.6,3.6,58,11,25.0,100.92,Mostly Cloudy,10,11.7,
2012-10-17 22:00:00,11.7,4.1,60,7,25.0,100.93,Mostly Cloudy,10,11.1,
2012-10-17 23:00:00,11.1,4.9,66,11,25.0,100.9,Cloudy,10,11.1,
2012-10-18 00:00:00,11.1,4.8,65,6,25.0,100.92,Cloudy,10,10.9,
2012-10-18 01:00:00,10.9,5.2,68,4,25.0,100.92,Cloudy,10,10.9,
2012-10-18 02:00:00,10.9,4.9,66,4,25.0,100.92,Mostly Cloudy,10,8.9,
2012-10-18 03:00:00,8.9,5.3,78,9,25.0,100.91,Mostly Cloudy,10,9.1,
2012-10-18 04:00:00,9.1,5.7,79,11,25.0,100.92,Mostly Cloudy,10,9.4,
2012-10-18 05:00:00,9.4,5.8,78,11,25.0,100.94,Mostly Cloudy,10,9.0,
2012-10-18 06:00:00,9.0,5.8,80,11,48.3,100.96,Mostly Cloudy,10,10.7,
2012-10-18 07:00:00,10.7,5.1,68,9,48.3,100.98,Mainly Clear,10,12.2,
2012-10-18 08:00:00,12.2,5.7,64,6,48.3,101.02,Mostly Cloudy,10,14.4,
2012-10-18 09:00:00,14.4,6.4,59,15,48.3,100.99,Mainly Clear,10,16.1,
2012-10-18 10:00:00,16.1,6.7,54,15,48.3,100.97,Mainly Clear,10,17.9,
2012-10-18 11:00:00,17.9,6.3,47,15,48.3,100.94,Mainly Clear,10,18.3,
2012-10-18 12:00:00,18.3,6.3,45,17,48.3,100.9,Mainly Clear,10,18.3,
2012-10-18 13:00:00,18.3,6.2,45,22,48.3,100.85,Mainly Clear,10,19.3,
2012-10-18 14:00:00,19.3,5.8,41,28,48.3,100.78,Mainly Clear,10,18.6,
2012-10-18 15:00:00,18.6,3.6,37,26,48.3,100.78,Mostly Cloudy,10,18.3,
2012-10-18 16:00:00,18.3,3.8,38,28,48.3,100.69,Mostly Cloudy,10,16.6,
2012-10-18 17:00:00,16.6,4.7,45,15,48.3,100.74,Mostly Cloudy,10,16.0,
2012-10-18 18:00:00,16.0,5.1,48,17,25.0,100.8,Mostly Cloudy,10,15.6,
2012-10-18 19:00:00,15.6,5.2,50,15,25.0,100.86,Mainly Clear,10,14.9,
2012-10-18 20:00:00,14.9,5.7,54,17,25.0,100.9,Mostly Cloudy,10,13.8,
2012-10-18 21:00:00,13.8,6.0,59,17,25.0,100.95,Mostly Cloudy,10,14.4,
2012-10-18 22:00:00,14.4,5.9,57,19,25.0,100.99,Mostly Cloudy,10,12.7,
2012-10-18 23:00:00,12.7,5.7,62,15,25.0,100.96,Mostly Cloudy,10,12.3,
2012-10-19 00:00:00,12.3,6.1,66,17,25.0,100.94,Mainly Clear,10,11.7,
2012-10-19 01:00:00,11.7,5.8,67,17,25.0,100.92,Mainly Clear,10,11.7,
2012-10-19 02:00:00,11.7,6.0,68,15,25.0,100.92,Mainly Clear,10,12.0,
2012-10-19 03:00:00,12.0,6.0,67,19,25.0,100.94,Cloudy,10,11.9,
2012-10-19 04:00:00,11.9,6.7,70,13,25.0,100.96,Rain Showers,10,11.7,
2012-10-19 05:00:00,11.7,8.7,82,17,19.3,100.96,Rain Showers,10,11.2,
2012-10-19 06:00:00,11.2,9.8,91,15,9.7,100.91,"Rain,Fog",10,11.3,
2012-10-19 07:00:00,11.3,9.9,91,17,9.7,101.0,"Rain,Fog",10,11.7,
2012-10-19 08:00:00,11.7,10.2,91,13,16.1,100.92,Rain,10,12.8,
2012-10-19 09:00:00,12.8,10.6,86,24,24.1,100.77,Cloudy,10,13.1,
2012-10-19 10:00:00,13.1,11.0,87,24,25.0,100.79,Rain Showers,10,12.8,
2012-10-19 11:00:00,12.8,11.5,92,9,19.3,100.79,Rain,10,13.0,
2012-10-19 12:00:00,13.0,11.5,91,11,16.1,100.77,Rain,10,13.1,
2012-10-19 13:00:00,13.1,11.9,92,17,12.9,100.64,Rain,10,13.0,
2012-10-19 14:00:00,13.0,12.1,94,15,8.0,100.55,"Rain,Fog",10,13.3,
2012-10-19 15:00:00,13.3,12.1,92,13,9.7,100.45,"Rain,Fog",10,12.9,
2012-10-19 16:00:00,12.9,12.3,96,7,3.2,100.45,"Rain,Fog",10,13.1,
2012-10-19 17:00:00,13.1,12.1,94,17,6.4,100.38,"Rain,Fog",10,13.1,
2012-10-19 18:00:00,13.1,12.1,94,22,12.9,100.29,Rain,10,13.5,13.201998146975873
2012-10-19 19:00:00,13.5,12.4,93,7,9.7,100.29,Rain,10,13.8,13.726555286895838
2012-10-19 20:00:00,13.8,12.9,94,19,12.9,100.13,Rain,10,13.8,13.927418314984093
2012-10-19 21:00:00,13.8,12.6,92,17,24.1,100.16,Mostly Cloudy,10,13.4,13.93410972556018
2012-10-19 22:00:00,13.4,12.3,93,7,16.1,100.15,Cloudy,10,13.5,13.626802435159869
2012-10-19 23:00:00,13.5,12.3,92,11,16.1,100.1,Cloudy,10,13.2,13.686991134236992
2012-10-20 00:00:00,13.2,12.3,94,13,16.1,100.02,Cloudy,10,12.9,13.381041168453
2012-10-20 01:00:00,12.9,12.2,96,15,6.4,99.97,Fog,10,12.8,13.074010978754925
2012-10-20 02:00:00,12.8,12.2,96,19,4.8,99.84,Fog,10,12.8,12.940578375009895
2012-10-20 03:00:00,12.8,12.1,96,13,6.4,99.83,"Rain Showers,Fog",10,12.4,12.991638114980528
2012-10-20 04:00:00,12.4,11.9,97,7,11.3,99.83,Cloudy,10,12.5,12.650651072571156
2012-10-20 05:00:00,12.5,12.0,97,4,8.0,99.84,Fog,10,10.6,12.776473906249484
2012-10-20 06:00:00,10.6,10.6,100,4,0.4,99.87,Fog,10,11.8,10.897742701301357
2012-10-20 07:00:00,11.8,11.6,99,4,2.4,99.88,Fog,10,12.7,12.088892521483194
2012-10-20 08:00:00,12.7,12.5,99,4,1.0,99.89,Fog,10,13.8,12.986668187106906
2012-10-20 09:00:00,13.8,13.2,96,4,9.7,99.89,Fog,10,16.0,14.06845680208137
2012-10-20 10:00:00,16.0,13.2,83,15,24.1,99.87,Mainly Clear,10,16.4,16.095253293693162
2012-10-20 11:00:00,16.4,12.2,76,19,24.1,99.93,Mostly Cloudy,10,18.1,16.418313920165403
2012-10-20 12:00:00,18.1,11.9,67,20,48.3,99.89,Mostly Cloudy,10,17.6,18.050302352019855
2012-10-20 13:00:00,17.6,10.6,64,11,48.3,99.75,Mainly Clear,10,17.2,17.609934389389572
2012-10-20 14:00:00,17.2,10.4,64,22,48.3,99.79,Mostly Cloudy,10,16.4,17.117493496485217
2012-10-20 15:00:00,16.4,8.8,61,22,24.1,99.75,Mostly Cloudy,10,14.0,16.29965703281995
2012-10-20 16:00:00,14.0,9.2,73,15,24.1,99.9,Rain Showers,10,13.4,14.041352252475962
2012-10-20 17:00:00,13.4,9.2,76,11,24.1,99.95,Rain Showers,10,12.3,13.495248319932648
2012-10-20 18:00:00,12.3,7.2,71,19,25.0,100.01,Mainly Clear,10,11.6,12.300105219655874
2012-10-20 19:00:00,11.6,5.9,68,20,25.0,100.04,Clear,10,10.7,11.575492061573955
2012-10-20 20:00:00,10.7,5.5,70,17,25.0,100.06,Mainly Clear,10,11.0,10.716635403106253
2012-10-20 21:00:00,11.0,6.1,72,13,25.0,100.07,Mainly Clear,10,10.5,11.061342511622788
2012-10-20 22:00:00,10.5,6.2,75,11,25.0,100.05,Mainly Clear,10,10.2,10.59761144285387
2012-10-20 23:00:00,10.2,6.4,77,19,25.0,100.05,Mainly Clear,10,9.2,10.241681961013327
2012-10-21 00:00:00,9.2,6.3,82,13,25.0,100.07,Mainly Clear,10,9.9,9.324635186873198
2012-10-21 01:00:00,9.9,6.8,81,19,25.0,100.14,Mostly Cloudy,10,10.3,9.964880784490475
2012-10-21 02:00:00,10.3,7.2,81,19,25.0,100.15,Cloudy,10,10.6,10.36389219143435
2012-10-21 03:00:00,10.6,7.2,79,26,25.0,100.15,Cloudy,10,10.2,10.591632211391264
2012-10-21 04:00:00,10.2,7.1,81,22,25.0,100.15,Mostly Cloudy,10,10.5,10.23806935775602
2012-10-21 05:00:00,10.5,7.3,81,24,25.0,100.15,Rain Showers,10,10.1,10.518867701088269
2012-10-21 06:00:00,10.1,7.6,84,30,25.0,100.21,Cloudy,10,9.8,10.086449756123114
2012-10-21 07:00:00,9.8,7.1,83,28,24.1,100.26,Mostly Cloudy,10,10.2,9.798686788227
2012-10-21 08:00:00,10.2,6.4,77,35,24.1,100.29,Mostly Cloudy,10,10.4,10.102642057320747
2012-10-21 09:00:00,10.4,6.0,74,26,24.1,100.27,Mostly Cloudy,10,10.9,10.362704504670408
2012-10-21 10:00:00,10.9,5.8,71,32,24.1,100.31,Mostly Cloudy,10,11.2,10.790595373602098
2012-10-21 11:00:00,11.2,5.9,70,33,24.1,100.33,Mostly Cloudy,10,12.6,11.07527953417943
2012-10-21 12:00:00,12.6,6.4,66,32,24.1,100.3,Mostly Cloudy,10,12.6,12.455891625950555
2012-10-21 13:00:00,12.6,5.6,62,32,24.1,100.3,Cloudy,10,12.7,12.432354023351419
2012-10-21 14:00:00,12.7,5.8,63,28,24.1,100.33,Mostly Cloudy,10,12.2,12.57167102774623
2012-10-21 15:00:00,12.2,5.7,64,32,24.1,100.39,Cloudy,10,12.0,12.046191641621196
2012-10-21 16:00:00,12.0,5.5,64,30,24.1,100.44,Cloudy,10,11.8,11.864065926110833
2012-10-21 17:00:00,11.8,5.7,66,28,25.0,100.51,Cloudy,10,11.5,11.693709011900038
2012-10-21 18:00:00,11.5,5.8,68,22,25.0,100.56,Mostly Cloudy,10,11.3,11.458359221876416
2012-10-21 19:00:00,11.3,5.6,68,22,25.0,100.6,Mostly Cloudy,10,11.4,11.25885351840448
2012-10-21 20:00:00,11.4,5.5,67,20,25.0,100.63,Mostly Cloudy,10,10.7,11.370101957452235
2012-10-21 21:00:00,10.7,5.9,72,22,25.0,100.66,Cloudy,10,10.1,10.68495423450189
2012-10-21 22:00:00,10.1,5.3,72,15,25.0,100.72,Mostly Cloudy,10,9.3,10.147267081951584
2012-10-21 23:00:00,9.3,4.9,74,17,25.0,100.75,Mostly Cloudy,10,8.7,9.343633081401835
2012-10-22 00:00:00,8.7,4.1,73,32,25.0,100.73,Mainly Clear,10,8.0,8.60888166062445
2012-10-22 01:00:00,8.0,3.9,75,26,25.0,100.77,Mainly Clear,10,7.6,7.97560068757104
2012-10-22 02:00:00,7.6,3.9,77,24,25.0,100.81,Mainly Clear,10,7.1,7.605738069888306
2012-10-22 03:00:00,7.1,3.9,80,17,25.0,100.84,Mainly Clear,10,7.4,7.184376747109237
2012-10-22 04:00:00,7.4,4.0,79,19,25.0,100.84,Mainly Clear,10,7.4,7.460370913705786
2012-10-22 05:00:00,7.4,4.2,80,24,25.0,100.9,Clear,10,7.2,7.422805344451639
2012-10-22 06:00:00,7.2,4.1,81,15,25.0,100.95,Clear,10,7.8,7.30631376354248
2012-10-22 07:00:00,7.8,4.4,79,15,24.1,101.0,Mainly Clear,10,10.0,7.894142296572804
2012-10-22 08:00:00,10.0,5.1,72,22,24.1,101.04,Mostly Cloudy,10,9.8,9.985604048436029
2012-10-22 09:00:00,9.8,5.3,74,24,24.1,101.08,Mostly Cloudy,10,11.2,9.780487158302089
2012-10-22 10:00:00,11.2,5.6,68,26,48.3,101.01,Mainly Clear,10,12.7,11.125420914659449
2012-10-22 11:00:00,12.7,6.3,65,30,48.3,101.06,Mainly Clear,10,13.0,12.567140064998311
2012-10-22 12:00:00,13.0,5.6,61,24,48.3,101.03,Mainly Clear,10,14.2,12.892840533663628
2012-10-22 13:00:00,14.2,6.2,59,24,48.3,101.0,Mainly Clear,10,14.5,14.075945505367514
2012-10-22 14:00:00,14.5,4.7,52,22,48.3,101.04,Mainly Clear,10,14.6,14.347072348332171
2012-10-22 15:00:00,14.6,5.0,52,28,48.3,101.05,Mainly Clear,10,14.3,14.39684568401159
2012-10-22 16:00:00,14.3,4.9,53,15,48.3,101.06,Mainly Clear,10,13.2,14.21644145120369
2012-10-22 17:00:00,13.2,4.7,56,20,24.1,101.11,Mainly Clear,10,11.9,13.096603985895706
2012-10-22 18:00:00,11.9,5.4,64,19,25.0,101.16,Mainly Clear,10,11.1,11.859903008163514
2012-10-22 19:00:00,11.1,5.7,69,13,25.0,101.21,Clear,10,10.3,11.144522385323485
2012-10-22 20:00:00,10.3,5.8,74,13,25.0,101.24,Mainly Clear,10,8.4,10.374841350770577
2012-10-22 21:00:00,8.4,5.2,80,9,25.0,101.29,Clear,10,8.1,8.550683771523115
2012-10-22 22:00:00,8.1,5.4,83,7,25.0,101.34,Mainly Clear,10,6.4,8.28537818231205
2012-10-22 23:00:00,6.4,4.4,87,0,25.0,101.34,Clear,10,6.2,6.672867039351148
2012-10-23 00:00:00,6.2,4.1,86,6,25.0,101.36,Clear,10,5.8,6.416417195258793
2012-10-23 01:00:00,5.8,3.8,87,4,25.0,101.38,Clear,10,4.9,6.039589953012193
2012-10-23 02:00:00,4.9,3.3,89,9,25.0,101.4,Clear,10,5.1,5.110133118784117
2012-10-23 03:00:00,5.1,3.5,89,7,25.0,101.42,Clear,10,5.1,5.327018810217625
2012-10-23 04:00:00,5.1,3.5,89,4,25.0,101.47,Clear,10,5.4,5.3530887921599835
2012-10-23 05:00:00,5.4,3.6,88,6,25.0,101.54,Clear,10,5.1,5.629082958756533
2012-10-23 06:00:00,5.1,3.5,89,6,24.1,101.59,Mainly Clear,10,4.2,5.335708804198411
2012-10-23 07:00:00,4.2,2.8,91,0,24.1,101.68,Mainly Clear,10,6.9,4.499681455930817
2012-10-23 08:00:00,6.9,4.5,85,11,24.1,101.71,Mostly Cloudy,10,9.4,7.064272562942772
2012-10-23 09:00:00,9.4,5.0,74,9,24.1,101.75,Mostly Cloudy,10,9.6,9.512905884984091
2012-10-23 10:00:00,9.6,4.9,72,4,24.1,101.73,Mostly Cloudy,10,10.9,9.745172980974475
2012-10-23 11:00:00,10.9,4.6,65,0,24.1,101.69,Mostly Cloudy,10,11.1,11.033368777088553
2012-10-23 12:00:00,11.1,3.8,61,0,24.1,101.62,Mainly Clear,10,12.2,11.207176430133186
2012-10-23 13:00:00,12.2,3.8,56,4,24.1,101.59,Mostly Cloudy,10,13.1,12.23919559614269
2012-10-23 14:00:00,13.1,3.8,53,6,24.1,101.58,Mostly Cloudy,10,12.3,13.09869740011323
2012-10-23 15:00:00,12.3,4.3,58,11,24.1,101.57,Mostly Cloudy,10,11.9,12.289887291312724
2012-10-23 16:00:00,11.9,4.0,58,11,24.1,101.57,Mostly Cloudy,10,10.9,11.891956108282933
2012-10-23 17:00:00,10.9,3.6,61,9,24.1,101.6,Mainly Clear,10,7.9,10.929460780834175
2012-10-23 18:00:00,7.9,3.5,74,0,25.0,101.64,Mainly Clear,10,8.6,8.094823054771645
2012-10-23 19:00:00,8.6,3.3,69,0,25.0,101.7,Mainly Clear,10,7.0,8.764751237588586
2012-10-23 20:00:00,7.0,2.9,75,0,25.0,101.72,Mainly Clear,10,6.9,7.204012013711799
2012-10-23 21:00:00,6.9,2.6,74,0,25.0,101.73,Mainly Clear,10,6.8,7.098374761326047
2012-10-23 22:00:00,6.8,3.9,82,7,25.0,101.76,Mainly Clear,10,7.7,6.98270670909468
2012-10-23 23:00:00,7.7,0.2,59,13,25.0,101.79,Clear,10,7.3,7.693001195888647
2012-10-24 00:00:00,7.3,-1.4,54,13,25.0,101.81,Clear,10,5.1,7.262407337867689
2012-10-24 01:00:00,5.1,-1.0,65,13,25.0,101.83,Clear,10,4.0,5.1368939024803435
2012-10-24 02:00:00,4.0,-1.2,69,7,25.0,101.9,Clear,10,4.9,4.116370323782631
2012-10-24 03:00:00,4.9,-0.9,66,7,25.0,101.9,Clear,10,2.0,4.996492787456993
2012-10-24 04:00:00,2.0,-1.5,78,9,25.0,101.91,Clear,10,2.6,2.1558126830356668
2012-10-24 05:00:00,2.6,-1.5,74,9,25.0,101.93,Clear,10,1.9,2.7329526386805068
2012-10-24 06:00:00,1.9,-1.4,79,7,48.3,101.94,Clear,10,2.6,2.079324219911055
2012-10-24 07:00:00,2.6,-0.8,78,11,48.3,101.99,Clear,10,5.8,2.7380300294039865
2012-10-24 08:00:00,5.8,-0.7,63,11,48.3,102.03,Clear,10,7.0,5.840775051294126
2012-10-24 09:00:00,7.0,-0.5,59,15,48.3,102.02,Mainly Clear,10,7.2,6.9773512457752975
2012-10-24 10:00:00,7.2,-1.9,52,17,48.3,102.0,Mostly Cloudy,10,8.1,7.116125708909008
2012-10-24 11:00:00,8.1,-0.9,53,11,48.3,101.93,Mostly Cloudy,10,9.1,8.070845515153138
2012-10-24 12:00:00,9.1,-0.3,52,11,48.3,101.86,Mostly Cloudy,10,10.6,9.060329184034872
2012-10-24 13:00:00,10.6,-0.6,46,6,48.3,101.79,Mainly Clear,10,11.7,10.558284182595122
2012-10-24 14:00:00,11.7,-1.7,39,6,48.3,101.75,Mostly Cloudy,10,12.2,11.60573295582962
2012-10-24 15:00:00,12.2,-2.1,37,11,48.3,101.73,Mostly Cloudy,10,11.3,12.043877323735547
2012-10-24 16:00:00,11.3,-2.1,39,11,48.3,101.75,Mostly Cloudy,10,10.9,11.163271578981817
2012-10-24 17:00:00,10.9,-2.2,40,17,48.3,101.78,Mostly Cloudy,10,10.6,10.719084832717094
2012-10-24 18:00:00,10.6,-0.3,47,13,25.0,101.83,Cloudy,10,10.3,10.504418849293485
2012-10-24 19:00:00,10.3,0.1,49,7,25.0,101.82,Mostly Cloudy,10,10.1,10.272309731012117
2012-10-24 20:00:00,10.1,-1.2,45,11,25.0,101.85,Mostly Cloudy,10,10.0,10.01126577727565
2012-10-24 21:00:00,10.0,-2.3,42,6,25.0,101.88,Mostly Cloudy,10,9.4,9.932988797837929
2012-10-24 22:00:00,9.4,-2.1,44,9,25.0,101.87,Mostly Cloudy,10,9.6,9.324491402435662
2012-10-24 23:00:00,9.6,-2.5,43,15,25.0,101.9,Mostly Cloudy,10,9.5,9.461651845716764
2012-10-25 00:00:00,9.5,-2.6,43,17,25.0,101.9,Cloudy,10,9.2,9.344519006019224
2012-10-25 01:00:00,9.2,-1.8,46,15,25.0,101.92,Mostly Cloudy,10,8.4,9.085694760292657
2012-10-25 02:00:00,8.4,-0.9,52,15,25.0,101.89,Mostly Cloudy,10,7.3,8.328379469874033
2012-10-25 03:00:00,7.3,-0.5,58,13,25.0,101.84,Mainly Clear,10,6.9,7.287025164380907
2012-10-25 04:00:00,6.9,-0.5,59,15,25.0,101.85,Mainly Clear,10,5.7,6.878678617953413
2012-10-25 05:00:00,5.7,0.2,68,17,25.0,101.89,Mostly Cloudy,10,4.1,5.718304238922361
2012-10-25 06:00:00,4.1,0.6,78,17,24.1,101.9,Mainly Clear,10,4.6,4.181102617644708
2012-10-25 07:00:00,4.6,1.5,80,19,24.1,101.93,Mostly Cloudy,10,5.2,4.6742556896625445
2012-10-25 08:00:00,5.2,1.5,77,22,48.3,101.94,Mostly Cloudy,10,6.4,5.229049616186644
2012-10-25 09:00:00,6.4,-0.3,62,17,48.3,101.97,Mostly Cloudy,10,8.0,6.3812677971754335
2012-10-25 10:00:00,8.0,0.3,58,9,48.3,101.89,Cloudy,10,9.1,8.021135326369912
2012-10-25 11:00:00,9.1,0.9,56,11,24.1,101.89,Cloudy,10,11.3,9.088187682290338
2012-10-25 12:00:00,11.3,1.4,50,13,24.1,101.77,Cloudy,10,12.8,11.224662909050949
2012-10-25 13:00:00,12.8,2.8,51,11,24.1,101.71,Cloudy,10,12.8,12.740979401959578
2012-10-25 14:00:00,12.8,2.9,51,17,24.1,101.66,Mostly Cloudy,10,13.5,12.689919661988945
2012-10-25 15:00:00,13.5,3.5,51,19,24.1,101.59,Mainly Clear,10,13.3,13.369729412265066
2012-10-25 16:00:00,13.3,4.2,54,15,24.1,101.59,Mostly Cloudy,10,12.6,13.225877558407873
2012-10-25 17:00:00,12.6,4.1,56,19,24.1,101.55,Mostly Cloudy,10,11.8,12.506776869460687
2012-10-25 18:00:00,11.8,4.9,63,15,25.0,101.54,Mostly Cloudy,10,11.4,11.78686528387274
2012-10-25 19:00:00,11.4,5.5,67,15,25.0,101.53,Clear,10,11.0,11.413551927356167
2012-10-25 20:00:00,11.0,5.9,71,15,25.0,101.51,Clear,10,10.0,11.03807812301143
2012-10-25 21:00:00,10.0,5.7,75,13,25.0,101.51,Clear,10,9.8,10.081467196212456
2012-10-25 22:00:00,9.8,6.4,79,13,25.0,101.47,Clear,10,9.3,9.90657931925374
2012-10-25 23:00:00,9.3,6.6,83,9,25.0,101.45,Clear,10,8.9,9.465032415182096
2012-10-26 00:00:00,8.9,6.4,84,9,25.0,101.47,Clear,10,8.5,9.071905408888007
2012-10-26 01:00:00,8.5,6.4,87,7,25.0,101.49,Mostly Cloudy,10,8.3,8.705766744026892
2012-10-26 02:00:00,8.3,6.4,88,11,25.0,101.5,Mainly Clear,10,7.7,8.477385465281595
2012-10-26 03:00:00,7.7,6.4,91,7,25.0,101.49,Clear,10,7.2,7.931281532738283
2012-10-26 04:00:00,7.2,5.2,87,7,25.0,101.48,Clear,10,7.0,7.410059895373389
2012-10-26 05:00:00,7.0,5.0,87,9,16.1,101.52,Clear,10,6.9,7.193174203939881
2012-10-26 06:00:00,6.9,4.8,86,11,16.1,101.53,Clear,10,6.7,7.071237187506639
2012-10-26 07:00:00,6.7,4.5,86,11,19.3,101.57,Clear,10,9.1,6.87065126012062
2012-10-26 08:00:00,9.1,6.2,82,6,16.1,101.6,Clear,10,11.7,9.285712293002735
2012-10-26 09:00:00,11.7,7.9,77,7,16.1,101.6,Clear,10,15.1,11.842254664822283
2012-10-26 10:00:00,15.1,9.8,71,6,16.1,101.54,Clear,10,18.1,15.203994542185036
2012-10-26 11:00:00,18.1,12.7,71,4,16.1,101.51,Clear,10,19.8,18.212879858311567
2012-10-26 12:00:00,19.8,12.9,64,9,16.1,101.43,Clear,10,20.9,19.822957339456522
2012-10-26 13:00:00,20.9,13.3,62,11,19.3,101.36,Clear,10,21.1,20.887849247548786
2012-10-26 14:00:00,21.1,13.0,60,9,19.3,101.36,Clear,10,20.4,21.09188591376865
2012-10-26 15:00:00,20.4,13.1,63,13,24.1,101.35,Clear,10,18.2,20.37866962547124
2012-10-26 16:00:00,18.2,12.3,68,19,24.1,101.3,Clear,10,15.7,18.165709822300478
2012-10-26 17:00:00,15.7,11.6,77,9,24.1,101.33,Mainly Clear,10,14.7,15.811748074557187
2012-10-26 18:00:00,14.7,11.3,80,11,25.0,101.36,Mainly Clear,10,13.5,14.81557299509937
2012-10-26 19:00:00,13.5,11.0,85,7,25.0,101.39,Mainly Clear,10,14.2,13.681640529525732
2012-10-26 20:00:00,14.2,11.2,82,15,19.3,101.38,Mostly Cloudy,10,13.1,14.29381756179595
2012-10-26 21:00:00,13.1,10.9,86,9,25.0,101.38,Mainly Clear,10,13.0,13.272213759184154
2012-10-26 22:00:00,13.0,10.9,87,4,19.3,101.41,Mainly Clear,10,12.7,13.220715054087819
2012-10-26 23:00:00,12.7,10.9,89,9,16.1,101.4,Mainly Clear,10,11.9,12.888695106361466
2012-10-27 00:00:00,11.9,10.7,92,4,16.1,101.42,Mostly Cloudy,10,12.1,12.151775464327006
2012-10-27 01:00:00,12.1,10.8,92,4,16.1,101.42,Cloudy,10,11.8,12.35020094388486
2012-10-27 02:00:00,11.8,10.8,94,6,19.3,101.41,Cloudy,10,12.2,12.044250978100868
2012-10-27 03:00:00,12.2,10.9,92,4,16.1,101.39,Cloudy,10,12.1,12.449953795620827
2012-10-27 04:00:00,12.1,10.9,92,0,12.9,101.38,Cloudy,10,11.7,12.386041143722085
2012-10-27 05:00:00,11.7,10.7,94,9,8.0,101.38,Fog,10,11.9,11.918428144422538
2012-10-27 06:00:00,11.9,10.6,92,9,9.7,101.41,Fog,10,12.3,12.10724527050899
2012-10-27 07:00:00,12.3,10.8,91,6,4.0,101.42,Fog,10,12.7,12.52644225874544
2012-10-27 08:00:00,12.7,10.8,88,11,6.4,101.46,Fog,10,12.5,12.866510941664192
2012-10-27 09:00:00,12.5,10.9,90,17,2.4,101.42,Fog,10,12.4,12.625553851693025
2012-10-27 10:00:00,12.4,10.9,91,15,2.8,101.4,Fog,10,13.4,12.547985164654332
2012-10-27 11:00:00,13.4,11.1,86,11,6.4,101.35,Fog,10,14.1,13.553012102516405
2012-10-27 12:00:00,14.1,11.1,82,17,6.4,101.26,Haze,10,14.2,14.176684722098411
2012-10-27 13:00:00,14.2,10.6,79,15,12.9,101.2,Cloudy,10,14.4,14.2761643598466
2012-10-27 14:00:00,14.4,9.9,74,15,24.1,101.14,Cloudy,10,14.6,14.4473282839837
2012-10-27 15:00:00,14.6,9.5,71,17,24.1,101.1,Cloudy,10,14.6,14.611800797544712
2012-10-27 16:00:00,14.6,9.1,70,15,24.1,101.08,Mostly Cloudy,10,13.9,14.621135937028335
2012-10-27 17:00:00,13.9,9.3,74,9,24.1,101.09,Mostly Cloudy,10,13.5,13.999623765274492
2012-10-27 18:00:00,13.5,9.3,76,9,25.0,101.15,Cloudy,10,13.7,13.612381159630187
2012-10-27 19:00:00,13.7,8.8,72,11,25.0,101.13,Cloudy,10,13.5,13.7720494964555
2012-10-27 20:00:00,13.5,7.5,67,11,25.0,101.15,Cloudy,10,13.3,13.54204156582056
2012-10-27 21:00:00,13.3,7.4,67,11,25.0,101.14,Mostly Cloudy,10,12.8,13.343616086262708
2012-10-27 22:00:00,12.8,7.8,72,13,25.0,101.13,Mostly Cloudy,10,12.0,12.855813618956132
2012-10-27 23:00:00,12.0,8.4,79,11,25.0,101.14,Mostly Cloudy,10,11.0,12.116361597578445
2012-10-28 00:00:00,11.0,8.4,84,15,25.0,101.18,Mostly Cloudy,10,10.4,11.113495107544539
2012-10-28 01:00:00,10.4,7.4,82,15,25.0,101.19,Mostly Cloudy,10,9.9,10.503209195829161
2012-10-28 02:00:00,9.9,6.8,81,11,25.0,101.22,Cloudy,10,9.8,10.034400736336764
2012-10-28 03:00:00,9.8,6.6,80,9,25.0,101.25,Cloudy,10,9.5,9.947223695826668
2012-10-28 04:00:00,9.5,6.5,82,13,25.0,101.23,Mostly Cloudy,10,9.6,9.62281351816702
2012-10-28 05:00:00,9.6,6.7,82,7,25.0,101.28,Cloudy,10,9.7,9.775786557701787
2012-10-28 06:00:00,9.7,6.7,82,7,25.0,101.29,Cloudy,10,9.5,9.874459185523673
2012-10-28 07:00:00,9.5,6.9,84,7,24.1,101.36,Cloudy,10,9.9,9.686722283351305
2012-10-28 08:00:00,9.9,7.4,84,7,24.1,101.38,Cloudy,10,10.8,10.08681391420926
2012-10-28 09:00:00,10.8,7.9,82,11,24.1,101.34,Cloudy,10,11.4,10.938060802610263
2012-10-28 10:00:00,11.4,8.3,81,9,24.1,101.32,Cloudy,10,12.0,11.548073500337859
2012-10-28 11:00:00,12.0,8.1,77,11,24.1,101.31,Cloudy,10,12.9,12.10567302019296
2012-10-28 12:00:00,12.9,8.4,74,20,24.1,101.2,Cloudy,10,12.9,12.907585538040244
2012-10-28 13:00:00,12.9,7.8,71,15,24.1,101.19,Cloudy,10,13.0,12.933382305994826
2012-10-28 14:00:00,13.0,6.8,66,20,24.1,101.13,Cloudy,10,13.1,12.95918296066386
2012-10-28 15:00:00,13.1,6.0,62,20,24.1,101.06,Cloudy,10,12.9,13.034317985886608
2012-10-28 16:00:00,12.9,5.9,62,22,24.1,101.06,Cloudy,10,12.7,12.818512518367184
2012-10-28 17:00:00,12.7,6.3,65,26,25.0,101.01,Cloudy,10,12.9,12.601900040921455
2012-10-28 18:00:00,12.9,6.9,67,24,25.0,101.0,Cloudy,10,12.7,12.83055453365453
2012-10-28 19:00:00,12.7,7.4,70,28,25.0,100.99,Cloudy,10,12.3,12.615022280122885
2012-10-28 20:00:00,12.3,7.4,72,24,25.0,101.02,Cloudy,10,11.6,12.262539650401726
2012-10-28 21:00:00,11.6,7.4,75,24,25.0,101.03,Cloudy,10,11.0,11.583003114113382
2012-10-28 22:00:00,11.0,7.4,78,32,25.0,101.01,Mostly Cloudy,10,10.3,10.932619253800636
2012-10-28 23:00:00,10.3,7.1,81,26,25.0,100.98,Cloudy,10,9.9,10.301982009654761
2012-10-29 00:00:00,9.9,7.0,82,22,25.0,100.95,Mostly Cloudy,10,9.5,9.944695203197899
2012-10-29 01:00:00,9.5,6.9,84,26,25.0,100.89,Mostly Cloudy,10,9.2,9.521612397716368
2012-10-29 02:00:00,9.2,6.6,84,26,25.0,100.82,Mostly Cloudy,10,9.6,9.222353842508463
2012-10-29 03:00:00,9.6,7.0,84,24,25.0,100.79,Cloudy,10,9.9,9.638745237413907
2012-10-29 04:00:00,9.9,7.2,83,30,25.0,100.77,Mostly Cloudy,10,9.6,9.881059652001396
2012-10-29 05:00:00,9.6,7.4,86,20,25.0,100.76,Cloudy,10,10.2,9.68527401463662
2012-10-29 06:00:00,10.2,7.4,83,33,25.0,100.72,Cloudy,10,10.1,10.153168001352855
2012-10-29 07:00:00,10.1,7.5,84,26,24.1,100.7,Cloudy,10,10.7,10.120129508132177
2012-10-29 08:00:00,10.7,7.8,82,24,24.1,100.67,Cloudy,10,11.9,10.725338029124071
2012-10-29 09:00:00,11.9,8.5,80,26,24.1,100.61,Cloudy,10,12.9,11.89214323678047
2012-10-29 10:00:00,12.9,8.7,76,28,24.1,100.57,Cloudy,10,14.3,12.848754163579441
2012-10-29 11:00:00,14.3,9.4,72,32,24.1,100.48,Cloudy,10,15.4,14.1880767332748
2012-10-29 12:00:00,15.4,9.8,69,26,24.1,100.35,Cloudy,10,16.5,15.31876464039173
2012-10-29 13:00:00,16.5,9.7,64,33,24.1,100.24,Cloudy,10,16.6,16.323633600544788
2012-10-29 14:00:00,16.6,9.9,65,44,24.1,100.13,Cloudy,10,16.6,16.33260069522781
2012-10-29 15:00:00,16.6,9.6,63,33,24.1,100.09,Cloudy,10,15.2,16.417502051630976
2012-10-29 16:00:00,15.2,9.8,70,48,24.1,100.04,Cloudy,10,14.2,14.93396346999228
2012-10-29 17:00:00,14.2,9.4,73,48,24.1,99.94,Cloudy,10,14.2,13.954088154581951
2012-10-29 18:00:00,14.2,9.2,72,44,25.0,99.83,Mostly Cloudy,10,14.0,13.982963729855314
2012-10-29 19:00:00,14.0,9.6,75,50,25.0,99.65,Mostly Cloudy,10,14.3,13.74897126444801
2012-10-29 20:00:00,14.3,9.7,74,52,25.0,99.55,Cloudy,10,14.0,14.024965431044558
2012-10-29 21:00:00,14.0,9.7,75,48,25.0,99.46,Mostly Cloudy,10,14.2,13.767431476323665
2012-10-29 22:00:00,14.2,9.8,75,50,25.0,99.37,Cloudy,10,14.1,13.948476967919946
2012-10-29 23:00:00,14.1,10.0,76,54,25.0,99.33,Cloudy,10,14.6,13.8209287648247
2012-10-30 00:00:00,14.6,10.2,75,41,25.0,99.28,Cloudy,10,14.6,14.425698320690895
2012-10-30 01:00:00,14.6,10.4,76,52,25.0,99.23,Mostly Cloudy,10,14.1,14.33599278755203
2012-10-30 02:00:00,14.1,10.3,78,37,25.0,99.31,Mostly Cloudy,10,13.9,13.97934723988355
2012-10-30 03:00:00,13.9,10.6,80,41,25.0,99.21,Rain Showers,10,13.8,13.757930585702123
2012-10-30 04:00:00,13.8,10.4,80,35,25.0,99.28,Mostly Cloudy,10,13.7,13.709237473936788
2012-10-30 05:00:00,13.7,10.5,81,37,25.0,99.32,Mainly Clear,10,13.6,13.597989034889029
2012-10-30 06:00:00,13.6,10.5,82,37,25.0,99.31,Rain Showers,10,15.0,13.503040359888763
2012-10-30 07:00:00,15.0,11.1,77,30,19.3,99.45,Rain Showers,10,15.7,14.933148686637068
2012-10-30 08:00:00,15.7,12.0,79,26,24.1,99.5,Mostly Cloudy,10,15.4,15.67578697818339
2012-10-30 09:00:00,15.4,12.7,84,22,24.1,99.52,Mostly Cloudy,10,16.1,15.44071040214755
2012-10-30 10:00:00,16.1,13.3,83,28,24.1,99.57,Mostly Cloudy,10,15.1,16.082036223678912
2012-10-30 11:00:00,15.1,13.8,92,22,4.0,99.6,Rain,10,16.1,15.18636660430975
2012-10-30 12:00:00,16.1,14.5,90,17,24.1,99.53,Mostly Cloudy,10,19.8,16.216656514187882
2012-10-30 13:00:00,19.8,14.7,72,28,24.1,99.44,Mainly Clear,10,20.4,19.707083106848025
2012-10-30 14:00:00,20.4,13.2,63,28,24.1,99.5,Mainly Clear,10,20.9,20.24939993967353
2012-10-30 15:00:00,20.9,11.8,56,33,24.1,99.47,Mainly Clear,10,20.6,20.658122304330533
2012-10-30 16:00:00,20.6,9.9,50,20,24.1,99.49,Mainly Clear,10,19.7,20.432206371317818
2012-10-30 17:00:00,19.7,9.3,51,17,24.1,99.54,Mainly Clear,10,19.2,19.567465312200333
2012-10-30 18:00:00,19.2,10.4,57,17,25.0,99.61,Mostly Cloudy,10,18.8,19.10832835307552
2012-10-30 19:00:00,18.8,11.2,61,28,25.0,99.61,Mostly Cloudy,10,18.6,18.641585510598475
2012-10-30 20:00:00,18.6,12.5,68,26,25.0,99.57,Rain Showers,10,16.8,18.50173082355068
2012-10-30 21:00:00,16.8,13.5,81,26,19.3,99.6,Rain,10,15.0,16.78483714857861
2012-10-30 22:00:00,15.0,13.9,93,17,25.0,99.49,Cloudy,10,15.6,15.135948123127498
2012-10-30 23:00:00,15.6,14.0,90,11,25.0,99.45,Rain Showers,10,15.0,15.770032219392755
2012-10-31 00:00:00,15.0,13.9,93,9,16.1,99.43,Rain Showers,10,14.9,15.205468074973787
2012-10-31 01:00:00,14.9,13.6,92,9,25.0,99.36,Mainly Clear,10,13.7,15.099830822588036
2012-10-31 02:00:00,13.7,12.7,94,11,25.0,99.41,Mainly Clear,10,13.7,13.89610519118033
2012-10-31 03:00:00,13.7,12.5,92,11,25.0,99.43,Mainly Clear,10,13.8,13.886496837708927
2012-10-31 04:00:00,13.8,11.6,87,13,25.0,99.37,Mainly Clear,10,13.6,13.939447698234407
2012-10-31 05:00:00,13.6,11.2,85,17,25.0,99.34,Mainly Clear,10,14.0,13.695573665367922
2012-10-31 06:00:00,14.0,10.1,77,11,25.0,99.24,Mostly Cloudy,10,11.6,14.100730054912324
2012-10-31 07:00:00,11.6,10.4,92,11,24.1,99.26,Mostly Cloudy,10,14.0,11.791686951253597
2012-10-31 08:00:00,14.0,12.1,88,17,24.1,99.22,Mostly Cloudy,10,14.6,14.111158050347063
2012-10-31 09:00:00,14.6,12.7,88,15,19.3,99.16,Cloudy,10,14.6,14.727055148724444
2012-10-31 10:00:00,14.6,12.9,90,19,16.1,99.14,Cloudy,10,14.8,14.701903526272702
2012-10-31 11:00:00,14.8,13.7,93,11,9.7,99.12,Rain Showers,10,10.8,14.98858238354028
2012-10-31 12:00:00,10.8,9.4,91,24,24.1,99.2,Cloudy,10,10.2,10.874809814965847
2012-10-31 13:00:00,10.2,8.5,89,20,24.1,99.26,Rain Showers,10,10.3,10.300364103087697
2012-10-31 14:00:00,10.3,8.8,90,11,12.9,99.28,Drizzle,10,10.2,10.484211301300526
2012-10-31 15:00:00,10.2,8.6,90,4,24.1,99.28,Rain Showers,10,10.2,10.444208183515977
2012-10-31 16:00:00,10.2,8.6,90,4,24.1,99.26,Cloudy,10,9.7,10.444208183515977
2012-10-31 17:00:00,9.7,8.1,90,15,24.1,99.31,Cloudy,10,8.8,9.849853991047489
2012-10-31 18:00:00,8.8,7.4,91,13,25.0,99.37,Cloudy,10,8.5,8.975342714035133
2012-10-31 19:00:00,8.5,6.6,88,7,25.0,99.37,Mostly Cloudy,10,8.4,8.711651144676674
2012-10-31 20:00:00,8.4,6.3,87,7,25.0,99.4,Mostly Cloudy,10,8.1,8.606013892290925
2012-10-31 21:00:00,8.1,6.5,90,0,25.0,99.39,Rain Showers,10,7.8,8.384158272983791
2012-10-31 22:00:00,7.8,6.7,93,0,25.0,99.4,Mostly Cloudy,10,8.1,8.101472695811156
2012-10-31 23:00:00,8.1,6.4,89,4,25.0,99.38,Cloudy,10,7.8,8.344594120324945
2012-11-01 00:00:00,7.8,6.8,93,7,25.0,99.39,Mostly Cloudy,11,7.6,8.041722961859735
2012-11-01 01:00:00,7.6,6.8,95,6,25.0,99.37,Cloudy,11,7.6,7.8605156058399865
2012-11-01 02:00:00,7.6,6.2,91,4,25.0,99.35,Rain Showers,11,7.3,7.856518439030589
2012-11-01 03:00:00,7.3,5.5,88,6,19.3,99.33,Rain Showers,11,7.7,7.524387141739927
2012-11-01 04:00:00,7.7,4.7,81,0,25.0,99.32,Rain Showers,11,7.7,7.9365081558481965
2012-11-01 05:00:00,7.7,5.0,83,4,25.0,99.32,Rain,11,7.4,7.912436757310536
2012-11-01 06:00:00,7.4,5.4,87,4,25.0,99.31,Cloudy,11,7.3,7.635635580787684
2012-11-01 07:00:00,7.3,4.7,84,7,24.1,99.32,Rain,11,7.2,7.492159545160006
2012-11-01 08:00:00,7.2,4.5,83,9,24.1,99.33,Rain,11,7.6,7.370222528726765
2012-11-01 09:00:00,7.6,5.6,87,9,24.1,99.34,Rain,11,7.7,7.791691314355689
2012-11-01 10:00:00,7.7,5.1,84,9,24.1,99.31,Cloudy,11,8.1,7.873790964142307
2012-11-01 11:00:00,8.1,4.7,79,11,24.1,99.29,Cloudy,11,8.4,8.228160827703853
2012-11-01 12:00:00,8.4,4.9,79,13,24.1,99.25,Cloudy,11,8.4,8.508959171036103
2012-11-01 13:00:00,8.4,4.9,79,15,24.1,99.22,Rain,11,8.4,8.491579183074531
2012-11-01 14:00:00,8.4,5.3,81,17,19.3,99.22,Drizzle,11,7.7,8.485967996412525
2012-11-01 15:00:00,7.7,6.0,89,11,12.9,99.22,Rain,11,8.0,7.88475275551557
2012-11-01 16:00:00,8.0,6.2,88,17,19.3,99.23,Rain,11,8.1,8.127067170103057
2012-11-01 17:00:00,8.1,5.9,86,17,16.1,99.26,Rain,11,7.5,8.215051220539458
2012-11-01 18:00:00,7.5,4.4,81,28,25.0,99.3,Cloudy,11,6.9,7.492602397000164
2012-11-01 19:00:00,6.9,4.7,86,22,25.0,99.33,Rain,11,6.7,6.974567029803908
2012-11-01 20:00:00,6.7,4.8,88,24,25.0,99.33,Rain,11,6.4,6.768369915755884
2012-11-01 21:00:00,6.4,4.5,88,22,25.0,99.35,Rain,11,5.6,6.486491348509553
2012-11-01 22:00:00,5.6,3.6,87,20,25.0,99.37,Rain,11,5.5,5.701044345847678
2012-11-01 23:00:00,5.5,2.9,83,19,25.0,99.38,Rain,11,5.3,5.588604333321527
2012-11-02 00:00:00,5.3,2.8,84,19,25.0,99.4,Cloudy,11,5.1,5.393902806585291
2012-11-02 01:00:00,5.1,2.6,84,20,25.0,99.42,Cloudy,11,5.0,5.185707109132569
2012-11-02 02:00:00,5.0,2.6,84,22,25.0,99.45,Cloudy,11,4.8,5.069654493349112
2012-11-02 03:00:00,4.8,2.8,87,24,25.0,99.45,Cloudy,11,4.7,4.868261556036788
2012-11-02 04:00:00,4.7,2.5,86,20,25.0,99.46,Cloudy,11,4.8,4.797384279574181
2012-11-02 05:00:00,4.8,2.9,87,19,25.0,99.46,Rain Showers,11,4.4,4.912791749854802
2012-11-02 06:00:00,4.4,2.6,88,20,25.0,99.48,Rain,11,4.1,4.509894525665845
2012-11-02 07:00:00,4.1,2.4,89,19,25.0,99.53,Rain,11,3.9,4.224130141174426
2012-11-02 08:00:00,3.9,2.5,91,17,24.1,99.58,Rain,11,3.7,4.052693003049547
2012-11-02 09:00:00,3.7,2.1,89,22,24.1,99.61,Rain,11,3.9,3.8001289762022785
2012-11-02 10:00:00,3.9,2.4,90,20,24.1,99.64,Rain,11,4.2,4.021818844371488
2012-11-02 11:00:00,4.2,2.8,91,22,24.1,99.67,Drizzle,11,4.3,4.308501588353521
2012-11-02 12:00:00,4.3,2.9,91,15,24.1,99.68,Drizzle,11,4.3,4.469084397954993
2012-11-02 13:00:00,4.3,3.1,92,20,24.1,99.7,Drizzle,11,4.6,4.431518828700845
2012-11-02 14:00:00,4.6,3.3,91,20,24.1,99.7,Cloudy,11,4.8,4.725973207173049
2012-11-02 15:00:00,4.8,3.4,91,19,24.1,99.74,Cloudy,11,4.9,4.9330886807116885
2012-11-02 16:00:00,4.9,3.6,91,22,19.3,99.78,Cloudy,11,5.3,5.007851774419382
2012-11-02 17:00:00,5.3,3.7,89,19,25.0,99.81,Cloudy,11,5.7,5.422244585920127
2012-11-02 18:00:00,5.7,4.0,89,15,25.0,99.87,Cloudy,11,5.9,5.854935744873062
2012-11-02 19:00:00,5.9,4.2,89,19,25.0,99.9,Rain Showers,11,5.8,6.019681472421853
2012-11-02 20:00:00,5.8,3.7,86,17,25.0,99.94,Rain Showers,11,5.7,5.921815854526272
2012-11-02 21:00:00,5.7,3.1,83,17,25.0,99.96,Cloudy,11,5.6,5.805490024755035
2012-11-02 22:00:00,5.6,3.1,84,13,25.0,100.0,Rain Showers,11,5.6,5.745301325677913
2012-11-02 23:00:00,5.6,2.8,82,13,25.0,100.02,Rain Showers,11,5.3,5.734612748292427
2012-11-03 00:00:00,5.3,2.3,81,17,25.0,100.06,Rain Showers,11,4.9,5.394709816511595
2012-11-03 01:00:00,4.9,2.2,83,13,25.0,100.1,Rain,11,4.7,5.041146962876352
2012-11-03 02:00:00,4.7,1.9,82,17,25.0,100.13,Rain,11,4.5,4.802077106745569
2012-11-03 03:00:00,4.5,1.2,79,17,25.0,100.14,Cloudy,11,4.1,4.5859984252383645
2012-11-03 04:00:00,4.1,0.9,80,20,25.0,100.17,Mostly Cloudy,11,4.0,4.165721213087834
2012-11-03 05:00:00,4.0,0.7,79,19,25.0,100.22,Cloudy,11,3.7,4.069854178596952
2012-11-03 06:00:00,3.7,0.2,78,17,25.0,100.27,Mostly Cloudy,11,3.5,3.782091210700836
2012-11-03 07:00:00,3.5,0.3,80,20,24.1,100.33,Cloudy,11,4.2,3.567204102672026
2012-11-03 08:00:00,4.2,1.2,81,20,24.1,100.39,Cloudy,11,4.8,4.271358465473587
2012-11-03 09:00:00,4.8,1.0,76,22,25.0,100.42,Cloudy,11,5.1,4.82523403250707
2012-11-03 10:00:00,5.1,1.6,78,22,24.1,100.45,Rain Showers,11,5.3,5.13518116510046
2012-11-03 11:00:00,5.3,2.2,80,24,24.1,100.45,Rain Showers,11,5.4,5.32907568191039
2012-11-03 12:00:00,5.4,2.0,79,22,24.1,100.45,Drizzle,11,5.1,5.439243897044065
2012-11-03 13:00:00,5.1,2.6,84,22,24.1,100.46,Drizzle,11,5.5,5.1683271211709965
2012-11-03 14:00:00,5.5,2.6,82,20,24.1,100.47,Drizzle,11,5.4,5.572949714776874
2012-11-03 15:00:00,5.4,2.7,83,24,24.1,100.52,Drizzle,11,5.0,5.444321287767544
2012-11-03 16:00:00,5.0,2.7,85,20,24.1,100.57,Drizzle,11,5.0,5.091838658046385
2012-11-03 17:00:00,5.0,2.3,83,20,24.1,100.62,Drizzle,11,4.7,5.0800698567468165
2012-11-03 18:00:00,4.7,2.4,85,13,25.0,100.66,Drizzle,11,4.8,4.853410060703984
2012-11-03 19:00:00,4.8,2.3,84,15,25.0,100.69,Drizzle,11,5.0,4.929898523828595
2012-11-03 20:00:00,5.0,1.6,79,17,25.0,100.73,Cloudy,11,5.0,5.083682460004122
2012-11-03 21:00:00,5.0,0.9,75,15,25.0,100.76,Cloudy,11,4.7,5.078605069280644
2012-11-03 22:00:00,4.7,0.5,74,17,25.0,100.79,Cloudy,11,4.3,4.757162349375465
2012-11-03 23:00:00,4.3,-0.1,73,17,25.0,100.82,Cloudy,11,3.8,4.352266541781808
2012-11-04 00:00:00,3.8,-0.3,75,15,25.0,100.85,Mostly Cloudy,11,3.2,3.8815708484490243
2012-11-04 01:00:00,3.2,-0.7,76,11,25.0,100.87,Mostly Cloudy,11,3.0,3.323698114606145
2012-11-04 02:00:00,3.0,-1.3,73,15,25.0,100.88,Mostly Cloudy,11,3.1,3.0739396810898776
2012-11-04 03:00:00,3.1,-1.2,73,17,25.0,100.88,Mostly Cloudy,11,2.9,3.156312544864274
2012-11-04 04:00:00,2.9,-0.9,76,19,25.0,100.9,Cloudy,11,3.0,2.955999831466033
2012-11-04 05:00:00,3.0,-1.0,75,15,25.0,100.96,Cloudy,11,3.0,3.0846282584753624
2012-11-04 06:00:00,3.0,-1.6,72,17,25.0,100.99,Cloudy,11,2.8,3.0495950685644386
2012-11-04 07:00:00,2.8,-1.9,71,15,25.0,101.05,Cloudy,11,2.2,2.8626651763183735
2012-11-04 08:00:00,2.2,-1.2,78,17,24.1,101.11,"Rain Showers,Snow Showers",11,2.9,2.2868786585753966
2012-11-04 09:00:00,2.9,-1.2,74,17,24.1,101.12,Snow Showers,11,3.0,2.9626912420421214
2012-11-04 10:00:00,3.0,-2.2,69,19,24.1,101.1,Mostly Cloudy,11,3.3,3.0145618786535144
2012-11-04 11:00:00,3.3,-2.3,67,13,24.1,101.08,Cloudy,11,3.7,3.3541915964465683
2012-11-04 12:00:00,3.7,-2.4,64,13,24.1,101.07,Cloudy,11,3.4,3.7366300253551725
2012-11-04 13:00:00,3.4,-2.6,65,11,24.1,101.09,Cloudy,11,3.4,3.4595556348445413
2012-11-04 14:00:00,3.4,-3.3,61,15,24.1,101.08,Cloudy,11,3.6,3.4023382802363438
2012-11-04 15:00:00,3.6,-3.9,58,17,24.1,101.08,Cloudy,11,3.5,3.5646503459691905
2012-11-04 16:00:00,3.5,-4.5,56,13,24.1,101.12,Cloudy,11,3.2,3.486808444942716
2012-11-04 17:00:00,3.2,-4.1,59,13,24.1,101.17,Cloudy,11,3.0,3.206283315598246
2012-11-04 18:00:00,3.0,-4.5,58,11,25.0,101.21,Cloudy,11,2.5,3.0182731994380987
2012-11-04 19:00:00,2.5,-4.3,61,9,25.0,101.25,Cloudy,11,2.2,2.5556223545832646
2012-11-04 20:00:00,2.2,-5.2,58,13,25.0,101.28,Cloudy,11,2.0,2.203950621502864
2012-11-04 21:00:00,2.0,-5.1,59,13,25.0,101.3,Cloudy,11,1.8,2.0114095425947944
2012-11-04 22:00:00,1.8,-5.1,60,9,25.0,101.3,Cloudy,11,1.7,1.8525482156957869
2012-11-04 23:00:00,1.7,-5.0,61,11,25.0,101.27,Cloudy,11,1.5,1.7412997766480298
2012-11-05 00:00:00,1.5,-4.9,62,9,25.0,101.28,Cloudy,11,1.2,1.5661386857015331
2012-11-05 01:00:00,1.2,-4.8,64,11,25.0,101.27,Cloudy,11,1.3,1.261268943831624
2012-11-05 02:00:00,1.3,-6.0,58,17,25.0,101.29,Cloudy,11,0.8,1.2724952038700887
2012-11-05 03:00:00,0.8,-7.7,53,17,25.0,101.29,Cloudy,11,0.4,0.7421484941131621
2012-11-05 04:00:00,0.4,-7.0,58,13,25.0,101.32,Cloudy,11,-1.1,0.40839929025543686
2012-11-05 05:00:00,-1.1,-6.7,66,11,25.0,101.34,Mostly Cloudy,11,-0.6,-1.021277844796076
2012-11-05 06:00:00,-0.6,-5.1,72,11,25.0,101.38,Mostly Cloudy,11,-0.3,-0.48828740613161475
2012-11-05 07:00:00,-0.3,-5.9,66,15,24.1,101.4,Mostly Cloudy,11,-0.5,-0.2580150068314755
2012-11-05 08:00:00,-0.5,-5.8,67,15,24.1,101.45,Mainly Clear,11,0.8,-0.45055608573954475
2012-11-05 09:00:00,0.8,-6.0,60,17,24.1,101.46,Mainly Clear,11,1.8,0.7865799704038985
2012-11-05 10:00:00,1.8,-7.0,52,17,48.3,101.49,Mainly Clear,11,1.7,1.7327123869089767
2012-11-05 11:00:00,1.7,-7.4,51,17,48.3,101.47,Mostly Cloudy,11,1.8,1.6259949106091416
2012-11-05 12:00:00,1.8,-7.7,49,15,48.3,101.44,Mostly Cloudy,11,1.9,1.7313589490071144
2012-11-05 13:00:00,1.9,-8.2,47,17,48.3,101.44,Mostly Cloudy,11,1.8,1.799802563653776
2012-11-05 14:00:00,1.8,-8.3,47,15,48.3,101.42,Cloudy,11,1.8,1.7174296998793803
2012-11-05 15:00:00,1.8,-7.6,50,20,24.1,101.41,Mostly Cloudy,11,1.1,1.6927131558388844
2012-11-05 16:00:00,1.1,-6.0,59,19,24.1,101.44,Snow Showers,11,0.9,1.0614939130863636
2012-11-05 17:00:00,0.9,-7.8,52,17,25.0,101.49,Mostly Cloudy,11,0.5,0.8360169451993463
2012-11-05 18:00:00,0.5,-8.6,50,20,25.0,101.57,Mostly Cloudy,11,-0.6,0.3991667550135473
2012-11-05 19:00:00,-0.6,-10.4,47,13,25.0,101.62,Mostly Cloudy,11,-1.0,-0.6560180820800338
2012-11-05 20:00:00,-1.0,-9.5,52,7,25.0,101.64,Mostly Cloudy,11,-2.0,-0.9702268501480205
2012-11-05 21:00:00,-2.0,-9.1,58,7,25.0,101.66,Mainly Clear,11,-2.2,-1.9302885157808323
2012-11-05 22:00:00,-2.2,-9.6,57,11,25.0,101.65,Mainly Clear,11,-3.2,-2.171518819739781
2012-11-05 23:00:00,-3.2,-9.6,61,9,25.0,101.65,Mainly Clear,11,-2.9,-3.1259692987105883
2012-11-06 00:00:00,-2.9,-9.9,58,15,25.0,101.68,Mainly Clear,11,-3.6,-2.8965039093367526
2012-11-06 01:00:00,-3.6,-10.3,60,13,25.0,101.69,Clear,11,-4.7,-3.5667053061414724
2012-11-06 02:00:00,-4.7,-9.7,68,9,25.0,101.72,Clear,11,-5.5,-4.5810712702016225
2012-11-06 03:00:00,-5.5,-8.9,77,4,25.0,101.76,Clear,11,-3.3,-5.284844956165549
2012-11-06 04:00:00,-3.3,-9.9,60,0,25.0,101.76,Mostly Cloudy,11,-3.0,-3.153396605269264
2012-11-06 05:00:00,-3.0,-8.9,64,0,25.0,101.79,Mostly Cloudy,11,-3.7,-2.8316806713763074
2012-11-06 06:00:00,-3.7,-7.5,75,6,25.0,101.83,Mostly Cloudy,11,-3.4,-3.5184424141792623
2012-11-06 07:00:00,-3.4,-7.0,76,6,48.3,101.86,Mostly Cloudy,11,-1.6,-3.2132994583215737
2012-11-06 08:00:00,-1.6,-5.6,74,6,48.3,101.89,Mainly Clear,11,-0.2,-1.4295169283737148
2012-11-06 09:00:00,-0.2,-5.8,66,7,48.3,101.9,Mainly Clear,11,0.4,-0.08874220324921765
2012-11-06 10:00:00,0.4,-6.1,62,7,48.3,101.93,Mostly Cloudy,11,1.9,0.48515708065337265
2012-11-06 11:00:00,1.9,-4.5,62,9,48.3,101.94,Mostly Cloudy,11,1.5,1.9651500926454057
2012-11-06 12:00:00,1.5,-6.4,56,17,48.3,101.89,Cloudy,11,2.3,1.458071658214291
2012-11-06 13:00:00,2.3,-7.7,48,15,48.3,101.88,Mostly Cloudy,11,2.1,2.2209981352949213
2012-11-06 14:00:00,2.1,-7.4,49,9,48.3,101.87,Mostly Cloudy,11,2.6,2.082757468099736
2012-11-06 15:00:00,2.6,-7.7,47,15,48.3,101.87,Mostly Cloudy,11,1.9,2.5132920659389595
2012-11-06 16:00:00,1.9,-8.1,47,13,48.3,101.87,Mostly Cloudy,11,0.0,1.835642763491004
2012-11-06 17:00:00,0.0,-7.5,57,6,48.3,101.89,Mainly Clear,11,-0.9,0.06541366444136679
2012-11-06 18:00:00,-0.9,-7.8,59,4,25.0,101.89,Clear,11,-0.3,-0.8010527640930403
2012-11-06 19:00:00,-0.3,-7.7,57,0,25.0,101.93,Clear,11,-1.5,-0.1806247029677374
2012-11-06 20:00:00,-1.5,-7.3,65,0,25.0,101.94,Clear,11,-0.7,-1.3305837186010843
2012-11-06 21:00:00,-0.7,-6.9,63,4,25.0,101.97,Clear,11,-0.9,-0.5790896819360514
2012-11-06 22:00:00,-0.9,-6.6,65,4,25.0,101.98,Clear,11,-1.5,-0.765746360194337
2012-11-06 23:00:00,-1.5,-6.4,69,6,25.0,101.96,Clear,11,-0.6,-1.3581058559725827
2012-11-07 00:00:00,-0.6,-5.9,67,7,25.0,101.93,Clear,11,-0.9,-0.48078898562922323
2012-11-07 01:00:00,-0.9,-6.5,66,9,25.0,101.9,Clear,11,-2.6,-0.8043921533625672
2012-11-07 02:00:00,-2.6,-6.9,72,7,25.0,101.94,Clear,11,-3.6,-2.446424017099667
2012-11-07 03:00:00,-3.6,-6.1,83,9,25.0,101.95,Clear,11,-4.0,-3.400925010929631
2012-11-07 04:00:00,-4.0,-6.2,85,11,25.0,102.02,Clear,11,-4.3,-3.8066278284495914
2012-11-07 05:00:00,-4.3,-6.5,85,13,25.0,101.98,Clear,11,-4.2,-4.123266371619067
2012-11-07 06:00:00,-4.2,-6.4,85,13,25.0,101.92,Mainly Clear,11,-3.7,-4.0235135198831
2012-11-07 07:00:00,-3.7,-6.3,82,15,24.1,101.96,Mainly Clear,11,-3.1,-3.557622003286017
2012-11-07 08:00:00,-3.1,-6.0,80,17,24.1,102.0,Mainly Clear,11,-1.3,-2.987173458217265
2012-11-07 09:00:00,-1.3,-6.6,67,22,24.1,102.02,Mostly Cloudy,11,0.0,-1.3094088574927936
2012-11-07 10:00:00,0.0,-6.8,60,20,24.1,102.01,Mostly Cloudy,11,1.1,-0.037512825426205335
2012-11-07 11:00:00,1.1,-7.4,53,26,24.1,101.97,Mostly Cloudy,11,2.1,0.9631971034939908
2012-11-07 12:00:00,2.1,-7.4,49,26,24.1,101.88,Mostly Cloudy,11,2.4,1.9350275704263704
2012-11-07 13:00:00,2.4,-7.5,48,32,24.1,101.78,Mostly Cloudy,11,2.2,2.174101313271607
2012-11-07 14:00:00,2.2,-7.4,49,24,24.1,101.75,Mostly Cloudy,11,1.8,2.0510801862098282
2012-11-07 15:00:00,1.8,-7.8,49,24,24.1,101.73,Mostly Cloudy,11,1.5,1.6520687792659554
2012-11-07 16:00:00,1.5,-7.1,53,26,24.1,101.7,Mostly Cloudy,11,1.2,1.3611282865237802
2012-11-07 17:00:00,1.2,-6.2,58,20,25.0,101.67,Mainly Clear,11,1.0,1.1455921462776788
2012-11-07 18:00:00,1.0,-5.6,61,19,25.0,101.68,Mostly Cloudy,11,1.4,0.9745900865640463
2012-11-07 19:00:00,1.4,-6.7,55,20,25.0,101.69,Mainly Clear,11,1.3,1.3263644238861803
2012-11-07 20:00:00,1.3,-7.8,51,26,25.0,101.65,Mostly Cloudy,11,0.8,1.1487735578381932
2012-11-07 21:00:00,0.8,-6.4,59,22,25.0,101.64,Mainly Clear,11,0.0,0.7350851520220175
2012-11-07 22:00:00,0.0,-5.6,66,22,25.0,101.58,Clear,11,-0.7,-0.019586409489074398
2012-11-07 23:00:00,-0.7,-4.7,74,22,25.0,101.55,Mostly Cloudy,11,-0.2,-0.6707811664425803
2012-11-08 00:00:00,-0.2,-4.5,73,26,25.0,101.54,Mostly Cloudy,11,-0.9,-0.21374150824975138
2012-11-08 01:00:00,-0.9,-4.9,74,30,25.0,101.49,Mostly Cloudy,11,-1.0,-0.9398068217608064
2012-11-08 02:00:00,-1.0,-6.0,69,33,25.0,101.48,Mostly Cloudy,11,-0.8,-1.0950516586880525
2012-11-08 03:00:00,-0.8,-5.8,69,20,25.0,101.46,Mostly Cloudy,11,-1.3,-0.7825760334658955
2012-11-08 04:00:00,-1.3,-5.9,71,26,25.0,101.44,Mostly Cloudy,11,-1.3,-1.321711454730886
2012-11-08 05:00:00,-1.3,-6.2,69,22,25.0,101.43,Mainly Clear,11,-1.4,-1.2976400561932258
2012-11-08 06:00:00,-1.4,-5.7,72,19,25.0,101.42,Mainly Clear,11,-1.0,-1.3536697240374838
2012-11-08 07:00:00,-1.0,-5.1,74,26,24.1,101.44,Mostly Cloudy,11,-0.2,-1.0058799214877128
2012-11-08 08:00:00,-0.2,-4.6,72,20,24.1,101.46,Mostly Cloudy,11,0.8,-0.16640572110073495
2012-11-08 09:00:00,0.8,-4.4,68,19,24.1,101.45,Cloudy,11,2.4,0.8162751876405974
2012-11-08 10:00:00,2.4,-3.9,63,30,24.1,101.41,Mostly Cloudy,11,2.6,2.2862286544644372
2012-11-08 11:00:00,2.6,-4.0,62,30,24.1,101.38,Mostly Cloudy,11,3.9,2.4787697333725065
2012-11-08 12:00:00,3.9,-3.6,58,24,24.1,101.29,Mostly Cloudy,11,4.7,3.8030789433115912
2012-11-08 13:00:00,4.7,-3.3,56,26,24.1,101.24,Mostly Cloudy,11,5.1,4.570872744024113
2012-11-08 14:00:00,5.1,-3.4,54,26,24.1,101.21,Mostly Cloudy,11,5.2,4.957035125754335
2012-11-08 15:00:00,5.2,-3.3,54,20,24.1,101.18,Mostly Cloudy,11,4.4,5.108927941375021
2012-11-08 16:00:00,4.4,-3.8,55,19,24.1,101.17,Mostly Cloudy,11,3.2,4.326559746031928
2012-11-08 17:00:00,3.2,-4.2,58,13,24.1,101.2,Mostly Cloudy,11,2.4,3.2014791388625454
2012-11-08 18:00:00,2.4,-3.0,67,7,25.0,101.25,Mostly Cloudy,11,1.8,2.5107163425357384
2012-11-08 19:00:00,1.8,-3.3,69,9,25.0,101.27,Mostly Cloudy,11,1.7,1.905507821543842
2012-11-08 20:00:00,1.7,-4.8,62,19,25.0,101.28,Mostly Cloudy,11,0.5,1.6776642254515242
2012-11-08 21:00:00,0.5,-4.6,69,13,25.0,101.24,Mainly Clear,11,-0.3,0.5739607730531109
2012-11-08 22:00:00,-0.3,-4.8,72,11,25.0,101.21,Mainly Clear,11,-1.3,-0.18902885092371036
2012-11-08 23:00:00,-1.3,-5.0,76,7,25.0,101.19,Mainly Clear,11,-3.4,-1.1282597897611115
2012-11-09 00:00:00,-3.4,-5.7,84,7,25.0,101.21,Mainly Clear,11,-3.7,-3.178154918846338
2012-11-09 01:00:00,-3.7,-5.9,85,7,25.0,101.18,Mainly Clear,11,-4.3,-3.472609297318542
2012-11-09 02:00:00,-4.3,-6.3,86,7,25.0,101.19,Clear,11,-3.6,-4.065242007084567
2012-11-09 03:00:00,-3.6,-5.6,86,7,25.0,101.19,Clear,11,-3.4,-3.3669720449327896
2012-11-09 04:00:00,-3.4,-5.2,87,7,25.0,101.2,Clear,11,-5.4,-3.1615819408110695
2012-11-09 05:00:00,-5.4,-6.7,91,7,25.0,101.22,Mainly Clear,11,-3.2,-5.136342044673547
2012-11-09 06:00:00,-3.2,-4.8,89,7,25.0,101.25,Mainly Clear,11,-2.5,-2.9524678838677314
2012-11-09 07:00:00,-2.5,-4.2,88,7,24.1,101.3,Mostly Cloudy,11,-1.6,-2.259002098451655
2012-11-09 08:00:00,-1.6,-3.6,86,7,48.3,101.36,Mostly Cloudy,11,1.3,-1.3719150102134265
2012-11-09 09:00:00,1.3,-2.4,76,17,48.3,101.34,Mostly Cloudy,11,2.3,1.3784144155661986
2012-11-09 10:00:00,2.3,-3.3,66,19,48.3,101.36,Cloudy,11,3.3,2.3007991623805517
2012-11-09 11:00:00,3.3,-4.1,58,20,48.3,101.36,Mostly Cloudy,11,3.4,3.24040203273301
2012-11-09 12:00:00,3.4,-3.6,60,22,48.3,101.31,Mostly Cloudy,11,4.0,3.3345436978069736
2012-11-09 13:00:00,4.0,-3.2,59,20,24.1,101.26,Cloudy,11,4.8,3.944556395534571
2012-11-09 14:00:00,4.8,-2.7,58,20,24.1,101.27,Mostly Cloudy,11,4.6,4.735614584858449
2012-11-09 15:00:00,4.6,-2.0,62,24,24.1,101.29,Cloudy,11,4.5,4.525966731976586
2012-11-09 16:00:00,4.5,-1.9,63,26,24.1,101.32,Cloudy,11,4.6,4.41471829292883
2012-11-09 17:00:00,4.6,-1.2,66,22,25.0,101.36,Cloudy,11,4.6,4.566884322537295
2012-11-09 18:00:00,4.6,-0.5,69,15,25.0,101.42,Cloudy,11,4.6,4.646447706266232
2012-11-09 19:00:00,4.6,-0.3,70,15,25.0,101.45,Cloudy,11,4.2,4.652332106916017
2012-11-09 20:00:00,4.2,-0.3,72,11,25.0,101.47,Cloudy,11,4.6,4.299849477194856
2012-11-09 21:00:00,4.6,0.5,75,9,25.0,101.54,Cloudy,11,4.5,4.731733626221488
2012-11-09 22:00:00,4.5,0.6,76,11,25.0,101.48,Mostly Cloudy,11,4.0,4.62048518717373
2012-11-09 23:00:00,4.0,0.8,80,15,25.0,101.5,Mostly Cloudy,11,2.8,4.109418331255798
2012-11-10 00:00:00,2.8,0.4,84,13,25.0,101.55,Mostly Cloudy,11,3.6,2.9533017009848876
2012-11-10 01:00:00,3.6,0.6,81,9,25.0,101.62,Mostly Cloudy,11,2.7,3.7684312888464264
2012-11-10 02:00:00,2.7,-0.5,79,9,25.0,101.66,Mainly Clear,11,2.6,2.861047269751311
2012-11-10 03:00:00,2.6,-2.7,68,11,25.0,101.75,Mainly Clear,11,1.1,2.680266246820231
2012-11-10 04:00:00,1.1,-3.5,71,11,25.0,101.84,Mainly Clear,11,0.7,1.2027068966441432
2012-11-10 05:00:00,0.7,-4.0,71,6,25.0,101.98,Mainly Clear,11,-0.6,0.8460652356901184
2012-11-10 06:00:00,-0.6,-5.2,71,9,25.0,102.07,Mainly Clear,11,-1.4,-0.4757115949057432
2012-11-10 07:00:00,-1.4,-6.0,71,13,24.1,102.22,Clear,11,0.4,-1.3084943847166333
2012-11-10 08:00:00,0.4,-4.9,68,13,24.1,102.32,Clear,11,2.0,0.46832352066735883
2012-11-10 09:00:00,2.0,-5.2,59,15,48.3,102.39,Clear,11,2.4,1.9929493307191386
2012-11-10 10:00:00,2.4,-5.9,54,7,48.3,102.43,Mainly Clear,11,3.3,2.4309784623462987
2012-11-10 11:00:00,3.3,-7.3,46,6,48.3,102.45,Mainly Clear,11,4.2,3.2828073493539454
2012-11-10 12:00:00,4.2,-7.7,42,6,48.3,102.43,Mainly Clear,11,4.7,4.151644292808108
2012-11-10 13:00:00,4.7,-8.0,39,6,48.3,102.39,Mostly Cloudy,11,5.6,4.630594901710431
2012-11-10 14:00:00,5.6,-7.6,38,4,48.3,102.37,Mostly Cloudy,11,5.2,5.536625482903683
2012-11-10 15:00:00,5.2,-6.9,41,11,48.3,102.4,Mostly Cloudy,11,3.6,5.099838439614074
2012-11-10 16:00:00,3.6,-8.2,42,9,48.3,102.39,Mostly Cloudy,11,3.5,3.5281374243640236
2012-11-10 17:00:00,3.5,-7.8,43,7,25.0,102.47,Mostly Cloudy,11,3.4,3.454889632981661
2012-11-10 18:00:00,3.4,-7.0,46,7,25.0,102.53,Mostly Cloudy,11,2.6,3.376030654937294
2012-11-10 19:00:00,2.6,-6.4,51,7,25.0,102.58,Mainly Clear,11,2.6,2.6117507399548003
2012-11-10 20:00:00,2.6,-5.3,56,15,25.0,102.56,Mainly Clear,11,1.8,2.572733015271513
2012-11-10 21:00:00,1.8,-6.1,56,9,25.0,102.53,Clear,11,0.9,1.8268501652684852
2012-11-10 22:00:00,0.9,-4.6,67,11,25.0,102.55,Mainly Clear,11,1.1,0.9785833666589882
2012-11-10 23:00:00,1.1,-6.7,56,11,25.0,102.5,Mainly Clear,11,2.4,1.1122804390692187
2012-11-11 00:00:00,2.4,-7.2,49,7,25.0,102.45,Mostly Cloudy,11,2.7,2.3983157873551297
2012-11-11 01:00:00,2.7,-7.3,48,13,25.0,102.34,Mostly Cloudy,11,3.0,2.637389530200367
2012-11-11 02:00:00,3.0,-7.8,45,11,25.0,102.33,Cloudy,11,3.1,2.934214423592326
2012-11-11 03:00:00,3.1,-7.6,45,17,25.0,102.24,Cloudy,11,0.9,2.9829075353576604
2012-11-11 04:00:00,0.9,-4.3,68,20,25.0,102.34,Cloudy,11,0.3,0.9073380453957793
2012-11-11 05:00:00,0.3,-4.0,73,20,25.0,102.23,Rain,11,0.5,0.33716271431480666
2012-11-11 06:00:00,0.5,-2.3,81,17,25.0,102.26,Rain,11,0.6,0.6087333810132896
2012-11-11 07:00:00,0.6,-2.1,82,22,24.1,102.3,Cloudy,11,0.6,0.6698404395810276
2012-11-11 08:00:00,0.6,-2.0,83,20,24.1,102.34,Cloudy,11,1.1,0.6920246042783008
2012-11-11 09:00:00,1.1,-2.0,80,20,24.1,102.29,Cloudy,11,1.7,1.174215884922873
2012-11-11 10:00:00,1.7,-0.6,85,17,24.1,102.31,Rain Showers,11,2.9,1.826064532701794
2012-11-11 11:00:00,2.9,-0.2,80,22,24.1,102.21,Rain Showers,11,3.7,2.9523872282087273
2012-11-11 12:00:00,3.7,0.3,78,24,24.1,102.15,Mostly Cloudy,11,5.5,3.7223414767494156
2012-11-11 13:00:00,5.5,1.4,75,17,48.3,102.11,Mainly Clear,11,6.3,5.5599893399989115
2012-11-11 14:00:00,6.3,1.6,72,20,48.3,102.08,Clear,11,7.0,6.314288969994946
2012-11-11 15:00:00,7.0,1.9,70,19,48.3,102.07,Mainly Clear,11,6.6,7.009480124827942
2012-11-11 16:00:00,6.6,1.8,71,20,24.1,102.07,Mostly Cloudy,11,4.8,6.60874334846715
2012-11-11 17:00:00,4.8,1.5,79,17,25.0,102.12,Mostly Cloudy,11,3.3,4.885256980446269
2012-11-11 18:00:00,3.3,1.1,85,13,25.0,102.13,Mainly Clear,11,1.9,3.457950360314512
2012-11-11 19:00:00,1.9,0.2,88,17,25.0,102.14,Clear,11,1.5,2.043223438123082
2012-11-11 20:00:00,1.5,-0.1,89,15,25.0,102.15,Clear,11,1.3,1.6663961958764824
2012-11-11 21:00:00,1.3,-0.3,89,15,25.0,102.13,Mainly Clear,11,1.0,1.4668904924045463
2012-11-11 22:00:00,1.0,-0.5,90,13,25.0,102.07,Clear,11,1.1,1.1898161018939148
2012-11-11 23:00:00,1.1,-0.3,90,15,25.0,102.04,Clear,11,0.9,1.2732691895823938
2012-11-12 00:00:00,0.9,-0.3,92,19,19.3,101.99,Mainly Clear,11,0.6,1.048611863658714
2012-11-12 01:00:00,0.6,-0.8,90,17,25.0,101.97,Mainly Clear,11,0.4,0.7571249429409804
2012-11-12 02:00:00,0.4,-0.7,92,15,19.3,101.98,Mainly Clear,11,0.2,0.5856878048161013
2012-11-12 03:00:00,0.2,-0.9,92,15,19.3,101.94,Clear,11,-0.3,0.3861821013441649
2012-11-12 04:00:00,-0.3,-1.1,94,11,19.3,101.95,Clear,11,-0.2,-0.06713360402704638
2012-11-12 05:00:00,-0.2,-1.2,93,11,19.3,101.91,Clear,11,-0.3,0.02673484705913791
2012-11-12 06:00:00,-0.3,-1.2,94,13,19.3,101.87,Mainly Clear,11,-0.2,-0.08559381590270186
2012-11-12 07:00:00,-0.2,-1.0,94,11,16.1,101.9,Mainly Clear,11,1.0,0.032619247708921786
2012-11-12 08:00:00,1.0,0.0,93,9,19.3,101.88,Mainly Clear,11,4.2,1.2411490558523284
2012-11-12 09:00:00,4.2,1.8,84,7,19.3,101.83,Mainly Clear,11,7.2,4.401981589173159
2012-11-12 10:00:00,7.2,3.3,76,6,19.3,101.78,Mostly Cloudy,11,11.8,7.357262153948802
2012-11-12 11:00:00,11.8,5.3,64,6,19.3,101.71,Mostly Cloudy,11,17.5,11.873120078177767
2012-11-12 12:00:00,17.5,8.5,55,13,19.3,101.61,Mostly Cloudy,11,16.9,17.437681496015813
2012-11-12 13:00:00,16.9,8.4,57,22,24.1,101.52,Mostly Cloudy,11,16.3,16.77380346498657
2012-11-12 14:00:00,16.3,8.2,59,22,24.1,101.43,Cloudy,11,17.0,16.187055155870333
2012-11-12 15:00:00,17.0,8.4,57,20,24.1,101.33,Cloudy,11,16.7,16.88985608077003
2012-11-12 16:00:00,16.7,8.0,56,22,24.1,101.21,Cloudy,11,17.1,16.568413360864852
2012-11-12 17:00:00,17.1,7.5,53,33,25.0,101.13,Mostly Cloudy,11,17.1,16.85094096032848
2012-11-12 18:00:00,17.1,7.3,52,35,25.0,101.09,Mainly Clear,11,17.1,16.82767657171712
2012-11-12 19:00:00,17.1,7.8,54,32,25.0,100.98,Mainly Clear,11,16.4,16.86659557887313
2012-11-12 20:00:00,16.4,7.5,56,33,25.0,100.91,Mostly Cloudy,11,15.9,16.171404424040134
2012-11-12 21:00:00,15.9,7.7,58,30,25.0,100.9,Cloudy,11,16.0,15.713719620344472
2012-11-12 22:00:00,16.0,8.2,60,26,25.0,100.87,Cloudy,11,15.6,15.860001249303151
2012-11-12 23:00:00,15.6,8.9,64,24,25.0,100.84,Cloudy,11,14.8,15.505148104662236
2012-11-13 00:00:00,14.8,10.0,73,48,25.0,100.94,Rain,11,9.1,14.552605264997762
2012-11-13 01:00:00,9.1,7.4,89,37,12.9,101.25,Rain,11,8.0,9.055352836318681
2012-11-13 02:00:00,8.0,6.2,88,35,25.0,101.36,Rain,11,7.9,7.970647278448905
2012-11-13 03:00:00,7.9,5.6,85,41,25.0,101.45,Rain,11,6.2,7.802181484792952
2012-11-13 04:00:00,6.2,4.1,86,28,25.0,101.53,Rain,11,5.6,6.225237327681497
2012-11-13 05:00:00,5.6,3.4,86,30,25.0,101.6,Rain,11,5.7,5.608260005390031
2012-11-13 06:00:00,5.7,3.3,85,30,25.0,101.76,Cloudy,11,5.4,5.702128456476217
2012-11-13 07:00:00,5.4,2.3,80,30,24.1,101.78,Cloudy,11,5.2,5.376688569761642
2012-11-13 08:00:00,5.2,0.9,74,33,24.1,101.89,Mostly Cloudy,11,4.6,5.115806480448644
2012-11-13 09:00:00,4.6,-1.2,66,32,24.1,101.95,Mostly Cloudy,11,4.7,4.479984382729432
2012-11-13 10:00:00,4.7,-1.3,65,37,24.1,102.07,Mostly Cloudy,11,4.8,4.530402863911686
2012-11-13 11:00:00,4.8,-2.0,61,30,48.3,102.09,Mostly Cloudy,11,6.1,4.667448070914022
2012-11-13 12:00:00,6.1,-1.8,57,28,48.3,102.08,Mostly Cloudy,11,5.3,5.954836857101796
2012-11-13 13:00:00,5.3,-3.2,54,33,48.3,102.13,Mostly Cloudy,11,5.6,5.095710871360768
2012-11-13 14:00:00,5.6,-6.5,41,30,24.1,102.18,Mainly Clear,11,5.4,5.333739960923008
2012-11-13 15:00:00,5.4,-2.9,55,28,24.1,102.25,Mainly Clear,11,4.9,5.244798093650451
2012-11-13 16:00:00,4.9,-5.1,48,24,24.1,102.33,Mainly Clear,11,3.7,4.736362334603018
2012-11-13 17:00:00,3.7,-6.1,49,13,25.0,102.41,Clear,11,2.5,3.6408024482098327
2012-11-13 18:00:00,2.5,-5.5,56,11,25.0,102.54,Clear,11,0.8,2.5066599155446068
2012-11-13 19:00:00,0.8,-5.6,62,11,25.0,102.6,Clear,11,-0.7,0.8504887355881837
2012-11-13 20:00:00,-0.7,-6.0,67,9,25.0,102.68,Clear,11,-1.0,-0.5979218253267639
2012-11-13 21:00:00,-1.0,-6.0,69,7,25.0,102.75,Clear,11,-0.9,-0.8691118151876113
2012-11-13 22:00:00,-0.9,-5.7,70,7,25.0,102.81,Clear,11,-1.5,-0.7634745628018593
2012-11-13 23:00:00,-1.5,-5.9,72,7,25.0,102.84,Clear,11,-0.1,-1.3502228719181004
2012-11-14 00:00:00,-0.1,-6.0,64,4,25.0,102.91,Clear,11,-0.7,0.02639205304362445
2012-11-14 01:00:00,-0.7,-5.7,69,6,25.0,102.91,Clear,11,-2.3,-0.5611632659989204
2012-11-14 02:00:00,-2.3,-6.1,75,6,25.0,102.97,Clear,11,-2.4,-2.1219024898757075
2012-11-14 03:00:00,-2.4,-6.7,72,6,25.0,102.99,Clear,11,-4.0,-2.2382283196469444
2012-11-14 04:00:00,-4.0,-7.0,80,4,25.0,103.01,Clear,11,-4.7,-3.7730594260048407
2012-11-14 05:00:00,-4.7,-6.6,87,4,25.0,103.09,Clear,11,-3.6,-4.43337925535038
2012-11-14 06:00:00,-3.6,-6.1,83,4,25.0,103.15,Clear,11,-5.2,-3.3574750410256997
2012-11-14 07:00:00,-5.2,-7.0,87,4,48.3,103.25,Clear,11,-3.0,-4.931063290116138
2012-11-14 08:00:00,-3.0,-4.9,87,4,48.3,103.29,Clear,11,0.6,-2.737580775838921
2012-11-14 09:00:00,0.6,-3.1,76,6,24.1,103.31,Clear,11,2.4,0.7757343872030698
2012-11-14 10:00:00,2.4,-4.3,61,2,24.1,103.34,Clear,11,4.6,2.5177796846268827
2012-11-14 11:00:00,4.6,-5.0,50,4,24.1,103.31,Clear,11,4.8,4.6226724603104055
2012-11-14 12:00:00,4.8,-6.4,44,7,24.1,103.25,Mainly Clear,11,4.8,4.756480882284947
2012-11-14 13:00:00,4.8,-6.6,43,4,48.3,103.2,Mainly Clear,11,5.2,4.776666463577523
2012-11-14 14:00:00,5.2,-6.2,44,6,48.3,103.15,Clear,11,4.6,5.16202183538144
2012-11-14 15:00:00,4.6,-7.4,41,6,48.3,103.15,Clear,11,4.2,4.545851523016279
2012-11-14 16:00:00,4.2,-7.4,43,6,48.3,103.16,Mainly Clear,11,3.6,4.158608917371975
2012-11-14 17:00:00,3.6,-7.2,45,7,24.1,103.15,Mainly Clear,11,2.8,3.56749150993128
2012-11-14 18:00:00,2.8,-6.3,51,7,25.0,103.16,Clear,11,2.5,2.810176219512653
2012-11-14 19:00:00,2.5,-5.9,54,9,25.0,103.17,Clear,11,2.1,2.5122711022066113
2012-11-14 20:00:00,2.1,-5.8,56,11,25.0,103.18,Clear,11,1.8,2.1087287325148174
2012-11-14 21:00:00,1.8,-6.1,56,7,25.0,103.16,Clear,11,1.4,1.8442301532300576
2012-11-14 22:00:00,1.4,-5.7,59,13,25.0,103.15,Clear,11,0.4,1.412892432178985
2012-11-14 23:00:00,0.4,-6.2,61,11,25.0,103.12,Clear,11,-1.4,0.44559292799452704
2012-11-15 00:00:00,-1.4,-6.1,70,13,25.0,103.1,Clear,11,-2.0,-1.313298561452334
2012-11-15 01:00:00,-2.0,-5.1,79,9,25.0,103.06,Mainly Clear,11,-2.3,-1.8262565379251092
2012-11-15 02:00:00,-2.3,-5.1,81,13,25.0,103.0,Mainly Clear,11,-2.9,-2.1495864916706737
2012-11-15 03:00:00,-2.9,-5.4,83,9,25.0,103.01,Mainly Clear,11,-3.6,-2.702655048777854
2012-11-15 04:00:00,-3.6,-6.3,82,9,25.0,103.0,Clear,11,-2.9,-3.4068094115794145
2012-11-15 05:00:00,-2.9,-6.0,79,13,25.0,102.94,Mainly Clear,11,-3.1,-2.7587921794719676
2012-11-15 06:00:00,-3.1,-6.1,80,15,25.0,102.91,Mainly Clear,11,-2.9,-2.970873694169776
2012-11-15 07:00:00,-2.9,-5.9,80,13,24.1,102.94,Mostly Cloudy,11,-2.1,-2.753988002736267
2012-11-15 08:00:00,-2.1,-5.1,80,11,24.1,102.99,Cloudy,11,-1.0,-1.9385852008869493
2012-11-15 09:00:00,-1.0,-4.8,75,19,24.1,102.93,Cloudy,11,0.3,-0.9380853390583422
2012-11-15 10:00:00,0.3,-4.6,70,15,24.1,102.84,Cloudy,11,1.3,0.36295948226938596
2012-11-15 11:00:00,1.3,-4.8,64,11,24.1,102.79,Cloudy,11,1.8,1.359941571653509
2012-11-15 12:00:00,1.8,-4.7,62,15,24.1,102.73,Cloudy,11,2.6,1.8121770531106374
2012-11-15 13:00:00,2.6,-5.6,55,13,24.1,102.65,Mostly Cloudy,11,2.6,2.583148378669218
2012-11-15 14:00:00,2.6,-5.5,55,11,24.1,102.59,Mostly Cloudy,11,2.4,2.601608590544874
2012-11-15 15:00:00,2.4,-5.8,55,13,24.1,102.55,Mainly Clear,11,1.8,2.3836426751972817
2012-11-15 16:00:00,1.8,-5.5,58,11,24.1,102.53,Mainly Clear,11,1.2,1.8233994264346467
2012-11-15 17:00:00,1.2,-5.9,59,9,25.0,102.53,Mainly Clear,11,1.0,1.248146704630194
2012-11-15 18:00:00,1.0,-5.9,60,7,25.0,102.54,Clear,11,0.5,1.071905389769614
2012-11-15 19:00:00,0.5,-5.8,63,7,25.0,102.51,Clear,11,-0.7,0.5907943330391248
2012-11-15 20:00:00,-0.7,-5.7,69,4,25.0,102.46,Clear,11,-2.9,-0.543783278037348
2012-11-15 21:00:00,-2.9,-6.3,77,6,25.0,102.46,Clear,11,-1.7,-2.708650798991949
2012-11-15 22:00:00,-1.7,-5.2,77,4,25.0,102.42,Clear,11,-4.3,-1.4953168141128415
2012-11-15 23:00:00,-4.3,-6.3,86,6,25.0,102.44,Clear,11,-3.1,-4.05655201310378
2012-11-16 00:00:00,-3.1,-5.5,83,4,25.0,102.42,Clear,11,-5.3,-2.857630558431776
2012-11-16 01:00:00,-5.3,-6.9,88,4,19.3,102.4,Clear,11,-4.5,-5.024931741202322
2012-11-16 02:00:00,-4.5,-6.3,87,0,19.3,102.42,Clear,11,-3.6,-4.198033352041215
2012-11-16 03:00:00,-3.6,-5.1,89,0,19.3,102.4,Clear,11,-6.7,-3.289569109032018
2012-11-16 04:00:00,-6.7,-8.1,90,0,19.3,102.42,Clear,11,-6.5,-6.37710333611133
2012-11-16 05:00:00,-6.5,-7.7,91,4,19.3,102.48,Clear,11,-5.4,-6.2064732079127545
2012-11-16 06:00:00,-5.4,-6.4,93,4,16.1,102.48,Mostly Cloudy,11,-5.2,-5.099583485345704
2012-11-16 07:00:00,-5.2,-6.5,91,4,16.1,102.49,Mostly Cloudy,11,-3.2,-4.910766359259251
2012-11-16 08:00:00,-3.2,-4.8,89,0,19.3,102.54,Mostly Cloudy,11,0.4,-2.891637926002228
2012-11-16 09:00:00,0.4,-1.7,86,9,19.3,102.55,Mostly Cloudy,11,2.0,0.6046818126302813
2012-11-16 10:00:00,2.0,-2.0,75,13,24.1,102.57,Mainly Clear,11,3.1,2.1044797290772537
2012-11-16 11:00:00,3.1,-2.5,67,15,24.1,102.53,Mostly Cloudy,11,3.9,3.1373059050130596
2012-11-16 12:00:00,3.9,-2.8,62,17,24.1,102.48,Mainly Clear,11,4.9,3.88744650377623
2012-11-16 13:00:00,4.9,-2.6,58,15,24.1,102.49,Mainly Clear,11,5.3,4.8788174064983485
2012-11-16 14:00:00,5.3,-2.1,59,13,24.1,102.5,Mainly Clear,11,5.5,5.3000129781394945
2012-11-16 15:00:00,5.5,-1.9,59,9,24.1,102.5,Mostly Cloudy,11,4.8,5.534278657534576
2012-11-16 16:00:00,4.8,-2.0,61,13,24.1,102.55,Mostly Cloudy,11,4.4,4.8151779685873874
2012-11-16 17:00:00,4.4,-1.3,66,13,25.0,102.61,Cloudy,11,4.2,4.446668788806518
2012-11-16 18:00:00,4.2,-1.5,66,15,25.0,102.66,Cloudy,11,3.7,4.229783097373009
2012-11-16 19:00:00,3.7,-1.7,68,13,25.0,102.69,Mostly Cloudy,11,3.3,3.7590874040402253
2012-11-16 20:00:00,3.3,-1.7,70,9,25.0,102.75,Mostly Cloudy,11,0.8,3.4066047743190646
2012-11-16 21:00:00,0.8,-2.5,79,9,25.0,102.79,Mainly Clear,11,-0.9,0.9646628628538328
2012-11-16 22:00:00,-0.9,-3.1,85,11,25.0,102.81,Mainly Clear,11,-1.5,-0.714289424634578
2012-11-16 23:00:00,-1.5,-3.5,86,13,25.0,102.84,Mainly Clear,11,-1.1,-1.3243021223621756
2012-11-17 00:00:00,-1.1,-3.5,84,9,25.0,102.9,Clear,11,-1.3,-0.9022995407947259
2012-11-17 01:00:00,-1.3,-3.5,85,9,25.0,102.94,Clear,11,-2.4,-1.0959208436168781
2012-11-17 02:00:00,-2.4,-4.2,87,11,25.0,103.05,Mainly Clear,11,-2.0,-2.1988133993745325
2012-11-17 03:00:00,-2.0,-5.0,80,11,25.0,103.13,Clear,11,-3.1,-1.8388323491509813
2012-11-17 04:00:00,-3.1,-6.5,77,17,25.0,103.17,Clear,11,-2.2,-3.0037464362525337
2012-11-17 05:00:00,-2.2,-7.3,68,13,25.0,103.24,Clear,11,-2.6,-2.1230901766396473
2012-11-17 06:00:00,-2.6,-8.2,65,13,25.0,103.28,Clear,11,-3.2,-2.5386745616187882
2012-11-17 07:00:00,-3.2,-8.2,68,13,24.1,103.39,Mainly Clear,11,-2.7,-3.1195384700852458
2012-11-17 08:00:00,-2.7,-8.2,66,15,24.1,103.47,Mainly Clear,11,-2.1,-2.6510032245806285
2012-11-17 09:00:00,-2.1,-8.9,60,15,24.1,103.51,Mainly Clear,11,-1.0,-2.088872741977606
2012-11-17 10:00:00,-1.0,-8.9,55,7,48.3,103.52,Mostly Cloudy,11,-0.1,-0.9525736481986687
2012-11-17 11:00:00,-0.1,-9.1,51,4,48.3,103.5,Mostly Cloudy,11,1.2,-0.05550627497398156
2012-11-17 12:00:00,1.2,-9.0,46,4,48.3,103.47,Mainly Clear,11,2.3,1.209698346516519
2012-11-17 13:00:00,2.3,-8.3,45,4,48.3,103.43,Mainly Clear,11,2.8,2.2989348671342182
2012-11-17 14:00:00,2.8,-7.4,47,6,48.3,103.43,Mainly Clear,11,2.4,2.7920879391520543
2012-11-17 15:00:00,2.4,-7.4,48,6,48.3,103.43,Mainly Clear,11,2.0,2.401121380686132
2012-11-17 16:00:00,2.0,-7.3,50,4,48.3,103.46,Mainly Clear,11,0.9,2.032338986917483
2012-11-17 17:00:00,0.9,-7.7,53,4,25.0,103.46,Clear,11,-1.7,0.9537910436852678
2012-11-17 18:00:00,-1.7,-7.9,63,4,25.0,103.5,Mainly Clear,11,-2.1,-1.5766181992957329
2012-11-17 19:00:00,-2.1,-7.2,68,4,25.0,103.51,Clear,11,-0.1,-1.9451273790766033
2012-11-17 20:00:00,-0.1,-7.0,60,7,25.0,103.49,Clear,11,-1.4,-0.025375979326035896
2012-11-17 21:00:00,-1.4,-6.5,68,7,25.0,103.51,Clear,11,-1.0,-1.2729273988671845
2012-11-17 22:00:00,-1.0,-6.3,67,7,25.0,103.54,Clear,11,-1.3,-0.8798003925730961
2012-11-17 23:00:00,-1.3,-6.7,67,9,25.0,103.56,Clear,11,-1.6,-1.197519159656656
2012-11-18 00:00:00,-1.6,-6.2,71,0,25.0,103.58,Clear,11,-3.2,-1.3950301664383489
2012-11-18 01:00:00,-3.2,-6.9,76,0,25.0,103.59,Clear,11,-4.6,-2.9627340148790036
2012-11-18 02:00:00,-4.6,-6.9,84,0,25.0,103.63,Clear,11,-3.9,-4.314359181812452
2012-11-18 03:00:00,-3.9,-6.1,85,7,25.0,103.61,Clear,11,-4.8,-3.672115000790478
2012-11-18 04:00:00,-4.8,-6.9,85,7,25.0,103.59,Clear,11,-5.0,-4.568810442500108
2012-11-18 05:00:00,-5.0,-7.4,83,7,25.0,103.61,Clear,11,-5.4,-4.77900472335753
2012-11-18 06:00:00,-5.4,-7.4,86,9,25.0,103.59,Mainly Clear,11,-6.4,-5.179903364141789
2012-11-18 07:00:00,-6.4,-8.4,86,9,24.1,103.63,Mostly Cloudy,11,-4.5,-6.177431881501471
2012-11-18 08:00:00,-4.5,-6.4,87,7,24.1,103.65,Cloudy,11,-2.4,-4.2599435338208025
2012-11-18 09:00:00,-2.4,-5.4,80,9,24.1,103.65,Cloudy,11,-0.5,-2.2204637681332815
2012-11-18 10:00:00,-0.5,-6.8,62,7,24.1,103.65,Mostly Cloudy,11,1.9,-0.41045813714217455
2012-11-18 11:00:00,1.9,-6.5,54,7,48.3,103.59,Mostly Cloudy,11,4.1,1.9311339797523748
2012-11-18 12:00:00,4.1,-10.1,35,4,48.3,103.51,Mostly Cloudy,11,4.0,4.018358609258477
2012-11-18 13:00:00,4.0,-11.6,31,6,48.3,103.46,Mostly Cloudy,11,4.5,3.8712068234773023
2012-11-18 14:00:00,4.5,-10.6,32,7,48.3,103.39,Mostly Cloudy,11,4.5,4.370406160568391
2012-11-18 15:00:00,4.5,-11.9,29,9,48.3,103.38,Mostly Cloudy,11,2.7,4.3278114032588855
2012-11-18 16:00:00,2.7,-9.3,41,9,24.1,103.36,Mostly Cloudy,11,1.5,2.624477358090526
2012-11-18 17:00:00,1.5,-8.5,47,9,25.0,103.36,Mostly Cloudy,11,2.6,1.4713913324702763
2012-11-18 18:00:00,2.6,-7.5,47,9,25.0,103.36,Mostly Cloudy,11,1.1,2.567592477651843
2012-11-18 19:00:00,1.1,-7.0,55,4,25.0,103.36,Mostly Cloudy,11,-1.8,1.1661457723708553
2012-11-18 20:00:00,-1.8,-6.8,69,6,25.0,103.3,Mostly Cloudy,11,-0.6,-1.6584446350945705
2012-11-18 21:00:00,-0.6,-7.1,61,11,25.0,103.27,Mainly Clear,11,-1.3,-0.5508553654510714
2012-11-18 22:00:00,-1.3,-6.9,66,11,25.0,103.25,Cloudy,11,-2.1,-1.2207835482680125
2012-11-18 23:00:00,-2.1,-6.0,75,11,25.0,103.22,Cloudy,11,-1.8,-1.9669269802217857
2012-11-19 00:00:00,-1.8,-5.7,75,7,25.0,103.2,Mostly Cloudy,11,-2.4,-1.6329084490907362
2012-11-19 01:00:00,-2.4,-5.9,77,6,25.0,103.15,Cloudy,11,-3.1,-2.210966764226191
2012-11-19 02:00:00,-3.1,-6.4,78,13,25.0,103.11,Mostly Cloudy,11,-3.6,-2.964182283593688
2012-11-19 03:00:00,-3.6,-6.9,78,9,25.0,103.11,Mostly Cloudy,11,-3.7,-3.428186566350384
2012-11-19 04:00:00,-3.7,-6.9,78,6,25.0,103.05,Mostly Cloudy,11,-4.0,-3.5007892122299107
2012-11-19 05:00:00,-4.0,-7.1,79,9,25.0,103.03,Mainly Clear,11,-4.3,-3.8213135726444722
2012-11-19 06:00:00,-4.3,-7.0,81,7,25.0,103.01,Clear,11,-4.6,-4.091423338591237
2012-11-19 07:00:00,-4.6,-7.1,83,9,16.1,102.99,Clear,11,-2.8,-4.398453528289312
2012-11-19 08:00:00,-2.8,-5.9,79,11,24.1,102.99,Mainly Clear,11,-0.5,-2.6416593397744266
2012-11-19 09:00:00,-0.5,-4.5,74,7,24.1,102.92,Clear,11,1.3,-0.340925553258851
2012-11-19 10:00:00,1.3,-3.4,71,7,19.3,102.9,Mainly Clear,11,2.4,1.4358923521251414
2012-11-19 11:00:00,2.4,-3.4,65,6,24.1,102.83,Mainly Clear,11,4.9,2.507637535216957
2012-11-19 12:00:00,4.9,-2.7,58,4,24.1,102.72,Clear,11,4.9,4.973327116372913
2012-11-19 13:00:00,4.9,-0.4,69,6,19.3,102.64,Mainly Clear,11,5.9,5.021755759473047
2012-11-19 14:00:00,5.9,-0.9,62,6,19.3,102.54,Mainly Clear,11,6.2,5.977013248370159
2012-11-19 15:00:00,6.2,-1.2,59,4,24.1,102.5,Mainly Clear,11,3.7,6.275998589590284
2012-11-19 16:00:00,3.7,-2.0,66,6,24.1,102.45,Mainly Clear,11,3.0,3.809228784520244
2012-11-19 17:00:00,3.0,-1.5,72,4,25.0,102.42,Clear,11,1.1,3.1636452142287426
2012-11-19 18:00:00,1.1,-1.9,80,4,19.3,102.39,Mainly Clear,11,0.1,1.3143360125295356
2012-11-19 19:00:00,0.1,-2.9,80,4,25.0,102.33,Mainly Clear,11,-1.4,0.31680749516985374
2012-11-19 20:00:00,-1.4,-3.6,85,6,25.0,102.29,Clear,11,-2.5,-1.1696037134104877
2012-11-19 21:00:00,-2.5,-3.8,91,4,19.3,102.23,Mainly Clear,11,-3.3,-2.217439362388111
2012-11-19 22:00:00,-3.3,-4.3,93,6,12.9,102.21,Clear,11,-0.7,-3.022153586851944
2012-11-19 23:00:00,-0.7,-2.2,90,6,9.7,102.16,Fog,11,-3.3,-0.44515241975204045
2012-11-20 00:00:00,-3.3,-4.5,91,7,9.7,102.12,Fog,11,-3.6,-3.0404519343041314
2012-11-20 01:00:00,-3.6,-4.3,95,7,9.7,102.08,Fog,11,-1.8,-3.3194135586551496
2012-11-20 02:00:00,-1.8,-3.5,88,6,8.0,102.08,Fog,11,-3.6,-1.552042142319092
2012-11-20 03:00:00,-3.6,-4.5,93,6,9.7,102.08,Fog,11,-2.9,-3.3203319181457656
2012-11-20 04:00:00,-2.9,-4.5,89,6,6.4,102.02,Fog,11,-2.9,-2.6445193346790408
2012-11-20 05:00:00,-2.9,-4.5,89,6,6.4,102.0,Fog,11,-2.9,-2.6445193346790408
2012-11-20 06:00:00,-2.9,-4.8,87,6,6.4,102.01,Fog,11,-3.4,-2.6552079120645256
2012-11-20 07:00:00,-3.4,-5.2,87,7,4.8,102.02,Fog,11,-2.0,-3.1615819408110695
2012-11-20 08:00:00,-2.0,-4.4,84,9,9.7,102.03,Haze,11,-0.7,-1.800075206418439
2012-11-20 09:00:00,-0.7,-3.6,81,6,9.7,102.01,Haze,11,1.9,-0.49379112994376306
2012-11-20 10:00:00,1.9,-1.9,76,9,12.9,102.0,Mostly Cloudy,11,3.0,2.045371253914214
2012-11-20 11:00:00,3.0,-2.2,69,6,11.3,101.96,Cloudy,11,4.6,3.127531800403735
2012-11-20 12:00:00,4.6,-1.9,63,2,11.3,101.88,Cloudy,11,5.5,4.721950776289584
2012-11-20 13:00:00,5.5,-1.0,63,4,11.3,101.83,Mostly Cloudy,11,5.8,5.602346453951725
2012-11-20 14:00:00,5.8,-1.6,59,6,12.9,101.77,Mostly Cloudy,11,5.9,5.8596071946848385
2012-11-20 15:00:00,5.9,-1.5,59,11,16.1,101.77,Cloudy,11,5.6,5.915910076516876
2012-11-20 16:00:00,5.6,-1.6,60,6,16.1,101.78,Cloudy,11,4.2,5.665985891862686
2012-11-20 17:00:00,4.2,-0.4,72,7,16.1,101.79,Cloudy,11,2.4,4.3335292292039185
2012-11-20 18:00:00,2.4,-0.9,79,6,19.3,101.82,Mostly Cloudy,11,1.9,2.586778472571682
2012-11-20 19:00:00,1.9,-1.1,80,7,16.1,101.85,Mostly Cloudy,11,3.4,2.086288844474922
2012-11-20 20:00:00,3.4,-2.0,68,9,19.3,101.86,Mostly Cloudy,11,1.9,3.494588824755465
2012-11-20 21:00:00,1.9,-2.5,73,9,25.0,101.84,Mostly Cloudy,11,1.9,2.0277180519648623
2012-11-20 22:00:00,1.9,-2.3,74,7,25.0,101.81,Mostly Cloudy,11,2.0,2.050982440576219
2012-11-20 23:00:00,2.0,-2.3,73,9,25.0,101.83,Mostly Cloudy,11,3.1,2.1285511276149136
2012-11-21 00:00:00,3.1,-2.1,69,6,25.0,101.8,Mostly Cloudy,11,0.6,3.227284652139703
2012-11-21 01:00:00,0.6,-2.3,81,6,25.0,101.82,Mostly Cloudy,11,0.4,0.8029959426238229
2012-11-21 02:00:00,0.4,-2.5,81,7,25.0,101.82,Mainly Clear,11,-0.7,0.5948002451711004
2012-11-21 03:00:00,-0.7,-3.3,83,9,25.0,101.83,Mainly Clear,11,-1.9,-0.509172534500637
2012-11-21 04:00:00,-1.9,-3.7,87,9,25.0,101.85,Mainly Clear,11,-1.4,-1.6826691527331192
2012-11-21 05:00:00,-1.4,-3.4,86,11,25.0,101.86,Mostly Cloudy,11,-1.6,-1.207169282664635
2012-11-21 06:00:00,-1.6,-3.6,86,4,12.9,101.92,Mostly Cloudy,11,-0.1,-1.345845028271068
2012-11-21 07:00:00,-0.1,-2.8,82,11,9.7,102.0,Haze,11,0.4,0.06716041121789872
2012-11-21 08:00:00,0.4,-2.2,83,7,12.9,102.01,Mostly Cloudy,11,2.9,0.6054888225565851
2012-11-21 09:00:00,2.9,-1.6,72,7,16.1,102.01,Mostly Cloudy,11,5.2,3.037822380550416
2012-11-21 10:00:00,5.2,-1.5,62,4,19.3,101.98,Mainly Clear,11,6.3,5.297203498094037
2012-11-21 11:00:00,6.3,-0.3,63,4,19.3,101.93,Mainly Clear,11,7.2,6.399289043925387
2012-11-21 12:00:00,7.2,-0.4,58,6,19.3,101.89,Mainly Clear,11,7.4,7.250262718338608
2012-11-21 13:00:00,7.4,-0.6,57,7,19.3,101.89,Mainly Clear,11,8.3,7.43303357935181
2012-11-21 14:00:00,8.3,-1.6,50,4,19.3,101.86,Mainly Clear,11,8.2,8.31028730279898
2012-11-21 15:00:00,8.2,-2.1,48,4,19.3,101.87,Mainly Clear,11,5.5,8.198765649763443
2012-11-21 16:00:00,5.5,-1.5,61,7,24.1,101.86,Mainly Clear,11,2.8,5.563427446795716
2012-11-21 17:00:00,2.8,-2.0,71,7,25.0,101.85,Mainly Clear,11,2.1,2.93110490425058
2012-11-21 18:00:00,2.1,-1.0,80,6,25.0,101.89,Mainly Clear,11,2.5,2.2934043180135615
2012-11-21 19:00:00,2.5,-0.8,79,4,25.0,101.89,Mainly Clear,11,1.4,2.7039113122692227
2012-11-21 20:00:00,1.4,-0.9,85,6,25.0,101.9,Mostly Cloudy,11,2.2,1.6223959112825375
2012-11-21 21:00:00,2.2,-0.5,82,6,25.0,101.88,Mainly Clear,11,0.9,2.4049259710490976
2012-11-21 22:00:00,0.9,-1.4,85,4,19.3,101.88,Mostly Cloudy,11,1.0,1.1410116405642694
2012-11-21 23:00:00,1.0,-0.7,88,4,19.3,101.86,Mainly Clear,11,1.3,1.2584176942495893
2012-11-22 00:00:00,1.3,0.4,94,4,16.1,101.87,Mainly Clear,11,1.5,1.5886617576998647
2012-11-22 01:00:00,1.5,0.6,94,6,16.1,101.83,Clear,11,1.3,1.7707874732102282
2012-11-22 02:00:00,1.3,-0.1,90,4,16.1,101.85,Clear,11,1.1,1.5683648268429784
2012-11-22 03:00:00,1.1,-0.9,86,4,16.1,101.86,Clear,11,-0.9,1.3474819686000727
2012-11-22 04:00:00,-0.9,-2.3,90,4,12.9,101.84,Clear,11,-1.4,-0.6261979113483213
2012-11-22 05:00:00,-1.4,-3.3,87,6,16.1,101.85,Clear,11,-0.3,-1.1589151360250032
2012-11-22 06:00:00,-0.3,-2.6,84,9,19.3,101.84,Clear,11,0.8,-0.10319650299289741
2012-11-22 07:00:00,0.8,-2.6,78,4,24.1,101.85,Mainly Clear,11,1.7,1.0033086560220632
2012-11-22 08:00:00,1.7,-1.9,77,4,24.1,101.87,Mainly Clear,11,3.3,1.8951999209959929
2012-11-22 09:00:00,3.3,-0.8,74,6,24.1,101.81,Clear,11,6.4,3.457292582774642
2012-11-22 10:00:00,6.4,-1.2,58,0,24.1,101.8,Clear,11,8.4,6.504379868335581
2012-11-22 11:00:00,8.4,-0.8,52,6,24.1,101.72,Mainly Clear,11,10.8,8.407669639615193
2012-11-22 12:00:00,10.8,-1.5,42,13,24.1,101.6,Mainly Clear,11,11.6,10.67018165386017
2012-11-22 13:00:00,11.6,-3.2,35,13,24.1,101.52,Mainly Clear,11,12.1,11.415131200144515
2012-11-22 14:00:00,12.1,-2.6,36,9,24.1,101.45,Mainly Clear,11,10.7,11.9534596114832
2012-11-22 15:00:00,10.7,-1.2,44,15,24.1,101.39,Mainly Clear,11,9.2,10.564817615462198
2012-11-22 16:00:00,9.2,0.4,54,15,24.1,101.37,Mainly Clear,11,7.1,9.139251308975428
2012-11-22 17:00:00,7.1,0.1,61,15,25.0,101.35,Mainly Clear,11,6.9,7.089953122724917
2012-11-22 18:00:00,6.9,0.5,64,15,25.0,101.34,Mainly Clear,11,6.3,6.908100621202333
2012-11-22 19:00:00,6.3,0.6,67,6,25.0,101.3,Mainly Clear,11,5.9,6.406526882477033
2012-11-22 20:00:00,5.9,0.4,68,7,25.0,101.28,Mainly Clear,11,5.6,6.004709882202159
2012-11-22 21:00:00,5.6,0.8,71,17,25.0,101.24,Mainly Clear,11,3.4,5.637284813049827
2012-11-22 22:00:00,3.4,-0.9,73,13,25.0,101.16,Mainly Clear,11,4.4,3.4903310759953228
2012-11-22 23:00:00,4.4,-1.3,66,11,25.0,101.11,Mainly Clear,11,4.5,4.46404877676809
2012-11-23 00:00:00,4.5,-1.5,65,15,25.0,101.06,Clear,11,2.7,4.522077028017046
2012-11-23 01:00:00,2.7,-1.0,77,17,25.0,100.96,Mainly Clear,11,2.6,2.778678292691371
2012-11-23 02:00:00,2.6,-1.3,75,11,25.0,100.96,Mainly Clear,11,2.8,2.721457051368718
2012-11-23 03:00:00,2.8,-2.2,70,6,25.0,100.9,Mainly Clear,11,1.2,2.9339104975815826
2012-11-23 04:00:00,1.2,-2.5,76,11,25.0,100.79,Mainly Clear,11,2.5,1.3308015277149476
2012-11-23 05:00:00,2.5,-2.4,70,11,25.0,100.69,Mostly Cloudy,11,3.7,2.5922821963838305
2012-11-23 06:00:00,3.7,-2.1,66,13,25.0,100.61,Mostly Cloudy,11,4.1,3.7473186027406573
2012-11-23 07:00:00,4.1,-1.5,67,13,48.3,100.54,Mostly Cloudy,11,4.3,4.152214410334314
2012-11-23 08:00:00,4.3,-1.1,68,17,48.3,100.47,Cloudy,11,6.2,4.322844538532889
2012-11-23 09:00:00,6.2,-1.2,59,20,48.3,100.34,Mostly Cloudy,11,8.2,6.136958685897705
2012-11-23 10:00:00,8.2,0.3,57,17,24.1,100.25,Mostly Cloudy,11,10.4,8.145236677345775
2012-11-23 11:00:00,10.4,0.4,50,24,24.1,100.11,Mostly Cloudy,11,12.1,10.230217085724503
2012-11-23 12:00:00,12.1,1.5,48,22,24.1,99.93,Mostly Cloudy,11,10.9,11.929466304069798
2012-11-23 13:00:00,10.9,1.3,51,24,48.3,99.8,Cloudy,11,10.4,10.737026192882293
2012-11-23 14:00:00,10.4,1.5,54,24,48.3,99.71,Cloudy,11,10.4,10.256995360065886
2012-11-23 15:00:00,10.4,2.5,58,17,16.1,99.79,Rain,11,9.2,10.343523368358694
2012-11-23 16:00:00,9.2,6.4,83,30,12.9,99.83,Rain,11,8.8,9.181709465935533
2012-11-23 17:00:00,8.8,6.8,87,22,16.1,99.78,Rain,11,8.6,8.875755613437088
2012-11-23 18:00:00,8.6,7.0,90,19,25.0,99.73,Cloudy,11,8.7,8.717812646028696
2012-11-23 19:00:00,8.7,6.6,87,20,25.0,99.7,Mostly Cloudy,11,10.0,8.792302525748607
2012-11-23 20:00:00,10.0,5.4,73,39,25.0,99.71,Cloudy,11,9.3,9.844838775326531
2012-11-23 21:00:00,9.3,4.1,70,39,25.0,99.72,Cloudy,11,8.6,9.128915611225404
2012-11-23 22:00:00,8.6,3.0,68,26,25.0,99.7,Rain Showers,11,7.9,8.531846769524277
2012-11-23 23:00:00,7.9,1.6,64,26,25.0,99.65,Cloudy,11,7.5,7.811119428687448
2012-11-24 00:00:00,7.5,0.4,61,19,25.0,99.59,Cloudy,11,5.3,7.453124329831562
2012-11-24 01:00:00,5.3,2.3,81,32,25.0,99.6,Rain Showers,11,5.1,5.264359906799802
2012-11-24 02:00:00,5.1,2.1,81,30,25.0,99.61,Rain Showers,11,4.6,5.082234191289437
2012-11-24 03:00:00,4.6,-0.6,69,28,25.0,99.59,Cloudy,11,4.1,4.532397560601929
2012-11-24 04:00:00,4.1,-2.2,63,37,25.0,99.56,Mostly Cloudy,11,3.0,3.921197176110392
2012-11-24 05:00:00,3.0,-1.9,70,35,25.0,99.57,Mainly Clear,11,2.8,2.882486599524802
2012-11-24 06:00:00,2.8,-1.8,72,28,25.0,99.58,Mostly Cloudy,11,2.6,2.7544994313038536
2012-11-24 07:00:00,2.6,-1.7,73,32,25.0,99.54,Mostly Cloudy,11,2.2,2.5271983764726396
2012-11-24 08:00:00,2.2,-2.0,74,30,25.0,99.57,Mostly Cloudy,11,1.6,2.1503711342260408
2012-11-24 09:00:00,1.6,-0.9,83,33,24.1,99.58,Rain Showers,11,1.8,1.577663423801845
2012-11-24 10:00:00,1.8,-2.5,73,30,24.1,99.62,Snow Showers,11,1.6,1.746555550546467
2012-11-24 11:00:00,1.6,-3.7,68,33,24.1,99.6,Snow Showers,11,1.8,1.4915578618832528
2012-11-24 12:00:00,1.8,-5.0,61,30,24.1,99.6,Snow Showers,11,1.5,1.6748625188349773
2012-11-24 13:00:00,1.5,-7.4,52,37,24.1,99.64,Cloudy,11,1.3,1.2585737281712648
2012-11-24 14:00:00,1.3,-6.3,57,39,24.1,99.65,Mostly Cloudy,11,0.7,1.074350711728925
2012-11-24 15:00:00,0.7,-6.4,59,35,2.4,99.7,Snow Pellets,11,-0.5,0.5234426024499117
2012-11-24 16:00:00,-0.5,-5.1,71,28,24.1,99.74,Mostly Cloudy,11,-0.6,-0.541068628804713
2012-11-24 17:00:00,-0.6,-5.3,70,37,12.9,99.81,Snow Showers,11,-0.4,-0.7238356031034578
2012-11-24 18:00:00,-0.4,-5.5,68,28,25.0,99.85,Snow Showers,11,-0.9,-0.45788875510401345
2012-11-24 19:00:00,-0.9,-5.0,74,22,19.3,99.9,Snow Showers,11,-0.9,-0.8713670938285999
2012-11-24 20:00:00,-0.9,-5.8,69,32,25.0,99.92,Cloudy,11,-1.5,-0.9855285890572151
2012-11-24 21:00:00,-1.5,-7.8,62,28,25.0,99.96,Mostly Cloudy,11,-1.8,-1.5904765280983666
2012-11-24 22:00:00,-1.8,-8.3,61,24,25.0,100.0,Mostly Cloudy,11,-2.1,-1.8608595080329102
2012-11-24 23:00:00,-2.1,-8.8,60,32,25.0,100.0,Mostly Cloudy,11,-2.6,-2.235522415736888
2012-11-25 00:00:00,-2.6,-9.0,61,30,25.0,100.04,Mostly Cloudy,11,-2.9,-2.7099420618912897
2012-11-25 01:00:00,-2.9,-9.3,61,26,25.0,100.08,Mainly Clear,11,-3.3,-2.974440641176049
2012-11-25 02:00:00,-3.3,-9.4,63,33,25.0,100.15,Clear,11,-3.6,-3.4235934285999403
2012-11-25 03:00:00,-3.6,-9.8,62,26,25.0,100.19,Mainly Clear,11,-4.1,-3.6668262026780427
2012-11-25 04:00:00,-4.1,-9.3,67,30,25.0,100.2,Mainly Clear,11,-4.3,-4.170928434032108
2012-11-25 05:00:00,-4.3,-10.0,64,32,25.0,100.25,Mainly Clear,11,-4.3,-4.404387103500886
2012-11-25 06:00:00,-4.3,-9.7,66,28,25.0,100.26,Mainly Clear,11,-4.8,-4.358938550192256
2012-11-25 07:00:00,-4.8,-9.5,70,26,25.0,100.27,Mainly Clear,11,-4.3,-4.817865442225472
2012-11-25 08:00:00,-4.3,-9.4,68,24,24.1,100.3,Mainly Clear,11,-3.8,-4.313489996883627
2012-11-25 09:00:00,-3.8,-9.4,65,33,24.1,100.33,Mainly Clear,11,-3.0,-3.90950866206613
2012-11-25 10:00:00,-3.0,-9.5,61,32,48.3,100.33,Mostly Cloudy,11,-2.9,-3.1274136807108177
2012-11-25 11:00:00,-2.9,-9.6,60,35,48.3,100.28,Snow Showers,11,-2.5,-3.059615211566992
2012-11-25 12:00:00,-2.5,-9.9,57,33,48.3,100.21,Cloudy,11,-2.1,-2.661957242524982
2012-11-25 13:00:00,-2.1,-9.9,55,32,48.3,100.19,Cloudy,11,-1.8,-2.2660246428998905
2012-11-25 14:00:00,-1.8,-10.3,52,30,48.3,100.22,Mostly Cloudy,11,-1.8,-1.9681195255938486
2012-11-25 15:00:00,-1.8,-10.9,50,28,48.3,100.22,Mostly Cloudy,11,-2.1,-1.9646687867600099
2012-11-25 16:00:00,-2.1,-10.9,51,24,48.3,100.24,Mostly Cloudy,11,-3.1,-2.2222027414809027
2012-11-25 17:00:00,-3.1,-11.8,51,24,25.0,100.27,Clear,11,-3.4,-3.218651034926501
2012-11-25 18:00:00,-3.4,-11.5,53,20,25.0,100.35,Clear,11,-3.7,-3.4692203650835265
2012-11-25 19:00:00,-3.7,-11.0,57,22,25.0,100.39,Clear,11,-3.7,-3.762321305653869
2012-11-25 20:00:00,-3.7,-10.7,58,17,25.0,100.42,Mostly Cloudy,11,-3.4,-3.7119067111860704
2012-11-25 21:00:00,-3.4,-10.3,59,15,25.0,100.46,Mostly Cloudy,11,-3.6,-3.390463991280893
2012-11-25 22:00:00,-3.6,-10.3,60,13,25.0,100.47,Mostly Cloudy,11,-4.2,-3.5667053061414724
2012-11-25 23:00:00,-4.2,-10.5,61,15,25.0,100.5,Mostly Cloudy,11,-4.9,-4.174557556040903
2012-11-26 00:00:00,-4.9,-10.1,67,9,25.0,100.52,Mostly Cloudy,11,-6.5,-4.786461374323343
2012-11-26 01:00:00,-6.5,-10.6,73,7,25.0,100.53,Mainly Clear,11,-5.0,-6.330900834152642
2012-11-26 02:00:00,-5.0,-10.0,68,7,25.0,100.57,Mainly Clear,11,-4.5,-4.862949837447955
2012-11-26 03:00:00,-4.5,-9.3,69,7,25.0,100.62,Cloudy,11,-4.3,-4.358301178118331
2012-11-26 04:00:00,-4.3,-9.3,68,9,25.0,100.66,Cloudy,11,-4.3,-4.1820598632577495
2012-11-26 05:00:00,-4.3,-10.4,62,13,25.0,100.72,Cloudy,11,-4.5,-4.251046019165516
2012-11-26 06:00:00,-4.5,-10.9,61,11,25.0,100.77,Cloudy,11,-4.7,-4.440136359239746
2012-11-26 07:00:00,-4.7,-10.5,64,11,25.0,100.9,Cloudy,11,-5.5,-4.621988860762332
2012-11-26 08:00:00,-5.5,-10.6,67,19,24.1,101.03,Mainly Clear,11,-4.2,-5.470798200632931
2012-11-26 09:00:00,-4.2,-11.0,59,17,48.3,101.14,Mainly Clear,11,-3.4,-4.204786569216128
2012-11-26 10:00:00,-3.4,-11.3,54,19,48.3,101.25,Clear,11,-2.5,-3.454645970452957
2012-11-26 11:00:00,-2.5,-10.9,52,22,48.3,101.3,Clear,11,-1.3,-2.595789311985253
2012-11-26 12:00:00,-1.3,-10.6,49,24,48.3,101.33,Mainly Clear,11,-1.0,-1.4370289528068083
2012-11-26 13:00:00,-1.0,-10.6,48,24,48.3,101.34,Clear,11,-0.8,-1.1447350221627708
2012-11-26 14:00:00,-0.8,-11.3,45,24,48.3,101.38,Clear,11,-0.9,-0.9661231923824354
2012-11-26 15:00:00,-0.9,-9.9,50,26,48.3,101.48,Clear,11,-1.8,-1.048432909260641
2012-11-26 16:00:00,-1.8,-9.0,58,24,48.3,101.56,Clear,11,-3.0,-1.8795929338963449
2012-11-26 17:00:00,-3.0,-9.5,61,20,25.0,101.67,Clear,11,-3.4,-3.023133752941383
2012-11-26 18:00:00,-3.4,-9.5,63,20,25.0,101.75,Clear,11,-3.8,-3.4103763585856877
2012-11-26 19:00:00,-3.8,-10.0,62,15,25.0,101.81,Clear,11,-4.6,-3.7707419723613307
2012-11-26 20:00:00,-4.6,-10.0,66,13,25.0,101.85,Clear,11,-7.3,-4.527847195688367
2012-11-26 21:00:00,-7.3,-10.3,79,7,25.0,101.87,Clear,11,-5.4,-7.094697468055767
2012-11-26 22:00:00,-5.4,-9.6,72,0,25.0,101.9,Clear,11,-5.8,-5.177593683927189
2012-11-26 23:00:00,-5.8,-9.7,74,4,25.0,101.94,Clear,11,-7.4,-5.6006764894087215
2012-11-27 00:00:00,-7.4,-9.9,82,4,25.0,101.97,Clear,11,-9.0,-7.151807359814108
2012-11-27 01:00:00,-9.0,-11.0,85,4,25.0,101.98,Clear,11,-7.0,-8.731280009554329
2012-11-27 02:00:00,-7.0,-9.3,84,4,25.0,102.04,Mainly Clear,11,-6.1,-6.7431875993988335
2012-11-27 03:00:00,-6.1,-8.5,83,7,25.0,102.03,Cloudy,11,-4.8,-5.876286092453179
2012-11-27 04:00:00,-4.8,-8.1,78,7,25.0,102.01,Cloudy,11,-4.4,-4.607840799220429
2012-11-27 05:00:00,-4.4,-9.0,70,7,25.0,102.02,Cloudy,11,-4.4,-4.252663925732579
2012-11-27 06:00:00,-4.4,-8.7,72,6,25.0,102.04,Cloudy,11,-4.4,-4.233285354366308
2012-11-27 07:00:00,-4.4,-8.8,71,9,24.1,102.05,Mostly Cloudy,11,-5.2,-4.264159513044367
2012-11-27 08:00:00,-5.2,-8.4,78,9,24.1,102.15,Mostly Cloudy,11,-4.3,-5.023151970211791
2012-11-27 09:00:00,-4.3,-8.6,72,9,24.1,102.13,Mostly Cloudy,11,-3.1,-4.159602484572698
2012-11-27 10:00:00,-3.1,-7.8,70,9,24.1,102.2,Mostly Cloudy,11,-2.4,-2.974337065040648
2012-11-27 11:00:00,-2.4,-7.8,66,6,24.1,102.2,Mostly Cloudy,11,-0.7,-2.2724544996315648
2012-11-27 12:00:00,-0.7,-7.4,60,4,24.1,102.16,Mainly Clear,11,0.3,-0.5956626599713201
2012-11-27 13:00:00,0.3,-7.2,57,7,24.1,102.12,Mainly Clear,11,0.5,0.3559822256684851
2012-11-27 14:00:00,0.5,-6.9,58,6,24.1,102.08,Mainly Clear,11,0.4,0.5689820998569084
2012-11-27 15:00:00,0.4,-6.8,58,7,24.1,102.07,Mainly Clear,11,-0.5,0.4626997019683203
2012-11-27 16:00:00,-0.5,-6.9,62,7,24.1,102.08,Clear,11,-2.2,-0.4115383610562577
2012-11-27 17:00:00,-2.2,-7.0,70,6,25.0,102.09,Clear,11,-2.8,-2.051571641388659
2012-11-27 18:00:00,-2.8,-7.0,73,4,25.0,102.15,Clear,11,-2.8,-2.6150555618935436
2012-11-27 19:00:00,-2.8,-6.7,74,6,25.0,102.16,Clear,11,-4.5,-2.625470925291249
2012-11-27 20:00:00,-4.5,-7.5,80,6,25.0,102.14,Clear,11,-3.0,-4.289203672646254
2012-11-27 21:00:00,-3.0,-6.5,77,7,25.0,102.13,Mainly Clear,11,-3.4,-2.8181738686227864
2012-11-27 22:00:00,-3.4,-6.0,82,7,25.0,102.1,Mostly Cloudy,11,-3.8,-3.1888434962318226
2012-11-27 23:00:00,-3.8,-6.5,81,7,25.0,102.07,Mostly Cloudy,11,-3.8,-3.5926590799113955
2012-11-28 00:00:00,-3.8,-6.2,83,7,25.0,102.03,Mainly Clear,11,-4.0,-3.581970502525911
2012-11-28 01:00:00,-4.0,-6.0,86,6,25.0,101.99,Mainly Clear,11,-3.6,-3.757293457895876
2012-11-28 02:00:00,-3.6,-6.1,83,4,25.0,101.99,Mostly Cloudy,11,-3.4,-3.3574750410256997
2012-11-28 03:00:00,-3.4,-5.9,83,11,25.0,101.96,Mostly Cloudy,11,-3.4,-3.2187992954192666
2012-11-28 04:00:00,-3.4,-5.5,85,4,25.0,101.93,Mostly Cloudy,11,-3.2,-3.1462005362541956
2012-11-28 05:00:00,-3.2,-5.0,87,7,25.0,101.92,Cloudy,11,-3.4,-2.9620762373391334
2012-11-28 06:00:00,-3.4,-5.2,87,11,25.0,101.89,Cloudy,11,-3.1,-3.196341916734214
2012-11-28 07:00:00,-3.1,-5.3,85,9,24.1,101.86,Cloudy,11,-3.1,-2.8914721748643055
2012-11-28 08:00:00,-3.1,-5.0,87,4,24.1,101.85,Cloudy,11,-1.1,-2.8373336275748895
2012-11-28 09:00:00,-1.1,-3.4,84,6,24.1,101.79,Mostly Cloudy,11,0.0,-0.8751493349382842
2012-11-28 10:00:00,0.0,-4.1,74,4,24.1,101.76,Mostly Cloudy,11,0.5,0.18282846344926534
2012-11-28 11:00:00,0.5,-4.2,71,6,24.1,101.66,Cloudy,11,1.0,0.6465595322181821
2012-11-28 12:00:00,1.0,-6.4,58,9,24.1,101.55,Cloudy,11,1.8,1.0416763765943908
2012-11-28 13:00:00,1.8,-4.3,64,20,19.3,101.47,Cloudy,11,0.7,1.7804958845062742
2012-11-28 14:00:00,0.7,-1.3,86,19,3.2,101.42,Snow Showers,11,0.0,0.8181206519444069
2012-11-28 15:00:00,0.0,-0.8,94,15,2.4,101.37,Snow Showers,11,0.6,0.19736497525771332
2012-11-28 16:00:00,0.6,-0.9,90,20,6.4,101.37,Snow Showers,11,0.4,0.7299747370845389
2012-11-28 17:00:00,0.4,-0.7,92,22,4.8,101.36,Snow,11,0.8,0.5248578469505978
2012-11-28 18:00:00,0.8,-0.6,90,24,8.0,101.35,Snow,11,1.0,0.8958006885474133
2012-11-28 19:00:00,1.0,-0.7,88,22,12.9,101.35,Snow Showers,11,0.9,1.1019978025954376
2012-11-28 20:00:00,0.9,-0.9,88,20,16.1,101.36,Snow Showers,11,0.4,1.0185447149069586
2012-11-28 21:00:00,0.4,-1.9,85,24,16.1,101.38,Snow Showers,11,-0.7,0.46844750226870435
2012-11-28 22:00:00,-0.7,-6.1,67,30,25.0,101.45,Mostly Cloudy,11,-2.6,-0.7814919228373574
2012-11-28 23:00:00,-2.6,-7.5,69,20,25.0,101.56,Mainly Clear,11,-3.9,-2.5770471407992397
2012-11-29 00:00:00,-3.9,-8.6,70,28,25.0,101.62,Clear,11,-5.1,-3.9374697645633314
2012-11-29 01:00:00,-5.1,-10.6,65,22,25.0,101.71,Clear,11,-6.3,-5.109625576930985
2012-11-29 02:00:00,-6.3,-11.9,64,17,25.0,101.8,Clear,11,-7.4,-6.268014004594373
2012-11-29 03:00:00,-7.4,-12.2,68,17,25.0,101.87,Clear,11,-8.4,-7.3417577710908875
2012-11-29 04:00:00,-8.4,-12.4,73,9,25.0,101.86,Clear,11,-8.4,-8.242504781183525
2012-11-29 05:00:00,-8.4,-11.7,77,6,25.0,101.85,Mainly Clear,11,-6.0,-8.193977420556115
2012-11-29 06:00:00,-6.0,-10.2,72,13,25.0,101.84,Mostly Cloudy,11,-5.0,-5.889080716093219
2012-11-29 07:00:00,-5.0,-10.6,65,11,24.1,101.81,Cloudy,11,-4.8,-4.915363015320453
2012-11-29 08:00:00,-4.8,-8.3,76,13,19.3,101.77,Snow,11,-4.6,-4.669589116576549
2012-11-29 09:00:00,-4.6,-7.0,83,19,9.7,101.67,Snow,11,-4.7,-4.4842732441830915
2012-11-29 10:00:00,-4.7,-6.8,85,20,4.8,101.56,Snow,11,-3.5,-4.582027512514361
2012-11-29 11:00:00,-3.5,-5.2,88,15,19.3,101.46,Snow,11,-1.8,-3.326050567657626
2012-11-29 12:00:00,-1.8,-4.2,84,15,6.4,101.35,Snow,11,-1.4,-1.65270946683122
2012-11-29 13:00:00,-1.4,-3.4,86,17,24.1,101.33,Snow,11,-0.8,-1.259309246549352
2012-11-29 14:00:00,-0.8,-3.3,83,22,24.1,101.33,Snow,11,-1.2,-0.7208150840727429
2012-11-29 15:00:00,-1.2,-4.6,78,22,24.1,101.4,Snow,11,-1.4,-1.1481682703514517
2012-11-29 16:00:00,-1.4,-5.4,74,15,24.1,101.5,Cloudy,11,-2.2,-1.308221170728854
2012-11-29 17:00:00,-2.2,-8.3,63,24,25.0,101.63,Cloudy,11,-4.2,-2.248102113677215
2012-11-29 18:00:00,-4.2,-11.8,55,28,25.0,101.78,Snow Showers,11,-4.9,-4.323914105603911
2012-11-29 19:00:00,-4.9,-11.9,58,22,25.0,101.9,Cloudy,11,-5.7,-4.9523909019216195
2012-11-29 20:00:00,-5.7,-12.1,61,20,25.0,102.08,Cloudy,11,-6.4,-5.71538052589844
2012-11-29 21:00:00,-6.4,-12.3,63,19,25.0,102.18,Cloudy,11,-7.3,-6.392111468855781
2012-11-29 22:00:00,-7.3,-14.0,59,17,25.0,102.29,Mostly Cloudy,11,-9.4,-7.2960447491170575
2012-11-29 23:00:00,-9.4,-15.3,62,20,25.0,102.42,Mainly Clear,11,-10.6,-9.39711096773723
2012-11-30 00:00:00,-10.6,-16.1,64,19,25.0,102.52,Clear,11,-12.0,-10.573686393288492
2012-11-30 01:00:00,-12.0,-16.5,69,9,25.0,102.6,Clear,11,-13.5,-11.853904374535267
2012-11-30 02:00:00,-13.5,-16.9,76,6,25.0,102.72,Clear,11,-12.6,-13.28617703582619
2012-11-30 03:00:00,-12.6,-16.7,71,4,25.0,102.78,Clear,11,-12.4,-12.397202713747575
2012-11-30 04:00:00,-12.4,-17.0,68,4,25.0,102.82,Clear,11,-13.6,-12.214269988310908
2012-11-30 05:00:00,-13.6,-17.0,75,6,25.0,102.9,Clear,11,-13.0,-13.389653840383776
2012-11-30 06:00:00,-13.0,-16.6,74,9,25.0,102.96,Mainly Clear,11,-13.4,-12.823091112560112
2012-11-30 07:00:00,-13.4,-17.3,72,9,24.1,103.03,Mainly Clear,11,-12.8,-13.23279109688947
2012-11-30 08:00:00,-12.8,-16.7,73,13,48.3,103.12,Mainly Clear,11,-11.9,-12.665310009575187
2012-11-30 09:00:00,-11.9,-16.0,72,7,48.3,103.16,Mainly Clear,11,-10.4,-11.72127878071654
2012-11-30 10:00:00,-10.4,-16.3,62,11,48.3,103.2,Mostly Cloudy,11,-9.9,-10.316429539269835
2012-11-30 11:00:00,-9.9,-15.9,61,9,48.3,103.18,Mostly Cloudy,11,-9.3,-9.805089469364123
2012-11-30 12:00:00,-9.3,-15.2,62,0,48.3,103.16,Mostly Cloudy,11,-9.0,-9.123558236385538
2012-11-30 13:00:00,-9.0,-15.2,61,6,48.3,103.15,Mostly Cloudy,11,-9.0,-8.883404269626217
2012-11-30 14:00:00,-9.0,-15.6,59,6,48.3,103.15,Mostly Cloudy,11,-8.8,-8.895173070925782
2012-11-30 15:00:00,-8.8,-15.8,57,11,48.3,103.14,Cloudy,11,-9.1,-8.750886138657348
2012-11-30 16:00:00,-9.1,-15.8,58,11,24.1,103.16,Cloudy,11,-9.3,-9.043180069301384
2012-11-30 17:00:00,-9.3,-15.6,60,15,25.0,103.2,Cloudy,11,-9.5,-9.2656769473969
2012-11-30 18:00:00,-9.5,-15.5,62,13,25.0,103.24,Cloudy,11,-9.7,-9.437114085521777
2012-11-30 19:00:00,-9.7,-15.8,61,15,25.0,103.24,Mostly Cloudy,11,-10.0,-9.658803953690986
2012-11-30 20:00:00,-10.0,-16.3,60,15,25.0,103.26,Cloudy,11,-10.4,-9.963946909548675
2012-11-30 21:00:00,-10.4,-16.9,59,19,25.0,103.3,Mainly Clear,11,-10.7,-10.403602693065475
2012-11-30 22:00:00,-10.7,-16.8,61,19,25.0,103.29,Mainly Clear,11,-10.8,-10.691092446973812
2012-11-30 23:00:00,-10.8,-16.1,65,17,25.0,103.25,Mainly Clear,11,-10.8,-10.749927708149073
2012-12-01 00:00:00,-10.8,-16.2,64,9,25.0,103.26,Clear,12,-11.0,-10.685211933038484
2012-12-01 01:00:00,-11.0,-16.5,64,13,25.0,103.25,Mainly Clear,12,-11.1,-10.920557836347648
2012-12-01 02:00:00,-11.1,-16.5,64,20,25.0,103.21,Mainly Clear,12,-12.5,-11.080060422035038
2012-12-01 03:00:00,-12.5,-15.7,77,15,25.0,103.27,Mainly Clear,12,-11.8,-12.360974063643802
2012-12-01 04:00:00,-11.8,-15.1,76,17,25.0,103.22,Mostly Cloudy,12,-11.9,-11.684888266189299
2012-12-01 05:00:00,-11.9,-14.6,80,20,25.0,103.19,Mostly Cloudy,12,-11.8,-11.789333945096656
2012-12-01 06:00:00,-11.8,-15.0,77,26,25.0,103.18,Mostly Cloudy,12,-11.3,-11.758294035280674
2012-12-01 07:00:00,-11.3,-14.2,79,24,24.1,103.19,Cloudy,12,-10.9,-11.231461211253775
2012-12-01 08:00:00,-10.9,-15.3,70,19,24.1,103.23,Mostly Cloudy,12,-10.6,-10.838718768511777
2012-12-01 09:00:00,-10.6,-15.9,65,24,24.1,103.18,Cloudy,12,-10.9,-10.61125196254264
2012-12-01 10:00:00,-10.9,-15.7,68,24,24.1,103.18,Cloudy,12,-10.3,-10.893937539715278
2012-12-01 11:00:00,-10.3,-15.1,68,20,24.1,103.08,Cloudy,12,-9.4,-10.260660453376325
2012-12-01 12:00:00,-9.4,-14.6,66,24,24.1,102.97,Cloudy,12,-8.9,-9.40941356497532
2012-12-01 13:00:00,-8.9,-14.6,63,22,24.1,102.9,Cloudy,12,-8.3,-8.909842296369177
2012-12-01 14:00:00,-8.3,-13.6,66,22,24.1,102.86,Cloudy,12,-8.3,-8.295832431832183
2012-12-01 15:00:00,-8.3,-13.5,66,17,24.1,102.84,Cloudy,12,-7.9,-8.251302238014167
2012-12-01 16:00:00,-7.9,-12.4,70,20,24.1,102.82,Cloudy,12,-7.5,-7.855903434327602
2012-12-01 17:00:00,-7.5,-12.0,70,20,19.3,102.73,Snow,12,-6.9,-7.456892027383729
2012-12-01 18:00:00,-6.9,-11.3,71,19,25.0,102.71,Snow,12,-6.6,-6.844880746251433
2012-12-01 19:00:00,-6.6,-10.8,72,17,25.0,102.63,Cloudy,12,-6.0,-6.522357802432173
2012-12-01 20:00:00,-6.0,-10.0,73,17,25.0,102.55,Cloudy,12,-5.9,-5.91795629136658
2012-12-01 21:00:00,-5.9,-9.6,75,17,25.0,102.49,Cloudy,12,-4.8,-5.807514862245127
2012-12-01 22:00:00,-4.8,-8.4,76,13,19.3,102.36,Snow,12,-4.7,-4.670669340490631
2012-12-01 23:00:00,-4.7,-8.0,78,19,16.1,102.28,Cloudy,12,-4.3,-4.612367875253896
2012-12-02 00:00:00,-4.3,-7.3,80,15,24.1,102.18,Cloudy,12,-4.2,-4.167907915001393
2012-12-02 01:00:00,-4.2,-6.8,82,15,24.1,102.11,Cloudy,12,-3.9,-4.056386261965858
2012-12-02 02:00:00,-3.9,-6.5,82,15,25.0,102.06,Cloudy,12,-3.5,-3.757127706757953
2012-12-02 03:00:00,-3.5,-5.8,84,13,25.0,102.02,Snow,12,-3.2,-3.330047734467023
2012-12-02 04:00:00,-3.2,-5.3,85,13,25.0,101.86,Cloudy,12,-2.7,-3.0249047786093355
2012-12-02 05:00:00,-2.7,-5.1,84,11,25.0,101.75,Cloudy,12,-1.9,-2.5157251565317886
2012-12-02 06:00:00,-1.9,-4.0,86,9,25.0,101.67,Cloudy,12,-0.3,-1.6896337772969863
2012-12-02 07:00:00,-0.3,-2.3,86,6,25.0,101.58,Cloudy,12,4.7,-0.06643794366505412
2012-12-02 08:00:00,4.7,2.4,85,28,25.0,101.46,Cloudy,12,5.1,4.7230601509921915
2012-12-02 09:00:00,5.1,2.6,84,32,24.1,101.34,Cloudy,12,5.7,5.081427181363134
2012-12-02 10:00:00,5.7,3.0,83,28,19.3,101.27,Cloudy,12,6.2,5.708819867052305
2012-12-02 11:00:00,6.2,3.2,81,28,24.1,101.16,Cloudy,12,6.6,6.196895548346661
2012-12-02 12:00:00,6.6,3.3,79,28,24.1,101.0,Rain Showers,12,6.2,6.585218377905048
2012-12-02 13:00:00,6.2,4.3,88,19,12.9,100.89,Rain,12,6.0,6.313055626979974
2012-12-02 14:00:00,6.0,4.5,90,19,9.7,100.82,"Rain,Fog",12,5.6,6.125318724807605
2012-12-02 15:00:00,5.6,4.9,95,22,4.8,100.75,"Rain,Fog",12,5.5,5.727498891342128
2012-12-02 16:00:00,5.5,4.9,96,20,6.4,100.68,"Rain,Fog",12,5.5,5.649930204303432
2012-12-02 17:00:00,5.5,5.0,97,17,6.4,100.65,"Rain,Fog",12,5.8,5.680804362981491
2012-12-02 18:00:00,5.8,5.6,99,15,4.8,100.65,"Rain,Fog",12,5.9,6.008131483536454
2012-12-02 19:00:00,5.9,5.9,100,15,3.6,100.67,"Drizzle,Fog",12,6.6,6.113768735922206
2012-12-02 20:00:00,6.6,6.5,99,13,3.2,100.68,"Drizzle,Fog",12,6.7,6.824614509299854
2012-12-02 21:00:00,6.7,6.6,99,11,8.0,100.7,Fog,12,7.1,6.941747348997395
2012-12-02 22:00:00,7.1,6.9,99,15,8.0,100.71,"Drizzle,Fog",12,8.2,7.30491855610404
2012-12-02 23:00:00,8.2,7.7,97,19,8.0,100.72,"Drizzle,Fog",12,8.1,8.35675137189106
2012-12-03 00:00:00,8.1,7.5,96,15,9.7,100.78,"Drizzle,Fog",12,7.8,8.286954319342536
2012-12-03 01:00:00,7.8,6.8,93,22,12.9,100.85,Cloudy,12,6.8,7.911373052147943
2012-12-03 02:00:00,6.8,5.3,90,28,25.0,100.99,Mostly Cloudy,12,5.5,6.845131592868275
2012-12-03 03:00:00,5.5,2.9,83,26,25.0,101.22,Mostly Cloudy,12,4.1,5.527774375456024
2012-12-03 04:00:00,4.1,1.6,84,13,25.0,101.35,Mostly Cloudy,12,3.2,4.249008549638391
2012-12-03 05:00:00,3.2,0.6,83,13,25.0,101.48,Mostly Cloudy,12,1.8,3.3464287072789762
2012-12-03 06:00:00,1.8,-0.1,87,11,25.0,101.58,Clear,12,1.2,1.9897261496220473
2012-12-03 07:00:00,1.2,-0.6,88,9,25.0,101.7,Mainly Clear,12,2.2,1.4133932039035113
2012-12-03 08:00:00,2.2,0.0,85,11,24.1,101.78,Mainly Clear,12,3.6,2.378048979180435
2012-12-03 09:00:00,3.6,1.0,83,11,48.3,101.87,Mostly Cloudy,12,3.9,3.7628201021844214
2012-12-03 10:00:00,3.9,1.2,83,13,24.1,101.99,Mostly Cloudy,12,3.7,4.04361844551667
2012-12-03 11:00:00,3.7,1.1,83,11,24.1,101.96,Cloudy,12,3.9,3.86257295392039
2012-12-03 12:00:00,3.9,1.3,83,9,24.1,101.96,Cloudy,12,4.0,4.079458645353899
2012-12-03 13:00:00,4.0,1.2,82,9,24.1,101.95,Cloudy,12,4.2,4.173327096440083
2012-12-03 14:00:00,4.2,0.8,79,13,24.1,101.95,Cloudy,12,4.0,4.320419622039522
2012-12-03 15:00:00,4.0,1.0,81,9,24.1,101.98,Cloudy,12,3.7,4.167442695790299
2012-12-03 16:00:00,3.7,-0.1,76,4,24.1,102.01,Cloudy,12,2.9,3.884372555065572
2012-12-03 17:00:00,2.9,1.1,88,4,25.0,102.03,Cloudy,12,3.0,3.1526416533189012
2012-12-03 18:00:00,3.0,0.6,84,4,25.0,102.03,Cloudy,12,3.4,3.2310173502839
2012-12-03 19:00:00,3.4,0.5,81,6,25.0,102.01,Cloudy,12,3.5,3.5960757912309314
2012-12-03 20:00:00,3.5,0.7,82,0,25.0,101.99,Cloudy,12,3.1,3.7527727835873175
2012-12-03 21:00:00,3.1,1.2,87,6,25.0,101.99,Cloudy,12,3.7,3.329963192093564
2012-12-03 22:00:00,3.7,1.3,84,11,25.0,101.94,Cloudy,12,3.7,3.868457354570174
2012-12-03 23:00:00,3.7,1.1,83,13,25.0,101.91,Cloudy,12,3.7,3.8451929659588173
2012-12-04 00:00:00,3.7,1.3,84,13,25.0,101.92,Cloudy,12,3.6,3.8510773666086013
2012-12-04 01:00:00,3.6,1.4,86,7,25.0,101.86,Cloudy,12,3.9,3.813072832228752
2012-12-04 02:00:00,3.9,1.1,82,6,25.0,101.81,Mostly Cloudy,12,3.8,4.099644226646473
2012-12-04 03:00:00,3.8,1.2,83,19,25.0,101.71,Cloudy,12,3.1,3.892805853810068
2012-12-04 04:00:00,3.1,1.3,88,20,25.0,101.56,Mainly Clear,12,2.9,3.2131074530982584
2012-12-04 05:00:00,2.9,1.5,90,13,25.0,101.52,Mostly Cloudy,12,4.2,3.086200508791393
2012-12-04 06:00:00,4.2,2.6,89,15,25.0,101.41,Cloudy,12,5.1,4.359723192747623
2012-12-04 07:00:00,5.1,3.4,89,13,25.0,101.35,Cloudy,12,5.5,5.273798622418825
2012-12-04 08:00:00,5.5,3.9,89,9,19.3,101.29,Rain Showers,12,5.9,5.708650229199926
2012-12-04 09:00:00,5.9,4.8,93,11,19.3,101.23,Rain Showers,12,8.0,6.110578579039112
2012-12-04 10:00:00,8.0,6.3,89,19,19.3,101.16,Mostly Cloudy,12,10.1,8.114491358877185
2012-12-04 11:00:00,10.1,7.7,85,17,24.1,101.06,Cloudy,12,11.5,10.204223854609037
2012-12-04 12:00:00,11.5,8.3,81,19,24.1,100.92,Mostly Cloudy,12,11.9,11.559846188351882
2012-12-04 13:00:00,11.9,8.4,79,17,24.1,100.84,Cloudy,12,11.3,11.965549005871845
2012-12-04 14:00:00,11.3,8.1,81,24,24.1,100.74,Cloudy,12,11.0,11.316890514976015
2012-12-04 15:00:00,11.0,7.9,81,24,24.1,100.66,Cloudy,12,10.7,11.018712183682192
2012-12-04 16:00:00,10.7,7.9,83,24,19.3,100.64,Cloudy,12,10.8,10.730142205859773
2012-12-04 17:00:00,10.8,8.1,83,30,25.0,100.55,Cloudy,12,10.7,10.77883531762511
2012-12-04 18:00:00,10.7,8.2,85,32,25.0,100.5,Cloudy,12,10.7,10.67131083139897
2012-12-04 19:00:00,10.7,8.4,86,7,25.0,100.57,Rain Showers,12,9.9,10.894445081568406
2012-12-04 20:00:00,9.9,9.1,95,15,12.9,100.53,Rain,12,10.4,10.076621249940178
2012-12-04 21:00:00,10.4,9.7,95,9,6.4,100.56,Rain,12,9.8,10.62860569641882
2012-12-04 22:00:00,9.8,9.3,97,6,12.9,100.57,Rain,12,9.7,10.065766921416772
2012-12-04 23:00:00,9.7,9.1,96,19,9.7,100.63,Rain,12,9.5,9.84823997119488
2012-12-05 00:00:00,9.5,8.0,90,19,12.9,100.56,Rain,12,9.0,9.616668535566491
2012-12-05 01:00:00,9.0,7.3,89,30,16.1,100.45,Rain,12,8.7,9.016429942448218
2012-12-05 02:00:00,8.7,7.1,90,24,16.1,100.5,Rain,12,7.8,8.774115527860731
2012-12-05 03:00:00,7.8,6.7,93,24,9.7,100.53,Rain,12,7.2,7.892912840272286
2012-12-05 04:00:00,7.2,4.8,85,15,25.0,100.55,Mainly Clear,12,6.6,7.328771142227533
2012-12-05 05:00:00,6.6,4.1,84,17,25.0,100.62,Cloudy,12,5.7,6.708069867114449
2012-12-05 06:00:00,5.7,2.7,81,24,25.0,100.68,Mostly Cloudy,12,5.2,5.732891265589965
2012-12-05 07:00:00,5.2,0.4,71,30,25.0,100.74,Mostly Cloudy,12,4.2,5.125303484355734
2012-12-05 08:00:00,4.2,-0.5,71,26,24.1,100.85,Cloudy,12,3.6,4.163615166833281
2012-12-05 09:00:00,3.6,-1.5,69,26,24.1,100.95,Cloudy,12,2.1,3.553329255117903
2012-12-05 10:00:00,2.1,-1.8,75,28,19.3,101.09,"Rain Showers,Snow Showers",12,2.2,2.0749628950155117
2012-12-05 11:00:00,2.2,-2.5,71,30,24.1,101.17,Snow Showers,12,1.1,2.133798156190772
2012-12-05 12:00:00,1.1,-4.8,65,26,24.1,101.23,Snow Showers,12,1.3,1.0359703591195635
2012-12-05 13:00:00,1.3,-7.0,54,30,24.1,101.29,Mostly Cloudy,12,0.8,1.1338272316925662
2012-12-05 14:00:00,0.8,-6.7,57,35,24.1,101.34,Mostly Cloudy,12,0.1,0.611426652886312
2012-12-05 15:00:00,0.1,-7.6,56,26,24.1,101.47,Mostly Cloudy,12,-0.4,-0.014517764088173034
2012-12-05 16:00:00,-0.4,-9.4,51,30,24.1,101.58,Cloudy,12,-0.7,-0.5807046736823275
2012-12-05 17:00:00,-0.7,-8.3,56,30,25.0,101.66,Cloudy,12,-0.8,-0.8462203299849801
2012-12-05 18:00:00,-0.8,-8.0,58,22,25.0,101.76,Mostly Cloudy,12,-1.0,-0.8646844285750909
2012-12-05 19:00:00,-1.0,-8.5,57,28,25.0,101.84,Snow,12,-1.4,-1.1232947204956114
2012-12-05 20:00:00,-1.4,-8.6,58,19,25.0,101.88,Mostly Cloudy,12,-1.9,-1.437131557048541
2012-12-05 21:00:00,-1.9,-8.7,60,24,25.0,101.93,Mostly Cloudy,12,-1.6,-1.9675769843327453
2012-12-05 22:00:00,-1.6,-9.5,55,26,25.0,102.01,Mostly Cloudy,12,-1.8,-1.7162006442494158
2012-12-05 23:00:00,-1.8,-9.7,55,20,25.0,102.07,Mostly Cloudy,12,-2.1,-1.8635663838366348
2012-12-06 00:00:00,-2.1,-9.7,56,20,25.0,102.1,Mostly Cloudy,12,-2.3,-2.1558603144806723
2012-12-06 01:00:00,-2.3,-9.3,59,17,25.0,102.12,Mostly Cloudy,12,-2.9,-2.311642834060898
2012-12-06 02:00:00,-2.9,-9.4,61,17,25.0,102.21,Mostly Cloudy,12,-3.4,-2.8973109192630564
2012-12-06 03:00:00,-3.4,-9.1,65,15,25.0,102.26,Mostly Cloudy,12,-3.9,-3.3551575873821893
2012-12-06 04:00:00,-3.9,-9.0,68,11,25.0,102.33,Mostly Cloudy,12,-5.2,-3.801508668189533
2012-12-06 05:00:00,-5.2,-9.7,71,9,25.0,102.38,Mainly Clear,12,-5.7,-5.063262550846195
2012-12-06 06:00:00,-5.7,-9.7,73,13,25.0,102.45,Mainly Clear,12,-5.9,-5.58393776023553
2012-12-06 07:00:00,-5.9,-10.0,73,11,24.1,102.47,Mainly Clear,12,-4.6,-5.767143699659978
2012-12-06 08:00:00,-4.6,-8.8,72,7,24.1,102.52,Mainly Clear,12,-3.4,-4.440400827904947
2012-12-06 09:00:00,-3.4,-8.9,66,9,48.3,102.53,Mostly Cloudy,12,-2.6,-3.2971332228476884
2012-12-06 10:00:00,-2.6,-8.4,64,13,48.3,102.56,Mostly Cloudy,12,-1.8,-2.5445589622685727
2012-12-06 11:00:00,-1.8,-8.9,58,13,48.3,102.46,Mainly Clear,12,-1.8,-1.7829227761936135
2012-12-06 12:00:00,-1.8,-9.4,56,6,48.3,102.37,Mainly Clear,12,-1.0,-1.734941843541761
2012-12-06 13:00:00,-1.0,-8.3,58,7,48.3,102.27,Mainly Clear,12,-0.9,-0.9349204462493172
2012-12-06 14:00:00,-0.9,-8.7,55,13,48.3,102.21,Mainly Clear,12,-1.2,-0.9038805364333348
2012-12-06 15:00:00,-1.2,-7.9,60,11,48.3,102.18,Mainly Clear,12,-2.8,-1.1552568765166644
2012-12-06 16:00:00,-2.8,-7.9,68,7,48.3,102.11,Mainly Clear,12,-2.8,-2.6694673231707386
2012-12-06 17:00:00,-2.8,-7.6,69,7,25.0,102.1,Mainly Clear,12,-2.7,-2.662502698606872
2012-12-06 18:00:00,-2.7,-6.8,73,13,25.0,102.06,Mostly Cloudy,12,-2.8,-2.5924324320705687
2012-12-06 19:00:00,-2.8,-7.4,71,9,25.0,102.05,Mostly Cloudy,12,-1.9,-2.670274333097043
2012-12-06 20:00:00,-1.9,-7.4,66,7,25.0,101.95,Mostly Cloudy,12,-1.7,-1.7834604588465932
2012-12-06 21:00:00,-1.7,-7.0,67,11,25.0,101.88,Cloudy,12,-1.4,-1.6128303306480178
2012-12-06 22:00:00,-1.4,-7.2,65,17,25.0,101.8,Cloudy,12,-1.1,-1.3785607645384814
2012-12-06 23:00:00,-1.1,-6.0,69,7,25.0,101.73,Mostly Cloudy,12,-1.3,-0.9677844430094965
2012-12-07 00:00:00,-1.3,-5.9,71,13,25.0,101.67,Mostly Cloudy,12,-1.5,-1.2087415329806652
2012-12-07 01:00:00,-1.5,-5.7,73,7,25.0,101.58,Mostly Cloudy,12,-1.3,-1.3443384712683164
2012-12-07 02:00:00,-1.3,-5.3,74,9,25.0,101.51,Mainly Clear,12,-1.8,-1.1563283551081687
2012-12-07 03:00:00,-1.8,-5.3,77,9,25.0,101.46,Mainly Clear,12,-2.7,-1.6385196357527407
2012-12-07 04:00:00,-2.7,-5.7,80,11,25.0,101.38,Mostly Cloudy,12,-2.2,-2.537102311302758
2012-12-07 05:00:00,-2.2,-5.5,78,11,25.0,101.3,Mostly Cloudy,12,-2.9,-2.0490266300084023
2012-12-07 06:00:00,-2.9,-5.5,82,7,25.0,101.27,Cloudy,12,-2.8,-2.6900792375519815
2012-12-07 07:00:00,-2.8,-5.3,83,11,24.1,101.3,Mostly Cloudy,12,-3.3,-2.6202821850034574
2012-12-07 08:00:00,-3.3,-5.4,85,7,24.1,101.29,Cloudy,12,-2.1,-3.0725176664605858
2012-12-07 09:00:00,-2.1,-4.7,82,7,24.1,101.32,Mostly Cloudy,12,1.2,-1.8920564236642368
2012-12-07 10:00:00,1.2,-5.8,60,9,48.3,101.26,Mostly Cloudy,12,2.6,1.2529508813658947
2012-12-07 11:00:00,2.6,-5.0,57,4,48.3,101.24,Mostly Cloudy,12,3.0,2.6752875736240282
2012-12-07 12:00:00,3.0,-5.0,56,4,24.1,101.2,Cloudy,12,3.7,3.066254132089951
2012-12-07 13:00:00,3.7,-4.3,56,6,48.3,101.15,Cloudy,12,3.9,3.747144106280156
2012-12-07 14:00:00,3.9,-4.3,55,11,48.3,101.09,Cloudy,12,3.9,3.8973154391983766
2012-12-07 15:00:00,3.9,-3.3,59,11,48.3,101.11,Cloudy,12,3.5,3.923013489625679
2012-12-07 16:00:00,3.5,-3.8,59,9,24.1,101.13,Cloudy,12,2.8,3.540301846729295
2012-12-07 17:00:00,2.8,-3.3,64,11,25.0,101.14,Cloudy,12,2.2,2.8562343476930314
2012-12-07 18:00:00,2.2,-3.5,66,7,25.0,101.13,Mostly Cloudy,12,2.2,2.3042460144999355
2012-12-07 19:00:00,2.2,-3.3,67,6,25.0,101.17,Cloudy,12,2.1,2.3188204091305056
2012-12-07 20:00:00,2.1,-3.1,68,4,25.0,101.18,Cloudy,12,2.0,2.2434121699199765
2012-12-07 21:00:00,2.0,-3.1,69,6,25.0,101.18,Cloudy,12,2.3,2.1310835069581366
2012-12-07 22:00:00,2.3,-2.5,71,4,25.0,101.19,Cloudy,12,1.5,2.458410627513098
2012-12-07 23:00:00,1.5,-2.2,76,4,19.3,101.22,Snow,12,1.8,1.6908900407883556
2012-12-08 00:00:00,1.8,-1.4,79,4,25.0,101.2,Snow,12,2.0,2.0067215740315287
2012-12-08 01:00:00,2.0,-1.3,79,6,25.0,101.17,Cloudy,12,2.0,2.1877670656278094
2012-12-08 02:00:00,2.0,-1.9,75,7,25.0,101.17,Cloudy,12,2.1,2.157699916876054
2012-12-08 03:00:00,2.1,-1.5,77,6,25.0,101.18,Cloudy,12,2.5,2.276831339978293
2012-12-08 04:00:00,2.5,-1.2,77,0,25.0,101.13,Cloudy,12,2.7,2.7269024868928
2012-12-08 05:00:00,2.7,-1.0,77,9,25.0,101.07,Cloudy,12,2.4,2.8481982445376604
2012-12-08 06:00:00,2.4,0.3,86,9,25.0,101.05,Cloudy,12,2.3,2.5997388473496446
2012-12-08 07:00:00,2.3,1.0,91,6,8.0,101.09,Fog,12,2.7,2.553317532976788
2012-12-08 08:00:00,2.7,1.6,92,7,6.4,101.06,"Rain,Fog",12,2.7,2.949523346589659
2012-12-08 09:00:00,2.7,1.8,94,11,4.8,100.98,"Rain,Fog",12,3.2,2.9243717241379157
2012-12-08 10:00:00,3.2,2.1,92,11,8.0,100.95,"Rain,Fog",12,2.2,3.413527629346355
2012-12-08 11:00:00,2.2,1.5,95,17,8.0,100.83,"Rain,Fog",12,2.1,2.3793519022231417
2012-12-08 12:00:00,2.1,1.6,96,15,4.8,100.74,"Rain,Fog",12,1.9,2.3028634390985294
2012-12-08 13:00:00,1.9,1.3,96,17,3.6,100.59,"Rain,Fog",12,2.1,2.0848975237509375
2012-12-08 14:00:00,2.1,1.2,94,15,6.4,100.52,"Rain,Fog",12,2.0,2.2910946377989614
2012-12-08 15:00:00,2.0,1.0,93,17,4.8,100.48,"Rain,Fog",12,1.8,2.1691576213657204
2012-12-08 16:00:00,1.8,0.8,93,17,4.8,100.49,"Rain,Fog",12,1.6,1.969651917893784
2012-12-08 17:00:00,1.6,0.6,93,9,8.0,100.46,"Rain,Fog",12,1.1,1.8396661662681373
2012-12-08 18:00:00,1.1,0.5,96,9,6.4,100.54,"Rain,Fog",12,0.9,1.3563946617094822
2012-12-08 19:00:00,0.9,0.2,95,9,6.4,100.61,"Rain,Fog",12,0.8,1.152084781501845
2012-12-08 20:00:00,0.8,0.3,96,9,6.4,100.67,"Rain,Fog",12,0.8,1.0582163304156607
2012-12-08 21:00:00,0.8,0.3,96,9,6.4,100.73,"Rain,Snow,Fog",12,1.2,1.0582163304156607
2012-12-08 22:00:00,1.2,0.6,96,13,6.4,100.84,Fog,12,1.3,1.4213875375223053
2012-12-08 23:00:00,1.3,0.6,95,17,8.0,100.96,"Drizzle,Fog",12,1.5,1.4815762365994278
2012-12-09 00:00:00,1.5,0.7,94,20,9.7,101.07,Fog,12,1.9,1.6502077813933047
2012-12-09 01:00:00,1.9,0.7,92,17,16.1,101.22,Cloudy,12,1.8,2.063520368979968
2012-12-09 02:00:00,1.8,0.1,88,17,19.3,101.37,Cloudy,12,1.5,1.943470586387114
2012-12-09 03:00:00,1.5,-0.5,87,17,25.0,101.47,Mainly Clear,12,1.5,1.6372474066153422
2012-12-09 04:00:00,1.5,-0.3,88,13,25.0,101.59,Mostly Cloudy,12,1.1,1.677891783188271
2012-12-09 05:00:00,1.1,-0.9,86,15,25.0,101.72,Cloudy,12,0.8,1.2518920348114244
2012-12-09 06:00:00,0.8,-1.5,85,11,25.0,101.84,Cloudy,12,0.2,0.9804288309627979
2012-12-09 07:00:00,0.2,-2.3,83,20,24.1,102.02,Cloudy,12,-0.5,0.29409342124851123
2012-12-09 08:00:00,-0.5,-2.9,84,11,24.1,102.16,Cloudy,12,-0.9,-0.3211624183404892
2012-12-09 09:00:00,-0.9,-3.9,80,20,24.1,102.24,Cloudy,12,-1.5,-0.819760925882407
2012-12-09 10:00:00,-1.5,-4.5,80,20,24.1,102.35,Cloudy,12,-1.7,-1.4182780362982161
2012-12-09 11:00:00,-1.7,-4.8,79,17,24.1,102.35,Cloudy,12,-1.9,-1.5965179345634946
2012-12-09 12:00:00,-1.9,-5.1,79,17,12.9,102.32,Snow Showers,12,-2.3,-1.7971038619495139
2012-12-09 13:00:00,-2.3,-5.4,79,9,24.1,102.28,Cloudy,12,-1.9,-2.125515093133014
2012-12-09 14:00:00,-1.9,-5.1,79,7,24.1,102.28,Cloudy,12,-1.9,-1.7102039221416518
2012-12-09 15:00:00,-1.9,-4.9,80,6,24.1,102.33,Cloudy,12,-1.6,-1.695629527511082
2012-12-09 16:00:00,-1.6,-5.2,76,4,24.1,102.31,Cloudy,12,-1.2,-1.4003681391125744
2012-12-09 17:00:00,-1.2,-5.7,71,15,25.0,102.31,Cloudy,12,-1.4,-1.1252884452921863
2012-12-09 18:00:00,-1.4,-5.9,71,19,25.0,102.25,Cloudy,12,-1.7,-1.3595541246872673
2012-12-09 19:00:00,-1.7,-6.2,71,22,24.1,102.22,Cloudy,12,-2.2,-1.6848826618375303
2012-12-09 20:00:00,-2.2,-7.2,69,28,25.0,102.11,Cloudy,12,-2.4,-2.24863590961574
2012-12-09 21:00:00,-2.4,-6.5,73,20,25.0,101.91,Cloudy,12,-3.0,-2.3540038347281675
2012-12-09 22:00:00,-3.0,-8.2,67,28,25.0,101.78,Cloudy,12,-3.6,-3.0562670769748865
2012-12-09 23:00:00,-3.6,-8.6,68,32,25.0,101.64,Cloudy,12,-3.9,-3.6836597626640564
2012-12-10 00:00:00,-3.9,-8.1,73,20,25.0,101.54,Cloudy,12,-5.0,-3.8513768346817727
2012-12-10 01:00:00,-5.0,-6.2,91,32,1.6,101.31,Snow,12,-4.7,-4.953500263335246
2012-12-10 02:00:00,-4.7,-6.2,89,33,4.0,101.1,Snow,12,-4.3,-4.673620279493613
2012-12-10 03:00:00,-4.3,-5.9,89,33,2.8,100.96,"Snow,Ice Pellets",12,-3.3,-4.275689096463823
2012-12-10 04:00:00,-3.3,-4.4,92,28,3.6,100.73,"Freezing Drizzle,Fog",12,-1.9,-3.2181376311649417
2012-12-10 05:00:00,-1.9,-2.8,94,33,4.0,100.55,"Freezing Drizzle,Fog",12,0.1,-1.8554393232939166
2012-12-10 06:00:00,0.1,-0.9,93,22,8.0,100.3,"Freezing Rain,Fog",12,1.0,0.23040346847839413
2012-12-10 07:00:00,1.0,0.0,93,19,8.0,100.09,"Rain,Fog",12,1.7,1.1542491160444661
2012-12-10 08:00:00,1.7,0.8,94,17,6.4,99.98,"Moderate Rain,Fog",12,2.2,1.8747032428935166
2012-12-10 09:00:00,2.2,1.5,95,19,6.4,99.78,"Rain,Fog",12,2.2,2.361971914261569
2012-12-10 10:00:00,2.2,1.6,96,17,2.4,99.7,"Rain,Fog",12,1.9,2.384156078958842
2012-12-10 11:00:00,1.9,1.5,97,15,3.2,99.6,"Rain,Fog",12,1.4,2.1081619123622937
2012-12-10 12:00:00,1.4,0.8,96,15,4.8,99.44,"Drizzle,Fog",12,0.6,1.603513253032669
2012-12-10 13:00:00,0.6,0.3,98,19,2.4,99.34,"Rain,Fog",12,0.1,0.7814190406072637
2012-12-10 14:00:00,0.1,-0.2,98,15,2.4,99.32,"Rain,Fog",12,0.0,0.3174147578505677
2012-12-10 15:00:00,0.0,-0.5,96,9,4.0,99.34,"Drizzle,Fog",12,0.0,0.2601935165279152
2012-12-10 16:00:00,0.0,-0.5,96,6,4.0,99.41,"Rain,Fog",12,0.1,0.2862634984702738
2012-12-10 17:00:00,0.1,-0.3,97,4,4.8,99.42,"Rain,Fog",12,1.5,0.4082005149035152
2012-12-10 18:00:00,1.5,1.1,97,15,12.9,99.57,Cloudy,12,2.6,1.7091505054184213
2012-12-10 19:00:00,2.6,0.9,89,22,25.0,99.54,Cloudy,12,2.5,2.7017673831925455
2012-12-10 20:00:00,2.5,-0.5,81,24,25.0,99.58,Cloudy,12,2.2,2.5408000100389834
2012-12-10 21:00:00,2.2,-1.3,78,24,25.0,99.63,Cloudy,12,1.7,2.2249684767958104
2012-12-10 22:00:00,1.7,-1.3,80,20,25.0,99.73,Cloudy,12,1.2,1.773813219252765
2012-12-10 23:00:00,1.2,-2.1,79,20,25.0,99.78,Mostly Cloudy,12,0.7,1.2680843360090572
2012-12-11 00:00:00,0.7,-2.7,78,17,25.0,99.89,Cloudy,12,0.0,0.7905858825358741
2012-12-11 01:00:00,0.0,-3.6,77,28,25.0,99.99,Cloudy,12,-1.1,-0.009158414054334998
2012-12-11 02:00:00,-1.1,-5.2,74,22,25.0,100.09,Mostly Cloudy,12,-2.5,-1.070872797300536
2012-12-11 03:00:00,-2.5,-6.0,77,24,25.0,100.27,Mostly Cloudy,12,-4.5,-2.4671395076163107
2012-12-11 04:00:00,-4.5,-8.0,76,20,25.0,100.38,Mainly Clear,12,-5.9,-4.431160519234147
2012-12-11 05:00:00,-5.9,-9.6,75,17,25.0,100.51,Mainly Clear,12,-7.3,-5.807514862245127
2012-12-11 06:00:00,-7.3,-10.3,79,15,25.0,100.62,Mainly Clear,12,-8.0,-7.164217419902056
2012-12-11 07:00:00,-8.0,-11.5,76,15,24.1,100.78,Mainly Clear,12,-8.4,-7.8790603600891025
2012-12-11 08:00:00,-8.4,-12.0,75,17,24.1,100.91,Mainly Clear,12,-7.9,-8.300255931730248
2012-12-11 09:00:00,-7.9,-12.0,72,19,24.1,101.03,Mainly Clear,12,-7.1,-7.835444639047249
2012-12-11 10:00:00,-7.1,-12.0,68,9,24.1,101.12,Mainly Clear,12,-6.6,-6.974059487950775
2012-12-11 11:00:00,-6.6,-12.2,64,7,24.1,101.1,Mainly Clear,12,-6.1,-6.480372619994415
2012-12-11 12:00:00,-6.1,-12.4,61,11,24.1,101.13,Mainly Clear,12,-5.5,-6.035101763101154
2012-12-11 13:00:00,-5.5,-11.1,65,17,24.1,101.18,Mainly Clear,12,-5.2,-5.466267237885011
2012-12-11 14:00:00,-5.2,-11.0,64,17,24.1,101.21,Mainly Clear,12,-5.7,-5.17289308332689
2012-12-11 15:00:00,-5.7,-11.5,64,13,24.1,101.29,Clear,12,-6.1,-5.636897366083585
2012-12-11 16:00:00,-6.1,-11.6,65,15,24.1,101.35,Clear,12,-6.8,-6.046324136425163
2012-12-11 17:00:00,-6.8,-11.7,68,11,24.1,101.45,Clear,12,-6.9,-6.692180920704444
2012-12-11 18:00:00,-6.9,-11.5,70,13,25.0,101.51,Clear,12,-7.9,-6.7986251830165
2012-12-11 19:00:00,-7.9,-11.0,78,13,25.0,101.6,Clear,12,-7.9,-7.750158719091994
2012-12-11 20:00:00,-7.9,-11.3,77,15,25.0,101.68,Clear,12,-8.7,-7.774503331617433
2012-12-11 21:00:00,-8.7,-11.6,79,9,25.0,101.74,Clear,12,-9.1,-8.507537156406809
2012-12-11 22:00:00,-9.1,-11.4,83,6,25.0,101.78,Clear,12,-8.3,-8.859101426637354
2012-12-11 23:00:00,-8.3,-11.2,80,9,25.0,101.84,Clear,12,-9.2,-8.10480179664132
2012-12-12 00:00:00,-9.2,-11.6,83,7,25.0,101.87,Clear,12,-9.4,-8.968624496268193
2012-12-12 01:00:00,-9.4,-11.5,85,7,25.0,101.91,Clear,12,-10.3,-9.157441622354645
2012-12-12 02:00:00,-10.3,-12.0,87,4,25.0,101.96,Clear,12,-9.6,-10.01737850473643
2012-12-12 03:00:00,-9.6,-11.3,87,4,25.0,102.0,Clear,12,-10.1,-9.319108542584653
2012-12-12 04:00:00,-10.1,-11.6,89,6,25.0,102.04,Clear,12,-10.3,-9.825644435754665
2012-12-12 05:00:00,-10.3,-11.7,89,4,25.0,102.06,Clear,12,-9.5,-10.006689927350946
2012-12-12 06:00:00,-9.5,-11.3,87,4,25.0,102.1,Clear,12,-11.2,-9.220435914762767
2012-12-12 07:00:00,-11.2,-12.4,91,4,24.1,102.19,Mainly Clear,12,-7.3,-10.894857239503256
2012-12-12 08:00:00,-7.3,-9.2,86,11,24.1,102.14,Mostly Cloudy,12,-6.1,-7.091507311172673
2012-12-12 09:00:00,-6.1,-9.0,80,4,24.1,102.21,Snow Showers,12,-4.7,-5.866789088546089
2012-12-12 10:00:00,-4.7,-7.6,80,9,24.1,102.2,Snow Showers,12,-3.7,-4.513699134146465
2012-12-12 11:00:00,-3.7,-6.8,79,7,19.3,102.15,Cloudy,12,-2.7,-3.5046750294749955
2012-12-12 12:00:00,-2.7,-6.5,75,7,19.3,102.14,Mostly Cloudy,12,-3.0,-2.5296038908003666
2012-12-12 13:00:00,-3.0,-6.7,76,6,19.3,102.14,Mainly Clear,12,-2.9,-2.8153682752917844
2012-12-12 14:00:00,-2.9,-6.5,76,7,16.1,102.16,Cloudy,12,-3.2,-2.723225193622519
2012-12-12 15:00:00,-3.2,-6.7,77,6,19.3,102.17,Mostly Cloudy,12,-2.8,-3.008989578113937
2012-12-12 16:00:00,-2.8,-6.2,77,4,12.9,102.2,Mostly Cloudy,12,-3.2,-2.591517959294408
2012-12-12 17:00:00,-3.2,-6.0,81,7,9.7,102.25,Snow Showers,12,-3.6,-2.99522219340967
2012-12-12 18:00:00,-3.6,-5.7,85,7,12.9,102.28,Snow Showers,12,-4.0,-3.371776221668491
2012-12-12 19:00:00,-4.0,-6.1,85,11,12.9,102.3,Cloudy,12,-4.4,-3.8055476045355077
2012-12-12 20:00:00,-4.4,-6.4,86,7,16.1,102.36,Snow Showers,12,-3.9,-4.164994858820536
2012-12-12 21:00:00,-3.9,-5.9,86,6,16.1,102.37,Snow Showers,12,-3.8,-3.6575406061599076
2012-12-12 22:00:00,-3.8,-5.6,87,4,11.3,102.4,Snow Showers,12,-4.3,-3.5345233658125834
2012-12-12 23:00:00,-4.3,-5.8,89,4,16.1,102.45,Mainly Clear,12,-6.1,-4.022599047106939
2012-12-13 00:00:00,-6.1,-7.4,90,6,12.9,102.44,Clear,12,-4.3,-5.829645965666155
2012-12-13 01:00:00,-4.3,-5.3,93,11,12.9,102.49,Clear,12,-5.9,-4.063132074115556
2012-12-13 02:00:00,-5.9,-6.6,95,6,11.3,102.57,Clear,12,-6.1,-5.605039154601632
2012-12-13 03:00:00,-6.1,-7.0,93,11,11.3,102.61,Clear,12,-5.4,-5.8576031814489005
2012-12-13 04:00:00,-5.4,-6.2,94,6,8.0,102.61,Fog,12,-6.0,-5.111079072657492
2012-12-13 05:00:00,-6.0,-6.8,94,4,9.7,102.63,Fog,12,-6.4,-5.692216195111729
2012-12-13 06:00:00,-6.4,-7.5,92,4,9.7,102.66,Fog,12,-6.1,-6.101916179441086
2012-12-13 07:00:00,-6.1,-7.4,90,4,9.7,102.69,Fog,12,-6.0,-5.812265977704583
2012-12-13 08:00:00,-6.0,-7.1,92,4,8.0,102.67,Fog,12,-4.7,-5.702904772497213
2012-12-13 09:00:00,-4.7,-6.0,91,4,8.0,102.68,Fog,12,-2.3,-4.412002100579411
2012-12-13 10:00:00,-2.3,-4.2,87,4,6.4,102.64,Fog,12,-0.7,-2.039310813687144
2012-12-13 11:00:00,-0.7,-3.1,84,9,9.7,102.55,Haze,12,-0.4,-0.503288133850853
2012-12-13 12:00:00,-0.4,-2.9,83,9,9.7,102.46,Haze,12,0.1,-0.20883375537864948
2012-12-13 13:00:00,0.1,-2.5,83,9,12.9,102.36,Cloudy,12,1.1,0.2888502793871082
2012-12-13 14:00:00,1.1,-2.1,79,11,19.3,102.28,Mostly Cloudy,12,2.1,1.247621654014248
2012-12-13 15:00:00,2.1,-1.9,75,7,19.3,102.25,Mainly Clear,12,1.3,2.256372544697939
2012-12-13 16:00:00,1.3,-2.1,78,9,19.3,102.21,Mainly Clear,12,1.4,1.458622944797973
2012-12-13 17:00:00,1.4,-1.8,79,19,25.0,102.1,Mainly Clear,12,1.1,1.4773602573758626
2012-12-13 18:00:00,1.1,-2.0,80,19,25.0,102.01,Mostly Cloudy,12,1.7,1.182905878903659
2012-12-13 19:00:00,1.7,-2.5,74,15,25.0,101.99,Mainly Clear,12,0.4,1.7819567852579927
2012-12-13 20:00:00,0.4,-2.5,81,11,25.0,101.98,Mainly Clear,12,0.6,0.5600402692479557
2012-12-13 21:00:00,0.6,-2.3,81,15,25.0,101.9,Mostly Cloudy,12,0.2,0.724785996796747
2012-12-13 22:00:00,0.2,-2.5,82,15,25.0,101.84,Cloudy,12,0.7,0.33165899050265835
2012-12-13 23:00:00,0.7,-2.3,80,17,25.0,101.77,Cloudy,12,0.8,0.8023546838354421
2012-12-14 00:00:00,0.8,-2.6,78,15,25.0,101.71,Cloudy,12,0.0,0.9077187222334149
2012-12-14 01:00:00,0.0,-3.0,80,17,25.0,101.62,Mostly Cloudy,12,-0.6,0.10408472168366492
2012-12-14 02:00:00,-0.6,-3.2,83,15,25.0,101.59,Cloudy,12,-0.8,-0.4615596466493861
2012-12-14 03:00:00,-0.8,-3.4,83,15,25.0,101.51,Cloudy,12,-0.2,-0.6610653501213224
2012-12-14 04:00:00,-0.2,-3.5,78,20,25.0,101.44,Mostly Cloudy,12,0.3,-0.1321795411161147
2012-12-14 05:00:00,0.3,-3.3,77,11,25.0,101.4,Cloudy,12,0.5,0.4378300388269349
2012-12-14 06:00:00,0.5,-3.5,75,15,25.0,101.36,Cloudy,12,2.0,0.5908069650761587
2012-12-14 07:00:00,2.0,-3.6,66,20,48.3,101.3,Mainly Clear,12,1.5,1.992850613191861
2012-12-14 08:00:00,1.5,-3.5,69,13,48.3,101.32,Mostly Cloudy,12,2.3,1.5725695143268756
2012-12-14 09:00:00,2.3,-3.1,67,26,48.3,101.32,Mostly Cloudy,12,2.8,2.2458536051648323
2012-12-14 10:00:00,2.8,-2.4,69,22,24.1,101.34,Cloudy,12,2.6,2.7889861932392193
2012-12-14 11:00:00,2.6,-2.0,72,22,24.1,101.35,Rain Showers,12,2.8,2.6071336917166352
2012-12-14 12:00:00,2.8,-1.5,73,17,24.1,101.33,Cloudy,12,3.3,2.857053989656369
2012-12-14 13:00:00,3.3,-1.2,72,22,24.1,101.33,Mostly Cloudy,12,3.2,3.3064838777824948
2012-12-14 14:00:00,3.2,-1.1,73,19,24.1,101.38,Mostly Cloudy,12,3.0,3.2386854086386694
2012-12-14 15:00:00,3.0,-1.0,75,15,24.1,101.44,Cloudy,12,2.8,3.0846282584753624
2012-12-14 16:00:00,2.8,-1.0,76,17,24.1,101.53,Mostly Cloudy,12,2.5,2.8736269676916377
2012-12-14 17:00:00,2.5,-0.6,80,13,25.0,101.61,Mostly Cloudy,12,2.3,2.6315857670919307
2012-12-14 18:00:00,2.3,-1.3,77,17,25.0,101.7,Cloudy,12,1.8,2.380747109661581
2012-12-14 19:00:00,1.8,-3.6,67,19,25.0,101.76,Mostly Cloudy,12,0.8,1.8079193043504949
2012-12-14 20:00:00,0.8,-4.7,67,15,25.0,101.85,Mostly Cloudy,12,-1.5,0.8440705389998752
2012-12-14 21:00:00,-1.5,-6.4,69,22,25.0,101.96,Mainly Clear,12,-2.9,-1.4971457596651618
2012-12-14 22:00:00,-2.9,-7.4,71,20,25.0,102.06,Mainly Clear,12,-4.3,-2.864536894707576
2012-12-14 23:00:00,-4.3,-8.6,72,22,25.0,102.13,Mainly Clear,12,-5.3,-4.272572406322919
2012-12-15 00:00:00,-5.3,-10.5,67,20,25.0,102.18,Clear,12,-6.5,-5.281062715055864
2012-12-15 01:00:00,-6.5,-11.4,68,17,25.0,102.27,Clear,12,-7.1,-6.445062329381257
2012-12-15 02:00:00,-7.1,-11.8,69,19,25.0,102.36,Clear,12,-8.0,-7.055075027108854
2012-12-15 03:00:00,-8.0,-13.2,66,17,25.0,102.41,Clear,12,-8.5,-7.952043682806265
2012-12-15 04:00:00,-8.5,-13.8,66,15,25.0,102.42,Clear,12,-9.3,-8.434508177438614
2012-12-15 05:00:00,-9.3,-14.2,67,20,25.0,102.47,Clear,12,-9.9,-9.267936112752343
2012-12-15 06:00:00,-9.9,-14.5,69,17,25.0,102.58,Clear,12,-10.2,-9.829694663840307
2012-12-15 07:00:00,-10.2,-15.1,67,19,48.3,102.63,Clear,12,-10.7,-10.157021784395267
2012-12-15 08:00:00,-10.7,-15.6,67,13,48.3,102.69,Clear,12,-10.4,-10.603646079190392
2012-12-15 09:00:00,-10.4,-15.9,64,19,48.3,102.74,Clear,12,-9.9,-10.374180689816557
2012-12-15 10:00:00,-9.9,-15.2,65,13,48.3,102.78,Mainly Clear,12,-9.3,-9.817392066602215
2012-12-15 11:00:00,-9.3,-14.9,64,19,48.3,102.74,Mainly Clear,12,-9.1,-9.27797954463499
2012-12-15 12:00:00,-9.1,-15.1,62,19,48.3,102.71,Mainly Clear,12,-8.4,-9.09024264246262
2012-12-15 13:00:00,-8.4,-14.7,60,19,48.3,102.64,Clear,12,-8.0,-8.40266125769633
2012-12-15 14:00:00,-8.0,-14.2,61,13,48.3,102.59,Mainly Clear,12,-7.8,-7.946705710132037
2012-12-15 15:00:00,-7.8,-13.7,63,15,48.3,102.55,Mainly Clear,12,-8.5,-7.753891417236189
2012-12-15 16:00:00,-8.5,-14.8,60,20,48.3,102.54,Mainly Clear,12,-8.7,-8.511104103413086
2012-12-15 17:00:00,-8.7,-15.3,59,15,25.0,102.53,Mainly Clear,12,-9.1,-8.674124461544954
2012-12-15 18:00:00,-9.1,-15.1,62,17,25.0,102.54,Clear,12,-9.1,-9.072862654501048
2012-12-15 19:00:00,-9.1,-14.7,64,20,25.0,102.58,Mainly Clear,12,-8.7,-9.08716383514384
2012-12-15 20:00:00,-8.7,-15.1,60,20,25.0,102.5,Clear,12,-9.0,-8.711690030799105
2012-12-15 21:00:00,-9.0,-15.5,59,24,25.0,102.46,Mainly Clear,12,-9.5,-9.050512738665853
2012-12-15 22:00:00,-9.5,-15.0,64,19,25.0,102.47,Mostly Cloudy,12,-9.9,-9.476405024192843
2012-12-15 23:00:00,-9.9,-15.0,66,26,25.0,102.38,Cloudy,12,-10.0,-9.92447758770265
2012-12-16 00:00:00,-10.0,-14.9,67,24,25.0,102.31,Cloudy,12,-10.1,-10.000966050827264
2012-12-16 01:00:00,-10.1,-14.8,68,24,25.0,102.27,Cloudy,12,-10.1,-10.094834501913448
2012-12-16 02:00:00,-10.1,-14.6,70,28,25.0,102.17,Cloudy,12,-10.1,-10.119986124365191
2012-12-16 03:00:00,-10.1,-14.5,70,28,25.0,102.15,Cloudy,12,-10.1,-10.118905900451107
2012-12-16 04:00:00,-10.1,-14.5,70,24,25.0,102.08,Cloudy,12,-10.0,-10.084145924527963
2012-12-16 05:00:00,-10.0,-14.4,70,22,25.0,102.0,Cloudy,12,-9.9,-9.967013084830423
2012-12-16 06:00:00,-9.9,-14.6,68,35,25.0,101.93,Cloudy,12,-9.8,-9.990918732230162
2012-12-16 07:00:00,-9.8,-14.9,66,32,25.0,101.89,Cloudy,12,-9.5,-9.8768646998514
2012-12-16 08:00:00,-9.5,-14.8,65,32,48.3,101.85,Cloudy,12,-9.4,-9.583490545293278
2012-12-16 09:00:00,-9.4,-14.7,65,33,19.3,101.82,Snow,12,-7.7,-9.492427687538099
2012-12-16 10:00:00,-7.7,-13.8,62,32,24.1,101.8,Cloudy,12,-8.2,-7.807752863823372
2012-12-16 11:00:00,-8.2,-13.9,63,35,24.1,101.71,Snow,12,-8.5,-8.32454225596762
2012-12-16 12:00:00,-8.5,-12.2,75,32,4.8,101.62,Snow,12,-8.0,-8.53143891709209
2012-12-16 13:00:00,-8.0,-11.2,78,26,12.9,101.54,Snow,12,-7.7,-7.963961716492266
2012-12-16 14:00:00,-7.7,-10.2,82,32,4.8,101.45,Snow,12,-7.6,-7.694385746484026
2012-12-16 15:00:00,-7.6,-9.4,87,32,3.2,101.38,"Snow,Fog",12,-7.0,-7.568451563241387
2012-12-16 16:00:00,-7.0,-8.7,88,35,4.0,101.33,"Snow,Fog",12,-6.4,-6.991200258032236
2012-12-16 17:00:00,-6.4,-8.0,88,30,4.8,101.28,"Snow,Fog",12,-5.9,-6.348152953798413
2012-12-16 18:00:00,-5.9,-7.4,89,30,4.0,101.25,"Snow,Fog",12,-5.1,-5.844584518382873
2012-12-16 19:00:00,-5.1,-6.6,89,22,16.1,101.2,Snow,12,-4.7,-4.977041752648836
2012-12-16 20:00:00,-4.7,-6.0,91,28,12.9,101.18,Snow,12,-4.0,-4.620561956118279
2012-12-16 21:00:00,-4.0,-5.4,90,24,16.1,101.17,Snow,12,-3.6,-3.8923361947790585
2012-12-16 22:00:00,-3.6,-4.7,92,22,9.7,101.12,Snow,12,-3.1,-3.465256222488129
2012-12-16 23:00:00,-3.1,-4.2,92,24,12.9,101.09,Cloudy,12,-2.3,-2.9838719517698604
2012-12-17 00:00:00,-2.3,-3.3,93,24,12.9,101.02,Freezing Drizzle,12,-2.3,-2.181044961146414
2012-12-17 01:00:00,-2.3,-3.3,93,26,9.7,101.01,"Freezing Rain,Fog",12,-2.2,-2.198424949107986
2012-12-17 02:00:00,-2.2,-3.3,92,24,11.3,101.0,Freezing Rain,12,-2.6,-2.0860962861461467
2012-12-17 03:00:00,-2.6,-3.7,92,28,8.0,100.95,"Freezing Rain,Ice Pellets,Fog",12,-3.0,-2.5198676690131645
2012-12-17 04:00:00,-3.0,-4.1,92,24,6.4,100.91,"Snow,Ice Pellets",12,-3.0,-2.884119100033892
2012-12-17 05:00:00,-3.0,-4.2,91,24,8.0,100.89,"Snow,Ice Pellets",12,-2.1,-2.8889232767695927
2012-12-17 06:00:00,-2.1,-3.2,92,19,8.0,100.88,"Snow,Ice Pellets",12,-0.3,-1.9428934645062477
2012-12-17 07:00:00,-0.3,-1.3,93,13,12.9,100.88,Cloudy,12,0.3,-0.09039799263840266
2012-12-17 08:00:00,0.3,-0.5,94,20,3.2,100.84,"Drizzle,Fog",12,0.4,0.45317356056168673
2012-12-17 09:00:00,0.4,-0.7,92,20,4.0,100.79,"Drizzle,Ice Pellets,Fog",12,0.5,0.5422378349121703
2012-12-17 10:00:00,0.5,-0.8,91,20,3.6,100.78,"Snow,Fog",12,0.4,0.6361062859983545
2012-12-17 11:00:00,0.4,-0.4,94,19,1.6,100.76,"Snow,Fog",12,0.4,0.5616164062784411
2012-12-17 12:00:00,0.4,-0.3,95,22,2.0,100.71,"Snow,Fog",12,0.6,0.5403506010717833
2012-12-17 13:00:00,0.6,-0.1,95,17,4.8,100.66,"Snow,Fog",12,0.8,0.7833062744476506
2012-12-17 14:00:00,0.8,0.1,95,19,4.0,100.65,"Snow,Fog",12,0.9,0.9654319899580147
2012-12-17 15:00:00,0.9,0.2,95,19,11.3,100.63,"Drizzle,Snow",12,1.3,1.0651848416939826
2012-12-17 16:00:00,1.3,0.4,94,15,12.9,100.62,Drizzle,12,1.9,1.4930718239112164
2012-12-17 17:00:00,1.9,0.7,92,17,16.1,100.57,Cloudy,12,2.0,2.063520368979968
2012-12-17 18:00:00,2.0,0.6,90,19,16.1,100.61,Drizzle,12,2.1,2.1362848792829623
2012-12-17 19:00:00,2.1,0.4,88,15,16.1,100.63,Drizzle,12,2.3,2.2601091295565907
2012-12-17 20:00:00,2.3,0.5,88,19,16.1,100.64,Drizzle,12,1.7,2.423774633191299
2012-12-17 21:00:00,1.7,0.3,90,20,16.1,100.58,Cloudy,12,1.9,1.8283363300942717
2012-12-17 22:00:00,1.9,0.1,88,13,19.3,100.56,Cloudy,12,1.2,2.0769031901321435
2012-12-17 23:00:00,1.2,-0.1,91,20,16.1,100.5,Cloudy,12,0.6,1.3343762481501318
2012-12-18 00:00:00,0.6,-0.5,92,19,16.1,100.44,Cloudy,12,0.1,0.7504335323648927
2012-12-18 01:00:00,0.1,-0.9,93,24,19.3,100.37,Cloudy,12,0.4,0.2130234805168217
2012-12-18 02:00:00,0.4,-0.9,91,24,19.3,100.32,Cloudy,12,0.4,0.5015934583392415
2012-12-18 03:00:00,0.4,-0.9,91,24,16.1,100.24,Rain,12,0.5,0.5015934583392415
2012-12-18 04:00:00,0.5,-0.8,91,24,11.3,100.15,Rain,12,0.6,0.6013463100752097
2012-12-18 05:00:00,0.6,-0.6,92,24,9.7,100.12,"Rain,Ice Pellets",12,0.5,0.7059033385468786
2012-12-18 06:00:00,0.5,-0.4,94,24,3.6,100.07,Snow,12,0.5,0.6168390641963951
2012-12-18 07:00:00,0.5,-0.2,95,24,3.2,100.0,Snow,12,0.7,0.6227234648461791
2012-12-18 08:00:00,0.7,0.0,95,24,2.8,99.92,Snow,12,0.7,0.8222291683181154
2012-12-18 09:00:00,0.7,0.1,96,22,2.0,99.88,Snow,12,0.6,0.8444133330153886
2012-12-18 10:00:00,0.6,0.0,96,24,1.2,99.86,Snow,12,0.5,0.727280493317848
2012-12-18 11:00:00,0.5,-0.2,95,22,1.2,99.76,Snow,12,0.8,0.6401034528077515
2012-12-18 12:00:00,0.8,0.0,94,32,4.8,99.64,Snow,12,1.0,0.847657891472093
2012-12-18 13:00:00,1.0,0.0,93,26,4.0,99.56,Snow,12,1.0,1.0934191581789627
2012-12-18 14:00:00,1.0,0.2,94,24,4.0,99.53,Snow,12,1.1,1.116683546790319
2012-12-18 15:00:00,1.1,0.2,94,22,4.8,99.51,Snow,12,1.1,1.2327361625737767
2012-12-18 16:00:00,1.1,0.1,93,26,8.0,99.48,"Rain,Snow",12,1.2,1.1931720099149308
2012-12-18 17:00:00,1.2,0.3,94,22,8.0,99.48,"Rain,Snow",12,1.4,1.3324890143097448
2012-12-18 18:00:00,1.4,0.5,94,22,8.0,99.49,"Rain,Snow",12,1.4,1.531994717781681
2012-12-18 19:00:00,1.4,0.7,95,15,8.0,99.53,Rain,12,1.3,1.5987090762969682
2012-12-18 20:00:00,1.3,0.7,96,15,6.4,99.54,Drizzle,12,1.0,1.503760401296701
2012-12-18 21:00:00,1.0,0.6,97,13,3.2,99.58,"Drizzle,Snow,Fog",12,0.8,1.2277662347001528
2012-12-18 22:00:00,0.8,0.4,97,15,3.2,99.6,"Drizzle,Snow,Fog",12,0.8,1.0108805432666441
2012-12-18 23:00:00,0.8,0.5,98,11,3.2,99.64,"Drizzle,Snow,Fog",12,0.6,1.0504446959254896
2012-12-19 00:00:00,0.6,0.2,97,9,4.0,99.65,"Drizzle,Snow,Fog",12,0.5,0.863514803679425
2012-12-19 01:00:00,0.5,0.1,97,7,6.4,99.71,"Drizzle,Snow,Fog",12,0.4,0.7811419399050292
2012-12-19 02:00:00,0.4,0.1,98,7,8.0,99.78,"Drizzle,Snow,Fog",12,0.4,0.6861932649047618
2012-12-19 03:00:00,0.4,0.0,97,9,4.8,99.82,"Drizzle,Snow,Fog",12,0.4,0.6640091002074887
2012-12-19 04:00:00,0.4,0.0,97,11,4.0,99.87,"Drizzle,Snow,Fog",12,0.3,0.6466291122459163
2012-12-19 05:00:00,0.3,-0.1,97,11,3.2,99.95,"Drizzle,Snow,Fog",12,0.4,0.5468762605099482
2012-12-19 06:00:00,0.4,-0.1,96,9,2.4,100.05,"Drizzle,Snow,Fog",12,0.4,0.6592049234717878
2012-12-19 07:00:00,0.4,0.0,97,11,3.2,100.15,"Drizzle,Snow,Fog",12,0.5,0.6466291122459163
2012-12-19 08:00:00,0.5,0.1,97,11,2.4,100.24,"Drizzle,Fog",12,0.6,0.7463819639818845
2012-12-19 09:00:00,0.6,0.2,97,13,2.4,100.33,"Drizzle,Fog",12,0.6,0.8287548277562802
2012-12-19 10:00:00,0.6,0.2,97,15,2.4,100.42,"Drizzle,Fog",12,0.8,0.8113748397947078
2012-12-19 11:00:00,0.8,0.2,96,11,9.7,100.44,Fog,12,0.8,1.039756118540005
2012-12-19 12:00:00,0.8,0.0,94,17,19.3,100.53,Cloudy,12,1.0,0.9780078011838861
2012-12-19 13:00:00,1.0,-0.2,92,11,24.1,100.61,Cloudy,12,1.1,1.217884667240972
2012-12-19 14:00:00,1.1,-0.1,92,13,24.1,100.72,Cloudy,12,1.3,1.300257531015368
2012-12-19 15:00:00,1.3,-0.1,90,9,24.1,100.83,Drizzle,12,1.3,1.5249148569390474
2012-12-19 16:00:00,1.3,-0.4,88,7,24.1,100.96,Cloudy,12,1.1,1.531606267515135
2012-12-19 17:00:00,1.1,-0.2,91,6,16.1,101.04,Drizzle,12,1.2,1.3562833121451705
2012-12-19 18:00:00,1.2,0.1,92,9,9.7,101.15,"Drizzle,Snow",12,0.8,1.435850582588564
2012-12-19 19:00:00,0.8,0.3,96,11,4.8,101.26,"Snow,Fog",12,0.7,1.040836342454088
2012-12-19 20:00:00,0.7,0.1,96,11,6.4,101.32,"Snow,Fog",12,0.6,0.9400032668040369
2012-12-19 21:00:00,0.6,-0.1,95,13,11.3,101.38,Snow,12,0.6,0.8180662503707954
2012-12-19 22:00:00,0.6,-0.5,92,9,25.0,101.42,Cloudy,12,0.6,0.8373334721727548
2012-12-19 23:00:00,0.6,-0.9,90,13,25.0,101.5,Snow,12,0.4,0.7908046949500422
2012-12-20 00:00:00,0.4,-2.1,83,20,25.0,101.57,Snow,12,0.1,0.49359912472044765
2012-12-20 01:00:00,0.1,-2.2,84,17,25.0,101.6,Cloudy,12,-0.2,0.22629495210468556
2012-12-20 02:00:00,-0.2,-2.4,85,19,25.0,101.68,Cloudy,12,-0.5,-0.08553941432909051
2012-12-20 03:00:00,-0.5,-2.9,84,17,25.0,101.69,Cloudy,12,-0.7,-0.3733023822252064
2012-12-20 04:00:00,-0.7,-3.4,82,15,25.0,101.72,Cloudy,12,-1.1,-0.566116675121055
2012-12-20 05:00:00,-1.1,-3.9,81,13,25.0,101.78,Cloudy,12,-1.6,-0.9525522708390564
2012-12-20 06:00:00,-1.6,-4.2,82,15,25.0,101.82,Snow,12,-1.8,-1.4628121168306856
2012-12-20 07:00:00,-1.8,-4.9,79,20,25.0,101.88,Cloudy,12,-1.9,-1.7223407682418215
2012-12-20 08:00:00,-1.9,-4.6,82,15,24.1,101.91,Cloudy,12,-1.7,-1.763150895952673
2012-12-20 09:00:00,-1.7,-4.5,81,13,24.1,101.98,Cloudy,12,-1.4,-1.551069381254865
2012-12-20 10:00:00,-1.4,-4.2,81,7,24.1,101.97,Cloudy,12,-1.1,-1.1996708621622432
2012-12-20 11:00:00,-1.1,-4.0,81,4,24.1,101.92,Snow,12,-1.0,-0.8754225489260635
2012-12-20 12:00:00,-1.0,-3.9,81,6,24.1,101.83,Cloudy,12,-0.9,-0.7930496851516676
2012-12-20 13:00:00,-0.9,-4.0,79,15,24.1,101.65,Cloudy,12,-1.0,-0.7811151327141769
2012-12-20 14:00:00,-1.0,-4.3,78,15,24.1,101.62,Cloudy,12,-0.5,-0.8867523850999289
2012-12-20 15:00:00,-0.5,-3.8,78,13,24.1,101.55,Cloudy,12,-0.3,-0.37060813845851576
2012-12-20 16:00:00,-0.3,-3.3,80,13,24.1,101.56,Cloudy,12,-0.3,-0.1604138576010947
2012-12-20 17:00:00,-0.3,-3.2,81,19,25.0,101.38,Mostly Cloudy,12,0.2,-0.20774964475011115
2012-12-20 18:00:00,0.2,-3.0,79,19,25.0,101.25,Mostly Cloudy,12,0.3,0.280326036544245
2012-12-20 19:00:00,0.3,-2.7,80,17,25.0,101.23,Mostly Cloudy,12,0.1,0.4033432768915694
2012-12-20 20:00:00,0.1,-2.4,83,20,25.0,101.12,Mostly Cloudy,12,0.7,0.19434056951254308
2012-12-20 21:00:00,0.7,-2.3,80,22,25.0,101.0,Cloudy,12,1.1,0.758904713931511
2012-12-20 22:00:00,1.1,-2.4,77,20,25.0,100.88,Cloudy,12,1.2,1.1587231308016877
2012-12-20 23:00:00,1.2,-2.1,79,28,25.0,100.69,Cloudy,12,1.9,1.1985643841627676
2012-12-21 00:00:00,1.9,-2.1,75,26,25.0,100.6,"Rain,Snow Grains",12,1.1,1.8917569555910645
2012-12-21 01:00:00,1.1,-0.7,88,17,6.4,100.47,"Rain,Snow,Ice Pellets",12,1.0,1.2441204003212536
2012-12-21 02:00:00,1.0,-0.3,91,20,6.4,100.35,"Rain,Snow",12,0.9,1.1348705446781953
2012-12-21 03:00:00,0.9,0.0,94,28,4.8,100.12,"Rain,Snow,Ice Pellets",12,1.1,0.9810904952171231
2012-12-21 04:00:00,1.1,-0.1,92,22,6.4,99.98,"Rain,Snow,Ice Pellets",12,1.3,1.2220475851882922
2012-12-21 05:00:00,1.3,0.1,92,26,6.4,99.85,"Rain,Snow,Ice Pellets",12,1.0,1.3867933127370835
2012-12-21 06:00:00,1.0,0.0,93,22,4.0,99.76,"Rain,Snow",12,0.9,1.1281791341021077
2012-12-21 07:00:00,0.9,-0.1,93,32,6.4,99.64,"Rain,Snow",12,0.8,0.9415263425582773
2012-12-21 08:00:00,0.8,-0.2,93,32,2.4,99.5,"Rain,Snow",12,0.8,0.8417734908223092
2012-12-21 09:00:00,0.8,-0.2,93,33,2.4,99.38,"Rain,Snow",12,1.0,0.833083496841523
2012-12-21 10:00:00,1.0,0.0,93,32,12.9,99.24,Snow,12,0.9,1.0412791942942454
2012-12-21 11:00:00,0.9,0.0,94,30,2.0,99.01,Snow,12,1.3,0.9637105072555506
2012-12-21 12:00:00,1.3,0.3,93,41,9.7,98.67,Snow,12,1.8,1.262327803675074
2012-12-21 13:00:00,1.8,0.3,90,41,19.3,98.36,Snow,12,2.1,1.7445190843196465
2012-12-21 14:00:00,2.1,0.4,88,41,19.3,98.16,Rain,12,1.8,2.0341692860561498
2012-12-21 15:00:00,1.8,0.2,89,33,12.9,98.1,Rain,12,1.4,1.809234859430235
2012-12-21 16:00:00,1.4,0.2,92,43,9.7,97.93,Rain,12,1.3,1.3388162667996861
2012-12-21 17:00:00,1.3,0.2,92,46,12.9,97.76,Rain,12,1.4,1.2140736570354425
2012-12-21 18:00:00,1.4,0.3,92,46,25.0,97.56,Rain,12,2.3,1.3138265087714105
2012-12-21 19:00:00,2.3,1.1,92,37,11.3,97.52,Rain,12,2.4,2.2887318963081165
2012-12-21 20:00:00,2.4,1.7,95,15,9.7,97.58,Rain,12,1.3,2.59623759365665
2012-12-21 21:00:00,1.3,0.4,94,22,9.7,97.64,Rain,12,0.7,1.432241866045713
2012-12-21 22:00:00,0.7,0.0,95,28,3.6,97.75,Snow,12,1.1,0.7874691923949706
2012-12-21 23:00:00,1.1,0.0,92,30,9.7,97.79,"Drizzle,Snow,Fog",12,1.1,1.1536078572560855
2012-12-22 00:00:00,1.1,-0.1,92,32,9.7,97.81,"Drizzle,Snow,Fog",12,1.2,1.13514764538043
2012-12-22 01:00:00,1.2,0.1,92,30,12.9,97.84,Drizzle,12,1.1,1.2533607089920535
2012-12-22 02:00:00,1.1,0.1,93,30,8.0,97.89,"Drizzle,Snow,Fog",12,1.1,1.158412033991786
2012-12-22 03:00:00,1.1,0.1,93,28,9.7,97.93,"Drizzle,Snow,Fog",12,0.6,1.1757920219533584
2012-12-22 04:00:00,0.6,-0.6,92,35,11.3,97.98,Snow,12,-0.9,0.6103134047582303
2012-12-22 05:00:00,-0.9,-1.9,93,35,4.8,98.07,Snow,12,-1.6,-0.8800949706315082
2012-12-22 06:00:00,-1.6,-3.0,90,41,4.0,98.19,Snow,12,-2.2,-1.645997650789188
2012-12-22 07:00:00,-2.2,-3.7,89,35,4.8,98.32,Snow,12,-2.5,-2.197178974055981
2012-12-22 08:00:00,-2.5,-4.5,86,41,4.0,98.44,Snow,12,-3.0,-2.5651504711838706
2012-12-22 09:00:00,-3.0,-5.0,86,35,3.2,98.58,Snow,12,-3.6,-3.0117747659789944
2012-12-22 10:00:00,-3.6,-5.0,90,37,1.6,98.7,Snow,12,-4.3,-3.6062947095854065
2012-12-22 11:00:00,-4.3,-5.4,92,35,1.2,98.78,Snow,12,-4.5,-4.276496106390127
2012-12-22 12:00:00,-4.5,-5.9,90,33,1.6,98.86,Snow,12,-4.7,-4.469310399285975
2012-12-22 13:00:00,-4.7,-6.9,85,37,4.0,98.96,Snow,12,-5.0,-4.7308376341018095
2012-12-22 14:00:00,-5.0,-7.6,82,32,4.0,99.08,"Snow,Blowing Snow",12,-5.4,-5.002138973526969
2012-12-22 15:00:00,-5.4,-7.1,88,35,1.6,99.24,"Snow,Blowing Snow",12,-5.9,-5.395154630256745
2012-12-22 16:00:00,-5.9,-7.8,86,41,1.6,99.37,"Snow,Blowing Snow",12,-5.7,-5.955667206292706
2012-12-22 17:00:00,-5.7,-8.5,81,32,6.4,99.5,Snow,12,-6.0,-5.706293336328529
2012-12-22 18:00:00,-6.0,-8.7,81,33,4.8,99.62,Snow,12,-6.7,-6.013161661603137
2012-12-22 19:00:00,-6.7,-9.1,83,32,6.4,99.75,Snow,12,-6.9,-6.692053052388644
2012-12-22 20:00:00,-6.9,-10.6,75,32,16.1,99.83,Snow,12,-7.2,-6.935393289316601
2012-12-22 21:00:00,-7.2,-11.6,71,28,16.1,99.96,Snow,12,-7.4,-7.222349247286413
2012-12-22 22:00:00,-7.4,-11.9,70,35,16.1,100.0,Snow,12,-7.8,-7.487489085359554
2012-12-22 23:00:00,-7.8,-12.6,68,39,19.3,100.12,Cloudy,12,-7.8,-7.931949045612056
2012-12-23 00:00:00,-7.8,-11.6,74,32,19.3,100.19,Snow Showers,12,-7.9,-7.837973131676016
2012-12-23 01:00:00,-7.9,-11.8,74,32,25.0,100.27,Snow Showers,12,-8.2,-7.938806207326067
2012-12-23 02:00:00,-8.2,-12.5,71,30,25.0,100.36,Mostly Cloudy,12,-8.2,-8.236177528693583
2012-12-23 03:00:00,-8.2,-12.4,72,30,25.0,100.4,Cloudy,12,-8.3,-8.231373351957883
2012-12-23 04:00:00,-8.3,-12.7,71,28,25.0,100.43,Cloudy,12,-8.5,-8.319630616382064
2012-12-23 05:00:00,-8.5,-13.2,69,30,25.0,100.49,Cloudy,12,-8.4,-8.547204885201056
2012-12-23 06:00:00,-8.4,-12.3,73,26,25.0,100.51,Cloudy,12,-8.5,-8.389154454942808
2012-12-23 07:00:00,-8.5,-12.1,75,20,19.3,100.52,Snow Showers,12,-8.7,-8.426078765408576
2012-12-23 08:00:00,-8.7,-12.0,77,20,19.3,100.54,Snow Showers,12,-8.7,-8.614895891495026
2012-12-23 09:00:00,-8.7,-12.2,76,22,24.1,100.52,Cloudy,12,-8.6,-8.638160280106382
2012-12-23 10:00:00,-8.6,-12.5,73,24,24.1,100.54,Cloudy,12,-8.3,-8.571280170453171
2012-12-23 11:00:00,-8.3,-12.6,71,26,24.1,100.5,Cloudy,12,-7.9,-8.301170404506408
2012-12-23 12:00:00,-7.9,-12.6,69,24,24.1,100.44,Cloudy,12,-7.4,-7.896547810900532
2012-12-23 13:00:00,-7.4,-12.4,67,20,24.1,100.37,Mostly Cloudy,12,-6.9,-7.37371215368303
2012-12-23 14:00:00,-6.9,-11.9,67,11,24.1,100.33,Cloudy,12,-6.8,-6.796737949176113
2012-12-23 15:00:00,-6.8,-11.1,71,13,24.1,100.34,Snow Showers,12,-7.0,-6.691907706716664
2012-12-23 16:00:00,-7.0,-9.6,82,13,9.7,100.35,Snow Showers,12,-7.1,-6.832086122611394
2012-12-23 17:00:00,-7.1,-9.4,84,9,12.9,100.36,Snow,12,-7.2,-6.8863904210387314
2012-12-23 18:00:00,-7.2,-10.0,80,11,12.9,100.4,Snow,12,-7.2,-7.02382019159316
2012-12-23 19:00:00,-7.2,-10.1,80,9,25.0,100.46,Snow,12,-7.2,-7.0075204275456695
2012-12-23 20:00:00,-7.2,-10.4,78,9,25.0,100.55,Cloudy,12,-8.0,-7.018209004931154
2012-12-23 21:00:00,-8.0,-11.2,78,9,25.0,100.62,Mainly Clear,12,-9.0,-7.8162318188189
2012-12-23 22:00:00,-9.0,-11.7,81,9,25.0,100.68,Mainly Clear,12,-8.3,-8.797187358143313
2012-12-23 23:00:00,-8.3,-10.9,81,9,25.0,100.76,Cloudy,12,-8.5,-8.097837172077455
2012-12-24 00:00:00,-8.5,-10.7,84,15,25.0,100.8,Mostly Cloudy,12,-8.4,-8.333990085312921
2012-12-24 01:00:00,-8.4,-10.7,83,17,25.0,100.85,Cloudy,12,-8.8,-8.256421398274226
2012-12-24 02:00:00,-8.8,-11.4,81,17,25.0,100.91,Cloudy,12,-8.9,-8.666121382603585
2012-12-24 03:00:00,-8.9,-12.3,76,20,25.0,100.99,Cloudy,12,-10.0,-8.819205771702665
2012-12-24 04:00:00,-10.0,-12.7,81,24,25.0,101.02,Mostly Cloudy,12,-10.4,-9.92506578521479
2012-12-24 05:00:00,-10.4,-13.3,79,19,25.0,101.07,Mostly Cloudy,12,-10.9,-10.290235575726129
2012-12-24 06:00:00,-10.9,-14.0,78,15,25.0,101.13,Mainly Clear,12,-11.1,-10.76012425913261
2012-12-24 07:00:00,-11.1,-13.9,80,15,25.0,101.23,Clear,12,-11.0,-10.948941385219062
2012-12-24 08:00:00,-11.0,-13.9,79,13,25.0,101.32,Clear,12,-10.5,-10.836612722257222
2012-12-24 09:00:00,-10.5,-13.7,77,13,24.1,101.41,Clear,12,-9.9,-10.348537040962867
2012-12-24 10:00:00,-9.9,-13.4,76,11,48.3,101.45,Mainly Clear,12,-9.0,-9.739604567149353
2012-12-24 11:00:00,-9.0,-13.7,69,11,48.3,101.44,Mainly Clear,12,-7.9,-8.88085925824596
2012-12-24 12:00:00,-7.9,-13.3,65,9,48.3,101.43,Mainly Clear,12,-7.6,-7.78865527987379
2012-12-24 13:00:00,-7.6,-13.1,65,15,48.3,101.45,Mainly Clear,12,-7.8,-7.542616912464686
2012-12-24 14:00:00,-7.8,-13.7,63,15,48.3,101.46,Mainly Clear,12,-7.5,-7.753891417236189
2012-12-24 15:00:00,-7.5,-13.3,63,13,48.3,101.49,Mainly Clear,12,-8.2,-7.4361726501526295
2012-12-24 16:00:00,-8.2,-13.3,67,11,24.1,101.45,Mainly Clear,12,-9.7,-8.09460524565778
2012-12-24 17:00:00,-9.7,-13.7,73,6,25.0,101.49,Mainly Clear,12,-10.4,-9.513221871808751
2012-12-24 18:00:00,-10.4,-13.8,76,9,25.0,101.45,Clear,12,-9.7,-10.219908613953539
2012-12-24 19:00:00,-9.7,-13.1,76,7,25.0,101.43,Mainly Clear,12,-9.6,-9.504258663840188
2012-12-24 20:00:00,-9.6,-12.8,77,6,25.0,101.43,Mainly Clear,12,-9.4,-9.389931417473647
2012-12-24 21:00:00,-9.4,-13.2,74,7,25.0,101.44,Mainly Clear,12,-9.8,-9.216768909931853
2012-12-24 22:00:00,-9.8,-13.2,76,4,25.0,101.44,Mostly Cloudy,12,-10.5,-9.577941533633798
2012-12-24 23:00:00,-10.5,-12.8,83,4,25.0,101.48,Mostly Cloudy,12,-9.0,-10.238261362979337
2012-12-25 00:00:00,-9.0,-12.5,76,11,25.0,101.44,Mostly Cloudy,12,-10.5,-8.84182890152564
2012-12-25 01:00:00,-10.5,-13.0,82,6,25.0,101.51,Mostly Cloudy,12,-10.6,-10.261525751590693
2012-12-25 02:00:00,-10.6,-13.1,82,13,25.0,101.51,Mostly Cloudy,12,-10.5,-10.422108561192164
2012-12-25 03:00:00,-10.5,-12.6,85,19,25.0,101.47,Cloudy,12,-10.1,-10.359002919219726
2012-12-25 04:00:00,-10.1,-13.2,78,15,24.1,101.49,Mostly Cloudy,12,-10.8,-9.962101445244864
2012-12-25 05:00:00,-10.8,-13.1,83,17,25.0,101.49,Cloudy,12,-10.6,-10.650489839937462
2012-12-25 06:00:00,-10.6,-13.6,79,13,25.0,101.59,Cloudy,12,-11.3,-10.438681539227431
2012-12-25 07:00:00,-11.3,-14.1,80,11,25.0,101.72,Cloudy,12,-11.3,-11.113687112767854
2012-12-25 08:00:00,-11.3,-14.4,78,11,24.1,101.79,Cloudy,12,-11.0,-11.12437569015334
2012-12-25 09:00:00,-11.0,-14.2,77,13,24.1,101.87,Cloudy,12,-10.1,-10.847301299642707
2012-12-25 10:00:00,-10.1,-14.3,71,15,24.1,101.95,Cloudy,12,-9.6,-10.000051578051103
2012-12-25 11:00:00,-9.6,-14.4,68,9,24.1,101.93,Cloudy,12,-9.4,-9.466800557435898
2012-12-25 12:00:00,-9.4,-14.4,67,9,24.1,101.92,Cloudy,12,-8.7,-9.273179254613746
2012-12-25 13:00:00,-8.7,-14.5,63,7,24.1,101.92,Mostly Cloudy,12,-7.7,-8.581066907099531
2012-12-25 14:00:00,-7.7,-14.1,60,6,48.3,101.95,Mainly Clear,12,-7.1,-7.592501597708415
2012-12-25 15:00:00,-7.1,-13.7,59,17,48.3,101.98,Clear,12,-7.5,-7.095458821731038
2012-12-25 16:00:00,-7.5,-13.9,60,11,48.3,102.03,Clear,12,-8.3,-7.436445864140409
2012-12-25 17:00:00,-8.3,-13.4,67,13,25.0,102.1,Clear,12,-8.9,-8.211738085355325
2012-12-25 18:00:00,-8.9,-13.4,70,13,25.0,102.16,Mainly Clear,12,-8.8,-8.79260199382178
2012-12-25 19:00:00,-8.8,-12.6,74,19,25.0,102.27,Mainly Clear,12,-9.4,-8.722531727285476
2012-12-25 20:00:00,-9.4,-12.6,77,13,25.0,102.3,Mainly Clear,12,-9.7,-9.251255671867217
2012-12-25 21:00:00,-9.7,-12.5,80,4,25.0,102.28,Clear,12,-10.9,-9.456811527126858
2012-12-25 22:00:00,-10.9,-13.2,83,4,25.0,102.34,Clear,12,-10.4,-10.637272769923209
2012-12-25 23:00:00,-10.4,-12.7,83,11,25.0,102.45,Clear,12,-11.8,-10.199338469108872
2012-12-26 00:00:00,-11.8,-13.5,87,4,25.0,102.41,Clear,12,-11.2,-11.513671280775952
2012-12-26 01:00:00,-11.2,-12.9,87,6,25.0,102.42,Clear,12,-12.7,-10.932534158321713
2012-12-26 02:00:00,-12.7,-14.4,87,4,25.0,102.45,Clear,12,-14.2,-12.411446946399664
2012-12-26 03:00:00,-14.2,-15.8,88,6,25.0,102.52,Clear,12,-13.1,-13.92031553366506
2012-12-26 04:00:00,-13.1,-14.7,88,6,25.0,102.55,Clear,12,-12.7,-12.82303416456941
2012-12-26 05:00:00,-12.7,-14.1,89,4,25.0,102.48,Clear,12,-13.4,-12.40075836901418
2012-12-26 06:00:00,-13.4,-14.8,89,4,25.0,102.47,Clear,12,-13.0,-13.09902833116596
2012-12-26 07:00:00,-13.0,-14.4,89,7,25.0,102.46,Mainly Clear,12,-13.7,-12.726086906164447
2012-12-26 08:00:00,-13.7,-15.2,88,4,16.1,102.53,Mostly Cloudy,12,-11.3,-13.403091063109564
2012-12-26 09:00:00,-11.3,-12.7,89,15,4.0,102.52,"Snow Showers,Fog",12,-11.0,-11.099808378499278
2012-12-26 10:00:00,-11.0,-13.2,84,15,24.1,102.54,Mainly Clear,12,-11.3,-10.827811378712124
2012-12-26 11:00:00,-11.3,-14.5,77,20,48.3,102.5,Mainly Clear,12,-10.6,-11.207389812716116
2012-12-26 12:00:00,-10.6,-14.3,74,20,48.3,102.36,Mainly Clear,12,-10.3,-10.525692828599608
2012-12-26 13:00:00,-10.3,-14.0,74,15,24.1,102.35,Mostly Cloudy,12,-10.0,-10.182984303487773
2012-12-26 14:00:00,-10.0,-14.0,72,19,24.1,102.27,Cloudy,12,-10.0,-9.929174301588494
2012-12-26 15:00:00,-10.0,-14.2,71,19,24.1,102.28,Cloudy,12,-10.3,-9.93505870223828
2012-12-26 16:00:00,-10.3,-14.1,74,19,25.0,102.17,Cloudy,12,-10.2,-10.218824503325
2012-12-26 17:00:00,-10.2,-13.9,74,22,25.0,102.16,Cloudy,12,-10.0,-10.144061409617306
2012-12-26 18:00:00,-10.0,-13.8,74,24,25.0,102.14,Cloudy,12,-9.6,-9.963015918021027
2012-12-26 19:00:00,-9.6,-13.1,76,39,25.0,102.03,Cloudy,12,-10.3,-9.68366584340346
2012-12-26 20:00:00,-10.3,-12.9,81,28,25.0,101.88,Cloudy,12,-9.8,-10.258004092431754
2012-12-26 21:00:00,-9.8,-12.5,81,22,25.0,101.87,Cloudy,12,-9.7,-9.70818009378128
2012-12-26 22:00:00,-9.7,-12.8,78,37,25.0,101.7,Cloudy,12,-9.7,-9.754269905878289
2012-12-26 23:00:00,-9.7,-12.3,81,24,25.0,101.61,Cloudy,12,-9.8,-9.624727006092801
2012-12-27 00:00:00,-9.8,-12.5,81,30,25.0,101.46,Cloudy,12,-9.4,-9.777700045627569
2012-12-27 01:00:00,-9.4,-12.2,80,26,25.0,101.37,Cloudy,12,-8.5,-9.348732839496252
2012-12-27 02:00:00,-8.5,-11.3,80,30,25.0,101.31,Cloudy,12,-8.1,-8.485717149795683
2012-12-27 03:00:00,-8.1,-10.2,85,37,2.4,101.21,Snow,12,-7.9,-8.121354369210643
2012-12-27 04:00:00,-7.9,-9.5,88,33,2.0,101.03,Snow,12,-7.5,-7.870515711780294
2012-12-27 05:00:00,-7.5,-9.1,88,43,1.2,100.95,Snow,12,-6.8,-7.558404244644284
2012-12-27 06:00:00,-6.8,-8.1,90,39,1.2,100.83,Snow,12,-6.5,-6.814685729183877
2012-12-27 07:00:00,-6.5,-7.6,92,44,1.2,100.73,Snow,12,-6.3,-6.549268790408502
2012-12-27 08:00:00,-6.3,-7.4,92,39,0.8,100.65,Moderate Snow,12,-5.7,-6.306313117032634
2012-12-27 09:00:00,-5.7,-6.7,93,37,0.8,100.67,Moderate Snow,12,-5.4,-5.685611841919553
2012-12-27 10:00:00,-5.4,-6.4,93,41,0.6,100.64,"Moderate Snow,Blowing Snow",12,-5.2,-5.421113262634793
2012-12-27 11:00:00,-5.2,-6.4,91,39,0.6,100.62,"Snow,Blowing Snow",12,-5.5,-5.2138359246726855
2012-12-27 12:00:00,-5.5,-6.6,92,39,0.6,100.5,"Moderate Snow,Blowing Snow",12,-5.4,-5.508290303144888
2012-12-27 13:00:00,-5.4,-6.7,91,48,0.6,100.36,"Snow,Blowing Snow",12,-5.2,-5.492631797885781
2012-12-27 14:00:00,-5.2,-6.7,89,46,0.6,100.35,"Snow,Blowing Snow",12,-5.0,-5.285354459923674
2012-12-27 15:00:00,-5.0,-6.2,91,37,0.6,100.37,"Snow,Blowing Snow",12,-4.5,-4.996950233239177
2012-12-27 16:00:00,-4.5,-6.2,88,37,2.0,100.44,"Snow,Blowing Snow",12,-4.2,-4.514758952594605
2012-12-27 17:00:00,-4.2,-5.9,88,32,3.2,100.47,"Snow,Blowing Snow",12,-4.0,-4.172050427482769
2012-12-27 18:00:00,-4.0,-5.7,88,28,8.0,100.49,"Snow,Blowing Snow",12,-3.9,-3.937784748087688
2012-12-27 19:00:00,-3.9,-5.6,88,26,9.7,100.52,"Snow,Blowing Snow",12,-3.7,-3.820651908390147
2012-12-27 20:00:00,-3.7,-5.3,89,37,16.1,100.58,Snow,12,-3.7,-3.7119319619711586
2012-12-27 21:00:00,-3.7,-4.8,92,24,4.8,100.62,"Freezing Drizzle,Snow",12,-3.8,-3.5823890621856695
2012-12-27 22:00:00,-3.8,-4.6,94,20,4.8,100.65,"Freezing Drizzle,Snow",12,-4.0,-3.6366933606130076
2012-12-27 23:00:00,-4.0,-5.6,89,24,9.7,100.7,Snow,12,-4.2,-3.8982205954288425
2012-12-28 00:00:00,-4.2,-5.7,89,19,8.0,100.78,"Freezing Drizzle,Snow",12,-4.4,-4.0531961050827645
2012-12-28 01:00:00,-4.4,-6.6,85,15,6.4,100.83,"Freezing Drizzle,Snow",12,-4.3,-4.240399211316608
2012-12-28 02:00:00,-4.3,-6.3,86,11,12.9,100.93,"Freezing Drizzle,Snow",12,-4.6,-4.1000019830077115
2012-12-28 03:00:00,-4.6,-5.9,91,13,4.0,101.01,Snow,12,-4.9,-4.390459194670518
2012-12-28 04:00:00,-4.9,-5.9,93,9,9.7,101.0,Snow,12,-5.0,-4.644269196569794
2012-12-28 05:00:00,-5.0,-6.1,92,7,25.0,101.01,Cloudy,12,-4.8,-4.731446237079889
2012-12-28 06:00:00,-4.8,-6.6,87,9,25.0,101.04,Cloudy,12,-5.0,-4.5755018530761955
2012-12-28 07:00:00,-5.0,-6.5,89,9,25.0,101.07,Cloudy,12,-5.2,-4.764318979162648
2012-12-28 08:00:00,-5.2,-7.0,87,17,24.1,101.15,Mostly Cloudy,12,-5.5,-5.044033211866359
2012-12-28 09:00:00,-5.5,-8.0,83,17,24.1,101.23,Mostly Cloudy,12,-6.1,-5.365749145759316
2012-12-28 10:00:00,-6.1,-8.6,82,19,24.1,101.27,Clear,12,-6.2,-5.985370196958314
2012-12-28 11:00:00,-6.2,-8.8,82,24,48.3,101.24,Mainly Clear,12,-7.2,-6.129653242512298
2012-12-28 12:00:00,-7.2,-9.9,81,24,48.3,101.22,Mainly Clear,12,-6.8,-7.13198593660768
2012-12-28 13:00:00,-6.8,-9.8,79,20,48.3,101.17,Mainly Clear,12,-6.5,-6.708903131126147
2012-12-28 14:00:00,-6.5,-9.9,77,22,48.3,101.17,Mainly Clear,12,-6.8,-6.438793365179381
2012-12-28 15:00:00,-6.8,-10.3,76,24,48.3,101.22,Mainly Clear,12,-7.7,-6.76023608508456
2012-12-28 16:00:00,-7.7,-11.0,77,30,48.3,101.25,Mainly Clear,12,-8.6,-7.704267313943207
2012-12-28 17:00:00,-8.6,-12.0,76,26,25.0,101.34,Mainly Clear,12,-9.0,-8.572087180379476
2012-12-28 18:00:00,-9.0,-12.2,78,24,25.0,101.37,Mainly Clear,12,-9.4,-8.944110245890375
2012-12-28 19:00:00,-9.4,-12.3,79,22,25.0,101.37,Mainly Clear,12,-9.8,-9.318777040308808
2012-12-28 20:00:00,-9.8,-12.6,80,20,25.0,101.35,Mainly Clear,12,-9.8,-9.695604282555408
2012-12-28 21:00:00,-9.8,-12.5,81,19,25.0,101.36,Mainly Clear,12,-9.9,-9.68211011183892
2012-12-28 22:00:00,-9.9,-12.5,81,17,25.0,101.38,Mainly Clear,12,-10.9,-9.763402751699234
2012-12-28 23:00:00,-10.9,-13.2,83,13,25.0,101.38,Mainly Clear,12,-11.6,-10.715482715750285
2012-12-29 00:00:00,-11.6,-13.5,86,13,25.0,101.35,Mainly Clear,12,-11.9,-11.398259923780875
2012-12-29 01:00:00,-11.9,-13.6,87,11,25.0,101.31,Clear,12,-11.8,-11.674254090377424
2012-12-29 02:00:00,-11.8,-13.1,90,13,25.0,101.33,Clear,12,-13.4,-11.576388472481844
2012-12-29 03:00:00,-13.4,-15.2,86,4,4.8,101.33,Fog,12,-16.0,-13.114521085287144
2012-12-29 04:00:00,-16.0,-17.2,90,6,9.7,101.25,Fog,12,-14.8,-15.70409806361292
2012-12-29 05:00:00,-14.8,-15.9,91,4,6.4,101.25,Fog,12,-13.8,-14.48487967808403
2012-12-29 06:00:00,-13.8,-15.3,88,4,9.7,101.25,Fog,12,-14.8,-13.502843914845533
2012-12-29 07:00:00,-14.8,-16.4,88,7,8.0,101.22,Fog,12,-13.6,-14.527522638061658
2012-12-29 08:00:00,-13.6,-15.1,88,11,12.9,101.19,Cloudy,12,-13.2,-13.3641681692391
2012-12-29 09:00:00,-13.2,-14.8,88,11,12.9,101.13,Cloudy,12,-12.0,-12.96623698620931
2012-12-29 10:00:00,-12.0,-13.3,90,7,6.4,101.15,Fog,12,-10.9,-11.723754212069064
2012-12-29 11:00:00,-10.9,-12.2,90,7,6.4,101.09,"Snow Showers,Fog",12,-10.5,-10.626472842973413
2012-12-29 12:00:00,-10.5,-11.6,92,11,8.0,100.93,"Snow Showers,Fog",12,-10.0,-10.252613058481284
2012-12-29 13:00:00,-10.0,-11.1,92,22,9.7,100.63,"Snow Showers,Fog",12,-9.3,-9.849438733590091
2012-12-29 14:00:00,-9.3,-10.5,91,22,4.8,100.6,"Snow,Fog",12,-8.8,-9.155972948174016
2012-12-29 15:00:00,-8.8,-10.0,91,20,1.2,100.55,"Snow,Fog",12,-8.5,-8.639828701532602
2012-12-29 16:00:00,-8.5,-9.9,90,24,1.2,100.49,"Snow,Fog",12,-9.0,-8.381214522897626
2012-12-29 17:00:00,-9.0,-10.4,90,19,2.4,100.46,"Snow,Fog",12,-9.3,-8.836528811673535
2012-12-29 18:00:00,-9.3,-10.9,88,26,6.4,100.38,"Snow,Fog",12,-9.5,-9.206225678218347
2012-12-29 19:00:00,-9.5,-11.2,87,26,3.2,100.33,"Snow,Fog",12,-9.7,-9.41053555842598
2012-12-29 20:00:00,-9.7,-11.6,86,24,9.7,100.25,"Snow,Fog",12,-9.8,-9.598545674586129
2012-12-29 21:00:00,-9.8,-11.8,85,24,8.0,100.24,"Snow,Fog",12,-10.1,-9.7031027030578
2012-12-29 22:00:00,-10.1,-11.6,89,15,2.4,100.2,"Snow,Fog",12,-10.0,-9.903854381581741
2012-12-29 23:00:00,-10.0,-12.0,85,20,6.4,100.19,"Snow,Fog",12,-9.6,-9.86784843060659
2012-12-30 00:00:00,-9.6,-11.3,87,13,3.2,100.23,"Snow,Fog",12,-9.4,-9.39731848841173
2012-12-30 01:00:00,-9.4,-10.5,92,9,2.4,100.22,"Snow,Fog",12,-9.3,-9.137951701424061
2012-12-30 02:00:00,-9.3,-10.4,92,9,4.0,100.28,"Snow,Fog",12,-9.1,-9.038198849688094
2012-12-30 03:00:00,-9.1,-10.4,90,11,3.6,100.3,"Snow,Fog",12,-9.3,-8.86568148764913
2012-12-30 04:00:00,-9.3,-10.6,90,13,9.7,100.28,"Snow,Fog",12,-9.1,-9.082567179082641
2012-12-30 05:00:00,-9.1,-10.4,90,11,4.0,100.32,"Snow,Fog",12,-9.3,-8.86568148764913
2012-12-30 06:00:00,-9.3,-10.8,89,17,8.0,100.39,"Snow,Fog",12,-9.9,-9.123211555655569
2012-12-30 07:00:00,-9.9,-13.2,77,19,25.0,100.48,Mostly Cloudy,12,-11.3,-9.803240118345856
2012-12-30 08:00:00,-11.3,-14.5,77,20,24.1,100.57,Cloudy,12,-11.7,-11.207389812716116
2012-12-30 09:00:00,-11.7,-15.0,76,19,24.1,100.69,Cloudy,12,-12.4,-11.602515402414902
2012-12-30 10:00:00,-12.4,-16.0,74,24,24.1,100.82,Cloudy,12,-11.9,-12.354923911856096
2012-12-30 11:00:00,-11.9,-15.4,75,32,24.1,100.89,Cloudy,12,-12.2,-11.920875428286843
2012-12-30 12:00:00,-12.2,-15.7,75,26,48.3,100.91,Mostly Cloudy,12,-12.4,-12.167994019610031
2012-12-30 13:00:00,-12.4,-16.2,73,37,48.3,100.92,Mostly Cloudy,12,-11.8,-12.4737782342561
2012-12-30 14:00:00,-11.8,-16.1,70,37,48.3,100.96,Mainly Clear,12,-11.3,-11.89183410187556
2012-12-30 15:00:00,-11.3,-15.6,70,32,48.3,101.05,Mainly Clear,12,-11.4,-11.349619873291788
2012-12-30 16:00:00,-11.4,-15.5,72,26,48.3,101.15,Mainly Clear,12,-12.1,-11.387624407671638
2012-12-30 17:00:00,-12.1,-15.8,74,28,25.0,101.26,Mainly Clear,12,-12.6,-12.09150555648542
2012-12-30 18:00:00,-12.6,-16.0,76,24,25.0,101.36,Mainly Clear,12,-13.4,-12.54482126185663
2012-12-30 19:00:00,-13.4,-16.5,77,26,25.0,101.47,Mainly Clear,12,-13.8,-13.35325943914208
2012-12-30 20:00:00,-13.8,-16.5,80,24,25.0,101.52,Clear,12,-13.8,-13.719398104003195
2012-12-30 21:00:00,-13.8,-16.5,80,20,25.0,101.5,Mainly Clear,12,-13.7,-13.684638128080051
2012-12-30 22:00:00,-13.7,-16.3,81,19,25.0,101.54,Mainly Clear,12,-12.1,-13.571391105627594
2012-12-30 23:00:00,-12.1,-15.1,78,28,25.0,101.52,Mostly Cloudy,12,-11.1,-12.069048177800365
2012-12-31 00:00:00,-11.1,-14.4,77,26,25.0,101.51,Cloudy,12,-10.7,-11.061104297042979
2012-12-31 01:00:00,-10.7,-14.0,77,15,25.0,101.5,Cloudy,12,-10.1,-10.566502956310456
2012-12-31 02:00:00,-10.1,-13.4,77,9,25.0,101.45,Cloudy,12,-11.8,-9.915845882009933
2012-12-31 03:00:00,-11.8,-14.4,81,6,25.0,101.42,Mostly Cloudy,12,-10.5,-11.56311700089398
2012-12-31 04:00:00,-10.5,-12.8,83,11,25.0,101.34,Cloudy,12,-10.2,-10.299091320844841
2012-12-31 05:00:00,-10.2,-12.4,84,6,25.0,101.28,Cloudy,12,-9.7,-9.951578618997303
2012-12-31 06:00:00,-9.7,-11.7,85,4,25.0,101.23,Cloudy,12,-9.3,-9.429549971706106
2012-12-31 07:00:00,-9.3,-11.3,85,0,19.3,101.19,Snow Showers,12,-8.6,-8.995778588839089
2012-12-31 08:00:00,-8.6,-10.3,87,4,3.2,101.14,Snow Showers,12,-8.1,-8.32158002522497
2012-12-31 09:00:00,-8.1,-9.6,89,4,2.4,101.09,Snow,12,-7.4,-7.813207413073729
2012-12-31 10:00:00,-7.4,-8.9,89,4,6.4,101.05,"Snow,Fog",12,-6.7,-7.114937450921953
2012-12-31 11:00:00,-6.7,-7.9,91,9,9.7,100.93,Snow,12,-5.8,-6.449428881288622
2012-12-31 12:00:00,-5.8,-7.5,88,4,12.9,100.78,Snow,12,-4.6,-5.524776223796246
2012-12-31 13:00:00,-4.6,-6.6,86,4,12.9,100.63,Snow,12,-3.4,-4.338430580350113
2012-12-31 14:00:00,-3.4,-5.7,84,6,11.3,100.57,Snow,12,-2.3,-3.1694649248655518
2012-12-31 15:00:00,-2.3,-4.6,84,9,9.7,100.47,Snow,12,-1.4,-2.0982535377122606
2012-12-31 16:00:00,-1.4,-4.0,82,13,12.9,100.4,Snow,12,-1.1,-1.2459264253971767
2012-12-31 17:00:00,-1.1,-3.3,85,19,9.7,100.3,Snow,12,-1.3,-0.9833150799528041
2012-12-31 18:00:00,-1.3,-3.1,88,17,9.7,100.19,Snow,12,0.1,-1.1499480413419823
2012-12-31 19:00:00,0.1,-2.7,81,30,9.7,100.13,Snow,12,0.2,0.09675205231919631
2012-12-31 20:00:00,0.2,-2.4,83,24,9.7,100.03,Snow,12,-0.5,0.2582532214112834
2012-12-31 21:00:00,-0.5,-1.5,93,28,4.8,99.95,Snow,12,-0.2,-0.42025360582213206
2012-12-31 22:00:00,-0.2,-1.8,89,28,9.7,99.91,Snow,12,0.0,-0.142372205385197
