course_id,course_title,is_paid,price,num_subscribers,num_reviews,num_lectures,level,content_duration,published_timestamp,subject,is_popular,level_enc,subject_enc,is_paid_enc,predicted_popularity
288942,#1 Piano Hand Coordination: Play 10Th Ballad In Eb Key Songs,True,35,3137,18,68,All Levels,0.0,2014-09-18 05:07:05+00:00,Musical Instruments,1,0,2,1,0.0
1170074,#10 Hand Coordination - Transfer Chord Ballad 9 - C & Bb Key,True,75,1593,1,41,Intermediate Level,0.0,2017-04-12 19:06:34+00:00,Musical Instruments,1,3,2,1,
1193886,#12 Hand Coordination: Let Your Hands Dance With Ballad 9,True,75,482,1,47,Intermediate Level,0.0,2017-04-26 18:34:57+00:00,Musical Instruments,0,3,2,1,
1116700,#4 Piano Hand Coordination: Fun Piano Runs In 2 Beats C Key,True,75,850,3,43,Intermediate Level,0.0,2017-02-21 23:48:18+00:00,Musical Instruments,0,3,2,1,
1120410,#5  Piano Hand Coordination:  Piano Runs In 2 Beats Eb Key,True,75,940,3,32,Intermediate Level,0.0,2017-02-21 23:44:49+00:00,Musical Instruments,1,3,2,1,
1122832,#6 Piano Hand Coordination: Play Open 10 Ballad To 9/4 Song,True,65,2015,3,21,Intermediate Level,0.0,2017-03-08 17:53:36+00:00,Musical Instruments,1,3,2,1,
1123184,#7 Piano Hand Coordination: Play Piano Runs In 3 Beats 9/4,True,65,2015,2,25,Intermediate Level,0.0,2017-03-08 18:09:32+00:00,Musical Instruments,1,3,2,1,
768028,* An Integrated Approach To The Fundamentals Of Accounting,True,200,134,14,123,All Levels,0.0,2016-03-15 17:23:07+00:00,Business Finance,0,0,0,1,1.0
206592,:::Beginners Guide To Creating Amazing Images With Canva:::,True,25,72,5,17,Beginner Level,0.0,2014-04-29 19:50:31+00:00,Graphic Design,0,1,1,1,
738910,[Value Investing] Where White People Keep Their Money,True,200,2715,70,20,Expert Level,0.0,2016-05-25 21:04:41+00:00,Business Finance,1,2,0,1,
591880,1 - Concepts Of Statistics For Beginners Step By Step,True,200,273,4,15,Beginner Level,0.0,2015-08-30 22:48:34+00:00,Business Finance,0,1,0,1,
64605,1 Hour Css,True,100,18324,333,16,Beginner Level,0.0,2013-07-09 20:27:14+00:00,Web Development,1,1,3,1,
64422,1 Hour Html,True,200,16212,514,20,Beginner Level,0.0,2013-07-09 03:16:26+00:00,Web Development,1,1,3,1,1.0
63612,1 Hour Javascript,True,200,22999,602,18,Beginner Level,0.0,2013-07-04 15:27:02+00:00,Web Development,1,1,3,1,
72262,1 Hour Jquery,True,100,5456,133,25,Beginner Level,0.0,2013-08-03 14:20:52+00:00,Web Development,1,1,3,1,1.0
145220,1. Principles Of Simple Interest,True,20,1074,6,13,All Levels,0.0,2014-01-13 20:43:46+00:00,Business Finance,1,0,0,1,
302450,10 Numbers Every Business Owner Should Know,True,20,13,1,9,All Levels,0.0,2015-03-08 19:11:24+00:00,Business Finance,0,0,0,1,
157336,10.  Bonds And Bond Pricing,True,20,308,4,10,All Levels,0.0,2014-02-11 18:11:55+00:00,Business Finance,0,0,0,1,0.0
897162,101 Awesome Rockabilly Guitar Licks,True,40,407,64,33,Intermediate Level,0.0,2016-08-10 20:58:18+00:00,Musical Instruments,0,3,2,1,
384928,101 Blues Riffs - Learn How The Harmonica Superstars Do It,True,200,1350,65,55,Intermediate Level,0.0,2015-01-04 21:14:31+00:00,Musical Instruments,1,3,2,1,
1165268,15  Motion Graphic Elements In After Effect (Series 2),True,30,8,0,20,Intermediate Level,0.0,2017-04-11 04:27:34+00:00,Graphic Design,0,3,1,1,
315716,15 Mandamientos Para Ganar Dinero En Bolsa,True,20,45,2,49,All Levels,0.0,2014-10-14 17:33:27+00:00,Business Finance,0,0,0,1,
759972,150 Rock Guitar Licks You Must Know,True,45,252,14,21,All Levels,0.0,2016-02-19 17:24:14+00:00,Musical Instruments,0,0,2,1,
550842,16 Guitar Chords To Jam With - (Beginner - Intermediate),True,20,1224,19,20,Beginner Level,0.0,2015-07-10 19:53:56+00:00,Musical Instruments,1,1,2,1,
975916,17 Complete Javascript   Projects Explained Step By Step,True,185,327,26,106,Beginner Level,0.0,2016-10-26 14:03:38+00:00,Web Development,0,1,3,1,
638966,188% Profit In 1Year - Forex Algo Robot Trading No Indicator,True,120,357,71,20,All Levels,0.0,2016-05-03 19:04:41+00:00,Business Finance,0,0,0,1,1.0
486240,2 Easy Steps To Investment And Avoiding Traps,True,20,828,1,20,All Levels,0.0,2015-04-27 23:18:59+00:00,Business Finance,0,0,0,1,0.0
146454,2. Principles Of Simple Interest - Advanced Problems,True,20,10,1,12,Intermediate Level,0.0,2014-01-20 21:56:35+00:00,Business Finance,0,3,0,1,
54246,3 Documentos Clave Para Administrar Tu Empresa Con Éxito,True,45,40,6,18,Intermediate Level,0.0,2013-05-16 10:03:47+00:00,Business Finance,0,3,0,1,
1089610,3 Little Pigs: A Multiple Timeframe Forex Trading Strategy,True,20,18,0,6,All Levels,0.0,2017-02-24 16:33:34+00:00,Business Finance,0,0,0,1,0.0
687248,3 Step Formula For Playing Guitar By Ear,True,25,3937,54,20,Beginner Level,0.0,2015-12-03 21:26:09+00:00,Musical Instruments,1,1,2,1,1.0
159388,3. Compound Interest,True,20,570,2,21,All Levels,0.0,2014-02-11 18:06:18+00:00,Business Finance,0,0,0,1,
1207112,30 Day Guitar Jump Start For Success,True,105,31,4,92,Beginner Level,0.0,2017-05-24 17:03:41+00:00,Musical Instruments,0,1,2,1,0.0
670640,31 Day Guitar Challenge,True,40,1029,22,32,Beginner Level,0.0,2015-11-30 19:03:27+00:00,Musical Instruments,1,1,2,1,0.0
592594,3D Programming With Webgl And Babylon.Js For Beginners,True,200,549,49,18,Intermediate Level,0.0,2015-08-31 21:07:26+00:00,Web Development,0,3,3,1,
1164876,3Ds Max - Learn 3Ds Max Tutorial For Beginners In Urdu Hindi,True,20,785,2,29,All Levels,0.0,2017-04-18 16:45:59+00:00,Graphic Design,0,0,1,1,
975982,4 Easy Daily Forex Trades: A Recipe For Trading Success,True,200,319,19,12,All Levels,0.0,2016-11-17 00:37:02+00:00,Business Finance,0,0,0,1,
1234656,4 Week Rhythm Mastery,True,20,0,0,28,Beginner Level,0.0,2017-07-05 16:07:44+00:00,Musical Instruments,0,1,2,1,
155616,4. Ordinary Simple Annuities: The Basics,True,20,237,1,17,All Levels,0.0,2014-01-31 22:27:11+00:00,Business Finance,0,0,0,1,
599652,48 Logo Designs And Techniques,True,20,113,9,48,All Levels,0.0,2015-09-15 00:23:14+00:00,Graphic Design,0,0,1,1,
830568,5 Exotic Guitar Scales And How To Use Them Effectively,True,50,1319,101,21,Intermediate Level,0.0,2016-08-09 17:21:24+00:00,Musical Instruments,1,3,2,1,
286070,5 Lecciones Que Todo Guitarrista Debe Tomar,False,0,4452,263,14,Beginner Level,0.0,2014-08-23 05:08:14+00:00,Musical Instruments,1,1,2,0,
602450,6 Must Know Tricks To Successful Solos,True,35,469,38,30,All Levels,0.0,2015-09-28 22:00:17+00:00,Musical Instruments,0,0,2,1,
166842,6. Annuities Due And Deferred,True,20,170,0,16,All Levels,0.0,2014-02-24 13:53:23+00:00,Business Finance,0,0,0,1,0.0
1231958,60 Minutes To Fundamental Accounting Skills,True,75,0,0,9,Beginner Level,0.0,2017-06-28 21:55:29+00:00,Business Finance,0,1,0,1,0.0
889824,61% Profit In 1 Month - Crush Your Forex Trading Paradigm,True,20,1027,29,25,All Levels,0.0,2016-07-18 22:38:56+00:00,Business Finance,1,0,0,1,1.0
606928,7 Deadly Mistakes Of Investing That Will Slash Your Profits!,True,50,5354,24,23,All Levels,0.0,2015-09-21 18:10:34+00:00,Business Finance,1,0,0,1,
1269190,7 Secrets To Designing In Black And White,True,100,1000,1,12,All Levels,0.0,2017-06-27 19:55:18+00:00,Graphic Design,1,0,1,1,
988804,7 Steps: Your Introduction To Trading,True,25,1076,22,176,Beginner Level,0.0,2016-11-04 22:07:32+00:00,Business Finance,1,1,0,1,
696630,"7 Ways A Beginner Guitarist Can Sound Better, Instantly!",False,0,4529,193,7,Beginner Level,0.0,2015-12-21 18:50:50+00:00,Musical Instruments,1,1,2,0,
665042,8 Beautiful Ruby On Rails Apps In 30 Days & Tdd - Immersive,True,100,5962,466,132,All Levels,0.0,2016-03-08 07:36:40+00:00,Web Development,1,0,3,1,
614668,8 Steps To Achieve Financial Freedom And Escape Debt,True,40,5,0,48,Beginner Level,0.0,2015-11-13 17:43:47+00:00,Business Finance,0,1,0,1,0.0
794036,8 Stunden Professionelles Cinema 4D Training,True,50,18,1,38,All Levels,0.0,2016-03-22 20:51:28+00:00,Graphic Design,0,0,1,1,0.0
172298,8. Amortization Schedules,True,20,225,1,5,All Levels,0.0,2014-03-19 18:30:55+00:00,Business Finance,0,0,0,1,
383852,88 Logic - The Essential Guide To Learning Piano,True,25,3,0,5,Beginner Level,0.0,2015-01-13 15:45:05+00:00,Musical Instruments,0,1,2,1,
158140,9. Sinking Funds,True,20,205,1,5,All Levels,0.0,2014-02-11 18:08:38+00:00,Business Finance,0,0,0,1,
304490,A 13 Hour Sql Server 2014 /Asp.Net/Css/C#/Jquery Course,True,35,4183,231,86,Intermediate Level,0.0,2014-10-12 06:29:05+00:00,Web Development,1,3,3,1,
955914,A Beginner`S Guide To Fingerpicking And Strumming Guitar',False,0,3481,29,20,Beginner Level,0.0,2016-09-13 21:51:59+00:00,Musical Instruments,1,1,2,0,
435626,A Beginners Guide To Creating Vector Graphics With Photoshop,True,20,1207,5,19,Beginner Level,0.0,2015-04-05 18:48:19+00:00,Graphic Design,1,1,1,1,0.0
1171994,A Beginner'S Guide To Quantopian Futures Api,True,20,936,6,11,Intermediate Level,0.0,2017-04-11 00:59:50+00:00,Business Finance,1,3,0,1,
66383,A Beginners Guide To Technical Analysis Of Stock Charts,True,40,829,78,50,Beginner Level,0.0,2013-09-15 15:06:02+00:00,Business Finance,0,1,0,1,
221920,A Beginner'S Guide To The Meteor Javascript Framework,True,50,898,132,40,Beginner Level,0.0,2014-09-27 02:27:57+00:00,Web Development,0,1,3,1,1.0
247558,A Complete Guide To Becoming A Trader On The Forex Market,True,25,562,11,15,All Levels,0.0,2014-06-28 05:52:41+00:00,Business Finance,0,0,0,1,
413713,A Complete Guide To Successful Freelance Logo Design Career,True,145,2745,61,67,All Levels,0.0,2015-02-19 03:39:50+00:00,Graphic Design,1,0,1,1,1.0
1023196,A Complete Laravel Basics From Beginner To Expert,True,25,3492,61,12,All Levels,0.0,2016-12-06 22:07:53+00:00,Web Development,1,0,3,1,
635570,A Guide To Analog Synths: For The Modern Edm Enthusiast.,True,20,29,4,37,All Levels,0.0,2016-04-20 23:05:39+00:00,Musical Instruments,0,0,2,1,
904240,A Guide To Trade Binary Options Like An Expert,True,55,4,0,21,All Levels,0.0,2016-07-18 21:48:10+00:00,Business Finance,0,0,0,1,
270976,A How To Guide In Html,False,0,7318,205,8,Beginner Level,0.0,2014-08-10 20:19:10+00:00,Web Development,1,1,3,0,
76524,A New Approach To Piano And Playing Songs For Beginners,True,50,7140,72,26,Beginner Level,0.0,2013-08-11 20:39:24+00:00,Musical Instruments,1,1,2,1,
302484,A Practical Guide To Wealth Creation,True,35,6,0,7,All Levels,0.0,2016-11-18 14:51:43+00:00,Business Finance,0,0,0,1,
366514,A Value Investing Approach To The Stock Market,True,20,1189,12,15,All Levels,0.0,2015-02-19 20:40:23+00:00,Business Finance,1,0,0,1,1.0
281690,A Very Complete Introduction To Laravel,True,20,2320,114,43,All Levels,0.0,2014-08-24 16:47:54+00:00,Web Development,1,0,3,1,
146450,A Year'S Worth Of Piano Lessons In One Weekend,True,20,244,25,33,Beginner Level,0.0,2014-04-30 19:16:10+00:00,Musical Instruments,0,1,2,1,
223884,初めてのIdraw入門,True,20,13,0,14,All Levels,0.0,2014-06-12 05:08:01+00:00,Graphic Design,0,0,1,1,
1214144,¡Triunfar En La Bolsa De Valores No Requiere De Experiencia!,False,0,338,7,6,Beginner Level,0.0,2017-05-30 14:30:12+00:00,Business Finance,0,1,0,0,
766320,สร้างงานกราฟฟิคแอพพลิเคชั่นมือถือด้วย Adobe Illustrator,True,20,25,5,30,Beginner Level,0.0,2016-02-25 17:18:41+00:00,Graphic Design,0,1,1,1,
421546,สอนเทรดไบนารี่ อ๊อฟชั่นอย่างง่าย,False,0,2079,258,25,All Levels,0.0,2015-02-15 12:17:56+00:00,Business Finance,1,0,0,0,1.0
1250694,カードゲームでカンタンに理解する！経済とお金のキホン,True,20,103,3,18,Beginner Level,0.0,2017-06-27 05:51:44+00:00,Business Finance,0,1,0,1,
829182,【個人事業主向け】青色申告の記帳を自力で行うための複式簿記の基本,True,30,41,3,37,Beginner Level,0.0,2016-05-25 16:12:15+00:00,Business Finance,0,1,0,1,
1129652,【すぐに覚える！】Asalato-アサラト(打楽器)初心者向け入門講座,True,20,5,1,7,Beginner Level,0.0,2017-04-19 20:52:48+00:00,Musical Instruments,0,1,2,1,
1005312,【１日でマスター！】今日からはじめる資産形成,True,20,7183,819,14,Beginner Level,0.0,2017-01-19 23:51:32+00:00,Business Finance,1,1,0,1,1.0
814200,商業好設計-Illustrator個性商品設計,True,20,20,3,5,Beginner Level,0.0,2016-04-26 17:26:44+00:00,Graphic Design,0,1,1,1,
1100746,≪虎の巻≫証券取引の「税金のお悩み」解消,True,25,3840,296,33,Intermediate Level,0.0,2017-02-21 17:14:03+00:00,Business Finance,1,3,0,1,
597868,こどもギターレッスン　リトルギタリストⅠ,True,20,69,1,53,Beginner Level,0.0,2015-11-07 23:09:05+00:00,Musical Instruments,0,1,2,1,
687742,こどもギターレッスン　リトルギタリストⅡ,True,20,2,0,47,Beginner Level,0.0,2016-02-18 19:19:38+00:00,Musical Instruments,0,1,2,1,
847808,こどもギターレッスン　リトルギタリストⅢ（完結編）,True,20,3,0,36,Beginner Level,0.0,2016-10-03 16:42:12+00:00,Musical Instruments,0,1,2,1,
733654,なぞるだけですぐできる! 簡単手描きイラスト講座,True,30,123,12,48,Beginner Level,0.0,2016-02-16 17:10:15+00:00,Graphic Design,0,1,1,1,
1139792,会声会影深度教学,True,200,3,2,12,Beginner Level,0.0,2017-03-17 17:07:38+00:00,Graphic Design,0,1,1,1,
1093446,Abc Do Adobe Illustrator,True,35,115,15,56,Beginner Level,0.0,2017-02-06 14:36:41+00:00,Graphic Design,0,1,1,1,0.0
1009068,Abc Do Photoshop Cc,True,45,431,99,80,Beginner Level,0.0,2016-11-21 17:19:01+00:00,Graphic Design,0,1,1,1,
961774,Abc Do Violão E Guitarra,True,85,25,2,30,Beginner Level,0.0,2017-03-03 18:54:28+00:00,Musical Instruments,0,1,2,1,
1265814,Abrsm Grade Iii Piano Class - Handel Sonatina In G 2017-2018,True,20,0,0,5,Beginner Level,0.0,2017-07-06 16:12:34+00:00,Musical Instruments,0,1,2,1,
548764,Acca Fa1 Recording Financial Transactions,True,50,49,8,27,Beginner Level,0.0,2015-07-14 23:01:39+00:00,Business Finance,0,1,0,1,
557436,Acca Ma1 Management Information,True,50,16,1,48,Beginner Level,0.0,2015-08-24 23:33:21+00:00,Business Finance,0,1,0,1,0.0
535650,Accelerate Your Guitar Learning With Metal Techniques,True,20,1305,25,68,All Levels,0.0,2015-08-18 20:00:20+00:00,Musical Instruments,1,0,2,1,
886614,Accelerated Es6 Javascript Training,True,110,5811,850,114,Intermediate Level,0.0,2016-07-12 18:22:37+00:00,Web Development,1,3,3,1,
886300,Accelerated Javascript Training,True,110,4720,1017,126,All Levels,0.0,2016-07-12 18:23:35+00:00,Web Development,1,0,3,1,1.0
557208,Accounting - Basic Costing,True,40,108,2,37,Beginner Level,0.0,2015-08-04 18:45:56+00:00,Business Finance,0,1,0,1,
1219820,Accounting - The 6 Most Important Rules You Must Learn,True,20,0,0,9,All Levels,0.0,2017-05-25 21:55:50+00:00,Business Finance,0,0,0,1,
640100,Accounting & Financial Statement Analysis: Complete Training,True,150,10042,594,43,All Levels,0.0,2015-10-22 00:03:48+00:00,Business Finance,1,0,0,1,
317572,Accounting 1 Simplified For You,True,45,2490,95,13,Beginner Level,0.0,2014-11-10 03:28:26+00:00,Business Finance,1,1,0,1,
174800,Accounting 101: Guide To Business Accounting,True,50,2031,15,29,Beginner Level,0.0,2014-04-21 16:23:37+00:00,Business Finance,1,1,0,1,
402836,Accounting 101: How To Read An Accounting Balance Sheet,True,200,3050,86,22,Beginner Level,0.0,2015-01-27 09:27:49+00:00,Business Finance,1,1,0,1,1.0
267984,Accounting 101: Learn Business Finance Forecasting In 60Mins,True,95,1730,12,12,All Levels,0.0,2014-07-24 15:20:39+00:00,Business Finance,1,0,0,1,
607362,Accounting 101-Master Class For Understanding Business,True,20,37,2,43,All Levels,0.0,2015-10-10 04:45:42+00:00,Business Finance,0,0,0,1,
174790,Accounting 102: Guide To Business Accounting,True,50,1280,1,27,Intermediate Level,0.0,2014-05-09 09:48:53+00:00,Business Finance,1,3,0,1,
354324,Accounting 2 Simplified For You,True,45,1446,23,27,Beginner Level,0.0,2014-12-09 08:31:40+00:00,Business Finance,1,1,0,1,
1029322,Accounting And Business Basics,True,200,5,0,10,All Levels,0.0,2017-01-19 16:37:27+00:00,Business Finance,0,0,0,1,
471440,Accounting And Finance For Bankers - A Comprehensive Study,True,180,3056,9,316,All Levels,0.0,2015-04-10 19:24:28+00:00,Business Finance,1,0,0,1,
531710,Accounting And The Triple Bottom Line,True,30,6,2,19,Intermediate Level,0.0,2015-07-10 00:16:42+00:00,Business Finance,0,3,0,1,0.0
510178,Accounting Bank Reconciliation Statement (College Level),True,20,2189,4,16,All Levels,0.0,2015-05-25 19:46:32+00:00,Business Finance,1,0,0,1,
494800,Accounting Basics - A Complete Study,True,180,1132,70,332,All Levels,0.0,2015-05-06 23:27:45+00:00,Business Finance,1,0,0,1,
671548,Accounting Basics 101 For Understanding Business,True,20,7,2,18,All Levels,0.0,2016-01-07 17:48:25+00:00,Business Finance,0,0,0,1,
773650,"Accounting Basics By Hector Garcia, Cpa",False,0,1924,120,5,Beginner Level,0.0,2016-02-25 16:53:12+00:00,Business Finance,1,1,0,0,
441112,Accounting Basics In 66 Minutes (Absolutely For Beginners),True,25,4086,31,14,All Levels,0.0,2015-03-08 21:13:13+00:00,Business Finance,1,0,0,1,
521234,Accounting Books Of Accounts (College Level),True,20,911,2,18,All Levels,0.0,2015-06-05 19:01:45+00:00,Business Finance,0,0,0,1,
138004,Accounting Concepts For Technocrats,True,20,261,2,35,Beginner Level,0.0,2013-12-26 12:41:50+00:00,Business Finance,0,1,0,1,
739972,Accounting Cycle: Learn The Concepts In 60 Minutes,True,20,26,3,14,All Levels,0.0,2016-01-26 22:07:31+00:00,Business Finance,0,0,0,1,
577256,Accounting Department'S Tips & Tricks - Beginner To Advanced,True,95,1222,14,61,All Levels,0.0,2015-10-07 17:25:18+00:00,Business Finance,1,0,0,1,
655300,Accounting For Beginners : Learn Basics In Under 1 Hour,True,50,1971,13,20,Beginner Level,0.0,2015-12-03 17:08:10+00:00,Business Finance,1,1,0,1,
378464,Accounting For Ca Cpt Exams Part I,True,50,874,2,120,All Levels,0.0,2014-12-27 11:10:19+00:00,Business Finance,0,0,0,1,0.0
394636,Accounting For Deferred Taxes (Professional Course Level),True,25,2924,6,11,All Levels,0.0,2015-01-15 13:19:33+00:00,Business Finance,1,0,0,1,
258174,Accounting For Depreciation (Collage Level),True,20,576,1,14,All Levels,0.0,2014-07-09 09:41:36+00:00,Business Finance,0,0,0,1,
298044,Accounting For Everyone!,True,35,420,2,14,Beginner Level,0.0,2014-11-19 00:34:25+00:00,Business Finance,0,1,0,1,
508796,Accounting For School Students,True,30,1311,2,12,All Levels,0.0,2015-05-22 23:32:56+00:00,Business Finance,1,0,0,1,0.0
48841,Accounting In 60 Minutes - A Brief Introduction,False,0,56659,4397,16,Beginner Level,0.0,2013-04-07 21:39:25+00:00,Business Finance,1,1,0,0,
221306,Accounting Is Easy (For Beginners),True,20,3870,12,90,All Levels,0.0,2014-05-20 18:13:38+00:00,Business Finance,1,0,0,1,
567070,Accounting Made Easy 2,True,50,4034,8,40,Intermediate Level,0.0,2015-09-16 18:57:23+00:00,Business Finance,1,3,0,1,
640062,Accounting Made Easy: A Quick Guide To Financial Accounting,True,95,274,41,18,All Levels,0.0,2015-10-26 23:22:09+00:00,Business Finance,0,0,0,1,
1193288,Accounting Simplified,True,30,3,0,41,All Levels,0.0,2017-05-03 16:14:01+00:00,Business Finance,0,0,0,1,
19653,Accounting Skills For Managers,True,20,78,3,10,Beginner Level,0.0,2012-06-27 16:41:09+00:00,Business Finance,0,1,0,1,
343886,Accounting Standard 3 - An Analysis,True,25,1888,6,11,Intermediate Level,0.0,2014-11-14 07:42:47+00:00,Business Finance,1,3,0,1,
415802,Accounting Standards Basics (Professional Course Level),True,20,2222,9,12,All Levels,0.0,2015-02-07 15:06:57+00:00,Business Finance,1,0,0,1,
891490,"Accounting Superpowers: Learn Accounts, Understand Business!",True,200,1437,96,34,Beginner Level,0.0,2016-08-08 22:23:09+00:00,Business Finance,1,1,0,1,
455452,"Accounting, Finance And Banking - A Comprehensive Study",True,180,507,36,395,All Levels,0.0,2015-03-26 18:01:39+00:00,Business Finance,0,0,0,1,1.0
262370,Accounting: Get Hired Without Work Experience,True,100,4661,187,20,All Levels,0.0,2014-09-01 21:43:47+00:00,Business Finance,1,0,0,1,
99324,Acoustic Blues Guitar Lessons,False,0,8217,109,10,Intermediate Level,0.0,2013-09-30 20:45:20+00:00,Musical Instruments,1,3,2,0,
112314,Acoustic Blues Guitar Lessons,True,125,1284,136,40,Intermediate Level,0.0,2013-11-28 08:54:00+00:00,Musical Instruments,1,3,2,1,
647276,Acoustic Blues Guitar Lessons,True,75,189,18,101,Intermediate Level,0.0,2016-01-10 21:39:42+00:00,Musical Instruments,0,3,2,1,
517148,Acoustic Fingerstyle Guitar Course: Beginner To Advanced,True,200,6565,55,56,All Levels,0.0,2015-08-04 17:40:13+00:00,Musical Instruments,1,0,2,1,0.0
198692,Acoustic Guitar After The Basics,True,45,181,17,25,Intermediate Level,0.0,2014-11-20 09:38:59+00:00,Musical Instruments,0,3,2,1,
198690,Acoustic Guitar Basics,False,0,14495,224,21,Beginner Level,0.0,2014-08-07 20:32:27+00:00,Musical Instruments,1,1,2,0,
832514,Acoustic Guitar Lessons For Beginners,True,95,10,3,39,Beginner Level,0.0,2016-04-27 17:25:32+00:00,Musical Instruments,0,1,2,1,
1089062,Add Realistic Car Paint To Your Pencil Drawing In Photoshop!,True,25,17,3,8,Beginner Level,0.0,2017-02-02 19:03:50+00:00,Graphic Design,0,1,1,1,
201894,Add Slide To Your Guitar Playing,True,20,75,2,27,All Levels,0.0,2014-05-28 17:32:53+00:00,Musical Instruments,0,0,2,1,0.0
425084,Administering Microsoft Sql Server 2012 Databases - 70-462,True,60,586,65,98,All Levels,0.0,2015-03-23 00:20:29+00:00,Web Development,0,0,3,1,
935108,Adobe - Create A Professional Logo Step-By-Step (Beauty),True,20,2420,27,21,All Levels,0.0,2016-08-27 23:43:41+00:00,Graphic Design,1,0,1,1,
934790,Adobe - Create A Professional Logo Step-By-Step (Farming),True,20,214,0,15,All Levels,0.0,2016-08-18 23:51:44+00:00,Graphic Design,0,0,1,1,
951912,Adobe - How To Create A Professional Video Title/ Web Banner,True,20,1606,8,9,All Levels,0.0,2016-09-07 20:28:12+00:00,Graphic Design,1,0,1,1,
895302,Adobe After Effect: Create 15 Advance Motion Graphic Element,True,30,140,6,21,All Levels,0.0,2016-07-07 23:27:41+00:00,Graphic Design,0,0,1,1,0.0
1152012,Adobe Experience Manager Cms Basics,True,35,81,14,33,Beginner Level,0.0,2017-05-02 16:54:56+00:00,Web Development,0,1,3,1,
173134,Adobe Flash For Beginners - Build Flash Website From Scratch,True,200,17071,17,15,All Levels,0.0,2014-03-01 08:48:55+00:00,Web Development,1,0,3,1,
913194,Adobe Illustrator | Master In 3D,True,25,445,4,14,All Levels,0.0,2016-07-28 00:23:08+00:00,Graphic Design,0,0,1,1,0.0
628786,Adobe Illustrator Advanced Vector Artwork,True,90,1538,117,74,All Levels,0.0,2017-02-06 23:07:33+00:00,Graphic Design,1,0,1,1,
1022032,Adobe Illustrator Cc,True,20,43,12,46,Intermediate Level,0.0,2016-12-26 18:58:09+00:00,Graphic Design,0,3,1,1,
536780,Adobe Illustrator Cc - From Scratch,True,45,115,12,24,Beginner Level,0.0,2015-06-26 18:43:13+00:00,Graphic Design,0,1,1,1,
477634,Adobe Illustrator Cc - Print Design For Beginners,True,50,145,35,55,Beginner Level,0.0,2016-03-08 15:09:47+00:00,Graphic Design,0,1,1,1,
1013676,Adobe Illustrator Cc 2017 For Beginners,True,195,2489,39,12,Beginner Level,0.0,2017-01-31 22:13:11+00:00,Graphic Design,1,1,1,1,1.0
1133716,Adobe Illustrator Cc Advanced,True,30,11,1,27,Beginner Level,0.0,2017-03-08 03:16:33+00:00,Graphic Design,0,1,1,1,
1136446,Adobe Illustrator Cc Beginner,True,30,2,0,37,Beginner Level,0.0,2017-03-08 04:12:22+00:00,Graphic Design,0,1,1,1,
140368,Adobe Illustrator Cc For Beginners,True,20,270,28,118,Beginner Level,0.0,2014-12-17 14:01:35+00:00,Graphic Design,0,1,1,1,
733878,Adobe Illustrator Course In Urdu Basics Level Training,False,0,1433,57,8,Beginner Level,0.0,2016-01-19 17:22:59+00:00,Graphic Design,1,1,1,0,
435138,Adobe Illustrator Creative Cloud:  Mastering The Upgrades,True,20,22,3,57,Intermediate Level,0.0,2015-03-16 20:18:11+00:00,Graphic Design,0,3,1,1,
283038,Adobe Illustrator Cs6 باللغة العربية,True,35,48,15,74,All Levels,0.0,2014-09-14 15:00:09+00:00,Graphic Design,0,0,1,1,
585174,Adobe Illustrator Fast Track,True,40,9,0,23,Beginner Level,0.0,2015-08-18 18:05:55+00:00,Graphic Design,0,1,1,1,
608090,Adobe Illustrator For Beginners: Design A Typographic Logo,True,30,276,54,27,Beginner Level,0.0,2015-10-15 22:29:00+00:00,Graphic Design,0,1,1,1,
905244,Adobe Illustrator For Everyone: Create Detailed Vector Image,True,185,165,17,11,All Levels,0.0,2016-08-09 14:07:47+00:00,Graphic Design,0,0,1,1,1.0
872816,Adobe Illustrator In Under 10: Fast Info At Your Fingertips!,True,30,1,0,34,All Levels,0.0,2016-06-23 03:51:13+00:00,Graphic Design,0,0,1,1,
1219520,Adobe Illustrator T-Shirt Design For Merch By Amazon,True,20,390,44,15,All Levels,0.0,2017-06-13 20:41:14+00:00,Graphic Design,0,0,1,1,
983444,Adobe Illustrator Vectors For Hand Letterers,True,100,23,2,9,Beginner Level,0.0,2016-10-21 18:50:38+00:00,Graphic Design,0,1,1,1,
452092,Adobe Illustrator: Create A Quick & Easy Unique Illustration,True,95,1418,57,19,Beginner Level,0.0,2015-03-22 23:59:21+00:00,Graphic Design,1,1,1,1,1.0
933888,Adobe Illustrator: How To Draw Squared Animals Icons,True,180,2873,38,13,Beginner Level,0.0,2017-01-10 15:38:21+00:00,Graphic Design,1,1,1,1,
939882,Adobe Illustrator: Learn Easy Logo Design.,True,20,371,5,26,All Levels,0.0,2016-09-06 16:43:47+00:00,Graphic Design,0,0,1,1,
1075366,Adobe Indesign Cc 2017 Quick Start,True,35,2,0,29,Beginner Level,0.0,2017-04-17 22:36:55+00:00,Graphic Design,0,1,1,1,0.0
981684,Adobe Indesign Cc Advanced,True,30,114,24,50,Expert Level,0.0,2016-10-18 17:09:56+00:00,Graphic Design,0,2,1,1,0.0
723818,Adobe Indesign Cc Başlangıç,False,0,637,21,22,Beginner Level,0.0,2016-01-14 18:52:21+00:00,Graphic Design,0,1,1,0,0.0
177584,Adobe Indesign Cs6,True,50,5,0,35,Beginner Level,0.0,2014-03-31 20:24:16+00:00,Graphic Design,0,1,1,1,
513212,Adobe Indesign Tips And Tricks,True,80,4,0,8,All Levels,0.0,2015-06-22 23:37:56+00:00,Graphic Design,0,0,1,1,
651014,Adobe Photoshop (Complete Beginner),True,200,98,3,33,Beginner Level,0.0,2015-12-09 17:17:38+00:00,Graphic Design,0,1,1,1,0.0
705444,Adobe Photoshop Cc - Fundamentos,True,40,290,49,88,Beginner Level,0.0,2016-01-06 01:33:28+00:00,Graphic Design,0,1,1,1,0.0
456388,Adobe Photoshop Cc | The Essential Guide,True,20,254,5,81,All Levels,0.0,2015-05-12 00:19:27+00:00,Graphic Design,0,0,1,1,
1080584,Adobe Photoshop Cc For Photographers Advanced,True,30,1,0,43,Expert Level,0.0,2017-01-19 22:12:04+00:00,Graphic Design,0,2,1,1,
986832,Adobe Photoshop Cc Introduction,True,30,1,0,55,Beginner Level,0.0,2016-10-19 05:05:35+00:00,Graphic Design,0,1,1,1,
1114470,Adobe Photoshop Cs6 Para Iniciantes,True,40,5,0,63,Beginner Level,0.0,2017-02-17 20:25:49+00:00,Graphic Design,0,1,1,1,0.0
638040,Adobe Photoshop Essentials: Master Adobe Photoshop Cs6,True,100,1373,5,63,Beginner Level,0.0,2015-11-18 17:47:26+00:00,Graphic Design,1,1,1,1,0.0
872262,Adobe Photoshop Pentru Social Media,True,20,0,0,12,Beginner Level,0.0,2016-06-08 16:02:39+00:00,Graphic Design,0,1,1,1,
1095488,Adobe Photoshop The  Flying Land Compositing,True,70,2,0,23,All Levels,0.0,2017-02-20 16:40:15+00:00,Graphic Design,0,0,1,1,
632702,Adobe Suite : Unleash Your Creativity & Benefit From It !,True,200,1005,4,46,All Levels,0.0,2015-11-09 23:01:14+00:00,Graphic Design,1,0,1,1,
31150,Advance Design Of Logos And Brand Identity,True,20,34,4,38,All Levels,0.0,2013-02-16 00:06:30+00:00,Graphic Design,0,0,1,1,0.0
845794,Advance Javascript For Coders: Learn Oop In Javascript,True,40,334,41,54,Intermediate Level,0.0,2016-05-13 18:28:07+00:00,Web Development,0,3,3,1,
855764,Advance Learning Tools Corel Draw Graphics Design,True,40,797,13,70,Beginner Level,0.0,2016-05-31 21:27:22+00:00,Graphic Design,0,1,1,1,
467238,Advance Technical Analysis,True,50,152,6,14,Expert Level,0.0,2015-04-08 18:11:52+00:00,Business Finance,0,2,0,1,
990284,Advance Unix : File Processing: Awk | Grep | Vim,True,20,458,2,12,All Levels,0.0,2017-05-03 18:11:54+00:00,Web Development,0,0,3,1,1.0
990532,Advance Unix : File Processing: Awk | Sed | Grep | Cut | Vim,True,75,578,40,84,Expert Level,0.0,2017-01-27 05:12:57+00:00,Web Development,0,2,3,1,
866584,Advanced Accounting A Complete Study For Ca / Cma / Cfa / Cs,True,150,1535,16,462,All Levels,0.0,2016-06-03 17:42:27+00:00,Business Finance,1,0,0,1,1.0
298558,Advanced Accounting For Investment Banking,True,50,1260,80,38,Intermediate Level,0.0,2014-10-01 18:51:06+00:00,Business Finance,1,3,0,1,
459468,Advanced Bassoon Studies - Learn To Master The Bassoon!​,True,50,197,0,106,All Levels,0.0,2015-04-15 20:24:35+00:00,Musical Instruments,0,0,2,1,0.0
1275790,Advanced Butterfly Spreads For Options Income Strategies,True,60,16,1,8,Expert Level,0.0,2017-07-04 18:08:01+00:00,Business Finance,0,2,0,1,
373556,Advanced Clarinet Studies - Learn To Master The Clarinet!,True,50,148,3,77,All Levels,0.0,2015-01-01 01:23:28+00:00,Musical Instruments,0,0,2,1,
471328,Advanced Euphonium Studies - Learn To Master The Euphonium!​,True,50,106,7,89,All Levels,0.0,2015-04-16 16:43:45+00:00,Musical Instruments,0,0,2,1,
722682,Advanced Excel Functions,True,20,1964,47,15,All Levels,0.0,2016-01-12 20:03:45+00:00,Business Finance,1,0,0,1,
960326,Advanced Features In Adobe Illustrator,True,30,1348,6,14,Intermediate Level,0.0,2016-10-12 17:13:16+00:00,Graphic Design,1,3,1,1,
42146,Advanced Finance And Accounting For Startups,True,40,188,7,48,Intermediate Level,0.0,2014-02-27 17:58:02+00:00,Business Finance,0,3,0,1,
658766,Advanced Financial Management For Ca / Cs / Cfa /Cpa Exams,True,150,375,15,194,All Levels,0.0,2015-11-03 18:22:32+00:00,Business Finance,0,0,0,1,0.0
605074,Advanced Flute Studies - Learn To Master The Flute!​,True,50,205,4,95,All Levels,0.0,2015-09-07 23:28:56+00:00,Musical Instruments,0,0,2,1,
368958,Advanced Graphic Design-Photoshop Cc 2014 For Photographers,True,20,314,11,19,All Levels,0.0,2014-12-19 05:55:57+00:00,Graphic Design,0,0,1,1,
619610,Advanced Horn Studies - Learn To Master The French Horn!​,True,50,46,0,91,All Levels,0.0,2015-09-23 17:14:50+00:00,Musical Instruments,0,0,2,1,
26845,Advanced Html5 Tutorial For Web Developers,True,50,11847,57,57,All Levels,0.0,2012-10-17 11:07:41+00:00,Web Development,1,0,3,1,
670034,Advanced Javascript,True,200,6601,1304,26,Intermediate Level,0.0,2015-11-21 06:56:33+00:00,Web Development,1,3,3,1,
212398,Advanced Node.Js Development,True,55,2565,32,41,Expert Level,0.0,2014-08-28 03:35:30+00:00,Web Development,1,2,3,1,0.0
899702,Advanced Oboe Studies - Become A Master Oboist!​,True,50,47,0,82,Expert Level,0.0,2016-07-28 02:46:15+00:00,Musical Instruments,0,2,2,1,
42634,"Advanced Options Concepts - Probability, Greeks, Simulation",True,60,968,81,10,Intermediate Level,0.0,2013-02-27 13:05:27+00:00,Business Finance,1,3,0,1,1.0
1269590,Advanced Options Trading Course,True,40,1252,2,6,Intermediate Level,0.0,2017-06-29 20:18:19+00:00,Business Finance,1,3,0,1,
737758,Advanced Prezi: Make Amazing Presentations,True,30,2200,25,12,All Levels,0.0,2016-01-24 20:47:28+00:00,Web Development,1,0,3,1,
781532,Advanced React And Redux,True,140,21998,3326,119,Intermediate Level,0.0,2016-03-12 22:13:46+00:00,Web Development,1,3,3,1,1.0
184324,Advanced Saxophone Studies - Learn To Master The Saxophone!,True,50,215,5,80,Intermediate Level,0.0,2014-03-18 02:25:11+00:00,Musical Instruments,0,3,2,1,
599504,Advanced Scalable Python Web Development Using Flask,True,120,1299,56,71,Intermediate Level,0.0,2016-08-11 22:09:24+00:00,Web Development,1,3,3,1,
530768,Advanced Stock Options For Serious Equity Investors!,True,200,1271,23,7,Expert Level,0.0,2015-09-22 19:48:31+00:00,Business Finance,1,2,0,1,0.0
1263966,Advanced Technical Analysis Part1!,True,100,9,1,19,Intermediate Level,0.0,2017-06-27 22:00:27+00:00,Business Finance,0,3,0,1,0.0
866528,Advanced Trombone Studies - Learn To Master The Trombone!,True,50,39,2,136,All Levels,0.0,2016-07-05 23:21:53+00:00,Musical Instruments,0,0,2,1,
188498,Advanced Trumpet Studies - Learn To Master The Trumpet!​,True,50,184,4,82,Intermediate Level,0.0,2014-03-26 04:01:28+00:00,Musical Instruments,0,3,2,1,
459926,Advanced Tuba Studies - Become A Master Of The Tuba!​,True,50,173,0,63,All Levels,0.0,2015-04-15 17:47:17+00:00,Musical Instruments,0,0,2,1,0.0
866384,Advanced Wordpress Topics: Post Types Taxonomies & Metaboxes,True,95,301,44,91,Intermediate Level,0.0,2016-07-10 16:04:35+00:00,Web Development,0,3,3,1,
677802,Adventure Capital: How To Pay Off Debt,True,20,2895,56,14,Beginner Level,0.0,2015-11-23 21:19:00+00:00,Business Finance,1,1,0,1,
849896,株式投資に必要なスキルの学習手順を学ぶ,True,20,139,36,29,Beginner Level,0.0,2016-06-09 15:18:03+00:00,Business Finance,0,1,0,1,
858764,株式投資に向く性格に変えるための心理学を学ぶ,True,20,58,11,28,All Levels,0.0,2016-06-14 15:53:31+00:00,Business Finance,0,0,0,1,
869716,株式投資で本当のテクニカル分析ができるようになる,True,20,68,10,45,Intermediate Level,0.0,2016-07-01 19:53:20+00:00,Business Finance,0,3,0,1,
863998,株式投資で本当のファンダメンタル分析ができるようになる,True,20,91,7,30,All Levels,0.0,2016-06-21 17:59:58+00:00,Business Finance,0,0,0,1,
352782,トレーディングビュー徹底攻略2017年版,True,55,952,77,53,All Levels,0.0,2014-12-10 00:53:21+00:00,Business Finance,1,0,0,1,
212952,ビットコイン生態系｜既存通貨が主役をやめる日,True,20,701,55,16,Beginner Level,0.0,2014-06-23 02:24:31+00:00,Business Finance,0,1,0,1,1.0
960786,バイナリーオプション取引,True,85,29,3,24,All Levels,0.0,2016-11-28 17:50:49+00:00,Business Finance,0,0,0,1,
217978,ブルースギター入門,False,0,462,6,23,All Levels,0.0,2014-05-17 04:00:12+00:00,Musical Instruments,0,0,2,0,
1114164,Affinity Designer - Making Seamless Patterns,True,20,35,13,11,All Levels,0.0,2017-02-20 17:28:21+00:00,Graphic Design,0,0,1,1,
1069348,Affinity Designer - Tworzenie Wzorków,True,20,1,1,11,Beginner Level,0.0,2017-01-13 20:08:41+00:00,Graphic Design,0,1,1,1,
1158854,Affinity Designer For Beginners,True,20,30,6,23,Beginner Level,0.0,2017-05-01 20:48:32+00:00,Graphic Design,0,1,1,1,
1105778,A-Frame Webvr Programming Tutorial Series (Virtual Reality),True,40,6648,16,22,Beginner Level,0.0,2017-05-24 05:25:53+00:00,Web Development,1,1,3,1,
956002,After Effects - Alles Rund Um Das Tracking,True,20,1,0,6,Beginner Level,0.0,2016-09-13 16:14:44+00:00,Graphic Design,0,1,1,1,
212506,Ahora Aprende A Tocar Jazz En El Piano,True,30,4,0,9,All Levels,0.0,2014-05-09 19:55:55+00:00,Musical Instruments,0,0,2,1,
691760,Ajax  For Beginners: A Very Basic Introduction,True,65,755,5,18,Beginner Level,0.0,2016-01-25 17:57:24+00:00,Web Development,0,1,3,1,1.0
446608,Ajax : Let'S Build A Cool Project,True,70,4183,292,38,All Levels,0.0,2015-03-13 23:11:17+00:00,Web Development,1,0,3,1,1.0
955138,Ajax :Basics For Beginners,True,35,1241,23,9,All Levels,0.0,2016-09-10 20:59:38+00:00,Web Development,1,0,3,1,1.0
16151,Ajax Development,True,20,7867,147,23,All Levels,0.0,2012-05-15 18:03:43+00:00,Web Development,1,0,3,1,
564366,"Ajax In Javascript And Jquery, With Php - Creating Chat App",True,200,3399,85,15,All Levels,0.0,2015-07-27 20:23:28+00:00,Web Development,1,0,3,1,
754156,Aktiver Vermögensaufbau Mit Etf,True,20,112,18,33,Beginner Level,0.0,2016-02-22 15:20:36+00:00,Business Finance,0,1,0,1,
594936,Algorithmic Futures Trading - Investing With No Experience,True,195,1512,23,19,All Levels,0.0,2015-09-14 18:24:03+00:00,Business Finance,1,0,0,1,
258232,Algorithmic Trading In Forex: Create Your First Forex Robot!,True,185,7941,713,40,All Levels,0.0,2014-08-11 08:01:14+00:00,Business Finance,1,0,0,1,
517938,Algorithmic Trading In Matlab: Wfatoolbox App Gui (Finance),True,20,1749,41,21,All Levels,0.0,2015-06-23 22:37:31+00:00,Business Finance,1,0,0,1,1.0
975074,Algotech Hedge Fund Method For Stock Market Trading,True,20,605,19,4,All Levels,0.0,2016-10-10 21:05:19+00:00,Business Finance,0,0,0,1,1.0
82778,All About Nodejs,True,50,8755,931,133,All Levels,0.0,2014-12-19 20:46:50+00:00,Web Development,1,0,3,1,
1090194,All In One Html Css And Jquery,True,20,3444,35,16,All Levels,0.0,2017-01-27 22:27:20+00:00,Web Development,1,0,3,1,
177912,All You Need To Know About Angularjs - Training On Angularjs,True,50,1936,88,53,All Levels,0.0,2014-03-07 19:09:28+00:00,Web Development,1,0,3,1,
380668,All-In-One Premium Design Course - Scratch To Pro+ Edition,True,200,919,57,56,All Levels,0.0,2015-02-20 00:15:41+00:00,Graphic Design,1,0,1,1,1.0
749616,Alternate Picking Speed & Accuracy,True,20,19,4,83,All Levels,0.0,2016-05-12 19:17:21+00:00,Musical Instruments,0,0,2,1,
799912,Alto Saxophone Lessons For Beginners,True,95,51,7,42,Beginner Level,0.0,2016-03-23 15:33:31+00:00,Musical Instruments,0,1,2,1,
547190,Amazing Graphic Design For Beginners,True,20,32,10,5,Beginner Level,0.0,2015-07-08 19:58:01+00:00,Graphic Design,0,1,1,1,0.0
997916,Amazon Alexa Development: From Beginner To Intermediate,True,140,1858,110,52,All Levels,0.0,2016-12-03 20:51:00+00:00,Web Development,1,0,3,1,
446736,Amazon S3 Mastery - The How-To' Guides For Amazon S3,True,95,1811,118,36,All Levels,0.0,2015-03-18 21:27:54+00:00,Web Development,1,0,3,1,1.0
691180,An Abundance Mindset: How To Craft Yours,True,50,33,4,40,Beginner Level,0.0,2016-01-22 21:45:33+00:00,Business Finance,0,1,0,1,0.0
518188,An Easy Introduction To Adobe Photoshop,True,20,1,0,6,Beginner Level,0.0,2015-07-07 00:14:56+00:00,Graphic Design,0,1,1,1,0.0
707644,An Intro Into Trading The Financial Markets,True,100,1006,14,17,Beginner Level,0.0,2016-09-03 03:46:23+00:00,Business Finance,1,1,0,1,
1179546,An Introduction To Financial Markets On Wall Street,True,30,7,1,29,All Levels,0.0,2017-04-28 00:08:38+00:00,Business Finance,0,0,0,1,
177214,An Introduction To Management Of Portfolios (Mop),True,20,117,15,6,Beginner Level,0.0,2014-03-06 09:12:15+00:00,Business Finance,0,1,0,1,
323828,"An Introduction: Mt4 Email, Sound, Notification Forex Alerts",True,20,323,30,11,Intermediate Level,0.0,2014-11-01 04:10:48+00:00,Business Finance,0,3,0,1,
868128,Análise De Concessão De Crédito,True,20,31,11,20,All Levels,0.0,2016-06-29 20:21:24+00:00,Business Finance,0,0,0,1,1.0
1013190,Analysis And Evaluation Of Economic Feasibility Of Projects,True,100,10,1,8,Intermediate Level,0.0,2016-12-19 14:47:22+00:00,Business Finance,0,3,0,1,
1028030,Analysis Of Company Financial Statements,True,20,832,34,34,All Levels,0.0,2016-12-07 20:19:37+00:00,Business Finance,0,0,0,1,
552058,Analyze Real Estate Investments | Financial Modeling,True,20,120,18,21,All Levels,0.0,2015-07-21 21:45:17+00:00,Business Finance,0,0,0,1,0.0
880202,Anatomy And Figure Drawing For Beginners,True,150,2252,240,111,Beginner Level,0.0,2016-06-20 15:31:48+00:00,Graphic Design,1,1,1,1,
62721,Anatomy For Figure Drawing: Mastering The Human Figure,True,95,15500,754,65,All Levels,0.0,2013-10-16 11:37:30+00:00,Graphic Design,1,0,1,1,
833442,Angular (Angular 2 Or 4) & Nodejs - The Mean Stack Guide,True,150,17297,3166,111,All Levels,0.0,2016-05-02 23:09:15+00:00,Web Development,1,0,3,1,
825752,Angular 2 - Superheroic Framework,True,20,702,21,30,Beginner Level,0.0,2016-05-04 16:35:07+00:00,Web Development,0,1,3,1,1.0
997814,Angular 2 & Typescript Beginner Web Development,True,200,5211,414,133,Beginner Level,0.0,2016-11-14 00:44:48+00:00,Web Development,1,1,3,1,
1004134,Angular 2 + Rails 5 Bootcamp,True,150,1967,372,60,Intermediate Level,0.0,2016-11-15 19:00:50+00:00,Web Development,1,3,3,1,
1155262,"Angular 2 Complete E-Commerce App Course - Java,Spring,Mysql",True,195,949,129,89,All Levels,0.0,2017-03-27 16:46:54+00:00,Web Development,1,0,3,1,
874166,Angular 2 Crash Course With Typescript,True,100,16409,589,74,All Levels,0.0,2016-06-14 19:26:06+00:00,Web Development,1,0,3,1,1.0
500628,Angular 2 Demystified,True,20,3150,69,49,All Levels,0.0,2015-05-18 20:48:48+00:00,Web Development,1,0,3,1,
863954,Angular 2 From The Ground Up,True,30,1737,471,87,All Levels,0.0,2016-06-02 17:52:17+00:00,Web Development,1,0,3,1,
821788,Angular 2 Fundamentals For Web Developers,True,40,450,61,41,All Levels,0.0,2016-04-14 18:43:47+00:00,Web Development,0,0,3,1,
671960,Angular 2 Jump Start With Typescript,True,20,1731,90,74,All Levels,0.0,2015-12-08 14:37:37+00:00,Web Development,1,0,3,1,1.0
769390,Angular 2 Master Class With Alejandro Rangel,True,30,4157,206,80,All Levels,0.0,2016-03-01 00:07:14+00:00,Web Development,1,0,3,1,1.0
1121650,Angular 2 Routing: Up And Running,False,0,3357,84,13,Intermediate Level,0.0,2017-02-21 23:34:56+00:00,Web Development,1,3,3,0,
719002,Angular 2 With Typescript For Beginners: The Pragmatic Guide,True,150,40070,8341,194,All Levels,0.0,2016-03-03 20:17:59+00:00,Web Development,1,0,3,1,
866460,Angular 2+ With Typescript - Essential Training,True,195,29348,780,66,Beginner Level,0.0,2016-11-29 04:08:03+00:00,Web Development,1,1,3,1,
712960,"Angular 4 - Concepts, Code And Collective Wisdom",True,50,851,164,75,Intermediate Level,0.0,2016-04-20 16:29:03+00:00,Web Development,0,3,3,1,1.0
1247828,Angular 4 (2+) Crash Course For Beginners,True,120,12366,506,120,Beginner Level,0.0,2017-06-23 00:35:49+00:00,Web Development,1,1,3,1,
756150,Angular 4 (Formerly Angular 2) - The Complete Guide,True,190,73783,19649,329,All Levels,0.0,2016-02-11 07:29:29+00:00,Web Development,1,0,3,1,
1256136,Angular 4 Development Decoded,True,20,1802,13,8,Intermediate Level,0.0,2017-06-21 16:37:46+00:00,Web Development,1,3,3,1,
1277924,Angular 4 Front To Back,True,40,44,0,68,All Levels,0.0,2017-07-06 15:04:55+00:00,Web Development,0,0,3,1,
929130,Angular 4: From Theory To Practice & Free E-Book,True,200,4375,622,129,Intermediate Level,0.0,2016-11-15 21:35:06+00:00,Web Development,1,3,3,1,
1204590,Angular Advanced Masterclass & Free E-Book,True,150,228,9,72,Intermediate Level,0.0,2017-07-03 21:59:45+00:00,Web Development,0,3,3,1,0.0
965870,Angular And Firebase - Build A Web App With Typescript,True,150,1966,359,65,All Levels,0.0,2016-09-27 21:46:03+00:00,Web Development,1,0,3,1,
959604,Angular Js Essentials,True,195,4687,99,24,Beginner Level,0.0,2017-01-03 15:31:13+00:00,Web Development,1,1,3,1,1.0
833398,Angular Masterclass,True,150,4057,359,99,All Levels,0.0,2016-05-09 22:29:32+00:00,Web Development,1,0,3,1,
1102962,Angular Material - Quickstart,False,0,3766,135,14,Beginner Level,0.0,2017-03-09 22:12:32+00:00,Web Development,1,1,3,0,
1045942,Angular Ngrx Store Masterclass - Covers Angular 4,True,150,1399,212,89,Intermediate Level,0.0,2017-01-19 00:35:43+00:00,Web Development,1,3,3,1,
1145430,Angular Styling & Animations (For Angular 2 And Angular 4),True,120,4138,307,107,Intermediate Level,0.0,2017-03-28 00:01:39+00:00,Web Development,1,3,3,1,1.0
1127988,Angular Tutorial For Beginners,False,0,5397,112,36,Beginner Level,0.0,2017-02-28 04:07:50+00:00,Web Development,1,1,3,0,1.0
957362,Angularjs :Basics For Beginners,True,45,1237,16,14,All Levels,0.0,2016-09-19 14:50:49+00:00,Web Development,1,0,3,1,
808622,Angularjs Authentication: Secure Your App With Auth0,False,0,21689,1080,13,All Levels,0.0,2016-04-01 05:51:48+00:00,Web Development,1,0,3,0,1.0
420652,Angularjs Custom Directives With Dan Wahlin,True,75,4128,434,61,All Levels,0.0,2015-02-21 01:54:51+00:00,Web Development,1,0,3,1,1.0
572268,Angularjs For .Net Developers From Scratch,True,50,2494,303,40,Intermediate Level,0.0,2016-03-09 20:03:42+00:00,Web Development,1,3,3,1,
412952,Angularjs For Asp.Net Mvc Developers,True,50,3011,57,10,Intermediate Level,0.0,2015-02-23 15:11:20+00:00,Web Development,1,3,3,1,
511934,Angularjs For Beginners,False,0,30531,1948,53,All Levels,0.0,2015-06-30 20:28:22+00:00,Web Development,1,0,3,0,
332252,"Angularjs For Beginners, Single-Page Applications Made Easy",True,200,1284,46,30,All Levels,0.0,2014-11-18 06:03:56+00:00,Web Development,1,0,3,1,
173888,Angularjs For The Real World - Learn By Creating A Webapp,True,115,1407,137,69,All Levels,0.0,2015-09-07 17:54:39+00:00,Web Development,1,0,3,1,
164554,Angularjs Jumpstart With Dan Wahlin,True,75,17802,2144,113,All Levels,0.0,2014-03-24 17:31:15+00:00,Web Development,1,0,3,1,1.0
419318,Angularjs Masterclass - Deep Dive & Understand Angularjs,True,100,2912,309,85,All Levels,0.0,2015-03-04 22:52:26+00:00,Web Development,1,0,3,1,
572270,Angularjs-Webapi2-Efcodefirst Web App On 3-Tier Architecture,True,60,652,48,46,Intermediate Level,0.0,2017-01-16 21:52:59+00:00,Web Development,0,3,3,1,
837798,✔️ Illustrator Cc : Be A Graphic Designer In Illustrator Cc,True,25,1456,62,77,All Levels,0.0,2016-07-06 21:08:43+00:00,Graphic Design,1,0,1,1,
472592,App Design + Web Design + Photoshop = Combined Course,True,115,1087,6,24,Beginner Level,0.0,2015-04-27 21:32:04+00:00,Graphic Design,1,1,1,1,0.0
364986,Apple Watch Design,True,20,9847,24,35,All Levels,0.0,2014-12-29 04:59:24+00:00,Graphic Design,1,0,1,1,
692176,Apply Finance Concepts For Smart Project Management,False,0,3465,161,24,Beginner Level,0.0,2016-02-23 21:05:46+00:00,Business Finance,1,1,0,0,
969348,Appml :Basics For Beginners,True,30,770,0,8,All Levels,0.0,2016-09-27 18:41:31+00:00,Web Development,0,0,3,1,
1097486,Apprendre À Trader Sur Le Marché Du Forex - Guide Complet,True,140,187,47,38,Beginner Level,0.0,2017-03-07 00:23:20+00:00,Business Finance,0,1,0,1,
871682,Aprenda  A Investir,True,20,34,4,9,All Levels,0.0,2016-06-30 16:50:25+00:00,Business Finance,0,0,0,1,1.0
1178820,Aprenda A Investir No Tesouro Direto Passo A Passo,True,35,62,10,19,All Levels,0.0,2017-04-25 07:06:14+00:00,Business Finance,0,0,0,1,0.0
1021104,Aprenda A Investir Seu Dinheiro,True,85,150,28,19,All Levels,0.0,2017-01-20 14:57:34+00:00,Business Finance,0,0,0,1,
922828,Aprenda A Tocar Pandeiro - Curso Iniciante - Samba/Choro,True,90,85,22,20,Beginner Level,0.0,2016-08-21 18:50:26+00:00,Musical Instruments,0,1,2,1,
865630,Aprenda Cálculo Financeiro De Forma Simples,True,20,76,14,21,All Levels,0.0,2016-06-02 18:09:38+00:00,Business Finance,0,0,0,1,
896742,Aprenda Modelagem 3D Com O 123D Design,False,0,334,26,27,Beginner Level,0.0,2016-07-07 21:15:34+00:00,Graphic Design,0,1,1,0,
129274,Aprende A Ganar Dinero En La Bolsa,True,30,112,16,42,All Levels,0.0,2013-12-11 15:06:56+00:00,Business Finance,0,0,0,1,
119276,Aprende A Hacer Paper Trading (Simulación) Con Ninja Trader,True,25,148,3,15,Beginner Level,0.0,2013-11-15 17:53:03+00:00,Business Finance,0,1,0,1,0.0
195196,Aprende A Improvisar En La Guitarra Eléctrica,True,50,3,0,19,All Levels,0.0,2014-05-05 21:59:45+00:00,Musical Instruments,0,0,2,1,0.0
501996,Aprende A Invertir Practicando,True,35,26,9,42,All Levels,0.0,2015-05-28 18:12:44+00:00,Business Finance,0,0,0,1,
1062144,Aprende A Invertir Sin Capital,True,130,649,37,29,Beginner Level,0.0,2017-05-01 21:29:37+00:00,Business Finance,0,1,0,1,1.0
173462,Aprende A Invertir Y Deja Que Tu Dinero Trabaje Para Ti,True,145,789,68,95,All Levels,0.0,2014-03-03 09:52:27+00:00,Business Finance,0,0,0,1,1.0
734280,Aprende A Llevar La Contabilidad De Forma Informatizada,True,25,6,1,27,Beginner Level,0.0,2016-02-08 16:55:55+00:00,Business Finance,0,1,0,1,
212492,Aprende A Tocar Blues En El Piano Y Teclado,True,50,10,4,22,All Levels,0.0,2014-05-09 19:52:20+00:00,Musical Instruments,0,0,2,1,
217628,Aprende A Tocar El Acordeón De Botones,True,50,22,4,21,All Levels,0.0,2014-05-19 15:58:53+00:00,Musical Instruments,0,0,2,1,
1152334,Aprende A Tocar El Acordeón De Botones,True,50,20,6,24,Beginner Level,0.0,2017-05-17 16:50:41+00:00,Musical Instruments,0,1,2,1,
286898,"Aprende A Tocar El Acordeón 'De Oído Y Con Técnica"",Https://Www.Udemy.Com/Aprende-A-Tocar-El-Acordeon-De-Oido-Y-Con-Tecnica/,True,25,93,21,34,Beginner Level,4 Hours,2014-09-16T19:51:45Z
263432,Aprende Los Secretos De La Armónica Con Harp&Soul""",True,75,158,17,59,All Levels,0.0,2014-07-28 13:55:43+00:00,Musical Instruments,0,0,2,1,
217540,Aprende A Tocar El Bajo Eléctrico,True,50,9,0,33,All Levels,0.0,2014-05-16 17:29:37+00:00,Musical Instruments,0,0,2,1,0.0
219844,Aprende A Tocar El Clarinete.,True,50,4,0,26,All Levels,0.0,2014-05-19 17:00:39+00:00,Musical Instruments,0,0,2,1,0.0
219878,Aprende A Tocar El Contrabajo Sin Complicaciones,True,50,3,1,20,All Levels,0.0,2014-05-19 17:02:52+00:00,Musical Instruments,0,0,2,1,
204014,Aprende A Tocar El Piano Desde Cero,True,50,4,0,16,All Levels,0.0,2014-04-30 16:15:20+00:00,Musical Instruments,0,0,2,1,
217320,Aprende A Tocar El Saxofón Como Siempre Has Querido,True,20,8,1,26,All Levels,0.0,2014-05-16 17:23:28+00:00,Musical Instruments,0,0,2,1,
211780,Aprende A Tocar El Teclado Como Los Expertos,True,50,11,1,37,All Levels,0.0,2014-05-09 19:48:53+00:00,Musical Instruments,0,0,2,1,
218540,Aprende A Tocar El Violín Desde Cero,True,50,17,1,22,All Levels,0.0,2014-05-19 16:06:25+00:00,Musical Instruments,0,0,2,1,
219756,Aprende A Tocar Flauta Transversal Sin Complicaciones,True,50,6,2,23,All Levels,0.0,2014-05-19 16:51:41+00:00,Musical Instruments,0,0,2,1,
147104,Aprende A Tocar Guitarra Rapido Y Facil Con Guitarsimple,True,40,57,7,16,Beginner Level,0.0,2014-01-22 06:22:03+00:00,Musical Instruments,0,1,2,1,
211026,Aprende A Tocar Jazz Y Ritmos Latinos En La Guitarra,True,50,6,0,17,All Levels,0.0,2014-05-07 22:15:04+00:00,Musical Instruments,0,0,2,1,
214218,"Aprende A Tocar Jazz, Salsa Y Blues En El Piano",True,20,5,0,23,All Levels,0.0,2014-05-19 15:55:12+00:00,Musical Instruments,0,0,2,1,
218856,Aprende A Tocar La Flauta Dulce De Forma Sencilla Y Gradual,True,50,5,0,23,All Levels,0.0,2014-05-19 16:49:04+00:00,Musical Instruments,0,0,2,1,
34332,Aprende A Tocar La Guitarra,True,50,7,1,25,All Levels,0.0,2013-02-22 18:19:38+00:00,Musical Instruments,0,0,2,1,
207408,Aprende A Tocar La Guitarra Acústica Como Un Profesional,True,50,11,0,27,All Levels,0.0,2014-05-05 22:03:41+00:00,Musical Instruments,0,0,2,1,
207304,Aprende A Tocar La Guitarra Eléctrica,True,50,3,0,39,All Levels,0.0,2014-04-30 16:21:42+00:00,Musical Instruments,0,0,2,1,
218596,Aprende A Tocar La Trompeta,True,50,6,2,30,All Levels,0.0,2014-05-19 16:44:04+00:00,Musical Instruments,0,0,2,1,0.0
1243162,Aprende A Tocar Las Escalas En El Acordeón De Botones.,True,20,2,0,21,Beginner Level,0.0,2017-06-17 23:48:41+00:00,Musical Instruments,0,1,2,1,
208126,Aprende A Tocar Los Mejores Solos En La Guitarra Eléctrica,True,30,5,1,16,All Levels,0.0,2014-05-07 21:18:09+00:00,Musical Instruments,0,0,2,1,
214770,Aprende A Tocar Música Cristiana En El Piano Y Teclado,True,20,17,3,13,All Levels,0.0,2014-05-16 17:02:00+00:00,Musical Instruments,0,0,2,1,
214828,"Aprende A Tocar Percusiones: Congas, Bongós, Maracas Y Más",True,50,14,2,71,All Levels,0.0,2014-05-16 17:07:11+00:00,Musical Instruments,0,0,2,1,
214794,Aprende A Tocar Ritmo Pop En El Piano Y Teclado,True,20,10,1,9,All Levels,0.0,2014-05-16 17:03:56+00:00,Musical Instruments,0,0,2,1,0.0
212520,Aprende A Tocar Ritmos Latinos En El Teclado,True,50,7,0,31,All Levels,0.0,2014-05-09 20:01:06+00:00,Musical Instruments,0,0,2,1,
13216,Aprende A Tocar Teclado - Piano,True,35,119,8,52,All Levels,0.0,2012-01-26 05:36:39+00:00,Musical Instruments,0,0,2,1,
1226332,Aprende A Utilizar Canva,True,20,677,45,11,Beginner Level,0.0,2017-05-28 16:09:00+00:00,Graphic Design,0,1,1,1,1.0
32033,Aprende Batería Con El Nuevo Método Idt,True,20,335,32,25,All Levels,0.0,2012-12-24 22:17:59+00:00,Musical Instruments,0,0,2,1,
218658,Aprende Cómo Tocar El Bajo Sexto,True,50,10,2,17,All Levels,0.0,2014-05-19 16:46:59+00:00,Musical Instruments,0,0,2,1,
645890,Aprende Desde Cero A Operar El Mercado De Divisas Forex,True,90,16,4,24,All Levels,0.0,2015-10-23 18:19:32+00:00,Business Finance,0,0,0,1,
211714,Aprende Diferentes Ritmos Con La Guitarra Rítmica,True,20,10,1,12,All Levels,0.0,2014-05-07 21:32:43+00:00,Musical Instruments,0,0,2,1,0.0
733922,Aprende El Acordeón De Oído Y Con Técnica –Nivel Intermedio–,True,25,38,7,51,Intermediate Level,0.0,2016-02-03 03:04:26+00:00,Musical Instruments,0,3,2,1,
782460,Aprende Escalas Y Arpegios  Vol. I: Modo Mayor,True,50,85,2,30,Beginner Level,0.0,2016-03-31 17:45:31+00:00,Musical Instruments,0,1,2,1,
1223310,Aprende Escalas Y Arpegios Vol.2 : Modo Menor,True,50,62,1,49,All Levels,0.0,2017-05-29 15:49:40+00:00,Musical Instruments,0,0,2,1,
586914,Aprende Photoshop Con Ejercicios Prácticos.,True,20,3,0,46,All Levels,0.0,2015-12-22 16:22:03+00:00,Graphic Design,0,0,1,1,
211052,Aprende Todos Los Secretos De La Guitarra Flamenca,True,50,13,2,23,All Levels,0.0,2014-05-07 21:26:44+00:00,Musical Instruments,0,0,2,1,
212438,Aprende Todos Los Secretos De La Salsa Para Piano,True,50,7,0,17,All Levels,0.0,2014-05-09 19:50:45+00:00,Musical Instruments,0,0,2,1,
213984,Aprender A Tocar La Batería Sin Salir De Casa,True,50,10,0,23,All Levels,0.0,2014-05-09 21:09:19+00:00,Musical Instruments,0,0,2,1,
829616,Aprendiendo Piano: Ejercicios De Calentamiento,False,0,1876,109,11,Beginner Level,0.0,2016-04-27 17:58:22+00:00,Musical Instruments,1,1,2,0,1.0
631444,Aprendiendo Piano: Lectura De Piezas Clásicas Vol.I,True,50,211,12,30,Beginner Level,0.0,2015-10-08 18:06:24+00:00,Musical Instruments,0,1,2,1,
888852,Aprendiendo Piano: Lectura De Piezas Clásicas Vol.Ii,True,40,113,4,18,Beginner Level,0.0,2016-06-29 01:27:47+00:00,Musical Instruments,0,1,2,1,0.0
646918,Aprendiendo Piano: Tocando Piezas Populares Vol.I,True,100,122,3,59,Beginner Level,0.0,2015-11-14 00:42:39+00:00,Musical Instruments,0,1,2,1,
782458,Aprendiendo Piano: Tocando Piezas Populares Vol.Ii,True,100,72,2,24,Beginner Level,0.0,2016-03-31 17:10:42+00:00,Musical Instruments,0,1,2,1,
1240730,Architectural Drawing For Creatives,True,195,5,0,156,All Levels,0.0,2017-06-21 15:35:08+00:00,Graphic Design,0,0,1,1,0.0
1173716,Arpeggios For Guitar Made Easy! Dominate The Fretboard,True,65,26,5,23,All Levels,0.0,2017-05-02 16:26:45+00:00,Musical Instruments,0,0,2,1,
971022,Asp :Basics For Beginners,True,35,764,7,8,All Levels,0.0,2016-09-29 15:52:42+00:00,Web Development,0,0,3,1,
997750,Asp Net Core - Angular 2 E-Commerce App,True,200,897,129,171,All Levels,0.0,2017-01-13 17:06:35+00:00,Web Development,0,0,3,1,
1127048,Asp.Net C# - Enterprise Web Systems From Novice To Expert,True,20,604,8,43,All Levels,0.0,2017-04-11 05:56:16+00:00,Web Development,0,0,3,1,
1183094,"Asp.Net Core Mvc, Quick And Practical",True,20,387,5,30,Intermediate Level,0.0,2017-04-25 00:55:41+00:00,Web Development,0,3,3,1,
1035923,Asp.Net Mvc 5 Project - Cms And Shopping Cart With Paypal,True,30,550,97,70,All Levels,0.0,2016-12-14 15:35:31+00:00,Web Development,0,0,3,1,
1097778,Asp.Net Mvc 5 Project - Facebook Clone,True,30,210,19,41,All Levels,0.0,2017-02-09 04:38:46+00:00,Web Development,0,0,3,1,
309820,Asp.Net Mvc Quick Start,False,0,15092,1234,65,Intermediate Level,0.0,2016-08-23 15:59:10+00:00,Web Development,1,3,3,0,
876544,Asp.Net Web Api 2 Hands-On,True,20,2660,276,16,All Levels,0.0,2016-06-19 20:10:58+00:00,Web Development,1,0,3,1,
577198,Asset Protection Using Offshore Companies,True,20,480,3,21,All Levels,0.0,2015-08-12 17:28:53+00:00,Business Finance,0,0,0,1,
421054,Auditing Basics (Professional Course Level),True,25,3771,10,35,All Levels,0.0,2015-02-13 14:37:18+00:00,Business Finance,1,0,0,1,
1246252,Aula De Photoshop - Aprenda Como Recortar Imagens,True,65,15,1,14,Beginner Level,0.0,2017-07-03 00:56:30+00:00,Graphic Design,0,1,1,1,
1249378,Autocad Course - Learn Online Autocad In Urdu Hindi,False,0,105,2,22,All Levels,0.0,2017-06-13 17:32:48+00:00,Graphic Design,0,0,1,0,
793246,Autodesk Inventor 2016 : Complete Guide,True,20,23,4,83,Beginner Level,0.0,2016-03-22 20:35:56+00:00,Graphic Design,0,1,1,1,
284076,Automate Web Development With Gulp Js,True,20,2784,425,29,All Levels,0.0,2014-08-23 20:11:57+00:00,Web Development,1,0,3,1,
213154,Automate Your Finances,True,20,690,17,21,Beginner Level,0.0,2014-05-08 23:09:32+00:00,Business Finance,0,1,0,1,0.0
627706,Awaken The Accountant In You | Master The Accounting Basics,True,35,1135,10,16,Beginner Level,0.0,2015-11-24 23:55:22+00:00,Business Finance,1,1,0,1,
519212,Awesome Lead Guitar 1,True,25,60,6,38,Beginner Level,0.0,2015-12-15 17:54:31+00:00,Musical Instruments,0,1,2,1,
1241254,Aws Serverless Apis & Apps - A Complete Introduction,True,145,2145,166,136,All Levels,0.0,2017-06-19 22:19:24+00:00,Web Development,1,0,3,1,
840300,B Com Accountancy I (Paper Eco 02 Ignou),True,50,2946,6,284,All Levels,0.0,2016-05-05 23:07:43+00:00,Business Finance,1,0,0,1,
12214,Back 2 The Basics,True,50,265,23,65,All Levels,0.0,2013-07-19 18:11:57+00:00,Musical Instruments,0,0,2,1,
450246,Back In Black The Ac/Dc Classic Rock Track,True,20,13,1,72,Intermediate Level,0.0,2015-04-10 21:07:56+00:00,Musical Instruments,0,3,2,1,0.0
79154,Back To School Web Development And Programming Bundle,True,200,18170,117,779,Beginner Level,0.0,2013-08-19 14:53:00+00:00,Web Development,1,1,3,1,
306556,Backbone Tutorial: Learn Backbonejs From Scratch,True,90,4957,634,60,All Levels,0.0,2014-10-27 07:29:00+00:00,Web Development,1,0,3,1,
42645,"Backspreads, Diagonals And Butterflies - Advanced Strategies",True,60,737,41,10,Expert Level,0.0,2013-03-03 22:15:18+00:00,Business Finance,0,2,0,1,
805706,Bagpipe Instruction For Beginners,True,30,31,4,5,Beginner Level,0.0,2016-04-24 16:32:40+00:00,Musical Instruments,0,1,2,1,
1105216,Bank Financial Management A Comprehensive Study,True,50,1081,6,21,All Levels,0.0,2017-02-10 00:51:57+00:00,Business Finance,1,0,0,1,
304426,Bank Reconciliation & Vat On Excel,True,20,30,5,19,All Levels,0.0,2014-09-22 04:56:43+00:00,Business Finance,0,0,0,1,
260066,Banking Credit Analysis Process (For Bankers),True,180,894,62,241,Beginner Level,0.0,2014-07-12 11:00:16+00:00,Business Finance,0,1,0,1,
168358,Basel Ii,True,50,78,6,57,All Levels,0.0,2014-03-06 07:16:03+00:00,Business Finance,0,0,0,1,
476622,Basel Norms (Basel 1/ Basel 2/ Basel 3) Simplified,True,40,500,45,34,Beginner Level,0.0,2015-04-26 19:26:45+00:00,Business Finance,0,1,0,1,0.0
1221942,Basic Bookkeeping,True,35,0,0,12,Beginner Level,0.0,2017-05-23 16:20:18+00:00,Business Finance,0,1,0,1,
824592,Basic Bookkeeping Hacks,True,20,5841,16,28,All Levels,0.0,2016-06-14 15:43:23+00:00,Business Finance,1,0,0,1,
267286,"Basic Concepts Of Web Development, Http And Java Servlets",True,35,2797,59,10,Beginner Level,0.0,2014-08-27 11:31:44+00:00,Web Development,1,1,3,1,
596598,Basic Excel For Basic Bookkeeping And Accounting,True,95,7743,340,33,Beginner Level,0.0,2015-09-10 00:30:48+00:00,Business Finance,1,1,0,1,
559046,Basic Graphic Design For Powerpoint,True,20,88,8,14,Beginner Level,0.0,2015-07-26 23:32:34+00:00,Graphic Design,0,1,1,1,
720144,Basic Html Css And Web Design,True,30,4030,92,46,Beginner Level,0.0,2016-02-19 18:10:13+00:00,Web Development,1,1,3,1,1.0
641236,Basic Javascript: Build 4 Basic Javascript Projects,True,40,670,33,37,Beginner Level,0.0,2016-02-04 03:55:24+00:00,Web Development,0,1,3,1,
132570,Basic Piano Hymn Playing,True,20,1842,21,28,Beginner Level,0.0,2013-12-12 07:09:21+00:00,Musical Instruments,1,1,2,1,0.0
479496,Basic Technical Analysis,True,50,40,1,27,Beginner Level,0.0,2015-08-05 17:19:03+00:00,Business Finance,0,1,0,1,0.0
719698,Basic Technical Analysis: Learn The Structure Of The Market,True,20,4919,79,16,Beginner Level,0.0,2016-01-08 17:21:26+00:00,Business Finance,1,1,0,1,
46927,Basics Of Business Finance,True,30,4855,64,24,Beginner Level,0.0,2013-03-22 17:42:18+00:00,Business Finance,1,1,0,1,
385686,Basics Of Business Statistics (College Level),True,20,2293,9,28,All Levels,0.0,2015-01-06 13:05:53+00:00,Business Finance,1,0,0,1,0.0
934574,Basics Of Commerce A Complete Study,True,150,2197,4,105,All Levels,0.0,2016-12-21 16:30:33+00:00,Business Finance,1,0,0,1,0.0
388164,Basics Of Economics (College Level),True,25,2516,12,20,All Levels,0.0,2015-01-08 13:55:52+00:00,Business Finance,1,0,0,1,0.0
585208,Basics Of Economics For Beginners A To Z - A Complete Course,True,170,1942,5,24,Beginner Level,0.0,2015-08-24 00:36:33+00:00,Business Finance,1,1,0,1,
160322,Basics Of Finance And Budgeting,True,20,578,7,34,Beginner Level,0.0,2014-05-19 04:02:10+00:00,Business Finance,0,1,0,1,
1000136,"Basics Of Fixed Income Valuation, Cfa Level I 2017 Prep",True,20,4,0,14,Beginner Level,0.0,2017-01-28 16:47:51+00:00,Business Finance,0,1,0,1,
411778,Basics Of Investing In Mutual Funds,True,20,1589,26,42,Intermediate Level,0.0,2015-03-03 01:22:39+00:00,Business Finance,1,3,0,1,
1188410,Basics Of Mutual Funds For Ca / Cma / Cs / Cfa Exams,True,125,1045,2,17,Intermediate Level,0.0,2017-04-24 21:59:45+00:00,Business Finance,1,3,0,1,
1036456,Basics Of Private Equity,True,60,9,2,6,Intermediate Level,0.0,2017-05-09 22:19:30+00:00,Business Finance,0,3,0,1,
408894,Basics Of Tax In India  (College Level),True,20,718,5,28,All Levels,0.0,2015-01-31 13:53:48+00:00,Business Finance,0,0,0,1,0.0
425338,Basics Of Trading,True,40,99,17,27,Beginner Level,0.0,2015-04-06 20:00:01+00:00,Business Finance,0,1,0,1,
820086,Bass Guitar Lessons For Beginners,True,95,180,21,38,Beginner Level,0.0,2016-04-26 17:30:35+00:00,Musical Instruments,0,1,2,1,
812370,Bassoon Pro Series - You'Re Going To Love Practicing Bassoon,True,50,36,0,42,All Levels,0.0,2016-04-08 23:34:17+00:00,Musical Instruments,0,0,2,1,
531360,Bdd With Ruby On Rails Using Rspec 3 And Capybara,True,175,2706,179,103,All Levels,0.0,2015-08-14 16:48:51+00:00,Web Development,1,0,3,1,
537008,Be A Bootstrap Developer From Scratch,True,100,5800,185,32,Beginner Level,0.0,2015-07-20 20:38:56+00:00,Web Development,1,1,3,1,
753940,Become A Bootstrap Expert: Build 20 Layouts!,True,35,2755,57,179,All Levels,0.0,2016-02-08 00:54:34+00:00,Web Development,1,0,3,1,
148028,Become A Career Day Trader: Asian-Pacific Futures Markets,True,20,207,8,30,All Levels,0.0,2014-01-27 21:44:25+00:00,Business Finance,0,0,0,1,1.0
11475,Become A Certified Web Developer,True,100,26673,1090,185,All Levels,0.0,2011-12-20 15:29:25+00:00,Web Development,1,0,3,1,
467426,Become A Certified Web Developer - Beginner To Expert,True,200,3397,12,85,All Levels,0.0,2015-04-06 16:38:49+00:00,Web Development,1,0,3,1,0.0
1209694,Become A Forex Trader - Forex Trading Like A Professional,False,0,1735,31,19,All Levels,0.0,2017-05-28 14:35:47+00:00,Business Finance,1,0,0,0,1.0
897146,"Become A Full Stack Developer With Spring, Aws And Stripe",True,75,1696,193,60,Intermediate Level,0.0,2016-07-08 15:47:58+00:00,Web Development,1,3,3,1,
1012096,Become A Full Stack Web Developer In 14 Days,True,195,467,20,126,All Levels,0.0,2016-11-23 04:17:45+00:00,Web Development,0,0,3,1,
280194,"Become A Graphic Designer, And Earn A Living From It",True,35,2354,12,37,All Levels,0.0,2014-09-17 13:20:56+00:00,Graphic Design,1,0,1,1,
106178,Become A Heroku Rails Ninja: Expert Level Deployment Tools,True,50,7090,52,30,Intermediate Level,0.0,2014-02-15 16:03:28+00:00,Web Development,1,3,3,1,
857270,Become A Html And Css Developer - Build A Responsive Site,False,0,3894,91,29,Beginner Level,0.0,2016-05-26 04:46:39+00:00,Web Development,1,1,3,0,1.0
288466,Become A Kick-Ass Web Developer: From Newbie To Pro,True,200,6751,44,353,All Levels,0.0,2014-10-02 15:47:45+00:00,Web Development,1,0,3,1,1.0
530426,Become A Logo Designer,True,95,827,50,39,All Levels,0.0,2015-07-14 16:07:03+00:00,Graphic Design,0,0,1,1,
429366,Become A Logo Designer: Guide To Complimentary Logo Software,True,35,485,9,21,All Levels,0.0,2015-03-19 23:45:57+00:00,Graphic Design,0,0,1,1,
278948,Become A Professional Graphic Designer,True,35,3618,345,207,All Levels,0.0,2014-08-13 16:37:12+00:00,Graphic Design,1,0,1,1,1.0
885479,Become A Professional Logo Designer,True,150,107,16,82,All Levels,0.0,2016-06-28 19:02:59+00:00,Graphic Design,0,0,1,1,0.0
140238,Become A Professional Web Developer | Version 3.0,True,200,6851,276,454,All Levels,0.0,2014-01-21 12:31:24+00:00,Web Development,1,0,3,1,
800148,Become A Rockstar Web Developer - Learn By Coding,True,200,2076,125,56,All Levels,0.0,2016-03-22 16:51:16+00:00,Web Development,1,0,3,1,
99826,Become A Web Developer And Seller - Build Websites With Html,True,200,21730,61,35,Beginner Level,0.0,2013-10-05 12:49:46+00:00,Web Development,1,1,3,1,
11174,Become A Web Developer From Scratch,True,120,69186,2408,197,All Levels,0.0,2011-11-19 21:51:20+00:00,Web Development,1,0,3,1,
406504,Become An Indesign Pro In 10 Skills,True,105,1079,172,35,Beginner Level,0.0,2015-08-21 22:22:39+00:00,Graphic Design,1,1,1,1,
50522,Become Exceptional In Html And Html5,True,20,16486,86,34,All Levels,0.0,2014-03-21 08:58:42+00:00,Web Development,1,0,3,1,1.0
1200874,Become Php Facebook Developer: Password-Less Authentication,True,195,4001,8,37,All Levels,0.0,2017-05-07 19:30:36+00:00,Web Development,1,0,3,1,1.0
647884,Beginner Acoustic Guitar Lessons,True,25,8,0,12,Beginner Level,0.0,2015-10-28 20:33:28+00:00,Musical Instruments,0,1,2,1,
1009254,"Beginner Api Development In Node, Express, Es6, & Mongodb",True,165,7057,655,65,Beginner Level,0.0,2016-11-12 18:53:51+00:00,Web Development,1,1,3,1,
94532,Beginner Financial Analysis: Invest Like Warren Buffett,True,50,83,4,19,Beginner Level,0.0,2014-03-10 21:49:34+00:00,Business Finance,0,1,0,1,
1042110,"Beginner Full Stack Web Development: Html, Css, React & Node",True,200,2687,331,138,Beginner Level,0.0,2017-03-31 05:35:11+00:00,Web Development,1,1,3,1,
80844,Beginner Guitar - 38 Easy Lessons You Needs To Get Started,True,40,250,24,39,Beginner Level,0.0,2013-09-05 22:58:33+00:00,Musical Instruments,0,1,2,1,
552606,Beginner Guitar Essentials,True,95,5,2,45,Beginner Level,0.0,2015-08-06 18:39:34+00:00,Musical Instruments,0,1,2,1,
452514,Beginner Guitar Lessons,True,20,118,0,5,Beginner Level,0.0,2015-03-23 22:49:58+00:00,Musical Instruments,0,1,2,1,0.0
812914,Beginner Guitar Lessons - Your Complete Foundation Course,True,60,293,30,162,Beginner Level,0.0,2016-04-11 23:01:29+00:00,Musical Instruments,0,1,2,1,
585946,Beginner Guitar Lessons By Paul Gronow,True,50,659,4,46,All Levels,0.0,2016-03-02 17:16:23+00:00,Musical Instruments,0,0,2,1,
1170198,Beginner Guitar Lessons: Learn To Play Guitar Today (Wave 1),True,45,65,18,56,Beginner Level,0.0,2017-05-01 19:01:49+00:00,Musical Instruments,0,1,2,1,
22825,Beginner Guitar Method,True,200,85,2,23,Beginner Level,0.0,2012-10-31 04:13:51+00:00,Musical Instruments,0,1,2,1,0.0
961630,Beginner Guitar Quick-Start Course,False,0,2084,20,7,Beginner Level,0.0,2016-09-28 00:11:43+00:00,Musical Instruments,1,1,2,0,
858064,Beginner Level Popular Piano Program - Month 1,True,30,7,2,13,Beginner Level,0.0,2016-05-24 17:31:13+00:00,Musical Instruments,0,1,2,1,0.0
21386,Beginner Photoshop To Html5 And Css3,False,0,73110,1716,22,All Levels,0.0,2012-07-27 12:54:57+00:00,Web Development,1,0,3,0,
552650,Beginner Piano,True,20,776,79,89,Beginner Level,0.0,2015-08-05 00:29:09+00:00,Musical Instruments,0,1,2,1,1.0
769270,Beginner Step By Step Keharwa Theka Tabla Course,True,20,916,26,16,Beginner Level,0.0,2016-02-22 17:09:58+00:00,Musical Instruments,1,1,2,1,
1210588,Beginner To Pro - Financial Analysis In Excel 2017,True,95,2451,11,36,All Levels,0.0,2017-05-30 20:07:24+00:00,Business Finance,1,0,0,1,
321410,Beginner To Pro In Excel: Financial Modeling And Valuation,True,195,22257,2697,138,All Levels,0.0,2014-11-25 23:00:40+00:00,Business Finance,1,0,0,1,
383414,Beginner To Pro In Powerpoint: Complete Powerpoint Training,True,150,5786,518,50,All Levels,0.0,2015-01-31 15:34:05+00:00,Business Finance,1,0,0,1,
364716,"Beginner Violin 101: Care, Maintenance, And The Right Gear",False,0,5543,107,29,All Levels,0.0,2015-03-03 00:09:19+00:00,Musical Instruments,1,0,2,0,
205810,Beginners Binary Options Course,False,0,10540,799,14,Beginner Level,0.0,2014-04-27 06:58:27+00:00,Business Finance,1,1,0,0,
1113442,Beginners Chart Patterns Trading For Penny Stocks,True,200,40,7,26,Beginner Level,0.0,2017-02-22 05:37:40+00:00,Business Finance,0,1,0,1,
779000,Beginners Forex Strategy,False,0,2144,47,20,Beginner Level,0.0,2016-03-18 15:07:45+00:00,Business Finance,1,1,0,0,
831640,Beginner'S Guide To Book Cover Designing.,True,25,2,1,11,Beginner Level,0.0,2016-06-20 19:06:10+00:00,Graphic Design,0,1,1,1,
832832,Beginners Guide To Ichimoku Trading,True,20,265,16,17,All Levels,0.0,2016-04-27 20:06:23+00:00,Business Finance,0,0,0,1,
1252410,Beginners Guide To Kindle Ebook Covers Design With Fireworks,True,20,0,0,16,All Levels,0.0,2017-06-19 19:26:46+00:00,Graphic Design,0,0,1,1,
41890,Beginners Guide To Playing Guitar - Step-By-Step System,True,85,384,25,98,Beginner Level,0.0,2013-06-10 14:49:09+00:00,Musical Instruments,0,1,2,1,
934614,Beginners Guide To Stock Market Investing,False,0,3283,109,42,Beginner Level,0.0,2016-09-15 18:30:57+00:00,Business Finance,1,1,0,0,1.0
810234,Beginners Guide: Photoshop Poster/Artwork,True,20,775,5,6,Beginner Level,0.0,2016-04-02 05:26:22+00:00,Graphic Design,0,1,1,1,0.0
993892,"Beginners Guitar Course - 'Try It And Love It Method""",True,25,0,0,16,Beginner Level,0.0,2016-10-31 18:10:06+00:00,Musical Instruments,0,1,2,1,
1033670,Beginner'S Guitar Lessons - Crash Course For Busy Adults,True,50,1194,9,29,Beginner Level,0.0,2017-05-02 05:12:51+00:00,Musical Instruments,1,1,2,1,
288854,"Beginner'S Guitar: Tuning, Strumming, And Chords!",False,0,2577,30,6,Beginner Level,0.0,2015-07-03 19:07:11+00:00,Musical Instruments,1,1,2,0,
1109736,Beginners Introduction To Web Development,True,200,7331,55,18,Beginner Level,0.0,2017-02-13 17:40:58+00:00,Web Development,1,1,3,1,
1032648,Beginning Accounting,True,20,0,0,12,Intermediate Level,0.0,2016-12-26 16:52:47+00:00,Business Finance,0,3,0,1,
53157,Beginning Flute Lessons,True,20,137,12,17,Beginner Level,0.0,2013-05-29 23:20:37+00:00,Musical Instruments,0,1,2,1,1.0
465870,Beginning Oracle Weblogic For Administrators,False,0,9786,989,7,Beginner Level,0.0,2015-04-15 18:28:50+00:00,Web Development,1,1,3,0,1.0
978852,Beginning Web Development Learn The Basics Of Html,True,95,9832,71,59,Beginner Level,0.0,2017-01-06 15:14:59+00:00,Web Development,1,1,3,1,
139790,Bending The Blue Notes To Give You Killer Sound On Harmonica,True,35,162,3,14,Intermediate Level,0.0,2014-03-02 13:14:08+00:00,Musical Instruments,0,3,2,1,
499632,Benefits Of Thinking Mobile First Future Of Website Design,True,75,14254,27,20,Beginner Level,0.0,2015-05-13 22:13:53+00:00,Web Development,1,1,3,1,
59922,Best Beginner Guitar Lessons By Sam Lyons,True,20,14560,20,32,All Levels,0.0,2013-06-16 17:54:10+00:00,Musical Instruments,1,0,2,1,0.0
1251582,Best Practices In Corporate Budgeting,True,50,0,0,9,Intermediate Level,0.0,2017-06-29 22:01:56+00:00,Business Finance,0,3,0,1,
337072,Bestseller! Learn Photoshop In 1 Hour (No Experience Needed),True,200,5471,72,39,Beginner Level,0.0,2015-03-05 22:03:28+00:00,Graphic Design,1,1,1,1,
563708,Bestseller!! Learn Illustrator Cc In 1 Hour,True,200,4449,100,9,Beginner Level,0.0,2015-07-28 20:22:14+00:00,Graphic Design,1,1,1,1,
738360,Better Way Towards Css Using Less And Sass,True,20,2227,44,26,All Levels,0.0,2016-02-16 08:11:49+00:00,Web Development,1,0,3,1,
128384,Big Data And Apache Hadoop For Developers - Fundamentals,True,30,1154,89,9,Intermediate Level,0.0,2013-12-10 09:14:57+00:00,Web Development,1,3,3,1,0.0
1072156,Binary Beginners Mastery Strategy.,False,0,927,8,14,Beginner Level,0.0,2017-05-02 18:58:47+00:00,Business Finance,1,1,0,0,
379196,Binary Options Beginners Guide : Nadex,True,40,454,52,39,Beginner Level,0.0,2015-01-09 19:32:53+00:00,Business Finance,0,1,0,1,
249950,Binary Options Course - Level 2,False,0,5874,207,9,Intermediate Level,0.0,2014-06-26 02:00:55+00:00,Business Finance,1,3,0,0,
1101382,Binary Options Masterclass,True,200,70,11,16,All Levels,0.0,2017-02-13 16:37:57+00:00,Business Finance,0,0,0,1,
680044,"Binary Options: Trading Strategies, 90% Accuracy And Signals",True,195,1723,38,24,Beginner Level,0.0,2015-12-14 18:29:57+00:00,Business Finance,1,1,0,1,
501960,"Binary, Forex, Stock And Bitcoin Trading Strategy",False,0,3757,70,14,All Levels,0.0,2015-05-28 22:38:25+00:00,Business Finance,1,0,0,0,1.0
327788,Bitcoin - A Comprehensive Guide,True,20,283,13,35,All Levels,0.0,2015-01-27 04:10:17+00:00,Business Finance,0,0,0,1,
1002282,Bitcoin - Ethereum: Trading -Watch Me Manage My Own Account!,True,165,431,58,22,All Levels,0.0,2016-11-12 04:22:59+00:00,Business Finance,0,0,0,1,
255170,Bitcoin - The Complete Guide,True,20,2281,12,24,All Levels,0.0,2014-07-04 00:45:03+00:00,Business Finance,1,0,0,1,
1276364,Bitcoin & Ethereum Course (2 Course Bundle),True,200,1,0,52,All Levels,0.0,2017-07-05 19:06:26+00:00,Business Finance,0,0,0,1,0.0
414246,Bitcoin For Accountants,False,0,3519,102,6,Beginner Level,0.0,2015-02-06 03:15:22+00:00,Business Finance,1,1,0,0,1.0
370440,Bitcoin For Beginners,True,50,37,3,22,Beginner Level,0.0,2014-12-29 18:54:54+00:00,Business Finance,0,1,0,1,0.0
774174,Bitcoin For Beginners: Your Quick Start Guide To Bitcoin,False,0,10670,444,15,All Levels,0.0,2016-03-03 21:03:33+00:00,Business Finance,1,0,0,0,
702138,Bitcoin Investing: The Complete Buy & Hold Strategy,True,25,477,70,41,All Levels,0.0,2016-01-10 21:59:30+00:00,Business Finance,0,0,0,1,
49798,Bitcoin Or How I Learned To Stop Worrying And Love Crypto,False,0,65576,936,24,All Levels,0.0,2013-04-20 02:25:22+00:00,Business Finance,1,0,0,0,
737832,Bitcoin Peer Investing: How To Generate Double Digit Returns,True,25,366,45,41,All Levels,0.0,2016-01-24 23:09:17+00:00,Business Finance,0,0,0,1,0.0
1233350,Bitcoin Profits For Beginners,True,100,61,18,30,Beginner Level,0.0,2017-06-09 17:01:05+00:00,Business Finance,0,1,0,1,
400976,Bitcoin Trading 101,True,95,302,6,19,All Levels,0.0,2015-01-29 08:03:35+00:00,Business Finance,0,0,0,1,
153926,Bitcoin Visually. Part I.,True,50,115,6,31,Beginner Level,0.0,2014-03-16 14:36:01+00:00,Business Finance,0,1,0,1,
867440,"Bitcoin: El Futuro Del Dinero, Hoy",True,200,57,22,19,Intermediate Level,0.0,2016-06-06 00:06:37+00:00,Business Finance,0,3,0,1,
201942,"Bitcoins - Past, Present, Future",True,20,373,3,14,Beginner Level,0.0,2014-04-23 02:27:31+00:00,Business Finance,0,1,0,1,
101038,Bitesize Bookkeeping For Busy People,True,20,9,0,13,Beginner Level,0.0,2015-03-29 18:18:33+00:00,Business Finance,0,1,0,1,
301442,Black Algo Trading: Build Your Trading Robot,True,200,20195,1113,227,All Levels,0.0,2014-10-27 22:01:36+00:00,Business Finance,1,0,0,1,
954842,Black Scholes Option Pricing Model,True,25,3,0,10,Beginner Level,0.0,2017-05-03 16:42:34+00:00,Business Finance,0,1,0,1,
978462,Blender Modelling Series - Volume Two,True,100,1526,3,24,Beginner Level,0.0,2016-10-12 20:22:14+00:00,Graphic Design,1,1,1,1,
787686,Bluegrass Guitar Essentials: Webisodes 1 & 2,False,0,970,14,9,Intermediate Level,0.0,2016-03-20 19:36:03+00:00,Musical Instruments,1,3,2,0,
839030,Bluegrass Guitar Essentials: Webisodes 11 & 12,True,30,9,1,24,All Levels,0.0,2016-10-22 00:02:49+00:00,Musical Instruments,0,0,2,1,
839032,"Bluegrass Guitar Essentials: Webisodes 13, 14, & 15",True,30,14,1,13,Intermediate Level,0.0,2016-12-15 03:58:40+00:00,Musical Instruments,0,3,2,1,
802040,Bluegrass Guitar Essentials: Webisodes 3 & 4,True,30,12,2,13,Intermediate Level,0.0,2016-03-24 15:26:48+00:00,Musical Instruments,0,3,2,1,
802038,Bluegrass Guitar Essentials: Webisodes 5 & 6,True,30,11,2,16,Intermediate Level,0.0,2016-04-13 18:47:40+00:00,Musical Instruments,0,3,2,1,
839026,Bluegrass Guitar Essentials: Webisodes 7 & 8,True,30,9,0,10,Intermediate Level,0.0,2016-05-05 19:36:14+00:00,Musical Instruments,0,3,2,1,
839028,Bluegrass Guitar Essentials: Webisodes 9 & 10,True,30,10,0,12,Intermediate Level,0.0,2016-08-06 15:31:24+00:00,Musical Instruments,0,3,2,1,0.0
147174,Blues Accelerator - 21 Days To Blues Guitar Mastery,True,50,78,6,45,Beginner Level,0.0,2014-01-16 17:21:49+00:00,Musical Instruments,0,1,2,1,
42251,Blues And Advanced Guitar Lessons,True,85,1235,46,131,All Levels,0.0,2013-06-10 16:25:30+00:00,Musical Instruments,1,0,2,1,
1002272,Blues Bass - Quick Start Guide,True,50,59,8,29,All Levels,0.0,2016-11-24 22:40:05+00:00,Musical Instruments,0,0,2,1,
648506,Blues Guitar Fundamentals,True,50,3312,107,21,Intermediate Level,0.0,2016-06-27 23:12:31+00:00,Musical Instruments,1,3,2,1,
100916,Blues Guitar Lessons - Blues Guitar - Robert Johnson,True,20,297,7,7,Intermediate Level,0.0,2013-10-07 15:34:58+00:00,Musical Instruments,0,3,2,1,
101498,Blues Guitar Lessons - From Texas To Carolina,True,20,1297,12,9,Intermediate Level,0.0,2013-10-13 09:01:34+00:00,Musical Instruments,1,3,2,1,
101504,Blues Guitar Lessons - Ragtime Blues Guitar,True,20,59,3,6,Expert Level,0.0,2013-11-26 16:12:43+00:00,Musical Instruments,0,2,2,1,0.0
760066,Blues Guitar Lessons - Volume 1 - Blues Shuffle Essentials,True,45,198,21,15,All Levels,0.0,2016-02-12 07:50:14+00:00,Musical Instruments,0,0,2,1,
760300,Blues Guitar Lessons - Volume 2 - Slow Blues Essentials,True,45,178,21,11,All Levels,0.0,2016-02-13 03:08:06+00:00,Musical Instruments,0,0,2,1,
761122,Blues Guitar Lessons - Volume 3 - Minor Blues Essentials,True,45,98,5,14,All Levels,0.0,2016-02-13 02:57:32+00:00,Musical Instruments,0,0,2,1,
970880,"Blues Guitar Lessons For Beginners: Chords, Rhythm And Lead",True,95,2558,19,16,Beginner Level,0.0,2016-10-19 03:26:29+00:00,Musical Instruments,1,1,2,1,1.0
663696,Blues Guitar Lessons: Play Like The Greats - All Levels,True,20,58,4,47,All Levels,0.0,2015-11-17 00:22:47+00:00,Musical Instruments,0,0,2,1,
806640,Blues Master - Advanced Techniques Piano Course,True,75,7,2,14,All Levels,0.0,2016-03-29 00:12:02+00:00,Musical Instruments,0,0,2,1,
806638,Blues Master - Beginner'S Techniques Piano Course,False,0,2618,41,16,All Levels,0.0,2016-03-29 00:12:41+00:00,Musical Instruments,1,0,2,0,
806642,Blues Master - Professional Techniques Piano Course,True,75,4,0,16,All Levels,0.0,2016-03-29 00:11:57+00:00,Musical Instruments,0,0,2,1,
953442,Blues School! A Course For Beginners In Blues Piano & Improv,True,120,326,44,54,All Levels,0.0,2017-02-22 21:44:05+00:00,Musical Instruments,0,0,2,1,0.0
466558,Bonds For Beginners - A Guide To The Bond Markets,True,20,106,14,24,Beginner Level,0.0,2015-04-20 21:17:15+00:00,Business Finance,0,1,0,1,0.0
441996,Bones Of The Blues - Learn 4 Cool Tunes To Expert Level Now!,True,200,248,9,21,All Levels,0.0,2015-03-09 21:31:38+00:00,Musical Instruments,0,0,2,1,
516394,Book Covers And Graphic Design With Powerpoint 2013/2016/365,True,195,5840,57,30,Beginner Level,0.0,2015-06-03 16:52:27+00:00,Graphic Design,1,1,1,1,
424770,Book Design With Ms Word And Canva,True,95,1825,24,33,All Levels,0.0,2015-03-05 22:37:01+00:00,Graphic Design,1,0,1,1,
713258,Bookkeeping Basics:  Understand The Fundamentals,True,75,853,45,48,Beginner Level,0.0,2016-11-06 22:33:44+00:00,Business Finance,0,1,0,1,
494330,Bookkeeping Made Easy,True,70,1263,21,18,Beginner Level,0.0,2015-07-14 00:00:48+00:00,Business Finance,1,1,0,1,0.0
302456,Bookkeeping Made Simple,True,40,61,16,22,All Levels,0.0,2015-07-16 20:51:43+00:00,Business Finance,0,0,0,1,
257996,Bookkeeping Made Simple,True,30,23,1,19,Beginner Level,0.0,2015-02-13 12:50:30+00:00,Business Finance,0,1,0,1,0.0
1097288,Bookkeeping Practicals With Software,True,35,1,0,130,Intermediate Level,0.0,2017-02-07 00:16:24+00:00,Business Finance,0,3,0,1,
304414,Bookkeeping Systems,True,20,20,1,9,All Levels,0.0,2014-09-22 05:16:06+00:00,Business Finance,0,0,0,1,
403628,Bookkeeping To Command Senior Bookkeeping Wages,True,55,683,16,58,All Levels,0.0,2015-03-06 01:31:54+00:00,Business Finance,0,0,0,1,1.0
1197650,Boost Your Website Speed Without Any Coding!,True,50,1337,28,12,All Levels,0.0,2017-05-14 17:14:48+00:00,Web Development,1,0,3,1,
964118,Bootstrap :Basics For Beginners,True,40,1152,20,14,All Levels,0.0,2016-09-21 14:49:10+00:00,Web Development,1,0,3,1,
309370,Bootstrap 3 -> Profitable Wordpress Theme Development!,True,40,5547,80,40,All Levels,0.0,2014-10-22 17:39:21+00:00,Web Development,1,0,3,1,1.0
584758,Bootstrap 3 Beginners: Create A Professional Landing Page,True,20,3271,278,54,Beginner Level,0.0,2015-09-20 21:04:03+00:00,Web Development,1,1,3,1,
398456,Bootstrap 3 Introduction : Create Responsive Websites Fast,True,50,2351,302,16,All Levels,0.0,2015-01-21 04:02:16+00:00,Web Development,1,0,3,1,
723878,Bootstrap 4 Beginners: Code A Responsive Landing Page,True,30,948,193,48,All Levels,0.0,2016-09-13 16:54:49+00:00,Web Development,1,0,3,1,
708578,Bootstrap 4 Quick Start: Code Modern Responsive Websites,False,0,41478,2104,13,All Levels,0.0,2015-12-30 21:28:31+00:00,Web Development,1,0,3,0,1.0
1031626,Bootstrap 4 Responsive Web Design And Development,True,20,3086,17,73,Beginner Level,0.0,2017-06-20 16:24:37+00:00,Web Development,1,1,3,1,
1099956,Bootstrap 4 Theme Development Masterclass,True,150,2641,28,15,All Levels,0.0,2017-02-24 02:29:03+00:00,Web Development,1,0,3,1,
859422,Bootstrap 4.0 New Features: Build Responsive Website,True,40,2296,28,14,All Levels,0.0,2016-06-16 20:34:50+00:00,Web Development,1,0,3,1,1.0
861122,Bootstrap 4: Exploring New Features,True,75,5022,38,13,All Levels,0.0,2016-05-27 21:28:29+00:00,Web Development,1,0,3,1,
53256,Bootstrap Basics: Program Responsive Websites,True,75,4743,393,28,All Levels,0.0,2013-08-09 13:02:39+00:00,Web Development,1,0,3,1,
1012040,Bootstrap Bootcamp - Responsive Web Development- 8 Projects,True,100,253,34,45,All Levels,0.0,2016-12-12 00:23:57+00:00,Web Development,0,0,3,1,1.0
767656,Bootstrap Essential Training - Create Your Very Own Website,True,20,2643,34,83,All Levels,0.0,2016-02-19 18:17:05+00:00,Web Development,1,0,3,1,
653852,Bootstrap For Beginners: A  Basic Introduction,True,55,1186,14,9,Beginner Level,0.0,2015-11-13 19:13:51+00:00,Web Development,1,1,3,1,
674040,Bootstrap Tutorial - Essentials From Basic To Advanced,True,195,1494,23,62,All Levels,0.0,2015-11-29 22:38:00+00:00,Web Development,1,0,3,1,
768612,Bootstrap Tutorial For Beginners,True,20,1036,27,20,Beginner Level,0.0,2016-02-21 16:50:57+00:00,Web Development,1,1,3,1,
582636,Bootstrap Unleash The Power Faster & Easier Web Development,True,150,18101,88,68,All Levels,0.0,2015-08-14 22:44:39+00:00,Web Development,1,0,3,1,
825186,Bossa Nova - Guitar For Beginners,True,20,589,6,8,Beginner Level,0.0,2016-04-19 15:46:43+00:00,Musical Instruments,0,1,2,1,0.0
430962,Brass Master Class,True,20,36,6,30,All Levels,0.0,2015-06-09 18:19:36+00:00,Musical Instruments,0,0,2,1,
304420,Breakeven Analysis And Pricing,True,20,27,2,10,All Levels,0.0,2014-09-22 04:32:37+00:00,Business Finance,0,0,0,1,
158444,Breakout Patterns Workshop By Pattern Trader,True,60,32,6,15,All Levels,0.0,2016-09-09 04:22:05+00:00,Business Finance,0,0,0,1,
770622,Bring Your Sketch To Life - Learn Digital Illustration,True,70,1202,68,36,Beginner Level,0.0,2016-04-29 00:39:55+00:00,Graphic Design,1,1,1,1,
648174,Buchführung Lernen Leicht Gemacht,True,40,446,39,70,Beginner Level,0.0,2016-06-13 19:07:19+00:00,Business Finance,0,1,0,1,0.0
516168,Budget Preparation For An Eu Project Proposal,True,50,18,4,5,Intermediate Level,0.0,2015-06-01 23:05:51+00:00,Business Finance,0,3,0,1,
700080,Budgeting For Business,True,40,78,22,25,All Levels,0.0,2016-01-11 20:46:47+00:00,Business Finance,0,0,0,1,
828254,Budgeting Hacks To Build Wealth!,False,0,4931,154,7,Beginner Level,0.0,2016-05-31 15:10:45+00:00,Business Finance,1,1,0,0,
851868,Build A Business Or Personal Website Using Wordpress,True,200,1069,12,61,Beginner Level,0.0,2016-07-25 17:34:51+00:00,Web Development,1,1,3,1,
673016,Build A Career In Forex Trading- Learn Fundamental Analysis,True,200,2092,77,52,All Levels,0.0,2015-11-23 20:42:22+00:00,Business Finance,1,0,0,1,
1163894,Build A Chatbot Integrated Website Using Bootstrap 4,True,50,165,13,28,All Levels,0.0,2017-04-28 16:54:20+00:00,Web Development,0,0,3,1,
992114,"Build A Complete Crud Application With Php, Mysql & Jquery",True,20,9762,94,112,All Levels,0.0,2016-11-01 15:30:36+00:00,Web Development,1,0,3,1,
1169378,Build A Complete Fiverr Clone With Node + Algolia + Paypal,True,30,1741,26,87,All Levels,0.0,2017-05-20 05:38:42+00:00,Web Development,1,0,3,1,
1111552,Build A Complete Jquery Plugin (Image Pop-Up Dialog),True,20,1126,10,12,All Levels,0.0,2017-02-23 21:46:18+00:00,Web Development,1,0,3,1,
884988,Build A Complete Registration And Login System Using Php Mvc,True,80,325,50,106,All Levels,0.0,2017-02-23 22:20:23+00:00,Web Development,0,0,3,1,
283780,Build A Dcf Model From Scratch,False,0,4653,395,5,All Levels,0.0,2014-09-14 21:13:26+00:00,Business Finance,1,0,0,0,
297742,Build A Dcf Valuation Model,True,50,2053,234,44,All Levels,0.0,2014-10-01 18:49:29+00:00,Business Finance,1,0,0,1,
260444,Build A File Hosting/Sharing Site In Less Than 2 Hours,True,20,976,29,13,All Levels,0.0,2014-07-14 18:43:39+00:00,Web Development,1,0,3,1,
235990,Build A Great Wordpress Website For Your Business In 2 Hours,True,35,1054,4,26,All Levels,0.0,2014-06-10 18:24:25+00:00,Web Development,1,0,3,1,
450068,Build A Photo Blog With Ruby On Rails,True,20,2281,32,21,Intermediate Level,0.0,2015-04-02 20:30:12+00:00,Web Development,1,3,3,1,
365426,Build A Professional Wordpress Website In An Hour,True,20,1294,11,15,All Levels,0.0,2014-12-31 04:42:49+00:00,Web Development,1,0,3,1,1.0
409618,"Build A Real Time Web App In Node.Js , Angular.Js, Mongodb",True,20,3299,166,34,All Levels,0.0,2015-03-04 00:11:45+00:00,Web Development,1,0,3,1,
1144726,Build A Real-World App With Asp.Net Core And Angular 2 (4+),True,190,5332,828,160,Intermediate Level,0.0,2017-03-27 21:58:48+00:00,Web Development,1,3,3,1,1.0
188692,Build A Responsive Website With A Modern Flat Design,False,0,16527,354,17,All Levels,0.0,2014-03-26 14:23:06+00:00,Web Development,1,0,3,0,
874960,"Build A Responsive Website With Html5, Css3 And Bootstrap 4",True,20,5125,395,53,All Levels,0.0,2016-08-09 17:53:33+00:00,Web Development,1,0,3,1,
1111844,Build A Single Page Application With Jquery & Ajax,True,60,486,59,27,Intermediate Level,0.0,2017-02-18 01:13:09+00:00,Web Development,0,3,3,1,1.0
716136,Build A Solid Foundation For Trading Options,True,20,1115,8,8,All Levels,0.0,2016-05-26 21:17:14+00:00,Business Finance,1,0,0,1,
667122,Build A Stock Downloader With Visual Studio 2015 And C#,True,20,436,36,22,Intermediate Level,0.0,2015-11-19 17:22:47+00:00,Web Development,0,3,3,1,
297762,Build A Trading Comps Valuation Model,True,50,1032,60,55,All Levels,0.0,2014-10-01 18:49:52+00:00,Business Finance,1,0,0,1,0.0
1027812,Build A Weather App With Ajax Using Open Weather Map Api,True,20,6548,44,38,All Levels,0.0,2016-12-01 21:49:26+00:00,Web Development,1,0,3,1,
842058,Build A Web App With Spring Framework And Angular 2,True,145,1683,340,48,All Levels,0.0,2016-05-08 18:47:05+00:00,Web Development,1,0,3,1,
1024844,"Build A Web App With Vuejs, Spring Framework And Mongodb",True,145,251,32,25,All Levels,0.0,2016-11-30 21:59:37+00:00,Web Development,0,0,3,1,1.0
747552,Build A Website Html5 Css3 Beginner Course,True,150,7884,44,28,Beginner Level,0.0,2016-02-02 03:54:47+00:00,Web Development,1,1,3,1,
642696,Build A Website In 30 Minutes,True,95,5065,40,12,Beginner Level,0.0,2015-11-13 18:02:28+00:00,Web Development,1,1,3,1,
642940,Build A Youtube Downloader With C# And Github,True,20,385,39,32,Intermediate Level,0.0,2015-11-10 21:57:19+00:00,Web Development,0,3,3,1,
495958,Build Advanced Responsive Websites With Foundation 6 & Sass,True,200,1276,245,271,All Levels,0.0,2015-07-08 22:31:50+00:00,Web Development,1,0,3,1,
795278,"Build Ajax Web Apps With Laravel 5.2, Bootstrap And Jquery",True,100,1023,131,44,All Levels,0.0,2016-03-22 17:14:41+00:00,Web Development,1,0,3,1,
461176,Build An Advanced Single Page With Bootstrap & Wordpress,True,95,481,75,77,Intermediate Level,0.0,2015-04-08 16:23:36+00:00,Web Development,0,3,3,1,
713098,Build An Amazon Clone: Nodejs + Mongodb + Stripe Payment,True,20,2164,290,70,All Levels,0.0,2016-01-08 17:16:48+00:00,Web Development,1,0,3,1,1.0
442504,Build An Html5 And Css3 Website In 35 Minutes,True,20,1904,25,17,Beginner Level,0.0,2015-03-10 21:52:42+00:00,Web Development,1,1,3,1,
997964,"Build An Online Bank With Java, Angular 2, Spring And More",True,195,1995,286,45,Beginner Level,0.0,2016-11-01 15:42:30+00:00,Web Development,1,1,3,1,
1246622,Build And Deploy A Lamp Server On Aws,False,0,3571,18,8,Beginner Level,0.0,2017-06-19 23:33:54+00:00,Web Development,1,1,3,0,
645714,Build Apps With Reactjs: The Complete Course,True,40,1433,145,34,All Levels,0.0,2015-10-22 21:07:29+00:00,Web Development,1,0,3,1,
1039596,Build Complex Express Sites With Redis And Socket Io,True,125,223,26,27,Intermediate Level,0.0,2016-12-22 00:14:13+00:00,Web Development,0,3,3,1,
1201054,Build Crud Application - Php & Mysql,False,0,4405,71,12,Beginner Level,0.0,2017-05-04 16:47:24+00:00,Web Development,1,1,3,0,
1009452,Build Enterprise Applications With Angular 2 (And Angular 4),True,190,6082,848,135,Intermediate Level,0.0,2016-11-22 14:55:35+00:00,Web Development,1,3,3,1,
637176,Build Financial Models & Value Companies The Easy Way,True,20,1609,137,18,All Levels,0.0,2015-10-13 00:45:13+00:00,Business Finance,1,0,0,1,
113706,Build Flat Responsive Website From Scratch - Complete Course,True,35,12105,144,54,All Levels,0.0,2013-12-04 13:33:41+00:00,Web Development,1,0,3,1,1.0
875194,Build Incredible Chatbots,True,100,2234,253,115,All Levels,0.0,2016-11-02 20:39:41+00:00,Web Development,1,0,3,1,
991094,"Build Modern Responsive Website With Html5, Css3 & Bootstrap",True,195,1472,210,110,All Levels,0.0,2017-02-08 05:44:46+00:00,Web Development,1,0,3,1,
984072,"Build Modern Websites Quick With Html,Css And Bootstrap",True,20,912,17,48,Beginner Level,0.0,2016-10-18 15:48:43+00:00,Web Development,0,1,3,1,
780058,Build Modern Websites Super Fast,True,25,2178,22,19,All Levels,0.0,2016-03-10 00:04:59+00:00,Web Development,1,0,3,1,
533416,Build Powerful Websites & Blogs Using Wordpress - No Coding,True,20,1024,14,26,Beginner Level,0.0,2016-04-04 17:54:52+00:00,Web Development,1,1,3,1,
365816,Build Professional Wordpress Website,True,145,4020,95,52,All Levels,0.0,2015-01-14 09:02:00+00:00,Web Development,1,0,3,1,
701570,Build Real World Websites From Scratch Using Html5 And Css3,True,195,10874,114,59,Beginner Level,0.0,2016-01-25 18:00:51+00:00,Web Development,1,1,3,1,
745306,"Build Realtime Apps | React Js, Golang & Rethinkdb",True,60,3854,482,48,All Levels,0.0,2016-01-29 20:30:27+00:00,Web Development,1,0,3,1,
437398,Build Responsive Real World Websites With Html5 And Css3,True,195,43977,7106,77,All Levels,0.0,2015-03-24 22:06:26+00:00,Web Development,1,0,3,1,
787236,"Build Responsive Website Using Html5, Css3, Js And Bootstrap",True,95,22623,783,73,All Levels,0.0,2016-06-20 18:48:26+00:00,Web Development,1,0,3,1,
954948,Build Responsive Websites  In An Hour Using Portalfin,False,0,2859,42,17,All Levels,0.0,2016-09-25 17:45:52+00:00,Web Development,1,0,3,0,
1011550,Build Sign Up And Login Forms With Bootstrap Modal,True,20,1898,19,31,All Levels,0.0,2016-11-17 18:55:02+00:00,Web Development,1,0,3,1,
684794,Build Web Apps Using Emberjs: The Complete Course,True,40,627,126,31,All Levels,0.0,2015-12-10 18:01:55+00:00,Web Development,0,0,3,1,
545524,Build Websites And Apps By Outsourcing,True,20,2299,11,22,All Levels,0.0,2015-07-20 22:16:39+00:00,Web Development,1,0,3,1,
80940,Build Websites From Scratch With Html & Css,True,145,51257,1955,77,Beginner Level,0.0,2013-09-25 15:59:09+00:00,Web Development,1,1,3,1,
551072,Build Websites From Scratch With Squarespace,True,50,342,53,60,Beginner Level,0.0,2015-07-16 18:13:28+00:00,Web Development,0,1,3,1,
1036028,Build Wordpress Cms Clone With Laravel 5,True,150,392,81,63,All Levels,0.0,2016-12-19 22:00:20+00:00,Web Development,0,0,3,1,
895040,Build Wordpress Plugin To Extend Beaver Builder,True,50,1705,26,17,Intermediate Level,0.0,2016-07-04 23:13:45+00:00,Web Development,1,3,3,1,
173548,Build Your First Website In 1 Week With Html5 And Css3,False,0,120291,5924,30,Beginner Level,0.0,2014-04-08 16:21:30+00:00,Web Development,1,1,3,0,
1094964,Build Your Own Backend Rest Api Using Django Rest Framework,True,50,2669,112,72,Intermediate Level,0.0,2017-04-27 19:21:11+00:00,Web Development,1,3,3,1,
679158,Build Your Own Beautiful Blog In Wordpress + Seo,True,200,2421,6,28,All Levels,0.0,2015-11-25 18:00:35+00:00,Web Development,1,0,3,1,0.0
1169848,"Build Your Own Calculator App With Javascript, Html5 & Css",True,50,3688,49,11,All Levels,0.0,2017-04-13 17:36:32+00:00,Web Development,1,0,3,1,
362360,Build Your Own Membership Website With Joomla,True,95,1134,9,24,All Levels,0.0,2014-12-03 17:10:58+00:00,Web Development,1,0,3,1,1.0
576636,Build Your Own Naked Trading Forex Robot,True,40,315,28,19,All Levels,0.0,2015-08-11 21:24:32+00:00,Business Finance,0,0,0,1,
862478,"Build Your Startup With No Coding (Design, Develop & Ship)",True,30,775,245,82,All Levels,0.0,2016-06-03 00:16:34+00:00,Web Development,0,0,3,1,
598722,"Build, Grow, And Protect Your Assets: A Step-By-Step Guide",True,195,226,26,26,All Levels,0.0,2015-09-23 03:00:27+00:00,Business Finance,0,0,0,1,
826366,Building A Asp.Net Mvc 5 Membership Website,True,95,654,86,239,Intermediate Level,0.0,2016-06-26 21:15:57+00:00,Web Development,0,3,3,1,
1233314,Building A Balanced Scorecard,True,50,0,0,11,Intermediate Level,0.0,2017-07-03 21:38:22+00:00,Business Finance,0,3,0,1,
1148412,Building A Ecommerce Startup In 4 Hours [Livestream],True,50,1114,8,23,Beginner Level,0.0,2017-04-11 00:40:01+00:00,Web Development,1,1,3,1,1.0
554570,"Building A Portfolio In 90 Minutes ( Html, Css, Js )",True,20,5272,111,24,All Levels,0.0,2015-07-28 18:09:41+00:00,Web Development,1,0,3,1,
575644,Building A Ruby On Rails Application With Neo4J,False,0,4830,38,7,Intermediate Level,0.0,2015-08-18 19:23:56+00:00,Web Development,1,3,3,0,
155640,Building A Search Engine In Php & Mysql,False,0,10110,379,12,All Levels,0.0,2014-02-03 18:07:52+00:00,Web Development,1,0,3,0,
431576,Building A Social Network In Php & Mysql From Scratch,True,50,869,125,78,All Levels,0.0,2015-03-17 16:54:15+00:00,Web Development,0,0,3,1,
738552,Building A Website With Jekyll,True,20,686,19,21,All Levels,0.0,2016-01-25 19:07:31+00:00,Web Development,0,0,3,1,1.0
745468,Building An E-Commerce Store Using Java Spring Framework,True,95,2743,589,61,All Levels,0.0,2016-02-01 17:27:04+00:00,Web Development,1,0,3,1,
679992,Building Better Apis With Graphql,True,50,555,89,16,All Levels,0.0,2015-11-29 22:02:02+00:00,Web Development,0,0,3,1,1.0
1107986,Building Data Visualizations With D3 And Angular 2,True,125,293,30,31,Beginner Level,0.0,2017-02-23 14:19:16+00:00,Web Development,0,1,3,1,
1245244,Building Financial Statements In Excel,True,35,1181,1,18,Beginner Level,0.0,2017-06-29 23:34:42+00:00,Business Finance,1,1,0,1,
778226,Building Html5 Canvas Projects From Scratch,True,100,8968,35,25,Beginner Level,0.0,2016-03-03 20:36:35+00:00,Web Development,1,1,3,1,
525114,Building Responsive Data Visualizations With D3 Js,True,85,876,59,28,All Levels,0.0,2015-06-12 20:17:52+00:00,Web Development,0,0,3,1,
554136,Building Responsive Websites With Bootstrap 3 Framework,True,75,1322,14,27,Intermediate Level,0.0,2015-07-22 22:54:03+00:00,Web Development,1,3,3,1,
1113008,Building Up To Barre Chords,True,20,20,6,12,All Levels,0.0,2017-03-16 22:57:47+00:00,Musical Instruments,0,0,2,1,
366608,Building Web Applications With Spring Mvc,True,85,714,48,28,All Levels,0.0,2014-12-09 13:34:19+00:00,Web Development,0,0,3,1,
873844,Building Web Apps Using Flask And Neo4J,True,50,166,21,37,All Levels,0.0,2016-06-10 17:41:39+00:00,Web Development,0,0,3,1,
976598,Building Websites Create A Fully Functional Web Contact Form,True,200,3392,29,19,Beginner Level,0.0,2016-10-06 20:52:47+00:00,Web Development,1,1,3,1,
963412,Building Websites Javascript And The Dom,True,120,17759,64,37,Beginner Level,0.0,2016-09-26 14:48:26+00:00,Web Development,1,1,3,1,
757450,Bulletproof Personal Finance: Expert Asset Allocation,True,45,1119,22,18,All Levels,0.0,2016-02-10 04:57:32+00:00,Business Finance,1,0,0,1,
600206,Business Accounting Made Easy,True,50,1168,5,26,Beginner Level,0.0,2015-09-05 05:15:07+00:00,Business Finance,1,1,0,1,
46933,Business Accounts For Managers,True,30,16,0,23,Beginner Level,0.0,2013-04-23 13:07:51+00:00,Business Finance,0,1,0,1,0.0
49886,Business Analysis:  Working With Use Cases,True,90,2338,224,5,All Levels,0.0,2013-04-17 19:33:22+00:00,Business Finance,1,0,0,1,
462474,Business Banking 101,True,25,132,3,14,All Levels,0.0,2015-04-06 18:05:26+00:00,Business Finance,0,0,0,1,
870936,Business Card And Letterhead Design In Adobe Illustrator,True,200,797,30,37,All Levels,0.0,2016-08-10 17:31:33+00:00,Graphic Design,0,0,1,1,
846214,Business Card Design In Powerpoint,True,95,1710,13,16,Beginner Level,0.0,2016-05-15 18:57:39+00:00,Graphic Design,1,1,1,1,
613422,Business Economics - Basics (College Level),True,50,3425,10,50,All Levels,0.0,2015-09-16 18:29:12+00:00,Business Finance,1,0,0,1,
211874,Business Finances,True,75,4695,7,20,Beginner Level,0.0,2014-05-07 01:51:09+00:00,Business Finance,1,1,0,1,0.0
42040,Buying Call And Put Options - Options Beginner Strategies,True,60,266,20,14,Intermediate Level,0.0,2013-02-18 10:54:27+00:00,Business Finance,0,3,0,1,
43778,"Buying, Selling, And Storing Precious Metal",True,20,74,1,14,All Levels,0.0,2013-02-27 03:38:36+00:00,Business Finance,0,0,0,1,
783748,Byte-Sized-Chunks: Cascading Style Sheets (Css) With Html,True,20,2160,16,28,All Levels,0.0,2016-03-10 17:20:41+00:00,Web Development,1,0,3,1,1.0
783746,Byte-Sized-Chunks: Closures In Javascript,True,20,1292,2,12,All Levels,0.0,2016-03-10 19:41:59+00:00,Web Development,1,0,3,1,
783686,Byte-Sized-Chunks: Dynamic Prototypes In Javascript,True,20,880,6,24,All Levels,0.0,2016-03-10 18:01:22+00:00,Web Development,0,0,3,1,
1049380,画像加工の初心者だとしても、１週間でホームページのトップ画像を製作できるようになる画像製作講座,True,65,37,0,49,Beginner Level,0.0,2017-03-22 18:44:05+00:00,Graphic Design,0,1,1,1,0.0
1261122,画像加工の初心者でも「１日」で初歩を覚えられる無料講座,False,0,21,0,18,Beginner Level,0.0,2017-06-22 15:01:32+00:00,Graphic Design,0,1,1,0,
1185535,Cómo Crear Maquetas Con Adobe Xd,False,0,217,2,21,Beginner Level,0.0,2017-05-28 16:17:36+00:00,Graphic Design,0,1,1,0,
492344,Cómo Crear Políticas Contables Bajo Niif Para Pymes,True,20,27,5,6,All Levels,0.0,2015-08-25 16:18:04+00:00,Business Finance,0,0,0,1,
276680,Cómo Diseñar Logos,True,25,422,120,31,Beginner Level,0.0,2015-03-05 19:16:43+00:00,Graphic Design,0,1,1,1,
369726,Cómo Ganar Dinero Invirtiendo En Bolsa,False,0,2740,306,10,Beginner Level,0.0,2016-04-02 01:46:55+00:00,Business Finance,1,1,0,0,
559328,Cómo Usar Metatrader 4 Para Hacer Trading?,True,20,25,1,25,All Levels,0.0,2015-07-30 20:57:23+00:00,Business Finance,0,0,0,1,
902474,Caged Pentatonic System For Guitar - Level 1,True,45,1329,52,35,All Levels,0.0,2016-07-28 03:33:36+00:00,Musical Instruments,1,0,2,1,
920194,Caged Pentatonic System For Guitar - Level 2,True,45,1220,13,26,All Levels,0.0,2016-08-26 16:15:07+00:00,Musical Instruments,1,0,2,1,
902476,Caged Pentatonic System For Guitar - Level 3,True,45,1224,17,32,All Levels,0.0,2016-09-28 03:04:52+00:00,Musical Instruments,1,0,2,1,0.0
895244,Caged System For Guitar (Guitar Lessons From Lutz Academy),True,50,450,15,7,All Levels,0.0,2016-07-25 17:08:52+00:00,Musical Instruments,0,0,2,1,
822514,Caiib Advanced Bank Management (Part I),True,25,2953,20,211,All Levels,0.0,2016-04-15 18:43:40+00:00,Business Finance,1,0,0,1,1.0
1101522,Cajon Step-By-Step: Beginner > Intermediate > Advanced,True,35,73,9,45,All Levels,0.0,2017-02-13 16:22:41+00:00,Musical Instruments,0,0,2,1,
1018530,Cakephp:Creating A Crud Application,True,40,803,2,7,All Levels,0.0,2016-11-22 17:55:42+00:00,Web Development,0,0,3,1,
682060,Calligraphy For Beginners: Creating Strong Lines,True,40,246,30,12,Beginner Level,0.0,2016-03-03 20:58:21+00:00,Graphic Design,0,1,1,1,
808506,Candlestick Analysis For Professional Traders,True,95,913,117,48,Expert Level,0.0,2016-05-18 16:04:14+00:00,Business Finance,1,2,0,1,
514496,Canva - Making Design Simple,True,20,509,4,15,All Levels,0.0,2015-06-24 18:57:24+00:00,Graphic Design,0,0,1,1,
757900,Canva : Book Cover Design,True,100,3377,20,15,Beginner Level,0.0,2016-02-26 01:08:20+00:00,Graphic Design,1,1,1,1,
520468,Canva : Graphic Design Theory Volume1,True,200,6975,122,29,All Levels,0.0,2015-06-05 21:37:33+00:00,Graphic Design,1,0,1,1,1.0
520766,Canva : Graphic Design Theory Volume2,True,200,4961,38,29,All Levels,0.0,2015-06-20 00:03:03+00:00,Graphic Design,1,0,1,1,
1258402,Canva Complete Course For Graphics Design | 20 Projects,True,20,3,3,27,All Levels,0.0,2017-06-27 15:22:40+00:00,Graphic Design,0,0,1,1,
1120554,Canva Graphics Design Essential Training For Everyone,True,200,12340,124,46,All Levels,0.0,2017-03-07 03:54:27+00:00,Graphic Design,1,0,1,1,
897238,Canva Graphics Design For Entrepreneurs - Design 11 Projects,True,200,18303,202,54,All Levels,0.0,2016-07-23 00:41:07+00:00,Graphic Design,1,0,1,1,
809216,Canva: Design Album Cover Artwork In Minutes - No More Fees!,False,0,3103,42,11,Beginner Level,0.0,2016-04-07 23:57:25+00:00,Graphic Design,1,1,1,0,1.0
1100628,Canva: Design And Sell Your Own Professional Canva Designs,True,200,793,26,52,All Levels,0.0,2017-03-02 00:59:33+00:00,Graphic Design,0,0,1,1,
782194,Canvas Image Creator Html5 Javascript Project From Scratch,True,100,2195,10,35,Intermediate Level,0.0,2016-03-06 21:41:43+00:00,Web Development,1,3,3,1,
169662,Capital Market Immersion,True,195,613,33,142,All Levels,0.0,2014-02-25 15:43:53+00:00,Business Finance,0,0,0,1,
178602,Capital Market Road Map,True,50,495,47,21,All Levels,0.0,2014-03-11 16:15:21+00:00,Business Finance,0,0,0,1,
363078,Capital Structuring Techiques For Ca / Cfa / Cpa Exams,True,125,4480,12,50,Intermediate Level,0.0,2014-12-05 09:23:16+00:00,Business Finance,1,3,0,1,
943724,Car Sketching With Simple Analog Tools,True,40,23,5,10,All Levels,0.0,2016-08-29 18:50:57+00:00,Graphic Design,0,0,1,1,
656914,Cartoon Game Logo Design Using Photoshop,True,20,1076,11,15,All Levels,0.0,2015-11-11 18:54:16+00:00,Graphic Design,1,0,1,1,0.0
1222836,Case Studies In Macro Economics,True,50,114,1,22,Beginner Level,0.0,2017-05-25 17:00:12+00:00,Business Finance,0,1,0,1,
1168172,Case Studies On Credit Appraisal For Bankers,True,20,0,0,15,Beginner Level,0.0,2017-05-01 20:16:26+00:00,Business Finance,0,1,0,1,
337320,Cash Flow Valuation: Develop Your Financial Literacy,True,105,2987,23,19,All Levels,0.0,2014-12-22 13:39:16+00:00,Business Finance,1,0,0,1,
874312,Cashflow Management For Small Businesses: A How To Guide,True,25,2914,11,5,All Levels,0.0,2016-06-13 14:39:21+00:00,Business Finance,1,0,0,1,
760452,Castañuelas Por Sevillanas - Curso Del Toque De Castañuelas,True,40,22,2,17,All Levels,0.0,2016-02-12 14:41:40+00:00,Musical Instruments,0,0,2,1,
657050,Caza Los Enormes Movimientos Del Mercado,True,20,6,2,13,All Levels,0.0,2015-11-12 04:52:21+00:00,Business Finance,0,0,0,1,0.0
725872,Certificate In Myob Accountright Premier 2017 Course,True,200,97,18,29,All Levels,0.0,2016-03-10 23:45:35+00:00,Business Finance,0,0,0,1,
192724,Certificate Program In Financial Accounting,True,50,1047,3,20,All Levels,0.0,2014-04-24 10:56:31+00:00,Business Finance,1,0,0,1,
192576,Certificate Program In Management Accounting,True,50,1532,7,24,All Levels,0.0,2014-04-24 09:48:19+00:00,Business Finance,1,0,0,1,0.0
364428,Cfa Corporate Finance Level 1 (Part 1),True,180,621,1,107,All Levels,0.0,2014-12-06 07:44:46+00:00,Business Finance,0,0,0,1,
537878,Cfa Corporate Finance Level 2,True,50,2474,6,128,All Levels,0.0,2015-07-07 20:35:21+00:00,Business Finance,1,0,0,1,
258954,Cfa Level 1 - Derivatives,True,30,110,6,25,All Levels,0.0,2014-07-21 10:31:02+00:00,Business Finance,0,0,0,1,
1084454,Cfa Level 2- Quantitative Methods,True,40,0,0,35,All Levels,0.0,2017-07-02 14:29:35+00:00,Business Finance,0,0,0,1,
73046,Cfa Level I Foundation Course: Introduction To Quants,True,50,155,4,11,Beginner Level,0.0,2013-08-05 16:03:22+00:00,Business Finance,0,1,0,1,
73044,Cfa Level I Foundation: Introduction To Financial Reporting,True,50,226,5,13,Beginner Level,0.0,2013-08-05 16:02:55+00:00,Business Finance,0,1,0,1,
73898,Cfa Level I Workshop 1: Ethics And Quantitative Methods,True,20,147,4,5,All Levels,0.0,2013-08-12 13:21:26+00:00,Business Finance,0,0,0,1,
73938,Cfa Level I Workshop 2: Financial Reporting & Analysis I,True,20,126,2,5,All Levels,0.0,2013-08-12 13:26:27+00:00,Business Finance,0,0,0,1,
73962,Cfa Level I Workshop 3: Financial Reporting & Analysis Ii,True,20,71,1,5,All Levels,0.0,2013-08-12 13:31:41+00:00,Business Finance,0,0,0,1,
74004,Cfa Level I Workshop 4: Fixed Income And Equity,True,20,139,3,6,All Levels,0.0,2013-08-12 13:51:50+00:00,Business Finance,0,0,0,1,
74016,"Cfa Level I Workshop 5: Corp Finance, Quants Ii & Derivative",True,20,110,1,5,All Levels,0.0,2013-08-12 13:54:47+00:00,Business Finance,0,0,0,1,
74028,"Cfa Level I Workshop 6: Alternatives, Pm And Economics",True,20,71,1,5,All Levels,0.0,2013-08-12 14:20:49+00:00,Business Finance,0,0,0,1,
619296,Cfa: Fast Track Your Career In Finance,True,20,1393,27,21,Beginner Level,0.0,2015-09-29 20:12:53+00:00,Business Finance,1,1,0,1,
186556,Cfa® Level 1 2014 – Alternative Investments,True,30,831,1,13,All Levels,0.0,2014-04-14 11:27:09+00:00,Business Finance,0,0,0,1,
434100,Cfa® Level 1 2014 – Fi,True,40,149,0,49,All Levels,0.0,2015-03-08 22:31:50+00:00,Business Finance,0,0,0,1,0.0
420926,Cfa® Level 1 2014 – Financial Reporting And Analysis,True,50,152,2,102,All Levels,0.0,2015-02-26 08:48:32+00:00,Business Finance,0,0,0,1,
410576,Cfa® Level 1 2014 – Portfolio Management,True,40,124,2,10,All Levels,0.0,2015-03-02 01:46:14+00:00,Business Finance,0,0,0,1,
408232,Cfa® Level 1 2014 – Quantitative Methods,True,50,119,0,27,All Levels,0.0,2015-02-26 10:06:11+00:00,Business Finance,0,0,0,1,
164102,Cfp - Introduction To Financial Planning,True,30,1192,12,38,Beginner Level,0.0,2014-02-21 06:40:28+00:00,Business Finance,1,1,0,1,
95176,Chalktalk: Financial Accounting,True,20,25,1,108,All Levels,0.0,2014-01-23 22:33:18+00:00,Business Finance,0,0,0,1,
834114,Character Concept Design For Beginners,True,175,1197,55,98,All Levels,0.0,2016-09-18 17:56:23+00:00,Graphic Design,1,0,1,1,
1236254,Character Design,True,75,5,0,24,Intermediate Level,0.0,2017-05-31 18:31:33+00:00,Graphic Design,0,3,1,1,
1084642,Chart Patterns Trading Demystified,True,200,1023,8,29,All Levels,0.0,2017-02-08 03:49:44+00:00,Business Finance,1,0,0,1,0.0
252950,Chartered Financial Analyst (Cfa) - Level 1 - Fra,True,30,517,5,17,Beginner Level,0.0,2014-06-30 09:21:49+00:00,Business Finance,0,1,0,1,
625568,Charting For Beginners 101: Technical Analysis Demystified,True,45,2230,102,10,All Levels,0.0,2015-10-09 21:27:49+00:00,Business Finance,1,0,0,1,1.0
889438,Chatbots: Messenger Chatbot With Api.Ai And Node.Js,True,50,2577,529,64,All Levels,0.0,2016-06-30 16:57:08+00:00,Web Development,1,0,3,1,
868112,Chief Wealth Officer,True,45,4,0,7,Beginner Level,0.0,2016-06-03 22:38:05+00:00,Business Finance,0,1,0,1,
672894,Christmas Piano Songs For The Very Beginner Vol. I,True,40,1060,3,15,Beginner Level,0.0,2015-11-22 23:56:07+00:00,Musical Instruments,1,1,2,1,
1084894,Chrome Extensions : Develop 5 Chrome Extensions From Scratch,False,0,3655,85,44,Beginner Level,0.0,2017-03-30 15:22:46+00:00,Web Development,1,1,3,0,
475914,Chugging - It Don'T Mean A Thing If It Ain'T Got That Swing!,True,200,382,21,25,All Levels,0.0,2015-04-20 18:28:10+00:00,Musical Instruments,0,0,2,1,
336446,Circular Breathing For Musicians - Practical Skills,True,25,261,4,17,All Levels,0.0,2014-11-06 10:11:14+00:00,Musical Instruments,0,0,2,1,0.0
771880,Clarinet Lessons For Beginners,True,95,11,0,41,Beginner Level,0.0,2016-02-26 20:26:41+00:00,Musical Instruments,0,1,2,1,
810576,Clarinet Pro Series - Fall In Love With The Clarinet,True,50,95,3,30,All Levels,0.0,2016-04-08 22:28:18+00:00,Musical Instruments,0,0,2,1,
412970,Classical Guitar Essentials - The Basics Part 1,True,65,861,19,52,Beginner Level,0.0,2016-05-04 15:09:40+00:00,Musical Instruments,0,1,2,1,0.0
1051856,Classical Guitar Essentials - The Basics Part 2,True,95,1030,1,44,Intermediate Level,0.0,2017-03-03 22:16:24+00:00,Musical Instruments,1,3,2,1,
263672,Classical Guitar Finger-Picking: Right Hand Arpeggios,True,195,200,11,19,All Levels,0.0,2014-07-24 19:17:09+00:00,Musical Instruments,0,0,2,1,
398224,"Classical Guitar Master Class: 'Alman  """,True,195,113,2,34,Intermediate Level,0.0,2015-04-21 23:43:30+00:00,Musical Instruments,0,3,2,1,
1160066,Classical Guitar Technique: 80/20,True,175,54,0,18,All Levels,0.0,2017-03-30 03:30:37+00:00,Musical Instruments,0,0,2,1,
1004512,Clipping Masks & Shaped Images In Adobe Photoshop Cc,True,90,1905,12,14,All Levels,0.0,2016-12-09 04:41:48+00:00,Graphic Design,1,0,1,1,
1025536,Coach Guitar - Amazing New Way To Learn Guitar With Colors,True,50,12,0,321,All Levels,0.0,2016-12-27 14:50:10+00:00,Musical Instruments,0,0,2,1,0.0
1048182,Coach Guitar - Apprendre La Guitare Facile Avec Des Couleurs,True,50,25,1,321,All Levels,0.0,2016-12-27 14:51:32+00:00,Musical Instruments,0,0,2,1,
944804,Coaching Bundle: Guitar For Music Educators: Part 1,True,135,1,1,5,All Levels,0.0,2016-09-01 23:22:14+00:00,Musical Instruments,0,0,2,1,
939636,Coaching Bundle: Guitar For Music Educators: Part 2,True,135,1,1,6,All Levels,0.0,2016-09-02 15:11:55+00:00,Musical Instruments,0,0,2,1,0.0
1026760,Coaching Course: Rhythm Instruction For Music Educators P1,True,130,0,0,6,All Levels,0.0,2017-03-10 16:55:04+00:00,Musical Instruments,0,0,2,1,
1026762,Coaching Course: Rhythm Instruction For Music Educators P2,True,125,0,0,7,All Levels,0.0,2017-03-10 17:06:46+00:00,Musical Instruments,0,0,2,1,
1208148,Coaching Course:Investment Analysis For Your Clients,True,200,1,0,6,Intermediate Level,0.0,2017-06-23 16:35:04+00:00,Business Finance,0,3,0,1,
481696,Code & Grow Rich:  Earn More As An Entrepreneur Or Developer,True,200,7211,52,491,All Levels,0.0,2016-02-10 01:09:19+00:00,Web Development,1,0,3,1,
884946,Code A 'Coming Soon' Landing Page In Bootstrap 4,False,0,13535,473,18,All Levels,0.0,2016-08-17 05:08:23+00:00,Web Development,1,0,3,0,
158934,Code A Personal Splash Page In 1 Hour,True,20,10610,83,10,Beginner Level,0.0,2014-02-12 21:27:40+00:00,Web Development,1,1,3,1,
143028,Code A Responsive Website Using Html5 And Css For Beginners,True,50,1271,136,110,Beginner Level,0.0,2014-01-09 17:51:10+00:00,Web Development,1,1,3,1,
629088,Code Your First Website Using Html & Css: Project Learning,True,20,9554,368,16,Beginner Level,0.0,2015-10-28 18:16:52+00:00,Web Development,1,1,3,1,
269638,Codeigniter: How To Use Codeigniter That Drives Knowledge,True,150,14606,235,21,All Levels,0.0,2014-07-29 21:39:04+00:00,Web Development,1,0,3,1,
402508,Codeless Website Development With Adobe Muse,True,50,461,67,46,All Levels,0.0,2015-02-25 18:29:55+00:00,Web Development,0,0,3,1,
59014,Coding For Entrepreneurs Basic,False,0,161029,279,27,Beginner Level,0.0,2013-06-09 15:51:55+00:00,Web Development,1,1,3,0,
47963,"Coding For Entrepreneurs: Learn Python, Django, And More.",True,195,23412,799,251,All Levels,0.0,2013-04-08 00:46:14+00:00,Web Development,1,0,3,1,
955194,Coding Made Easy: A Beginners Guide To Javascript,True,40,1950,33,16,Beginner Level,0.0,2016-09-18 21:58:41+00:00,Web Development,1,1,3,1,
864482,Coding Made Easy: Html & Css For Beginners,True,40,3254,92,16,Beginner Level,0.0,2016-06-07 17:35:07+00:00,Web Development,1,1,3,1,
388286,Coffeescript: The Good Parts—Write Better Javascript,True,50,2152,19,15,Beginner Level,0.0,2015-01-13 04:50:51+00:00,Web Development,1,1,3,1,
475032,Collection Of Advanced Options Concepts For Options Traders,True,40,2025,34,9,Expert Level,0.0,2015-04-13 23:02:21+00:00,Business Finance,1,2,0,1,
16714,Color Basics For Print Designers,True,20,372,21,10,All Levels,0.0,2012-04-23 21:13:00+00:00,Graphic Design,0,0,1,1,1.0
823494,Comment Jouer Du Pianoforte,True,100,172,2,41,All Levels,0.0,2016-05-02 19:34:42+00:00,Musical Instruments,0,0,2,1,
179446,Commercial Credit Analysis,True,50,545,48,42,All Levels,0.0,2014-03-12 12:26:44+00:00,Business Finance,0,0,0,1,
581598,Commodity Futures Day Trading Strategies,True,95,91,5,28,All Levels,0.0,2015-08-28 23:47:29+00:00,Business Finance,0,0,0,1,
1177156,Como Criar Logos De Sucesso - Start Designer,True,25,0,0,29,Beginner Level,0.0,2017-06-30 05:48:57+00:00,Graphic Design,0,1,1,1,0.0
673702,Como Hacer Empresa En 10 Sesiones Prácticas,True,20,11,2,10,Intermediate Level,0.0,2015-11-19 18:20:45+00:00,Business Finance,0,3,0,1,
196620,Como Investir Em Ações Para Iniciantes,False,0,6024,890,18,All Levels,0.0,2014-04-11 22:03:10+00:00,Business Finance,1,0,0,0,1.0
1185390,Como Produzir Ebook E Livros Com Adobe Indesign Cc E Cs6,True,80,37,6,131,All Levels,0.0,2017-04-19 06:48:47+00:00,Graphic Design,0,0,1,1,
574132,Como Utilizar O Corel Draw Por Completo!,True,30,293,32,44,All Levels,0.0,2015-08-17 17:21:52+00:00,Graphic Design,0,0,1,1,
657734,Complete Ajax Course: Learn Ajax Techniques Using Bootstrap,True,195,12368,89,26,All Levels,0.0,2015-11-13 22:03:15+00:00,Web Development,1,0,3,1,
970874,"Complete Ajax Using Bootstrap, Php From Basic To Advanced.",True,195,4708,111,18,All Levels,0.0,2016-10-06 04:49:57+00:00,Web Development,1,0,3,1,
328476,Complete Asp Net Mvc Web Development - Newbie To Ninja!,True,195,6073,627,66,All Levels,0.0,2014-11-24 21:10:49+00:00,Web Development,1,0,3,1,
1114722,Complete Beginners Introduction To Guitar,True,40,10,4,35,Beginner Level,0.0,2017-02-27 17:00:03+00:00,Musical Instruments,0,1,2,1,
1166070,Complete Bootstrap 4 Course - Build 3 Projects,False,0,7865,241,36,All Levels,0.0,2017-04-07 17:26:02+00:00,Web Development,1,0,3,0,1.0
72644,Complete Claritas Investment Certificate,True,50,388,56,35,All Levels,0.0,2013-08-05 16:01:50+00:00,Business Finance,0,0,0,1,
1027016,Complete Codeigniter: From Beginner To Advanced,True,200,2786,31,20,All Levels,0.0,2017-01-24 22:09:52+00:00,Web Development,1,0,3,1,
367460,Complete Digital Painting Training With Corel Painter,True,30,4353,23,57,All Levels,0.0,2015-02-09 13:36:24+00:00,Graphic Design,1,0,1,1,
1070976,"Complete E-Commerce Course - Java,Spring,Hibernate And Mysql",True,195,1371,165,83,All Levels,0.0,2017-01-16 23:50:02+00:00,Web Development,1,0,3,1,1.0
1113822,Complete Gst Course & Certification - Grow Your Ca Practice,True,75,2792,923,274,All Levels,0.0,2017-03-09 16:34:20+00:00,Business Finance,1,0,0,1,
1250742,Complete Gst Course For Small And Medium Enterprises,True,75,8,0,45,Beginner Level,0.0,2017-06-14 16:32:26+00:00,Business Finance,0,1,0,1,
637452,Complete Guide To Business Loans,True,30,35,4,35,Beginner Level,0.0,2015-12-04 05:11:46+00:00,Business Finance,0,1,0,1,
797040,Complete Guide To Front-End Web Development And Design,True,200,1119,111,204,Beginner Level,0.0,2016-05-23 17:32:24+00:00,Web Development,1,1,3,1,1.0
697798,"Complete Guide To Install Wordpress, Php On Cloud,Aws Or Vps",True,50,1386,17,28,All Levels,0.0,2016-01-06 17:20:55+00:00,Web Development,1,0,3,1,1.0
42271,Complete Guitar System - Beginner To Advanced,True,145,32935,2713,310,All Levels,0.0,2013-05-29 15:24:47+00:00,Musical Instruments,1,0,2,1,
595728,Complete Html5 And Css3 Course +1 Start To Finish Project,True,200,3887,81,94,All Levels,0.0,2015-09-07 23:42:50+00:00,Web Development,1,0,3,1,1.0
513958,Complete Javascript Course For Beginners With Easy Examples,True,200,7449,91,32,All Levels,0.0,2015-06-08 00:39:47+00:00,Web Development,1,0,3,1,
989452,Complete Jquery And Jquery Ui Course For Beginner,True,80,7169,277,20,Intermediate Level,0.0,2016-10-27 21:56:49+00:00,Web Development,1,3,3,1,1.0
552198,Complete Login And Registration System In Php And Mysql,True,200,4714,149,28,All Levels,0.0,2015-07-16 22:09:55+00:00,Web Development,1,0,3,1,
611308,Complete Php And Mysql Course: From Beginner To Professional,True,200,6508,137,90,All Levels,0.0,2015-10-05 21:01:37+00:00,Web Development,1,0,3,1,1.0
580466,Complete Php Course With Bootstrap3 Cms System & Admin Panel,True,195,55332,1225,144,All Levels,0.0,2015-09-22 18:14:08+00:00,Web Development,1,0,3,1,1.0
681514,Complete Php Course With Oop Start To Finish!,True,200,4529,54,29,All Levels,0.0,2015-11-26 22:25:33+00:00,Web Development,1,0,3,1,1.0
366194,Complete Portrait And Figure Drawing (Step-By-Step),True,20,124,8,16,All Levels,0.0,2014-12-17 18:16:16+00:00,Graphic Design,0,0,1,1,
631128,Complete Python Web Course: Build 8 Python Web Apps,True,110,7489,941,173,All Levels,0.0,2015-11-08 20:57:35+00:00,Web Development,1,0,3,1,
1134390,Complete React Js Web Developer With Es6 - Build 10 Projects,True,200,952,121,75,Beginner Level,0.0,2017-03-22 20:09:26+00:00,Web Development,1,1,3,1,
1062686,Complete Responsive Website Design With Html5 & Css3,True,20,2204,6,97,Beginner Level,0.0,2017-02-03 04:19:46+00:00,Web Development,1,1,3,1,
1253868,Complete Short Financial Ratio Course For Financial Analysis,True,200,15,1,56,All Levels,0.0,2017-06-28 17:44:56+00:00,Business Finance,0,0,0,1,
1147458,Complete Trading Plan Course For Stocks & Forex (10 Hours),True,200,1087,14,61,All Levels,0.0,2017-03-23 05:54:27+00:00,Business Finance,1,0,0,1,1.0
789324,Complete Web Development Course + Building 5 Websites!,True,200,11492,174,118,All Levels,0.0,2016-03-21 20:14:43+00:00,Web Development,1,0,3,1,1.0
1050632,"Complete Web Development With Html, Css And Javascript",False,0,2097,16,10,Intermediate Level,0.0,2017-06-27 21:49:31+00:00,Web Development,1,3,3,0,
98066,Complete Website & Cms In Php & Mysql From Scratch!,True,20,3357,82,48,All Levels,0.0,2014-04-18 09:51:00+00:00,Web Development,1,0,3,1,
1090870,Complete Woocommerce Plugin Tutorial For Wordpress 2017,False,0,7922,183,16,Beginner Level,0.0,2017-01-27 16:47:14+00:00,Web Development,1,1,3,0,
883000,Complete Wordpress Theme Developer Course With Bootstrap,True,150,3415,312,160,All Levels,0.0,2016-07-01 20:06:13+00:00,Web Development,1,0,3,1,
911474,Complete Wordpress Theme Development Course,True,150,1050,223,64,All Levels,0.0,2016-07-23 20:07:17+00:00,Web Development,1,0,3,1,
40039,Comprehensive Forex Mastery Program,True,45,650,107,97,All Levels,0.0,2013-02-07 19:50:45+00:00,Business Finance,0,0,0,1,
765562,"Comprehensive Guide To Financial Markets, Investing &Trading",True,60,4187,600,79,Beginner Level,0.0,2016-02-29 18:45:41+00:00,Business Finance,1,1,0,1,
125806,Comprehensive Javascript Programming,True,20,6760,84,27,All Levels,0.0,2013-11-26 23:59:20+00:00,Web Development,1,0,3,1,
473622,Comprehensive Typescript,True,125,1318,78,51,All Levels,0.0,2015-04-13 19:00:50+00:00,Web Development,1,0,3,1,
1268616,Condor Broken Wing Butterfly Options Trading Course System,False,0,16,0,15,All Levels,0.0,2017-07-06 19:47:16+00:00,Business Finance,0,0,0,0,
514844,Contabilidad Financiera: Conoce El Lenguaje De Los Negocios.,True,20,244,13,21,Beginner Level,0.0,2015-06-16 16:31:01+00:00,Business Finance,0,1,0,1,0.0
581498,Contabilidad Gubernamental En México,True,30,270,22,24,All Levels,0.0,2015-08-14 19:29:24+00:00,Business Finance,0,0,0,1,
932454,Contabilidad Rápida Y Eficaz,True,40,379,60,60,All Levels,0.0,2016-08-18 01:05:49+00:00,Business Finance,0,0,0,1,
1227792,Contabilità Generale,True,200,4,1,40,All Levels,0.0,2017-05-29 23:47:21+00:00,Business Finance,0,0,0,1,
975414,Contango Vxx - Etf Options Trading - Double Your Investment,True,200,513,20,20,All Levels,0.0,2016-10-06 15:10:38+00:00,Business Finance,0,0,0,1,
667744,Convert Html Websites Into Php: Learn By Doing In 40 Minutes,True,50,540,13,15,All Levels,0.0,2015-11-12 17:53:12+00:00,Web Development,0,0,3,1,
902300,Convert Image To Vector In Adobe Illustrator,False,0,3251,158,13,Intermediate Level,0.0,2016-07-13 16:57:42+00:00,Graphic Design,1,3,1,0,
445102,Converting Type To Outlines In Adobe Indesign,True,20,725,1,12,Intermediate Level,0.0,2015-03-31 19:04:00+00:00,Graphic Design,0,3,1,1,
742392,Conviértete En Un Experto De Photoshop Cc Naked Series,True,30,24,5,122,Intermediate Level,0.0,2016-01-29 02:54:19+00:00,Graphic Design,0,3,1,1,
253246,Core Concepts In Html 5,True,75,1532,19,23,Beginner Level,0.0,2014-07-30 22:16:40+00:00,Web Development,1,1,3,1,1.0
1232312,Core Financial Statement Concepts,True,50,0,0,9,Intermediate Level,0.0,2017-06-28 21:58:15+00:00,Business Finance,0,3,0,1,0.0
587902,Core Html How To Get Online Quickly Html To Html5,True,90,10394,33,34,Beginner Level,0.0,2015-08-21 18:53:23+00:00,Web Development,1,1,3,1,0.0
186096,"Core: A Web App Reference Guide For Django, Python, And More",True,195,2497,98,154,All Levels,0.0,2014-05-29 00:58:43+00:00,Web Development,1,0,3,1,
906760,Corel Draw X7,True,20,164,43,62,All Levels,0.0,2016-07-20 19:22:32+00:00,Graphic Design,0,0,1,1,1.0
873296,Corel Draw X7 Eğitimi (Temelden İleri Seviyeye),True,105,28,6,103,All Levels,0.0,2016-06-09 21:43:59+00:00,Graphic Design,0,0,1,1,
883324,Corel Draw X7: Mão Na Massa,True,25,72,13,40,Beginner Level,0.0,2016-06-20 22:30:56+00:00,Graphic Design,0,1,1,1,
1262470,Corel Draw X8 Başlangıç Eğitimi (Yeni̇),True,65,1,0,66,Beginner Level,0.0,2017-06-21 19:35:10+00:00,Graphic Design,0,1,1,1,
835082,Corel Painter 2016,True,40,41,9,86,All Levels,0.0,2016-05-11 14:51:26+00:00,Graphic Design,0,0,1,1,
1232390,Corporate Ethics,True,100,0,0,13,Beginner Level,0.0,2017-07-03 21:39:13+00:00,Business Finance,0,1,0,1,
777444,Corporate Finance - A Brief Introduction,False,0,11724,649,17,Beginner Level,0.0,2016-03-04 05:58:09+00:00,Business Finance,1,1,0,0,
804298,Corporate Finance 101: Equity Valuation,True,50,1071,14,50,All Levels,0.0,2016-03-29 19:40:05+00:00,Business Finance,1,0,0,1,
797762,Corporate Finance 101: Financial Statement Analysis & Ratios,True,50,967,16,43,All Levels,0.0,2016-03-20 21:39:38+00:00,Business Finance,1,0,0,1,
612528,Corporate Finance And Alternative Investment For Cfa L1,True,20,103,3,27,All Levels,0.0,2015-09-17 18:09:49+00:00,Business Finance,0,0,0,1,
1249164,Corporate Internal Controls And Fraud Controls,True,50,1,0,12,Intermediate Level,0.0,2017-06-29 17:27:52+00:00,Business Finance,0,3,0,1,
548044,Corporation Tax Returns Uk,True,50,100,23,25,All Levels,0.0,2015-07-23 19:21:21+00:00,Business Finance,0,0,0,1,
1265678,Corso Completo Di E-On Vue X-Stream Per Tutti,True,70,3,1,20,All Levels,0.0,2017-06-23 21:37:55+00:00,Graphic Design,0,0,1,1,
676650,Corso Introduttivo Al Trading Profittevole,True,20,132,9,9,Beginner Level,0.0,2015-11-23 18:56:57+00:00,Business Finance,0,1,0,1,
485889,Cost Accounting - A Comprehensive Study,True,180,503,43,286,All Levels,0.0,2015-04-26 23:46:55+00:00,Business Finance,0,0,0,1,
781954,Cost Accounting And Financial Management - A Complete Study,True,150,452,14,444,All Levels,0.0,2016-03-04 17:04:28+00:00,Business Finance,0,0,0,1,1.0
371574,Cost Accounting Basics (Professional Course Level),True,20,1777,11,23,Beginner Level,0.0,2014-12-17 01:11:28+00:00,Business Finance,1,1,0,1,
471446,Cost Accounting Crash Course,True,20,3730,11,17,All Levels,0.0,2015-04-10 21:01:47+00:00,Business Finance,1,0,0,1,
479688,Cost Accounting Labour Costing (Professional Course Level),True,20,1542,1,24,All Levels,0.0,2015-04-20 18:33:40+00:00,Business Finance,1,0,0,1,
454724,Cost Accounting Marginal Costing Theory And Practice,True,20,1923,4,31,All Levels,0.0,2015-03-24 19:07:08+00:00,Business Finance,1,0,0,1,
484134,Cost Accounting Operating Costing(Professional Course Level),True,20,731,2,8,All Levels,0.0,2015-04-24 00:21:44+00:00,Business Finance,0,0,0,1,
463834,Cost Accounting Overheads (Professional Course Level),True,20,2383,6,19,All Levels,0.0,2015-03-31 21:55:21+00:00,Business Finance,1,0,0,1,
788720,Cost Of Capital And Weighted Average Cost Of Capital,False,0,405,3,22,All Levels,0.0,2016-04-11 20:44:34+00:00,Business Finance,0,0,0,0,0.0
647336,Country Guitar Fundamentals,True,50,1174,39,23,Intermediate Level,0.0,2016-12-23 22:52:59+00:00,Musical Instruments,1,3,2,1,
1190334,Course Bundle | Exploring Art : Silhouette & Linear Line Art,True,80,827,1,15,All Levels,0.0,2017-04-24 16:52:39+00:00,Graphic Design,0,0,1,1,
1273896,Covered Calls - Powerful Income Strategy For Stock Traders,True,60,22,0,8,Beginner Level,0.0,2017-07-03 15:13:33+00:00,Business Finance,0,1,0,1,
903326,Cpa 10 Completo,True,25,101,25,18,All Levels,0.0,2016-08-10 23:07:28+00:00,Business Finance,0,0,0,1,
116128,Cpa 101: How To Master Affiliate Marketing In No Time,True,100,11517,92,21,All Levels,0.0,2013-11-09 21:46:52+00:00,Business Finance,1,0,0,1,1.0
657518,Cracking The Violin Code!,True,120,746,82,40,All Levels,0.0,2015-11-17 21:30:46+00:00,Musical Instruments,0,0,2,1,
835712,Crash Course - Learn To Create A Php Mvc Framework,True,50,1282,117,12,All Levels,0.0,2016-05-01 18:04:29+00:00,Web Development,1,0,3,1,1.0
471428,Crash Course On Cost Of Capital And Capital Structuring,False,0,5007,41,19,All Levels,0.0,2015-04-13 17:52:57+00:00,Business Finance,1,0,0,0,
471546,Crash Course On Working Capital Management,True,20,3177,8,8,All Levels,0.0,2015-04-16 17:35:54+00:00,Business Finance,1,0,0,1,
92760,Crash Course: Fundamentals Of Html & Css From Scratch.,True,20,7368,216,52,Beginner Level,0.0,2013-09-20 19:48:56+00:00,Web Development,1,1,3,1,
188604,Crea Personajes Fantásticos Con Photoshop,True,20,1,0,8,Beginner Level,0.0,2014-04-04 21:27:35+00:00,Graphic Design,0,1,1,1,
393850,Creación De Iconos Con Illustrator,True,20,27,3,54,All Levels,0.0,2015-01-17 02:28:25+00:00,Graphic Design,0,0,1,1,
650720,Creare Un Logo Con Adobe Illustrator,False,0,1447,121,13,All Levels,0.0,2015-10-29 00:10:41+00:00,Graphic Design,1,0,1,0,
63712,Create 9 Professional Logo Design Full Version,True,35,91,3,34,All Levels,0.0,2013-07-23 10:40:16+00:00,Graphic Design,0,0,1,1,
506568,Create A Business From Home Trading Stocks Today In 2017,True,75,10149,83,16,All Levels,0.0,2015-05-26 17:25:46+00:00,Business Finance,1,0,0,1,1.0
791610,Create A Business Website With Wordpress,True,50,1624,31,38,All Levels,0.0,2016-03-14 22:22:28+00:00,Web Development,1,0,3,1,
92194,Create A Classified Website In 2 Hours - Guaranteed,True,50,3411,84,22,All Levels,0.0,2013-11-09 09:36:07+00:00,Web Development,1,0,3,1,1.0
416738,Create A Client Network By Hosting Wordpress Sites,True,35,1061,8,17,Intermediate Level,0.0,2015-03-02 21:42:06+00:00,Web Development,1,3,3,1,
159760,Create A Custom Responsive Wordpress Website For A Client,True,95,7517,89,47,All Levels,0.0,2014-04-21 11:35:18+00:00,Web Development,1,0,3,1,
718426,Create A Dynamic User Registration Form From Scratch,True,100,7213,50,38,Beginner Level,0.0,2016-01-09 04:31:40+00:00,Web Development,1,1,3,1,
1068664,Create A Majestic Bear On Adobe Illustrator,True,55,3,0,10,All Levels,0.0,2017-05-02 20:44:42+00:00,Graphic Design,0,0,1,1,
1205894,Create A Mean App By Example - Full Stack Course,True,50,421,26,33,Intermediate Level,0.0,2017-05-08 18:16:17+00:00,Web Development,0,3,3,1,
455680,Create A Membership Site With Wishlist Member & Wordpress,True,95,557,39,28,All Levels,0.0,2015-03-31 00:48:23+00:00,Web Development,0,0,3,1,
654422,Create A Php Contact Form In Bootstrap,True,20,2238,65,12,All Levels,0.0,2015-12-27 17:20:38+00:00,Web Development,1,0,3,1,
716310,Create A Powerful Website With The Cool Bootstrap Framework,False,0,7142,41,25,All Levels,0.0,2016-02-02 23:35:43+00:00,Web Development,1,0,3,0,1.0
374590,Create A Professional Website Without Programming/Coding,False,0,5421,93,20,All Levels,0.0,2015-01-17 09:15:37+00:00,Web Development,1,0,3,0,
418386,Create A Real Social Network Like Facebook In Php + Mysql,True,45,1002,178,174,All Levels,0.0,2016-09-19 15:54:37+00:00,Web Development,1,0,3,1,
41356,Create A Responsive Business Website With Wordpress,True,95,1659,73,38,All Levels,0.0,2013-03-25 01:44:54+00:00,Web Development,1,0,3,1,
311916,Create A Responsive Website With Bootstrap 3,True,50,4076,39,22,Intermediate Level,0.0,2014-10-28 02:25:42+00:00,Web Development,1,3,3,1,1.0
261148,Create A Search Engine For Your Website!,True,20,1832,6,12,Intermediate Level,0.0,2014-07-17 18:28:04+00:00,Web Development,1,3,3,1,
1134456,"Create A Simple Photo Gallery With Dropzonejs, Slick And Php",False,0,2464,17,9,All Levels,0.0,2017-03-07 15:40:37+00:00,Web Development,1,0,3,0,
1189508,Create A Social Network Using Php Mysqli Html Css And Jquery,True,40,1477,17,27,Intermediate Level,0.0,2017-04-24 00:18:42+00:00,Web Development,1,3,3,1,
682484,Create A Website From Scratch Using Html Css Step By Step,True,75,12882,95,20,Beginner Level,0.0,2015-11-27 23:15:24+00:00,Web Development,1,1,3,1,1.0
744618,Create A Website Similar To Facebook From Scratch!,True,25,2197,9,12,All Levels,0.0,2016-02-09 06:15:07+00:00,Web Development,1,0,3,1,
1176460,Create Ajax Chat App With Php & Mysql,True,45,540,11,19,Beginner Level,0.0,2017-04-15 00:56:41+00:00,Web Development,0,1,3,1,
522784,Create An Accelerated Learning Flowchart With Watercolors,True,200,668,5,16,All Levels,0.0,2015-06-08 17:56:38+00:00,Graphic Design,0,0,1,1,
372442,Create An E-Commerce Website Without Any Coding,True,20,1393,40,9,All Levels,0.0,2014-12-18 00:04:38+00:00,Web Development,1,0,3,1,
994740,Create An Ecommerce Wordpress Website 2016 - New Divi Theme!,True,30,3503,123,41,Beginner Level,0.0,2016-10-27 14:30:01+00:00,Web Development,1,1,3,1,
19260,Create An Engaging Website With Twitter Bootstrap 2.X,True,20,1463,56,24,All Levels,0.0,2012-06-18 17:06:55+00:00,Web Development,1,0,3,1,
294794,Create An Html5 Video Player From Scratch,False,0,32260,1005,12,Beginner Level,0.0,2014-09-05 19:16:53+00:00,Web Development,1,1,3,0,
125162,Create And Deploy A Web App In 3 Hours,True,50,4123,23,34,Beginner Level,0.0,2013-12-04 22:49:28+00:00,Web Development,1,1,3,1,
1027480,Create Animated Gif Advertising Banners In Photoshop Cc,True,85,1310,9,20,All Levels,0.0,2017-01-10 21:46:22+00:00,Graphic Design,1,0,1,1,
922464,Create Awesome Ebook Covers Using Microsoft Word,True,45,447,6,23,All Levels,0.0,2016-08-05 19:07:42+00:00,Graphic Design,0,0,1,1,0.0
631148,Create Beautiful Compelling Social Media Banners With Canva,True,50,1098,3,34,Beginner Level,0.0,2015-10-14 22:01:19+00:00,Graphic Design,1,1,1,1,
726314,Create Beautiful Image Maps For Your Website,True,20,0,0,8,Intermediate Level,0.0,2016-01-18 17:56:36+00:00,Graphic Design,0,3,1,1,
510098,Create Beautiful Music On The Piano Like A Pro In Minutes,True,95,115,17,17,All Levels,0.0,2015-08-10 23:51:56+00:00,Musical Instruments,0,0,2,1,
1125728,Create Beveled Lettering In Adobe Illustrator,True,20,2,0,8,Intermediate Level,0.0,2017-02-26 17:17:59+00:00,Graphic Design,0,3,1,1,
761768,"Create Complete Sign Up System Using Php, Jquery And Ajax",True,200,4033,40,25,All Levels,0.0,2016-02-15 00:41:18+00:00,Web Development,1,0,3,1,
552594,Create Complete Web Applications Easily With Apex 5,True,30,912,128,81,Intermediate Level,0.0,2015-07-14 20:30:11+00:00,Web Development,0,3,3,1,
1045862,Create Eye-Catching Wordpress Website From Scratch,True,30,2342,15,19,Beginner Level,0.0,2016-12-28 19:04:14+00:00,Web Development,1,1,3,1,
576646,Create Fast Restful Apis With Lumen And Homestead By Laravel,True,60,1157,105,31,All Levels,0.0,2015-10-25 20:37:23+00:00,Web Development,1,0,3,1,
753934,Create Flat Designs With Inkscape,True,30,259,3,11,Beginner Level,0.0,2016-02-14 21:56:08+00:00,Graphic Design,0,1,1,1,
910624,"Create Free, Fast And Secure Static Website",True,50,322,9,9,Beginner Level,0.0,2016-07-21 15:30:23+00:00,Web Development,0,1,3,1,
499904,Create Full Featured Landing Page In Ruby On Rails In 3 Hour,True,30,1550,15,23,All Levels,0.0,2015-05-15 18:53:55+00:00,Web Development,1,0,3,1,
358508,Create Jekyll Blog And Host It On Github Like A Ninja,True,20,5056,74,11,Beginner Level,0.0,2014-12-13 04:48:15+00:00,Web Development,1,1,3,1,
222976,Create Kindle Ebook Covers With Powerpoint,True,30,87,7,23,All Levels,0.0,2014-06-17 07:51:54+00:00,Graphic Design,0,0,1,1,
1092766,Create Mobile App Design From Scratch In Photoshop,True,125,1359,7,24,Beginner Level,0.0,2017-02-01 04:40:24+00:00,Graphic Design,1,1,1,1,0.0
665686,Create Newsletter Subscription Form With Php/Ajax In 40 Min,True,50,586,10,17,All Levels,0.0,2015-11-11 20:51:09+00:00,Web Development,0,0,3,1,
553832,Create Professional Character Designs In Photoshop,True,20,228,11,21,Intermediate Level,0.0,2015-07-14 23:17:08+00:00,Graphic Design,0,3,1,1,
1145736,Create Professional Looking Infographics With No Experience,True,180,9367,104,21,Beginner Level,0.0,2017-03-21 19:00:13+00:00,Graphic Design,1,1,1,1,
200742,Create Single Page Website Using Twitter Bootstrap 3,True,20,7449,111,13,Intermediate Level,0.0,2014-04-19 20:10:39+00:00,Web Development,1,3,3,1,1.0
382856,Create Startup Landing Page With Viral Marketing Strategies,False,0,12974,120,13,Beginner Level,0.0,2015-01-03 01:18:44+00:00,Web Development,1,1,3,0,
874656,Create Stunning Infographics To Share Your Ideas,False,0,5175,470,7,Beginner Level,0.0,2016-08-14 22:04:11+00:00,Graphic Design,1,1,1,0,1.0
1227748,Create Stunning Photoshop Compositions In Minutes,True,20,5,0,29,All Levels,0.0,2017-06-07 19:24:37+00:00,Graphic Design,0,0,1,1,
1237912,Create Trading Robot Without Coding Skills!,True,145,5,0,13,All Levels,0.0,2017-06-16 05:29:13+00:00,Business Finance,0,0,0,1,0.0
811452,Create Website From Scratch In Urdu & Hindi,False,0,3033,91,9,Intermediate Level,0.0,2016-06-05 15:48:54+00:00,Web Development,1,3,3,0,
792703,Create Wordpress Plugins,True,50,964,19,21,All Levels,0.0,2016-04-08 21:24:12+00:00,Web Development,1,0,3,1,
806020,Create Your First Wordpress Site In Under An Hour,True,20,4867,128,12,Beginner Level,0.0,2016-03-30 00:41:00+00:00,Web Development,1,1,3,1,1.0
676764,Create Your Own Automated Stock Trading Robot In Excel!,True,150,461,45,44,All Levels,0.0,2015-12-09 18:35:24+00:00,Business Finance,0,0,0,1,
447362,Create Your Own Hedge Fund: Trade Stocks Like A Fund Manager,True,175,4005,237,25,Intermediate Level,0.0,2015-04-12 20:13:47+00:00,Business Finance,1,3,0,1,
978272,Create Your Own Photoshop Brush Preset!,True,20,4,1,8,Beginner Level,0.0,2016-11-18 01:59:31+00:00,Graphic Design,0,1,1,1,
348920,Create Your Own Successful Online School To Sell Courses,True,95,2814,14,39,Beginner Level,0.0,2014-11-18 04:02:55+00:00,Web Development,1,1,3,1,
106156,"Create, Update And Manage Your Own Website Using Drupal 7",True,120,2837,68,49,All Levels,0.0,2013-10-16 21:22:35+00:00,Web Development,1,0,3,1,1.0
471136,Creating 2D Game Assets,True,25,57,0,12,All Levels,0.0,2015-04-17 22:34:55+00:00,Graphic Design,0,0,1,1,
69414,Creating A Responsive Html Email,True,20,2520,183,34,All Levels,0.0,2013-08-12 13:09:39+00:00,Web Development,1,0,3,1,
692920,Creating An Animated Greeting Card Via Google Slides,True,20,1504,10,9,Beginner Level,0.0,2016-01-05 20:31:49+00:00,Graphic Design,1,1,1,1,
699380,Creating An Animated Greeting Card Via Google Slides,True,20,770,8,8,Intermediate Level,0.0,2016-05-06 15:54:32+00:00,Graphic Design,0,3,1,1,
699376,Creating An Animated Greeting Card Via Google Slides,True,20,549,10,8,Beginner Level,0.0,2016-04-12 01:24:14+00:00,Graphic Design,0,1,1,1,
34882,Creating An Mp3 Player With Html5,True,20,14551,169,14,All Levels,0.0,2013-01-31 13:44:52+00:00,Web Development,1,0,3,1,
699382,Creating Animation Puzzles With Google Slides,True,20,679,5,9,Intermediate Level,0.0,2016-05-30 18:02:47+00:00,Graphic Design,0,3,1,1,
875882,Creating Animations Using Html5 Canvas,True,25,4010,17,12,All Levels,0.0,2016-06-13 18:58:56+00:00,Web Development,1,0,3,1,
873824,Creating Custom Web Maps,True,50,208,48,29,Intermediate Level,0.0,2016-06-10 17:26:48+00:00,Web Development,0,3,3,1,
1023070,Creating Facebook Design Using Bootstrap - Handson Project,True,80,4616,20,19,All Levels,0.0,2016-12-06 23:46:15+00:00,Web Development,1,0,3,1,
581352,Creating Icons With Adobe Illustrator,True,30,2266,26,10,All Levels,0.0,2015-08-13 18:54:20+00:00,Graphic Design,1,0,1,1,
869448,Creating Interactive Html5 Video,True,25,838,13,23,Intermediate Level,0.0,2016-06-06 15:24:53+00:00,Web Development,0,3,3,1,1.0
1034636,Creating User Authentication System In Codeigniter,True,200,2783,9,21,All Levels,0.0,2016-12-22 12:44:26+00:00,Web Development,1,0,3,1,
446936,Creative Logo Design With Inkscape For Free,True,40,1530,49,25,All Levels,0.0,2015-11-12 17:01:44+00:00,Graphic Design,1,0,1,1,
953220,Creative Perspective Illustration With Gimp,True,50,43,3,57,All Levels,0.0,2016-11-24 18:24:48+00:00,Graphic Design,0,0,1,1,0.0
1169196,"Credit Concepts And Checklist For Bankers, Credit Analyst",True,20,0,0,10,Beginner Level,0.0,2017-04-24 14:56:01+00:00,Business Finance,0,1,0,1,
304410,Credit Control Procedures,True,20,3,0,6,All Levels,0.0,2014-09-22 03:58:46+00:00,Business Finance,0,0,0,1,
138560,Credit Repair From A Financial Institution,True,20,157,13,9,All Levels,0.0,2014-01-14 23:22:43+00:00,Business Finance,0,0,0,1,
742106,Credit Risk Analysis,True,20,194,24,19,Intermediate Level,0.0,2016-01-28 22:09:01+00:00,Business Finance,0,3,0,1,
42491,Credit Spread Surgery - Bear Call And Bull Put Mastery,True,60,607,55,16,Intermediate Level,0.0,2013-03-05 11:31:37+00:00,Business Finance,0,3,0,1,
1221032,Criando Um Poster Com Foto Colagem Digital,True,25,1,0,8,Beginner Level,0.0,2017-05-25 11:25:50+00:00,Graphic Design,0,1,1,1,
1083784,Crie Seu Cartão De Visita No Coreldraw X8,True,20,28,3,38,Beginner Level,0.0,2017-03-02 17:04:04+00:00,Graphic Design,0,1,1,1,
994362,Critical Web Dev Skills & Tools For The Non-Tech Hustler,False,0,3118,8,33,All Levels,0.0,2016-12-20 22:39:30+00:00,Web Development,1,0,3,0,
859446,Cross-Platform Development With Asp.Net Core 1.0 Mvc,True,35,601,126,64,All Levels,0.0,2016-07-11 18:57:34+00:00,Web Development,0,0,3,1,
685190,Crowdfunding For Filmmakers,True,65,32,6,30,All Levels,0.0,2015-12-01 18:38:53+00:00,Business Finance,0,0,0,1,
598094,Crowdfunding To Win,True,40,627,15,15,All Levels,0.0,2015-09-23 22:16:35+00:00,Business Finance,0,0,0,1,
773934,Cryptoarbitrager: Bitcoin Trading Robot (No Mining),True,150,1224,42,14,All Levels,0.0,2016-03-23 21:13:52+00:00,Business Finance,1,0,0,1,1.0
1282064,Cryptocurrency (Btc & Eth) Investment & Trading Course 2017,True,20,0,0,7,Beginner Level,0.0,2017-07-06 21:46:30+00:00,Business Finance,0,1,0,1,
1247394,Cryptocurrency Trading: Complete Guide To Trading Altcoins,True,95,367,42,35,All Levels,0.0,2017-06-21 23:18:47+00:00,Business Finance,0,0,0,1,
514036,Crystal Ball Trading - Foresee Price With Seasonal Patterns,True,145,807,19,23,All Levels,0.0,2015-06-14 22:08:54+00:00,Business Finance,0,0,0,1,
943386,Css :Basics For Beginners,True,30,1085,8,13,All Levels,0.0,2016-08-29 14:34:31+00:00,Web Development,1,0,3,1,
113518,Css And Css3 For Absolute Beginners,True,75,10890,212,33,Beginner Level,0.0,2013-11-01 17:12:45+00:00,Web Development,1,1,3,1,1.0
905096,Css Animations: Create Amazing Effects On Your Website,True,50,300,31,38,All Levels,0.0,2016-08-11 19:06:15+00:00,Web Development,0,0,3,1,
24334,Css Development (With Css3!),True,20,25864,188,32,All Levels,0.0,2012-10-31 16:39:49+00:00,Web Development,1,0,3,1,
641732,Css For Beginners,True,85,1156,13,28,Beginner Level,0.0,2015-10-21 20:14:34+00:00,Web Development,1,1,3,1,
366720,Css Image Filters - The Modern Web Images Color Manipulation,False,0,6315,53,16,All Levels,0.0,2014-12-10 19:43:40+00:00,Web Development,1,0,3,0,
653754,Css Positioning For Absolute Beginners: A Basic Introduction,True,65,4797,97,11,Beginner Level,0.0,2015-10-30 21:14:58+00:00,Web Development,1,1,3,1,
923146,Css Specialist: Comprehensive Css Training,True,100,487,31,52,Beginner Level,0.0,2016-08-08 20:48:38+00:00,Web Development,0,1,3,1,
742712,Css Tutorial For Beginners: Style Your Wordpress Templates,True,35,1049,22,47,Beginner Level,0.0,2016-01-27 20:44:18+00:00,Web Development,1,1,3,1,1.0
922600,Css Web Development Crash Course,True,20,10008,53,26,Beginner Level,0.0,2016-12-01 17:33:48+00:00,Web Development,1,1,3,1,
482404,Css3 For Beginners,True,195,3831,15,25,Beginner Level,0.0,2015-04-23 17:43:44+00:00,Web Development,1,1,3,1,1.0
786494,Css3 Gradients For Web Designers,True,20,1209,9,21,All Levels,0.0,2016-08-19 19:19:47+00:00,Web Development,1,0,3,1,
745120,Csscasts; Css Libraries Plugins Tips & Tricks For Developers,True,200,1874,40,224,All Levels,0.0,2016-03-16 21:09:10+00:00,Web Development,1,0,3,1,
831170,Currencyfair - Avoid Bank Charges When Converting Currencies,False,0,1730,34,11,All Levels,0.0,2016-05-05 14:38:15+00:00,Business Finance,1,0,0,0,
666254,Curso Avanzado De Trading,True,125,106,11,100,All Levels,0.0,2015-11-28 06:25:44+00:00,Business Finance,0,0,0,1,
700942,Curso Básico De Gimp; Software Gratis De Diseño Gráfico,True,60,190,25,36,Beginner Level,0.0,2015-12-22 00:06:02+00:00,Graphic Design,0,1,1,1,
648350,Curso Blender 3D  Do Básico Ao Avançado,True,20,353,79,154,All Levels,0.0,2015-10-25 18:55:53+00:00,Graphic Design,0,0,1,1,
1080466,Curso Completo De Bitcoin - Ganhe 0.00005 Bitcoin,True,30,394,109,73,All Levels,0.0,2017-02-06 13:59:35+00:00,Business Finance,0,0,0,1,1.0
680046,Curso Completo De Opciones Binarias: Estrategias 90% Acierto,True,145,335,16,26,All Levels,0.0,2015-12-16 16:51:50+00:00,Business Finance,0,0,0,1,
804096,Curso Completo De Solidworks 2016.,True,30,129,27,43,All Levels,0.0,2016-12-29 01:19:32+00:00,Graphic Design,0,0,1,1,
617976,Curso Completo Del Mercado Forex,True,200,359,86,50,All Levels,0.0,2015-11-18 00:08:44+00:00,Business Finance,0,0,0,1,
1144780,Curso De Batería Online De Patricio Iglesias (Santa Sabina),True,35,5,1,17,Intermediate Level,0.0,2017-03-28 18:15:08+00:00,Musical Instruments,0,3,2,1,
1216752,Curso De Bateria - Explorando Diferentes Divisões,True,55,5,2,19,Intermediate Level,0.0,2017-05-18 07:14:21+00:00,Musical Instruments,0,3,2,1,0.0
686430,Curso De Corel Draw: Como Hacer Todo Para Tu Fiesta Temática,True,125,10,3,55,Beginner Level,0.0,2016-04-27 04:22:31+00:00,Graphic Design,0,1,1,1,
998706,Curso De Day Trader Para Iniciantes,False,0,1278,200,13,Beginner Level,0.0,2016-11-03 13:44:03+00:00,Business Finance,1,1,0,0,
603902,Curso De Didgeridoo Nivel Principiante,True,50,0,0,31,Beginner Level,0.0,2016-04-11 04:14:05+00:00,Musical Instruments,0,1,2,1,
601092,Curso De Diseño E Ilustracion De Armas Para Videojuegos,True,40,183,18,19,All Levels,0.0,2015-09-21 17:12:21+00:00,Graphic Design,0,0,1,1,
966522,Curso De Ejercicios Técnicos Al Piano Vol.1,True,60,186,9,24,All Levels,0.0,2016-09-30 17:24:49+00:00,Musical Instruments,0,0,2,1,
1232356,Curso De Ejercicios Técnicos Al Piano Vol.2,True,50,62,1,22,All Levels,0.0,2017-05-29 15:58:53+00:00,Musical Instruments,0,0,2,1,
852426,Curso De Guitarra Para Principiantes,True,20,53,5,39,Beginner Level,0.0,2016-06-01 17:36:30+00:00,Musical Instruments,0,1,2,1,
513528,Curso De Guitarra Para Principiantes.,True,20,4,0,7,Beginner Level,0.0,2015-06-11 15:55:19+00:00,Musical Instruments,0,1,2,1,
644020,Curso De Iniciación Al Trading,True,85,31,5,40,All Levels,0.0,2015-11-26 05:26:14+00:00,Business Finance,0,0,0,1,0.0
651352,Curso De Maya 3D,True,20,62,9,41,All Levels,0.0,2016-02-09 17:35:50+00:00,Graphic Design,0,0,1,1,
988678,Curso De Piano 101 - Tocando Partituras Y Acordes -,True,170,245,26,93,All Levels,0.0,2016-10-28 16:32:47+00:00,Musical Instruments,0,0,2,1,
834422,Curso De Teclado,True,40,1,0,26,Beginner Level,0.0,2016-05-16 18:46:15+00:00,Musical Instruments,0,1,2,1,
822926,Curso De Trading Práctico Basado En Casos Reales,True,20,44,6,55,All Levels,0.0,2016-08-29 16:36:38+00:00,Business Finance,0,0,0,1,0.0
725566,Curso De Violão Popular,True,25,287,42,27,Beginner Level,0.0,2016-01-27 23:12:19+00:00,Musical Instruments,0,1,2,1,
1174974,Curso De Violão Prático,True,70,5,0,10,Beginner Level,0.0,2017-04-12 08:28:40+00:00,Musical Instruments,0,1,2,1,
1202746,Curso Online De Adobe Illustrator Cc E Cs6,True,80,126,18,119,All Levels,0.0,2017-05-04 06:11:39+00:00,Graphic Design,0,0,1,1,
687642,Custom Theme Creation For Wordpress Using Html5 And Css3,True,35,298,20,24,Beginner Level,0.0,2015-12-06 17:34:38+00:00,Web Development,0,1,3,1,
837950,Customizr - Learn Wordpress With The Ultimate Creative Theme,False,0,4735,81,69,Beginner Level,0.0,2016-05-05 19:08:34+00:00,Web Development,1,1,3,0,
1016420,Введение В Финансовую Инженерию,True,50,205,20,20,Beginner Level,0.0,2016-11-20 22:34:45+00:00,Business Finance,0,1,0,1,
786984,Торговля Дельта-Нейтральными Стренглами,True,150,23,6,25,All Levels,0.0,2016-03-10 22:29:13+00:00,Business Finance,0,0,0,1,
769340,Торговля Опционами: Как Заработать На Волатильности,True,150,20,5,29,All Levels,0.0,2016-02-25 19:57:33+00:00,Business Finance,0,0,0,1,
1141560,Débuter Avec Krita,True,25,3,0,14,Intermediate Level,0.0,2017-05-01 21:00:57+00:00,Graphic Design,0,3,1,1,
994312,Découvrez Indesign En 1 Heure,True,20,38,3,25,Beginner Level,0.0,2016-11-21 19:52:01+00:00,Graphic Design,0,1,1,1,
829962,Darbuka Drumming: Learn How To Play The Darbuka Dounbek,False,0,1094,45,11,Beginner Level,0.0,2016-04-23 21:23:20+00:00,Musical Instruments,1,1,2,0,
1246684,Dash Crypto Currency Technical And Trading Overview Bootcamp,True,20,4,1,14,All Levels,0.0,2017-06-19 21:59:42+00:00,Business Finance,0,0,0,1,
679238,Day Trading - Learn To Day Trade / Swing Trade In One Hour.,True,95,335,25,29,All Levels,0.0,2015-11-27 17:38:51+00:00,Business Finance,0,0,0,1,
380542,Day Trading In Stocks: Strategies For Beginner Investors,True,50,217,19,9,All Levels,0.0,2015-01-08 17:52:16+00:00,Business Finance,0,0,0,1,1.0
245822,Day Trading Market Structure Signals,False,0,5529,90,5,All Levels,0.0,2014-06-18 16:42:27+00:00,Business Finance,1,0,0,0,1.0
1107954,"Day Trading Strategy For All Level, With 72% Success Rate",True,95,51,9,15,All Levels,0.0,2017-03-02 16:25:56+00:00,Business Finance,0,0,0,1,
517466,Day Trading: High Roi Day Trading,True,150,17,2,51,Intermediate Level,0.0,2015-07-29 19:08:33+00:00,Business Finance,0,3,0,1,
294914,Debt Collection Management: Get Paid On Time Every Time!,True,20,1255,8,38,All Levels,0.0,2015-01-27 07:50:28+00:00,Business Finance,1,0,0,1,
759262,Decide Whether To Invest In A Business,True,20,1,0,43,Beginner Level,0.0,2016-02-15 17:33:49+00:00,Business Finance,0,1,0,1,
1181578,Deinen Roman Setzen Mit Pageplus In 10 Einfachen Schritten,False,0,69,6,25,All Levels,0.0,2017-04-24 16:44:12+00:00,Graphic Design,0,0,1,0,0.0
666910,Demystifying Your Personal Tax Return,False,0,3426,27,14,Beginner Level,0.0,2015-11-25 18:02:44+00:00,Business Finance,1,1,0,0,
1027678,"Depreciation, Amortization And Depletion",True,25,7,1,13,Intermediate Level,0.0,2017-03-06 23:59:02+00:00,Business Finance,0,3,0,1,0.0
952106,Design & Create Text Logos In Adobe Photoshop Cs5,True,95,2035,19,23,All Levels,0.0,2016-10-16 17:25:29+00:00,Graphic Design,1,0,1,1,
522426,Design & Create Vector Graphics With Inkscape 2016,True,200,2091,11,26,Beginner Level,0.0,2015-06-08 18:46:45+00:00,Graphic Design,1,1,1,1,
1160004,Design A Logo For Free In Inkscape,True,100,1148,26,42,All Levels,0.0,2017-05-01 18:32:43+00:00,Graphic Design,1,0,1,1,
826202,Design A Unique Bookstore-Quality Photo Book With Blurb,True,180,2863,11,27,All Levels,0.0,2016-04-26 18:30:41+00:00,Graphic Design,1,0,1,1,1.0
395140,Design And Animate A Gamer Ui,True,20,3481,37,6,All Levels,0.0,2015-01-15 19:59:29+00:00,Graphic Design,1,0,1,1,
201812,Design Beautiful & Professional Ebooks Using Free Software,True,20,239,7,26,All Levels,0.0,2014-04-25 02:40:11+00:00,Graphic Design,0,0,1,1,
805882,Design Bestselling T-Shirts From Beginner To Expert.,True,95,798,198,25,Beginner Level,0.0,2016-04-06 20:48:07+00:00,Graphic Design,0,1,1,1,1.0
1184664,Design Business Card In Photoshop: Earn Money By Doing It,True,50,120,10,29,Beginner Level,0.0,2017-04-24 18:55:28+00:00,Graphic Design,0,1,1,1,
327310,Design Efficiency Intensive,True,20,6,0,5,Intermediate Level,0.0,2015-01-12 06:46:34+00:00,Graphic Design,0,3,1,1,0.0
1226182,Design Tickets And Vouchers In Photoshop And Illustrator,True,45,502,0,15,Beginner Level,0.0,2017-05-27 00:01:54+00:00,Graphic Design,0,1,1,1,
185092,Design While You Learn Indesign Cc,True,20,1116,3,21,Beginner Level,0.0,2014-04-07 17:28:14+00:00,Graphic Design,1,1,1,1,
904144,Design Your Own Fonts. Plus A Bunch Of Typography Secrets.,True,40,67,8,25,All Levels,0.0,2016-07-14 17:03:19+00:00,Graphic Design,0,0,1,1,0.0
861444,Design Your Own Social Media Logo Icons In Adobe Illustrator,True,50,2424,29,15,Beginner Level,0.0,2016-06-05 15:11:49+00:00,Graphic Design,1,1,1,1,
496302,Designing An Ebook Cover That Sells,True,20,27,2,18,All Levels,0.0,2015-05-08 21:54:13+00:00,Graphic Design,0,0,1,1,
1127944,Designing With Halftones: Create A Dot Pattern Portrait!,True,20,228,0,7,Intermediate Level,0.0,2017-05-22 17:05:39+00:00,Graphic Design,0,3,1,1,
484896,Desktop Publishing 101: Simplified Editing,True,20,507,9,9,Beginner Level,0.0,2015-04-28 17:01:32+00:00,Graphic Design,0,1,1,1,0.0
631472,Desktopserver : Install Wordpress Locally  - Work Anywhere!,True,65,1640,22,29,Beginner Level,0.0,2015-11-01 22:03:29+00:00,Web Development,1,1,3,1,
933110,Develop A Professional Onepage Wordpress Site With No Coding,True,20,1747,13,13,Beginner Level,0.0,2016-08-29 16:47:15+00:00,Web Development,1,1,3,1,
1145206,Develop Competitive Plugins For Wordpress And Woocommerce,True,150,2063,18,12,All Levels,0.0,2017-03-30 03:10:37+00:00,Web Development,1,0,3,1,
796010,Develop Your First App In An Hour,True,20,3699,201,11,Beginner Level,0.0,2016-05-17 17:22:35+00:00,Web Development,1,1,3,1,
700140,Developing A Trading Strategy: Your Guide To Trading Success,True,20,1044,8,16,All Levels,0.0,2015-12-17 21:50:23+00:00,Business Finance,1,0,0,1,
681878,Devenez Le King De L'Illustration Automobile,True,50,42,10,32,Beginner Level,0.0,2015-12-09 16:49:20+00:00,Graphic Design,0,1,1,1,0.0
1140232,Devtools 2017: Beginner To Expert W/ Chrome Developer Tools,True,125,430,54,39,All Levels,0.0,2017-04-04 21:05:51+00:00,Web Development,0,0,3,1,
1178394,Devtools 2017: The Basics Of Chrome Developer Tools,False,0,4569,108,18,Beginner Level,0.0,2017-04-14 16:58:12+00:00,Web Development,1,1,3,0,
502204,Dibujo Digital Básico: Cómo Ilustrar En Photoshop,True,20,155,36,90,Beginner Level,0.0,2016-02-17 23:56:26+00:00,Graphic Design,0,1,1,1,
893056,Didgeridoo - From Zero To Hero! Part One - Beginning,True,35,87,11,38,Beginner Level,0.0,2016-07-02 14:47:33+00:00,Musical Instruments,0,1,2,1,
90132,Didgeridoo - From Zero To Hero! Part Three. Advanced Level.,True,35,209,5,19,Expert Level,0.0,2014-10-10 08:05:42+00:00,Musical Instruments,0,2,2,1,0.0
892898,Didgeridoo - From Zero To Hero! Part Two. Intermediate.,True,35,55,2,30,Intermediate Level,0.0,2016-07-02 14:48:10+00:00,Musical Instruments,0,3,2,1,
327666,Digital Art For Beginners,True,150,3381,388,57,Beginner Level,0.0,2016-02-14 23:43:10+00:00,Graphic Design,1,1,1,1,
901082,"Digital Art In Adobe Illustrator Cc: Angry Bird, Tom & Jerry",False,0,3108,27,28,Beginner Level,0.0,2016-08-12 17:34:45+00:00,Graphic Design,1,1,1,0,0.0
966268,Digital Asset Designer: Creating And Selling Mockups,True,50,50,12,28,Beginner Level,0.0,2016-09-27 17:20:02+00:00,Graphic Design,0,1,1,1,
644914,Digital Illustration: Make A Custom Character Illustration,True,30,1440,16,14,All Levels,0.0,2015-11-03 18:49:10+00:00,Graphic Design,1,0,1,1,0.0
413180,Digital Painting For Cartoon Characters,True,30,2044,108,25,All Levels,0.0,2015-02-05 18:05:18+00:00,Graphic Design,1,0,1,1,
657764,Digital Photo Manipulation Art And Cover Design In Photoshop,True,50,721,7,35,Beginner Level,0.0,2016-03-28 17:56:10+00:00,Graphic Design,0,1,1,1,
1037868,Digital Pianist Course-Learn Piano & Keyboard Fast & Easy,True,150,89,7,35,Beginner Level,0.0,2016-12-26 15:21:25+00:00,Musical Instruments,0,1,2,1,
876646,Direction-Independ Trading - Elite Forex Traders  Strategy,True,120,973,15,28,All Levels,0.0,2016-06-21 22:46:41+00:00,Business Finance,1,0,0,1,1.0
464844,Discover Classical Guitar Level 1,True,25,1513,38,19,Beginner Level,0.0,2015-06-21 20:31:22+00:00,Musical Instruments,1,1,2,1,
505126,Discover Classical Guitar Level 2,True,75,927,35,123,Intermediate Level,0.0,2015-09-01 17:47:10+00:00,Musical Instruments,1,3,2,1,
28556,Discover How To Draw And Paint Comics,True,65,8901,424,85,All Levels,0.0,2012-11-21 22:03:54+00:00,Graphic Design,1,0,1,1,1.0
629082,Discover Html Essential Guide To Html How To Create Webpages,True,85,8711,44,22,Beginner Level,0.0,2015-10-17 05:52:05+00:00,Web Development,1,1,3,1,
15611,Discover The 7 Secrets To Figure Drawing: Draw Awesome ...,True,40,2634,92,25,All Levels,0.0,2012-04-04 02:24:51+00:00,Graphic Design,1,0,1,1,
519694,"Discover The Fun Of Spoon Playing, A Beginners Course",True,65,353,13,25,All Levels,0.0,2015-06-25 22:54:11+00:00,Musical Instruments,0,0,2,1,
436568,Diseño De Logo Para Principiantes,True,25,3,3,12,All Levels,0.0,2015-03-23 17:37:40+00:00,Graphic Design,0,0,1,1,0.0
789670,Diseño Gráfico Fácil Y Rápido.,True,20,97,9,124,All Levels,0.0,2016-07-05 00:18:50+00:00,Graphic Design,0,0,1,1,
1161864,Diseño Impreso - Preimpresión Para Offset En Illustrator,True,100,33,9,29,All Levels,0.0,2017-05-31 18:37:31+00:00,Graphic Design,0,0,1,1,0.0
499504,Disminuye Deudas En Tu Hogar En Menos De 30 Días,True,20,65,3,15,Beginner Level,0.0,2015-05-19 22:25:23+00:00,Business Finance,0,1,0,1,
1250934,Display And Analyze Gis Data On The Web With Leaflet.Js,True,100,25,4,66,Intermediate Level,0.0,2017-06-15 21:17:43+00:00,Web Development,0,3,3,1,
1052118,Dissecting Ruby On Rails 5 - Become A Professional Developer,True,195,2804,418,212,All Levels,0.0,2017-02-07 00:40:33+00:00,Web Development,1,0,3,1,1.0
1161118,Dive Into Docker: The Docker Course For Developers,False,0,6437,313,22,Beginner Level,0.0,2017-04-14 22:57:32+00:00,Web Development,1,1,3,0,1.0
1219326,Diventa Un Professionista Del Graphic Design,True,200,185,10,94,All Levels,0.0,2017-05-24 17:02:19+00:00,Graphic Design,0,0,1,1,0.0
358326,Dividend Investing: Build Your Portfolio For A Better Future,True,60,8314,83,47,Beginner Level,0.0,2015-01-24 06:31:19+00:00,Business Finance,1,1,0,1,
433084,Diy Beautiful Social Graphics That Don'T Require Photoshop,True,20,238,9,22,All Levels,0.0,2015-03-03 21:17:04+00:00,Graphic Design,0,0,1,1,
1094930,Diy Design Professional Web Banners In Photoshop 4 Beginners,True,200,6944,30,24,Beginner Level,0.0,2017-02-01 15:44:11+00:00,Graphic Design,1,1,1,1,
410196,Diy: Reduce Unpaid Federal Tax Thru  Irs Offer In Compromise,True,20,44,3,8,All Levels,0.0,2015-03-26 18:20:18+00:00,Business Finance,0,0,0,1,
982860,Django + Angularjs For A Powerful Web Application,True,95,4463,59,36,Intermediate Level,0.0,2016-10-13 17:34:00+00:00,Web Development,1,3,3,1,1.0
1071060,Django By Example,True,125,170,21,78,Expert Level,0.0,2017-01-13 02:50:03+00:00,Web Development,0,2,3,1,
993754,Django Core | A Reference Guide To Core Django Concepts,True,195,16282,303,159,Intermediate Level,0.0,2016-10-29 19:28:45+00:00,Web Development,1,3,3,1,
924216,Django For Beginners,True,175,534,16,51,Beginner Level,0.0,2016-08-23 18:49:41+00:00,Web Development,0,1,3,1,
581256,Django Tutorial: Build Your First App Fast & Free!,True,20,5228,180,27,Beginner Level,0.0,2015-09-08 00:17:23+00:00,Web Development,1,1,3,1,1.0
417088,Do Your Own Accounts,True,35,42,2,13,All Levels,0.0,2015-02-13 09:56:58+00:00,Business Finance,0,0,0,1,
640164,Doble Exposición Con Photoshop,True,20,36,0,5,All Levels,0.0,2015-10-15 23:12:58+00:00,Graphic Design,0,0,1,1,
909244,Docker For Developers - Newest Version 1.12 With Swarm Mode,True,95,767,104,81,Beginner Level,0.0,2016-07-22 15:37:25+00:00,Web Development,0,1,3,1,
714724,Docker Technologies For Devops And Developers,True,30,19210,3137,44,All Levels,0.0,2016-08-29 19:02:30+00:00,Web Development,1,0,3,1,
690918,Domina El Diseño Gráfico Para Web Con Photoshop Cc,True,70,211,34,66,All Levels,0.0,2015-12-30 01:54:02+00:00,Graphic Design,0,0,1,1,0.0
597084,Don'T Let Your Customers Run Your Business,True,50,7,3,28,Intermediate Level,0.0,2015-10-26 20:20:43+00:00,Business Finance,0,3,0,1,
868686,Double Entry Bookkeeping,True,50,440,17,10,Beginner Level,0.0,2016-06-15 18:23:18+00:00,Business Finance,0,1,0,1,1.0
364810,Double Your Forex Account Using The Magic Ma Trading Robot,True,65,1160,117,24,Intermediate Level,0.0,2014-12-10 21:45:30+00:00,Business Finance,1,3,0,1,
1178150,"Double Your Salary With Free, Local, Job Training Courses",True,20,8,1,8,All Levels,0.0,2017-04-17 16:33:31+00:00,Business Finance,0,0,0,1,
525446,Draw A Kitten,False,0,3812,68,11,All Levels,0.0,2015-06-12 18:37:40+00:00,Graphic Design,1,0,1,0,1.0
755680,Draw A Realistic Fantail Using Pencil,False,0,6754,109,20,All Levels,0.0,2016-02-11 22:05:05+00:00,Graphic Design,1,0,1,0,
1019552,Drawing And Paint  Hot Girl With Photoshop,True,35,74,1,11,All Levels,0.0,2016-11-24 22:02:38+00:00,Graphic Design,0,0,1,1,
546124,Drawing Anime & Manga Style,True,25,82,5,40,All Levels,0.0,2015-07-10 23:16:44+00:00,Graphic Design,0,0,1,1,0.0
93484,Drawing Cartoony Characters,True,20,1564,103,9,Beginner Level,0.0,2013-10-09 00:45:01+00:00,Graphic Design,1,1,1,1,
551964,Drawing For All Levels: How To Design Cartoon Women,True,20,5,2,20,All Levels,0.0,2015-07-14 22:01:30+00:00,Graphic Design,0,0,1,1,
909486,Drawing Fun Caricatures! :) -The Best Method!,True,25,41,11,6,All Levels,0.0,2016-07-20 21:40:44+00:00,Graphic Design,0,0,1,1,
637402,Drawing In Perspective,True,25,426,63,28,All Levels,0.0,2016-05-27 19:39:14+00:00,Graphic Design,0,0,1,1,
632136,Drawing In Powerpoint: Block Diagram + Experiments + Cartoon,True,155,2911,29,37,Beginner Level,0.0,2015-11-11 23:41:48+00:00,Graphic Design,1,1,1,1,
231970,Drawing Perspective For Beginners,True,150,736,50,44,All Levels,0.0,2016-03-20 21:38:48+00:00,Graphic Design,0,0,1,1,
16689,Drawing With Confidence,True,25,105,7,10,All Levels,0.0,2012-05-04 07:24:05+00:00,Graphic Design,0,0,1,1,0.0
210020,Drum Lessons For Beginners,True,50,70,2,17,Beginner Level,0.0,2014-05-17 18:24:30+00:00,Musical Instruments,0,1,2,1,0.0
818786,Drum Lessons For Beginners,True,95,14,1,34,Beginner Level,0.0,2016-04-13 21:02:15+00:00,Musical Instruments,0,1,2,1,0.0
56970,Drum Set For Beginners,True,20,119,8,26,Beginner Level,0.0,2013-10-02 02:34:36+00:00,Musical Instruments,0,1,2,1,
809492,Drumming 101: The Essential Elements,True,50,4,0,17,Beginner Level,0.0,2017-05-02 13:26:22+00:00,Musical Instruments,0,1,2,1,0.0
1010274,Drumming Accelerator: How To Get The Best Start Possible,True,200,1594,4,34,Beginner Level,0.0,2017-04-18 16:33:28+00:00,Musical Instruments,1,1,2,1,
777650,Drumming For Beginners - Simple Way To Learn How To Drum,True,20,1814,28,22,Beginner Level,0.0,2016-03-02 18:06:21+00:00,Musical Instruments,1,1,2,1,1.0
1217408,Drums For Beginners,False,0,1618,4,15,Beginner Level,0.0,2017-06-19 20:58:55+00:00,Musical Instruments,1,1,2,0,
19422,Drupal 7 For Beginners,True,35,926,102,37,All Levels,0.0,2012-06-14 18:15:00+00:00,Web Development,1,0,3,1,
1079078,Drupal 8 Site Building,False,0,1942,23,48,All Levels,0.0,2017-05-02 05:15:52+00:00,Web Development,1,0,3,0,1.0
368786,Drupal For Beginners,True,30,1478,18,83,Beginner Level,0.0,2015-01-26 06:54:58+00:00,Web Development,1,1,3,1,1.0
1189288,Drupal Tutorial : Drupal 8 Beginner To Expert In 8 Projects,True,200,1270,16,73,Beginner Level,0.0,2017-05-01 23:07:05+00:00,Web Development,1,1,3,1,
488220,Drupal Views: Introduction To Enhancing Your Drupal Website,True,105,1262,36,40,Beginner Level,0.0,2015-05-07 19:49:34+00:00,Web Development,1,1,3,1,
991290,Dynamic Javascript Master Class Ajax Json Simple Apis,True,200,9773,117,65,Intermediate Level,0.0,2016-10-24 15:36:40+00:00,Web Development,1,3,3,1,1.0
492954,見てわかる！やさしく独習アコギ（入門編）Taka先生のアコースティックギターレッスンⅠ,True,20,41,3,48,Beginner Level,0.0,2015-07-06 18:23:31+00:00,Musical Instruments,0,1,2,1,
1028656,财务分析与估值建模入门,False,0,505,43,10,Beginner Level,0.0,2016-12-03 14:55:06+00:00,Business Finance,0,1,0,0,
1164720,调色中级课程,True,200,5,3,7,Beginner Level,0.0,2017-03-31 17:19:38+00:00,Graphic Design,0,1,1,1,
1164570,调色高级讲解,True,200,4,2,8,Beginner Level,0.0,2017-03-31 17:16:15+00:00,Graphic Design,0,1,1,1,
1009622,超基礎！超入門！〜作りながら学ぶ。完全無料3DcgソフトBlender〜,True,80,8,1,43,Beginner Level,0.0,2016-12-14 01:25:19+00:00,Graphic Design,0,1,1,1,
1137310,自分に合った投資信託を見つけよう！,True,25,859,49,23,Beginner Level,0.0,2017-03-31 17:41:24+00:00,Business Finance,0,1,0,1,1.0
881778,資産運用の基礎を学ぶファイナンス入門,True,20,114,13,52,Beginner Level,0.0,2016-07-07 18:16:41+00:00,Business Finance,0,1,0,1,
672112,誰でもわかる Adobe Illustrator Cs5,True,20,1,0,13,Beginner Level,0.0,2015-11-24 17:36:47+00:00,Graphic Design,0,1,1,1,
647520,誰でもわかる Adobe Illustrator Cs6,True,20,11,2,15,Beginner Level,0.0,2015-10-22 18:40:54+00:00,Graphic Design,0,1,1,1,
672086,誰でもわかる Adobe Photoshop Cs5,True,20,1,0,14,Beginner Level,0.0,2015-11-24 17:17:32+00:00,Graphic Design,0,1,1,1,
297702,Earn And Learn To Create Logo Designs In Illustrator Quickly,True,50,18,1,7,All Levels,0.0,2014-09-10 14:19:56+00:00,Graphic Design,0,0,1,1,
1027276,"Earn Big Profits With Web Development, Simple And Easy!",True,90,3073,27,13,Beginner Level,0.0,2017-01-18 22:48:53+00:00,Web Development,1,1,3,1,
392836,Easily Learn Web Development With Drop & Drag: Optimizepress,True,20,1442,9,25,Beginner Level,0.0,2015-01-23 06:46:27+00:00,Web Development,1,1,3,1,
1047408,Easy Coloring Book Design,True,25,0,0,9,Beginner Level,0.0,2016-12-22 00:46:38+00:00,Graphic Design,0,1,1,1,
953432,Easy Finance For Startups,True,50,9,4,6,Beginner Level,0.0,2016-10-16 21:15:15+00:00,Business Finance,0,1,0,1,
81064,Easy Forex And Futures Trading,True,100,218,5,66,All Levels,0.0,2013-12-31 01:22:44+00:00,Business Finance,0,0,0,1,
1134842,Easy Guitar Songwriting And Harmony,True,20,82,3,62,Beginner Level,0.0,2017-03-14 16:24:13+00:00,Musical Instruments,0,1,2,1,0.0
1168910,Easy Illustration And 2D Animation,True,65,56,16,7,All Levels,0.0,2017-04-18 16:12:42+00:00,Graphic Design,0,0,1,1,1.0
619716,Easy Market Profits: 3 Step Stock Investing Strategy,True,20,486,3,14,Beginner Level,0.0,2015-09-23 18:07:30+00:00,Business Finance,0,1,0,1,
196234,Easy Piano - Learn And Play Along,True,20,11,1,48,Beginner Level,0.0,2014-05-14 01:21:57+00:00,Musical Instruments,0,1,2,1,
146852,"Easy Piano Basics™ - Learn Piano, No Prior Experience Needed",True,20,377,8,14,All Levels,0.0,2014-01-30 16:29:05+00:00,Musical Instruments,0,0,2,1,
476000,Easy Piano For Kids - Complete Beginner Piano Course,True,115,139,8,104,Beginner Level,0.0,2015-06-26 22:34:55+00:00,Musical Instruments,0,1,2,1,
397946,Easy Steps To Become A Photoshop Expert,True,20,1081,11,47,All Levels,0.0,2015-01-29 04:40:00+00:00,Graphic Design,1,0,1,1,
692658,Easy To Play Christmas Songs For Guitar,True,100,1229,8,11,All Levels,0.0,2015-12-12 00:29:50+00:00,Musical Instruments,1,0,2,1,
558432,Easy Typography Tips To Beautify And Strengthen Your Work,True,45,3192,11,18,Intermediate Level,0.0,2015-08-06 21:35:13+00:00,Graphic Design,1,3,1,1,
335902,Ebook Cover Design,True,20,30,3,14,Intermediate Level,0.0,2014-11-04 20:56:51+00:00,Graphic Design,0,3,1,1,
334838,Economics - Cfa Level 1 - 2014,True,20,135,20,24,Beginner Level,0.0,2014-11-08 13:48:00+00:00,Business Finance,0,1,0,1,
1010988,Economics For Beginners - Various Concepts,True,25,2,0,34,Beginner Level,0.0,2017-01-02 14:58:36+00:00,Business Finance,0,1,0,1,
799434,"Economics:   Competition, Elasticity, A Little Game Theory",True,50,1008,14,42,All Levels,0.0,2016-04-12 15:12:18+00:00,Business Finance,1,0,0,1,
1077836,Ecover Mastery In 30 Minutes With No Photoshop Skills Needed,True,20,1,0,10,Beginner Level,0.0,2017-01-23 21:55:40+00:00,Graphic Design,0,1,1,1,
463354,Editorial Illustration Tutorial: From Drawing To Photoshop,True,45,774,39,35,All Levels,0.0,2015-04-08 16:57:23+00:00,Graphic Design,0,0,1,1,
682986,Effective Debt Collection Strategies,True,40,5,2,16,Intermediate Level,0.0,2015-11-30 22:38:49+00:00,Business Finance,0,3,0,1,0.0
294294,Effective Ios & Android App Icon Design,True,20,1933,25,13,Beginner Level,0.0,2014-09-09 14:36:37+00:00,Graphic Design,1,1,1,1,
810550,Effective Personal Website Building And Hosting,True,20,4259,0,11,All Levels,0.0,2016-04-11 22:36:52+00:00,Web Development,1,0,3,1,1.0
512400,Eft For Stock Options Trading Success & Making Better Trades,True,95,4530,13,31,All Levels,0.0,2015-08-06 19:08:20+00:00,Business Finance,1,0,0,1,
469848,Einnahmen Aus Udemy-Kursen Als Dozent Korrekt Versteuern,True,30,66,16,11,Beginner Level,0.0,2015-04-09 18:14:44+00:00,Business Finance,0,1,0,1,
455676,Electric Bass For Busy Beginners Course 1,True,50,114,15,13,All Levels,0.0,2015-04-27 20:20:47+00:00,Musical Instruments,0,0,2,1,
277770,Electric Bass Right From The Start,True,100,239,1,9,Beginner Level,0.0,2016-03-14 16:42:12+00:00,Musical Instruments,0,1,2,1,
1159988,Electric Guitar For Beginners - Rockstarter Level 1,True,40,491,5,29,Beginner Level,0.0,2017-03-30 16:37:29+00:00,Musical Instruments,0,1,2,1,
1200530,Electron For Desktop Apps: The Complete Developer'S Guide,True,50,2606,241,77,Beginner Level,0.0,2017-05-16 19:43:44+00:00,Web Development,1,1,3,1,1.0
199450,"Elite Trend Trader: Learn To Trade Stocks, Options & Forex",True,125,6451,237,28,All Levels,0.0,2014-04-16 13:58:31+00:00,Business Finance,1,0,0,1,
236080,Elliott Wave -Forex Trading With The Elliott Wave Theory,True,90,4022,35,14,Expert Level,0.0,2016-12-15 15:49:13+00:00,Business Finance,1,2,0,1,1.0
1174446,Email Marketing: Send Unlimited Emails Via Own Mail Server,True,35,3539,43,20,Beginner Level,0.0,2017-04-19 00:28:15+00:00,Web Development,1,1,3,1,
1062092,Emini Es Futures - Advanced Non Directional Options Trading,True,200,1057,15,14,All Levels,0.0,2017-01-11 20:48:19+00:00,Business Finance,1,0,0,1,
470288,Emmet Faster Html & Css Workflow - Best Tool For Developers,False,0,26697,1097,20,All Levels,0.0,2015-04-09 16:36:06+00:00,Web Development,1,0,3,0,
1169188,Energiespar-Formel // Mehr Geld Durch Wasser Sparen Zuhause,True,50,21,2,54,All Levels,0.0,2017-04-14 21:55:50+00:00,Business Finance,0,0,0,1,0.0
692918,Enhance Your Chroma Key With An Animated Slides Background,True,25,361,2,9,Intermediate Level,0.0,2016-07-04 18:50:33+00:00,Graphic Design,0,3,1,1,
631480,Enseñando Música: Mejora Tus Clases De Instrumento,True,30,111,3,18,Beginner Level,0.0,2015-10-07 18:01:05+00:00,Musical Instruments,0,1,2,1,
616564,Entiende La Contabilidad Y Consigue Un Aumento De Salario,True,20,260,18,17,Beginner Level,0.0,2015-09-23 15:25:09+00:00,Business Finance,0,1,0,1,
179824,Equity Products,True,50,426,17,16,All Levels,0.0,2014-03-11 15:48:52+00:00,Business Finance,0,0,0,1,
180360,Equity Swaps,True,50,394,25,18,All Levels,0.0,2014-03-13 22:12:01+00:00,Business Finance,0,0,0,1,
1034560,"Erfolgreich Als Signalgeber/In, Per Social- Und Copytrading",True,60,1,1,33,All Levels,0.0,2016-12-13 20:39:39+00:00,Business Finance,0,0,0,1,
1211366,Es6 / Ecmascript 6 For Beginners An Introduction,False,0,3227,19,21,Intermediate Level,0.0,2017-06-22 22:01:11+00:00,Web Development,1,3,3,0,
861624,Es6 Javascript: The Complete Developer'S Guide,True,80,13010,2709,68,Beginner Level,0.0,2016-07-12 15:29:32+00:00,Web Development,1,1,3,1,
1193536,Escalas Pentatónicas Para Guitarristas,True,25,11,3,23,All Levels,0.0,2017-06-02 15:54:33+00:00,Musical Instruments,0,0,2,1,
443502,Essential Finance For Managers,True,25,663,10,79,All Levels,0.0,2015-04-16 20:10:00+00:00,Business Finance,0,0,0,1,1.0
470412,"Essential Html, Css & Html5 Training",True,50,1553,35,43,Beginner Level,0.0,2015-04-12 22:20:58+00:00,Web Development,1,1,3,1,
531290,"Essential Javascript, Jquery And Angularjs Training",True,30,2919,136,70,Intermediate Level,0.0,2015-07-09 22:41:32+00:00,Web Development,1,3,3,1,0.0
38456,Essential Options: Strategies For Mastering The Stock Market,True,50,211,9,27,Intermediate Level,0.0,2013-03-06 05:28:43+00:00,Business Finance,0,3,0,1,
852060,Essential Skills For Designers - Adobe Bridge,True,20,14,5,13,All Levels,0.0,2016-05-17 23:40:40+00:00,Graphic Design,0,0,1,1,
49553,Essential Skills For Designers - Masking,True,45,646,30,25,All Levels,0.0,2013-05-11 17:38:32+00:00,Graphic Design,0,0,1,1,
53549,Essential Skills For Designers - Mastering The Pen Tool,True,45,387,24,24,All Levels,0.0,2013-05-13 12:59:21+00:00,Graphic Design,0,0,1,1,
53556,Essential Skills For Designers - Working With Type,True,45,219,11,25,All Levels,0.0,2013-05-13 12:59:44+00:00,Graphic Design,0,0,1,1,
1116196,Essential Theory And Technique For Guitar,False,0,2285,34,22,Beginner Level,0.0,2017-02-25 00:24:16+00:00,Musical Instruments,1,1,2,0,
422918,Essentials Of Finance And Investment In 2 Hours,True,20,1403,6,14,Beginner Level,0.0,2015-06-01 21:48:13+00:00,Business Finance,1,1,0,1,
607048,Essentials Of Javascript Practice Coding Exercises Tips,True,80,28125,115,21,Beginner Level,0.0,2015-09-25 22:30:00+00:00,Web Development,1,1,3,1,
837322,Essentials Of Money Value: Get A Financial Life !,True,20,0,0,20,All Levels,0.0,2016-05-16 18:28:30+00:00,Business Finance,0,0,0,1,
1248172,Essentials Of Spring 5.0 For Developers,True,125,34,2,21,Expert Level,0.0,2017-06-11 18:34:40+00:00,Web Development,0,2,3,1,
501384,Essentials Of Swing Trading Stocks,True,20,105,9,5,All Levels,0.0,2015-06-03 18:00:18+00:00,Business Finance,0,0,0,1,
737182,Estrategias De Inversión Aplicadas Al Mundo Del Trading,True,20,9,2,25,All Levels,0.0,2016-05-26 21:11:53+00:00,Business Finance,0,0,0,1,0.0
997128,Estrategias De Trading En Bolsa,True,25,15,2,14,All Levels,0.0,2016-12-10 01:25:07+00:00,Business Finance,0,0,0,1,
1180960,Estruturação Financeira,True,45,18,3,18,All Levels,0.0,2017-05-08 02:40:04+00:00,Business Finance,0,0,0,1,
869652,Ethereum Course For Investors,True,40,111,20,11,All Levels,0.0,2016-06-09 04:21:43+00:00,Business Finance,0,0,0,1,
967058,Ethereum Developer: Build A Decentralised Blockchain App,True,195,3169,527,38,All Levels,0.0,2016-09-26 17:50:36+00:00,Web Development,1,0,3,1,
505144,Eu Funding: Module 2 - Introduction To Horizon 2020,True,20,11,1,6,Intermediate Level,0.0,2015-05-20 00:00:42+00:00,Business Finance,0,3,0,1,
856950,Euphonium Pro Series - Fall In Love With The Euphonium,True,50,44,2,40,All Levels,0.0,2016-05-24 16:46:58+00:00,Musical Instruments,0,0,2,1,
471352,"Euphonium Solos: Learn To Perform Three Fun, Unique Pieces!",True,50,90,2,61,All Levels,0.0,2015-04-16 16:55:20+00:00,Musical Instruments,0,0,2,1,
365926,Events Promotion Design,True,45,4,0,9,Intermediate Level,0.0,2016-02-11 21:43:10+00:00,Graphic Design,0,3,1,1,
1064904,Evolution And Features Of Etfs,True,100,0,0,10,All Levels,0.0,2017-04-03 22:17:10+00:00,Business Finance,0,0,0,1,
756520,Exam 1 Review - Managerial Accounting (U Of H),True,30,47,9,22,Beginner Level,0.0,2016-02-11 16:23:46+00:00,Business Finance,0,1,0,1,
872204,"Excel 4 Accounting & Bookkeeping - Master Date,Time & Text",True,35,15,1,12,All Levels,0.0,2016-06-27 21:19:23+00:00,Business Finance,0,0,0,1,
760990,Excel 4 Accounting & Bookkeeping - Master Lookup Functions,True,35,2638,140,12,All Levels,0.0,2016-02-13 03:19:09+00:00,Business Finance,1,0,0,1,
985922,Excel Crash Course: Master Excel For Financial Analysis,True,105,8121,689,40,All Levels,0.0,2016-10-18 00:51:59+00:00,Business Finance,1,0,0,1,1.0
445916,Excel Dashboard - Interactive Excel Dashboard And Charts,True,30,843,54,34,All Levels,0.0,2015-03-19 16:57:50+00:00,Business Finance,0,0,0,1,
474238,Excel Functions To Analyze And Visualize Data,True,20,2283,54,16,Intermediate Level,0.0,2015-04-20 18:52:32+00:00,Business Finance,1,3,0,1,
1206414,Excelを使ってビジネスシミュレーション：基礎編,True,85,22,5,47,Beginner Level,0.0,2017-05-18 22:31:23+00:00,Business Finance,0,1,0,1,
494078,Expert Guide : Mastering Functions In Javascript !,True,195,3015,30,19,All Levels,0.0,2015-06-19 22:58:29+00:00,Web Development,1,0,3,1,
464184,Expert Guide : Mastering Photoshop Smart Objects In Depth !,True,195,3360,26,16,All Levels,0.0,2015-04-07 22:23:50+00:00,Graphic Design,1,0,1,1,
494058,Expert Guide : Mastering Shapes Creation With Illustrator,True,200,2911,17,35,All Levels,0.0,2015-05-25 19:01:26+00:00,Graphic Design,1,0,1,1,
519968,Expert Guide : Mastering Types Feature In Illustrator !,True,190,1552,11,27,All Levels,0.0,2015-11-04 18:38:17+00:00,Graphic Design,1,0,1,1,
474076,Expert Retina / Hidpi Graphics In Photoshop & Illustrator,True,195,2067,8,18,All Levels,0.0,2015-04-26 19:50:34+00:00,Graphic Design,1,0,1,1,
1140532,Explore Javascript Beginners Guide To Coding Javascript,True,200,5739,26,29,Beginner Level,0.0,2017-03-12 21:38:57+00:00,Web Development,1,1,3,1,
1042382,Explosão Pentatônica,True,55,42,5,19,All Levels,0.0,2016-12-22 14:13:13+00:00,Musical Instruments,0,0,2,1,0.0
701634,Expressjs Fundamentals,False,0,21245,914,9,Beginner Level,0.0,2016-01-11 18:53:48+00:00,Web Development,1,1,3,0,1.0
857144,Facebook Covers In Powerpoint,True,95,1123,31,13,Beginner Level,0.0,2016-05-23 18:15:45+00:00,Graphic Design,1,1,1,1,
1133648,Fantasy Map Design,True,30,7,2,18,All Levels,0.0,2017-03-16 16:31:23+00:00,Graphic Design,0,0,1,1,0.0
275294,Fasttrack To Stock Trading Strategies,True,25,5685,5,12,All Levels,0.0,2014-08-05 18:24:18+00:00,Business Finance,1,0,0,1,
609642,Ferramentas Visuais,False,0,817,42,18,Beginner Level,0.0,2015-10-09 23:42:33+00:00,Graphic Design,0,1,1,0,
17349,Figure Drawing From Life Using The Reilly Technique.,False,0,47811,1041,22,All Levels,0.0,2012-05-09 18:14:57+00:00,Graphic Design,1,0,1,0,
441016,Filing With Companies House Uk,True,30,30,5,9,All Levels,0.0,2015-03-08 19:26:34+00:00,Business Finance,0,0,0,1,
514398,Finalize Production Files | Photoshop Illustrator Indesign,True,50,18,2,30,All Levels,0.0,2015-06-17 22:35:25+00:00,Graphic Design,0,0,1,1,
109622,Finance - Ratios Analysis & Interpretations,True,30,10338,52,41,Beginner Level,0.0,2013-10-23 18:34:25+00:00,Business Finance,1,1,0,1,
32908,Finance And Accounting For Startups,True,50,1175,92,75,All Levels,0.0,2013-01-15 02:01:23+00:00,Business Finance,1,0,0,1,1.0
249934,Finance For Non Finance Executives,True,180,944,44,187,Beginner Level,0.0,2014-06-25 15:09:12+00:00,Business Finance,1,1,0,1,0.0
595258,Finance For Non-Finance: Learn Quick And Easy,True,20,4158,51,30,Beginner Level,0.0,2016-02-25 21:48:39+00:00,Business Finance,1,1,0,1,
570996,Finance Fundamentals For Non Finance Leaders,True,20,37,7,15,All Levels,0.0,2015-08-04 21:56:58+00:00,Business Finance,0,0,0,1,
754028,Financial Accounting - A Brief Introduction,False,0,17847,1440,17,Beginner Level,0.0,2016-02-24 14:53:28+00:00,Business Finance,1,1,0,0,
1136912,Financial Accounting - The Ultimate Beginner Course,True,100,9,2,101,Beginner Level,0.0,2017-04-06 00:39:12+00:00,Business Finance,0,1,0,1,
941520,Financial Accounting For Beginners,True,60,164,3,22,All Levels,0.0,2016-09-25 18:41:49+00:00,Business Finance,0,0,0,1,
562668,Financial Accounting Made Easy For All,True,20,87,22,86,All Levels,0.0,2015-09-01 18:36:10+00:00,Business Finance,0,0,0,1,
773502,Financial Accounting Part 2 - Passing The Class,True,20,15,4,36,Beginner Level,0.0,2017-05-01 22:58:40+00:00,Business Finance,0,1,0,1,
777276,Financial Accounting Part I - Passing The Class,True,20,45,10,47,Beginner Level,0.0,2016-06-29 14:53:51+00:00,Business Finance,0,1,0,1,
829206,Financial Accounting Plus Excel And Sap Crash Course.,True,20,18,2,11,Beginner Level,0.0,2016-05-23 17:03:43+00:00,Business Finance,0,1,0,1,
757508,"Financial Accounting, Its Cycle, Statements & Analysis",True,20,853,4,35,Beginner Level,0.0,2016-03-08 16:40:40+00:00,Business Finance,0,1,0,1,
403468,Financial Accounting: The Complete Introductory Crash Course,True,100,2591,44,69,All Levels,0.0,2015-01-26 20:09:29+00:00,Business Finance,1,0,0,1,
743568,"Financial Analysis, From Scratch To Professional!",True,65,256,29,39,Beginner Level,0.0,2016-03-06 23:27:44+00:00,Business Finance,0,1,0,1,
189160,Financial Analysis:  A Recipe For Success,False,0,19614,635,14,All Levels,0.0,2014-04-23 15:10:52+00:00,Business Finance,1,0,0,0,
515326,Financial Analysis: Compare Performance Of Companies,True,20,1850,40,20,All Levels,0.0,2015-06-01 20:09:03+00:00,Business Finance,1,0,0,1,1.0
460652,Financial And Business Simulation With Microsoft Excel,True,20,44,5,8,Expert Level,0.0,2015-03-29 22:10:23+00:00,Business Finance,0,2,0,1,0.0
375594,Financial Management - A Complete Study,True,190,1941,128,527,All Levels,0.0,2014-12-22 16:57:30+00:00,Business Finance,1,0,0,1,1.0
256094,Financial Management - Ratio Analysis,True,20,2046,9,72,Beginner Level,0.0,2014-07-05 15:25:07+00:00,Business Finance,1,1,0,1,
471556,Financial Management Budgeting Techniques,True,20,2045,3,10,All Levels,0.0,2015-04-12 16:28:31+00:00,Business Finance,1,0,0,1,
430968,Financial Management Capital Market Instruments,True,25,2650,5,17,Beginner Level,0.0,2015-02-24 14:30:21+00:00,Business Finance,1,1,0,1,
742602,Financial Management Risk And Return For Securities,True,30,3607,21,19,All Levels,0.0,2016-02-03 18:04:01+00:00,Business Finance,1,0,0,1,
591724,Financial Market Environment & Investment Strategies,True,105,1,0,25,All Levels,0.0,2017-06-20 02:29:09+00:00,Business Finance,0,0,0,1,
407984,Financial Model Basics: Build A Model From Start To Finish,True,30,5057,142,13,Beginner Level,0.0,2015-02-06 07:12:25+00:00,Business Finance,1,1,0,1,
476880,Financial Model Fundamentals-Learn The Essential Skills,True,75,47,5,27,All Levels,0.0,2015-06-01 20:58:11+00:00,Business Finance,0,0,0,1,
895936,Financial Modeling - Build Your Own 3 Statement Projection,True,20,1092,48,13,Beginner Level,0.0,2016-07-05 20:58:26+00:00,Business Finance,1,1,0,1,
93850,Financial Modeling - Facebook Case Study,True,25,9,3,13,All Levels,0.0,2013-10-02 05:31:08+00:00,Business Finance,0,0,0,1,
885342,Financial Modeling 101,False,0,1086,37,5,Beginner Level,0.0,2016-12-19 23:43:54+00:00,Business Finance,1,1,0,0,
871358,Financial Modeling And Valuation: Complete Beginner To Pro,True,50,249,46,28,All Levels,0.0,2016-06-20 22:09:31+00:00,Business Finance,0,0,0,1,
1006314,Financial Modeling For Business Analysts And Consultants,True,45,2174,74,51,Intermediate Level,0.0,2016-12-19 19:26:30+00:00,Business Finance,1,3,0,1,
1023650,Financial Modeling For Professionals In 1 Day!,True,200,226,12,29,Intermediate Level,0.0,2016-12-05 16:33:34+00:00,Business Finance,0,3,0,1,
1154754,Financial Modeling For Startups & Small Businesses,True,195,4991,137,79,Beginner Level,0.0,2017-03-29 22:36:05+00:00,Business Finance,1,1,0,1,
130298,Financial Modeling In Excel For Startups,True,50,1334,86,54,Beginner Level,0.0,2014-01-05 03:44:26+00:00,Business Finance,1,1,0,1,
358062,Financial Modeling: Build A Complete Dcf Valuation Model,True,95,2240,185,44,All Levels,0.0,2014-12-03 21:41:25+00:00,Business Finance,1,0,0,1,
777932,Financial Modeling: Build A Dcf Equity Valuation Model,True,20,1369,17,31,All Levels,0.0,2016-03-06 21:33:58+00:00,Business Finance,1,0,0,1,
493014,Financial Modeling: Build A Forward Looking Financial Model,True,20,2317,44,22,All Levels,0.0,2015-05-05 17:47:11+00:00,Business Finance,1,0,0,1,
862786,Financial Modeling: Build A Multiples Valuation Model,True,20,656,17,20,All Levels,0.0,2016-05-30 18:00:22+00:00,Business Finance,0,0,0,1,
304000,Financial Modelling For Entrepreneurs,True,20,232,7,17,All Levels,0.0,2014-09-20 08:26:56+00:00,Business Finance,0,0,0,1,
818572,Financial Modelling In Excel Step By Step,True,20,13,2,17,Intermediate Level,0.0,2016-05-05 16:50:07+00:00,Business Finance,0,3,0,1,0.0
739390,Financial Planning & Analysis: Building A Company'S Budget,True,150,1988,137,27,All Levels,0.0,2016-06-15 23:45:51+00:00,Business Finance,1,0,0,1,
1119920,Financial Ratios Using Excel,True,100,1223,14,29,Beginner Level,0.0,2017-03-07 23:10:03+00:00,Business Finance,1,1,0,1,
313512,Financial Reporting - Fundamentals/Basics,True,20,2,0,28,Beginner Level,0.0,2014-11-08 02:53:57+00:00,Business Finance,0,1,0,1,
1107904,Financial Reporting A Comprehensive Study,True,50,45,1,72,All Levels,0.0,2017-02-09 21:58:02+00:00,Business Finance,0,0,0,1,
73860,Financial Risk Manager (Frm) Certification: Level I,True,50,87,25,113,All Levels,0.0,2013-10-26 12:54:58+00:00,Business Finance,0,0,0,1,0.0
65802,Financial Risk Manager (Frm) Certification: Level Ii,True,50,86,7,87,All Levels,0.0,2013-07-24 03:18:38+00:00,Business Finance,0,0,0,1,
1258666,Financial Statement Auditing Cycles,True,50,0,0,9,Intermediate Level,0.0,2017-06-29 23:20:10+00:00,Business Finance,0,3,0,1,
387348,Financial Statement Fundamentals For Small Biz & Investors,True,30,751,1,61,Beginner Level,0.0,2015-05-14 21:17:53+00:00,Business Finance,0,1,0,1,
707224,Financial Statement Review 101:  How To Find Errors,True,30,5,2,15,Beginner Level,0.0,2017-02-03 16:23:16+00:00,Business Finance,0,1,0,1,
698278,Financial Statements Analysis: Learn To Invest Like A Pro!,True,50,1237,54,35,Beginner Level,0.0,2016-02-04 17:03:14+00:00,Business Finance,1,1,0,1,
724062,Financial Statements Basics,True,20,1374,19,9,Beginner Level,0.0,2016-01-14 18:58:56+00:00,Business Finance,1,1,0,1,
58977,Financial Statements Made Easy,True,95,8095,249,12,Beginner Level,0.0,2013-06-09 00:21:26+00:00,Business Finance,1,1,0,1,
746366,Financial Statements: Learn Accounting. Unlock The Numbers.,True,40,222,12,35,Beginner Level,0.0,2016-02-17 17:55:46+00:00,Business Finance,0,1,0,1,
233294,Financial Translation,True,20,167,6,29,Beginner Level,0.0,2014-06-11 17:50:13+00:00,Business Finance,0,1,0,1,
815672,Finanzas Personales Para Vivir Libre De Deudas,True,75,76,13,77,Beginner Level,0.0,2016-04-27 17:01:52+00:00,Business Finance,0,1,0,1,
376712,Finanzas Personales: Logrando La Libertad Financiera,True,30,27,5,12,Beginner Level,0.0,2015-01-09 15:35:12+00:00,Business Finance,0,1,0,1,
364034,Finanzas Y Análisis Financiero: Manejo Seguro De Negocios,True,20,50,18,13,Beginner Level,0.0,2014-12-16 03:10:02+00:00,Business Finance,0,1,0,1,
945194,Finanzielle Unabhängigkeit-1: Erste Schritte Zur Million,True,20,465,51,28,Beginner Level,0.0,2016-09-12 21:20:45+00:00,Business Finance,0,1,0,1,
950748,Finanzielle Unabhängigkeit-2 Millionär Werden Mit Investment,True,20,384,37,18,Intermediate Level,0.0,2016-09-12 21:20:46+00:00,Business Finance,0,3,0,1,
950750,Finanzielle Unabhängigkeit-3 Millionär Werden Mit Immobilien,True,20,326,23,14,Expert Level,0.0,2016-09-12 21:20:48+00:00,Business Finance,0,2,0,1,0.0
779678,Finding An Unlimited Amount Of Investors,True,80,1187,6,6,All Levels,0.0,2016-03-03 22:25:41+00:00,Business Finance,1,0,0,1,
99946,Fingerpicking Blues Guitar Lessons - Bottleneck Guitar,True,20,237,12,6,Intermediate Level,0.0,2013-10-08 07:43:00+00:00,Musical Instruments,0,3,2,1,
574428,Fingerpicking Classics - Great Songs Played Fingerstyle!,True,20,953,11,13,All Levels,0.0,2015-08-07 22:08:40+00:00,Musical Instruments,1,0,2,1,1.0
482334,Fingerpicking For Guitar,True,20,35,4,26,All Levels,0.0,2016-09-14 16:38:02+00:00,Musical Instruments,0,0,2,1,
644820,Fingerpicking Fundamentals,True,20,75,7,22,Beginner Level,0.0,2015-11-01 20:45:47+00:00,Musical Instruments,0,1,2,1,0.0
638100,Fingerstyle Guitar By Jacques Stotzem - Advanced Level,True,30,77,4,14,All Levels,0.0,2015-10-13 20:36:14+00:00,Musical Instruments,0,0,2,1,0.0
1034414,Fingerstyle Guitar Mastery: 3 Techniques You Need To Know,False,0,3042,40,13,All Levels,0.0,2016-12-13 16:13:47+00:00,Musical Instruments,1,0,2,0,
636842,Fingerstyleguitar By Jacques Stotzem - Basic Level,True,30,119,12,16,All Levels,0.0,2015-10-12 22:02:04+00:00,Musical Instruments,0,0,2,1,
720814,First Steps To Trading The Forexmarkets : Technical Analysis,True,35,1772,19,15,Beginner Level,0.0,2016-01-08 21:40:03+00:00,Business Finance,1,1,0,1,
1090788,First Web Application With Spring Boot,True,40,2865,95,32,Beginner Level,0.0,2017-01-27 16:45:13+00:00,Web Development,1,1,3,1,1.0
660846,Five Steps To Becoming A Winner In Stock Investing,True,20,21,1,28,All Levels,0.0,2015-11-06 19:05:01+00:00,Business Finance,0,0,0,1,0.0
1139400,Fix Google'S New 'Not Secure' Warning With Let'S Encrypt!,True,95,1437,24,20,Beginner Level,0.0,2017-03-09 23:25:27+00:00,Web Development,1,1,3,1,
178776,Fixed Income Securities,True,50,739,54,24,All Levels,0.0,2014-03-11 16:29:50+00:00,Business Finance,0,0,0,1,
714188,"Fixed Income Valuation And Analysis, Cfa L2",True,20,50,6,12,All Levels,0.0,2016-01-04 21:01:48+00:00,Business Finance,0,0,0,1,
427066,Flamenco Guitar,True,25,136,20,34,Beginner Level,0.0,2015-12-07 21:39:25+00:00,Musical Instruments,0,1,2,1,
1114060,Flask Tutorial Step By Step,False,0,4645,171,19,Intermediate Level,0.0,2017-02-28 16:27:45+00:00,Web Development,1,3,3,0,
793000,Flat Design - Create Beautiful Flat Graphics In Photoshop,True,20,545,13,23,All Levels,0.0,2016-03-20 20:57:08+00:00,Graphic Design,0,0,1,1,0.0
834226,Flat Icon Design In Powerpoint,True,95,1534,24,23,Beginner Level,0.0,2016-05-03 00:54:17+00:00,Graphic Design,1,1,1,1,
1160196,Flexbox: The Complete Guide,True,35,189,7,16,All Levels,0.0,2017-06-09 23:29:48+00:00,Web Development,0,0,3,1,
304422,Flow Management And Forecasting,True,20,16,2,10,All Levels,0.0,2014-09-22 04:57:47+00:00,Business Finance,0,0,0,1,
785210,Flute Lessons For Beginners,True,95,3,0,41,Beginner Level,0.0,2016-03-09 00:34:03+00:00,Musical Instruments,0,1,2,1,
759130,Flute Pro Series - You'Re About To Love Practicing The Flute,True,50,135,1,28,All Levels,0.0,2016-04-01 16:31:20+00:00,Musical Instruments,0,0,2,1,
618586,"Flute Solos: Learn How To Perform Three Fun, Unique Pieces",True,50,156,4,62,All Levels,0.0,2015-09-22 22:02:02+00:00,Musical Instruments,0,0,2,1,
782256,Fmt: Forex Market Trader Certificate,True,20,1,0,27,All Levels,0.0,2016-03-17 17:43:59+00:00,Business Finance,0,0,0,1,
921560,For Free - Deploy Quickly Spring Boot On Heroku With Mysql,True,95,177,19,10,All Levels,0.0,2016-08-06 07:33:17+00:00,Web Development,0,0,3,1,
883394,Forex - Calculate Lot Size Like Pro,True,20,543,14,11,All Levels,0.0,2016-06-21 03:14:09+00:00,Business Finance,0,0,0,1,
235112,Forex - Catch The Big Market Moves In Forex,True,20,212,25,14,Intermediate Level,0.0,2014-06-02 06:52:58+00:00,Business Finance,0,3,0,1,
529718,Forex - Elliott Wave Theory With Fibonacci.,True,20,2769,54,32,All Levels,0.0,2015-06-19 22:06:07+00:00,Business Finance,1,0,0,1,
876898,Forex - Help I Cant Trade,True,200,12,0,20,All Levels,0.0,2016-10-18 18:51:48+00:00,Business Finance,0,0,0,1,
895030,Forex - Price Action Reversal Strategy,True,20,38,6,16,All Levels,0.0,2016-07-04 21:31:45+00:00,Business Finance,0,0,0,1,
882276,Forex - Top Equity Management Strategy,True,20,18,4,13,All Levels,0.0,2016-06-20 19:56:50+00:00,Business Finance,0,0,0,1,0.0
917172,Forex - Trade Gartley With Precision - Complete Strategy,True,20,50,1,23,All Levels,0.0,2016-07-29 16:49:37+00:00,Business Finance,0,0,0,1,
1046992,Forex & Financial Market Trading Tutorial- Online Strategies,False,0,3137,30,69,All Levels,0.0,2017-04-12 16:26:51+00:00,Business Finance,1,0,0,0,
706670,Forex : Learn Technical Analysis,True,200,1199,37,79,All Levels,0.0,2016-01-01 19:04:07+00:00,Business Finance,1,0,0,1,
725658,Forex : Learnto Trade The Improved ( Advanced ) Patterns,True,75,55,2,27,All Levels,0.0,2016-01-13 03:15:11+00:00,Business Finance,0,0,0,1,
97338,Forex Basics,False,0,22344,712,26,Beginner Level,0.0,2013-10-16 17:40:23+00:00,Business Finance,1,1,0,0,
373716,Forex Basics (Professional Course Level),True,20,6050,34,25,All Levels,0.0,2014-12-19 08:49:47+00:00,Business Finance,1,0,0,1,1.0
914164,Forex Basics: Learn How To Read And Analyze Forex Charts,True,195,11,0,45,Beginner Level,0.0,2016-09-22 16:40:03+00:00,Business Finance,0,1,0,1,
240256,Forex Breakout Profits: The Definitive Guide,True,25,521,60,27,All Levels,0.0,2014-11-30 19:52:37+00:00,Business Finance,0,0,0,1,
231256,Forex Currency Trading For Beginners,True,25,35,2,28,Beginner Level,0.0,2014-06-17 22:18:21+00:00,Business Finance,0,1,0,1,
103144,Forex Elite Trading,True,85,623,7,22,All Levels,0.0,2013-10-18 16:06:44+00:00,Business Finance,0,0,0,1,
509512,Forex For Beginners - A Guide To Currency Trading,True,20,68,10,23,Beginner Level,0.0,2015-05-25 18:19:21+00:00,Business Finance,0,1,0,1,0.0
1218552,Forex For Beginners: Easy Forex Trading For Beginners,False,0,1780,32,9,Beginner Level,0.0,2017-05-18 16:48:46+00:00,Business Finance,1,1,0,0,
236070,Forex Harmonic Trading- With Multiple Forex Chart Examples,True,135,313,16,25,All Levels,0.0,2016-11-28 17:21:07+00:00,Business Finance,0,0,0,1,0.0
1187084,Forex How Traders Beat The Markest With Little Experience,True,100,0,0,16,All Levels,0.0,2017-07-06 21:16:13+00:00,Business Finance,0,0,0,1,
403602,Forex Killing Divergence - How To Trade With Precision,True,20,1168,38,11,All Levels,0.0,2015-01-25 18:41:28+00:00,Business Finance,1,0,0,1,
658764,Forex Management - Detailed Study For Ca / Cs / Cfa Exams,True,50,131,2,38,All Levels,0.0,2015-11-03 18:54:45+00:00,Business Finance,0,0,0,1,
308696,Forex Metatrader 4: Master Mt4 Like A Pro Forex Trader,True,150,2602,402,57,Beginner Level,0.0,2015-10-28 17:32:56+00:00,Business Finance,1,1,0,1,
999262,Forex Online Live Trading System (Special Offer),True,200,31,8,34,All Levels,0.0,2016-11-07 14:51:41+00:00,Business Finance,0,0,0,1,
598846,Forex Para Principiantes-Ejemplos En Vivo De Trading Real,True,140,813,94,52,Beginner Level,0.0,2015-10-05 16:19:45+00:00,Business Finance,0,1,0,1,
478598,Forex Prep Academy For Beginners-Real Trades!,True,75,1303,21,44,Beginner Level,0.0,2015-06-19 15:22:42+00:00,Business Finance,1,1,0,1,
614510,Forex Rate -Why It Fluctuates -For Ca / Cma / Cs / Cfa Exams,True,20,2239,4,7,All Levels,0.0,2015-09-20 20:25:11+00:00,Business Finance,1,0,0,1,
260470,Forex Robots: Expect To Earn 175% P.A. Forex Robot Included!,True,200,10603,872,42,All Levels,0.0,2014-10-12 21:19:11+00:00,Business Finance,1,0,0,1,
737514,Forex Scam: Avoid The Scam Today,True,20,1086,27,28,All Levels,0.0,2016-02-05 00:04:50+00:00,Business Finance,1,0,0,1,
671578,Forex Sos Course: Trading Tweaks And Working Forex Strategy,True,50,1315,48,59,Beginner Level,0.0,2015-11-18 22:40:10+00:00,Business Finance,1,1,0,1,
308694,"Forex Strategies: Kelly Criterion, Larry Williams And More!",True,185,5528,506,32,All Levels,0.0,2015-02-19 11:31:27+00:00,Business Finance,1,0,0,1,
798740,Forex Traders - Create Your First Trading Robot. No Coding!,True,200,2295,84,39,All Levels,0.0,2016-05-02 19:26:48+00:00,Business Finance,1,0,0,1,
324656,Forex Trading,True,95,136,14,25,All Levels,0.0,2014-11-18 10:52:45+00:00,Business Finance,0,0,0,1,1.0
709500,Forex Trading -  Learn To Trade Forex Like The Banks,True,20,3223,240,23,All Levels,0.0,2016-03-30 15:29:03+00:00,Business Finance,1,0,0,1,
881378,Forex Trading -  Learn To Trade From Scratch!,True,20,1423,103,37,Beginner Level,0.0,2016-06-19 14:56:45+00:00,Business Finance,1,1,0,1,1.0
891484,Forex Trading - Advanced Fundamental Analysis,True,20,1754,100,49,Intermediate Level,0.0,2016-06-30 17:06:46+00:00,Business Finance,1,3,0,1,
964828,Forex Trading - Learn An Effective Forex Trading Strategy,True,95,223,34,16,All Levels,0.0,2016-12-14 22:45:02+00:00,Business Finance,0,0,0,1,0.0
1100054,Forex Trading - Learn In A Quick + Profitable Way + Support,True,100,271,48,47,All Levels,0.0,2017-02-20 23:45:20+00:00,Business Finance,0,0,0,1,
1050168,Forex Trading : Power Of Moving Averages,True,200,100,24,33,All Levels,0.0,2017-01-02 15:18:21+00:00,Business Finance,0,0,0,1,
1041522,Forex Trading :Rsi Indicator-A Secret Weapon,True,95,57,13,14,All Levels,0.0,2016-12-21 14:44:15+00:00,Business Finance,0,0,0,1,
308690,Forex Trading A-Z™ - With Live Examples Of Forex Trading,True,195,16900,2476,52,Beginner Level,0.0,2014-12-12 23:58:39+00:00,Business Finance,1,1,0,1,
838260,Forex Trading Basic To Advance Professional Level Course,True,20,750,13,28,All Levels,0.0,2016-05-05 19:34:08+00:00,Business Finance,0,0,0,1,
794151,Forex Trading Course: Work Smarter Not Harder Proven Results,True,195,4061,52,16,All Levels,0.0,2016-03-16 15:40:19+00:00,Business Finance,1,0,0,1,
706942,Forex Trading For Beginners,False,0,9483,183,22,Beginner Level,0.0,2016-01-14 02:46:59+00:00,Business Finance,1,1,0,0,
1188178,Forex Trading For Beginners - Basics,True,50,989,9,11,All Levels,0.0,2017-04-24 16:42:56+00:00,Business Finance,1,0,0,1,
1240408,Forex Trading For Beginners Vol 1:A Forex Course Made Simple,True,175,3,0,27,Beginner Level,0.0,2017-07-04 22:23:09+00:00,Business Finance,0,1,0,1,
830870,Forex Trading For Beginners: Technical Trading,False,0,1685,29,16,Beginner Level,0.0,2016-04-28 22:42:54+00:00,Business Finance,1,1,0,0,
1018380,Forex Trading Like Banks – Step By Step With Live Examples,True,195,677,45,40,All Levels,0.0,2016-12-18 16:13:47+00:00,Business Finance,0,0,0,1,0.0
575476,Forex Trading Made Simple,True,100,45,4,31,All Levels,0.0,2015-09-25 19:08:09+00:00,Business Finance,0,0,0,1,
722174,Forex Trading Make Your First Trade Today!,True,150,3523,46,45,All Levels,0.0,2016-01-10 21:39:39+00:00,Business Finance,1,0,0,1,
972126,Forex Trading Masterclass - Learn To Trade Better,True,200,152,7,30,All Levels,0.0,2016-10-09 21:19:54+00:00,Business Finance,0,0,0,1,
721746,Forex Trading Plan,True,50,21,3,24,All Levels,0.0,2016-02-13 05:53:11+00:00,Business Finance,0,0,0,1,
843536,Forex Trading Profit 183%P.A : Trend Is Our Friend-Algotrend,True,120,54,11,12,All Levels,0.0,2016-12-05 17:01:51+00:00,Business Finance,0,0,0,1,0.0
327962,Forex Trading Profitably,True,20,512,13,15,All Levels,0.0,2014-11-04 12:37:45+00:00,Business Finance,0,0,0,1,
585752,"Forex Trading Secrets |Mt4 Robot (Ea) Inside, No Coding",True,150,2096,48,29,All Levels,0.0,2015-08-24 22:16:54+00:00,Business Finance,1,0,0,1,
592338,Forex Trading Secrets Of The Pros With Amazon'S Aws,True,200,4284,93,76,All Levels,0.0,2015-09-11 16:47:02+00:00,Business Finance,1,0,0,1,
1029062,Forex Trading System: Correlation Eur/Gbp Vs Gbp/Usd,True,50,33,4,26,Intermediate Level,0.0,2016-12-14 15:49:54+00:00,Business Finance,0,3,0,1,
877106,"Forex Trading Tactics, That Work!",True,20,10,1,5,Beginner Level,0.0,2016-06-16 20:23:51+00:00,Business Finance,0,1,0,1,0.0
543212,Forex Trading Using Professional Indicators By Top Traders,True,200,1699,40,28,All Levels,0.0,2015-07-07 20:37:59+00:00,Business Finance,1,0,0,1,1.0
538540,Forex Trading Vs Option Trading,True,95,1776,14,29,All Levels,0.0,2015-07-08 21:09:43+00:00,Business Finance,1,0,0,1,
850726,Forex Trading With Binary Options,True,25,136,28,21,All Levels,0.0,2016-05-16 21:40:10+00:00,Business Finance,0,0,0,1,
1243448,"Forex Trading With Fixed 'Risk Through Options Trading""",True,200,611,4,26,Beginner Level,0.0,2017-06-07 17:15:07+00:00,Business Finance,0,1,0,1,
1102462,Forex Trading With Price Action,True,195,484,57,19,Beginner Level,0.0,2017-03-14 18:30:55+00:00,Business Finance,0,1,0,1,
910650,Forex Trading: Comprehensive & Concise Forex Trading Course,True,160,2379,33,44,All Levels,0.0,2016-08-06 00:52:21+00:00,Business Finance,1,0,0,1,
1001010,Forex Trading: Strategia Correlazione Eur/Gbp Vs Gbp/Usd,True,50,137,39,27,Intermediate Level,0.0,2016-11-10 15:10:05+00:00,Business Finance,0,3,0,1,
244000,Forex Trading: The High Roi Forex Trading End Of Day Course,True,125,8,1,19,Intermediate Level,0.0,2014-06-16 11:02:39+00:00,Business Finance,0,3,0,1,
1266306,Forex Trading: Your Complete Guide To Get Started Like A Pro,True,140,1026,25,37,Beginner Level,0.0,2017-06-27 22:21:31+00:00,Business Finance,1,1,0,1,
805630,Forex/Opciones Binarias Para Principiantes,True,25,9,5,9,Beginner Level,0.0,2016-04-01 21:22:52+00:00,Business Finance,0,1,0,1,
773060,Forex: Economic News Trading,True,25,42,14,11,All Levels,0.0,2016-02-29 18:44:03+00:00,Business Finance,0,0,0,1,
696342,Forex: From Zero To Hero,True,150,152,27,26,All Levels,0.0,2017-02-07 05:21:14+00:00,Business Finance,0,0,0,1,
398798,Forex: Learn To Trade Forex And Fx Consistently,True,50,956,4,21,All Levels,0.0,2015-01-20 04:28:14+00:00,Business Finance,1,0,0,1,
702800,Forex: Presentation And  Analysis (Fundamental & Technical),True,50,14,3,22,Beginner Level,0.0,2016-01-16 02:52:22+00:00,Business Finance,0,1,0,1,
965306,Forex: What'S A Trend And When It Is Strong And Reliable,False,0,2955,43,30,Intermediate Level,0.0,2016-10-05 15:39:55+00:00,Business Finance,1,3,0,0,
944534,Forex:Trade Management & Psychology,True,150,13,0,19,Intermediate Level,0.0,2016-09-21 19:07:06+00:00,Business Finance,0,3,0,1,0.0
1174084,Formação De Preços Em Serviços,True,35,77,5,28,Intermediate Level,0.0,2017-04-26 05:08:15+00:00,Business Finance,0,3,0,1,
1029554,Formação Em Design Gráfico Com Corel Draw Versões X8 / 2017.,True,45,418,85,71,Beginner Level,0.0,2017-03-03 20:08:35+00:00,Graphic Design,0,1,1,1,
1164832,Formation Photoshop,True,200,6,0,11,Beginner Level,0.0,2017-05-15 14:15:55+00:00,Graphic Design,0,1,1,1,
105972,Foundation Of Options Trading And Investing,True,20,6374,21,14,All Levels,0.0,2013-10-16 04:41:28+00:00,Business Finance,1,0,0,1,
1087244,Foundation Skills On Adobe Illustrator: Learn Fast!,True,50,2489,39,16,Beginner Level,0.0,2017-03-01 21:54:39+00:00,Graphic Design,1,1,1,1,
311538,Foundations Of Front-End Web Development,False,0,8337,300,129,Beginner Level,0.0,2014-12-12 21:47:15+00:00,Web Development,1,1,3,0,
885413,Foundations Of Investing,True,40,0,0,18,Beginner Level,0.0,2016-07-27 21:07:46+00:00,Business Finance,0,1,0,1,
885974,Four Fundamentals Of Financial Planning,True,30,6219,23,20,All Levels,0.0,2017-02-14 04:42:58+00:00,Business Finance,1,0,0,1,
19421,Free Beginner Electric Guitar Lessons,False,0,101154,1042,95,Beginner Level,0.0,2012-06-15 17:00:33+00:00,Musical Instruments,1,1,2,0,
936884,Free Options 101 - Basic Of Call And Put Options In 1 Hours,False,0,2481,71,26,All Levels,0.0,2016-08-22 18:10:12+00:00,Business Finance,1,0,0,0,
1136038,Free Ways To Create Passive Income Online,True,25,0,0,27,Beginner Level,0.0,2017-04-17 22:33:13+00:00,Business Finance,0,1,0,1,
854746,Freelancing A-Z: How To Start A Successful Freelance Career,True,195,2267,28,81,All Levels,0.0,2016-05-24 17:13:50+00:00,Graphic Design,1,0,1,1,
619856,French Horn Solos: Learn How To Perform Three Fun Pieces!,True,50,88,1,48,All Levels,0.0,2015-09-24 00:34:24+00:00,Musical Instruments,0,0,2,1,
1196816,From 0 To 1: Bond Theory And Valuation,True,50,223,2,29,Beginner Level,0.0,2017-05-02 05:53:56+00:00,Business Finance,0,1,0,1,0.0
1196728,From 0 To 1: Investments And Portfolio Theory,True,50,230,0,22,Beginner Level,0.0,2017-05-01 23:42:52+00:00,Business Finance,0,1,0,1,0.0
429866,From Drawing To Illustration,True,20,237,25,32,Beginner Level,0.0,2015-04-17 17:20:21+00:00,Graphic Design,0,1,1,1,
823996,"Full Stack Javascript: Learn Backbone.Js, Node.Js & Mongodb",True,50,6134,93,15,Beginner Level,0.0,2016-04-17 20:13:31+00:00,Web Development,1,1,3,1,
1115348,"Full Stack Universal React With Redux, Node Js And Mongodb",True,195,1121,174,62,Intermediate Level,0.0,2017-05-08 21:59:53+00:00,Web Development,1,3,3,1,1.0
121490,Fullpage: The Complete Guide To Flat Websites,True,20,817,14,13,All Levels,0.0,2013-11-18 08:27:35+00:00,Graphic Design,0,0,1,1,
1014776,Full-Stack Web Apps With Meteor And React,True,85,3295,531,162,All Levels,0.0,2016-11-23 23:05:38+00:00,Web Development,1,0,3,1,
394832,Fun And Creative Web Engineering With Python And Web2Py,False,0,10917,319,25,All Levels,0.0,2015-06-09 19:51:50+00:00,Web Development,1,0,3,0,
1041176,Fun Beginner Ukulele Course,True,55,1409,41,17,Beginner Level,0.0,2016-12-21 00:56:03+00:00,Musical Instruments,1,1,2,1,
1098994,Fun Ukulele Strumming Course,True,45,3141,10,15,Beginner Level,0.0,2017-02-02 18:41:15+00:00,Musical Instruments,1,1,2,1,
355374,Fund Flow Analysis For Ca / Cfa / Cpa Exams,True,25,1184,2,7,Intermediate Level,0.0,2014-11-28 11:43:27+00:00,Business Finance,1,3,0,1,
172898,Fundamental Financial Math,True,50,406,13,15,All Levels,0.0,2014-03-04 19:36:43+00:00,Business Finance,0,0,0,1,
945750,Fundamentals Of Accounting,True,20,1560,43,25,All Levels,0.0,2016-08-31 22:03:44+00:00,Business Finance,1,0,0,1,1.0
831940,Fundamentals Of Accounting For Business Owners,True,20,217,0,47,Beginner Level,0.0,2017-02-06 16:35:44+00:00,Business Finance,0,1,0,1,
826568,Fundamentals Of Angular 2 Full Stack Design,True,95,314,43,49,Beginner Level,0.0,2016-04-21 15:10:14+00:00,Web Development,0,1,3,1,
1163768,Fundamentals Of Character Design: From Concept To Vector,True,50,1452,10,11,Beginner Level,0.0,2017-04-01 03:45:46+00:00,Graphic Design,1,1,1,1,
265960,Fundamentals Of Forex Trading,False,0,17160,620,23,All Levels,0.0,2014-08-29 20:10:38+00:00,Business Finance,1,0,0,0,
575676,Fundamentals Of Investing!,True,20,3125,54,13,Beginner Level,0.0,2015-08-09 18:34:30+00:00,Business Finance,1,1,0,1,
374404,Fundamentos De La Tipografía - Para Un Diseño Eficaz,True,20,172,24,15,Beginner Level,0.0,2014-12-30 12:08:21+00:00,Graphic Design,0,1,1,1,
429482,Fundraise The Simplified Way: A Crowdfunding Blueprint,True,35,7,1,19,All Levels,0.0,2015-02-23 04:37:14+00:00,Business Finance,0,0,0,1,
530430,Fundraising 101,True,95,26,4,5,Beginner Level,0.0,2015-06-17 23:50:28+00:00,Business Finance,0,1,0,1,0.0
754524,Fundraising Success: The Art & Science Of Major Gifts,True,50,38,9,25,Intermediate Level,0.0,2016-05-27 17:16:58+00:00,Business Finance,0,3,0,1,
760698,Funk Rhythm Guitar Techniques,True,35,82,6,7,All Levels,0.0,2016-02-17 18:12:40+00:00,Musical Instruments,0,0,2,1,
436488,Futures/Commodity Trading,True,50,472,34,23,All Levels,0.0,2015-03-05 22:58:02+00:00,Business Finance,0,0,0,1,0.0
363404,Futures/Commodity Training (Basics),False,0,4863,202,6,Beginner Level,0.0,2015-02-07 07:04:07+00:00,Business Finance,1,1,0,0,
541824,Fx Commodity Chart Trading Patterns For Success,True,50,83,10,15,All Levels,0.0,2015-07-19 19:23:14+00:00,Business Finance,0,0,0,1,
118836,Fx Trading For Beginners,True,20,16,0,22,All Levels,0.0,2013-12-01 04:10:23+00:00,Business Finance,0,0,0,1,
116924,Gana En La Bolsa Con Análisis Técnico,True,25,91,11,35,Beginner Level,0.0,2014-01-29 09:35:29+00:00,Business Finance,0,1,0,1,
801702,"Geld Verdienen Mit Dem Ticken Der Uhr, Wie Warren Buffett!",True,195,225,41,33,All Levels,0.0,2016-03-30 01:44:45+00:00,Business Finance,0,0,0,1,1.0
861764,"'Geometry Of Chance Strategy Of Defeating The Roulette.""",True,30,2,1,10,Intermediate Level,0.0,2016-06-28 17:51:41+00:00,Business Finance,0,3,0,1,0.0
720994,Gestão Financeira Para Pequenas E Médias Empresas,True,115,1284,230,45,All Levels,0.0,2016-01-29 01:16:05+00:00,Business Finance,1,0,0,1,
1197810,Gestalt Principles & Pattern Design : Create Festive Pattern,True,50,327,0,14,All Levels,0.0,2017-05-02 04:52:52+00:00,Graphic Design,0,0,1,1,
1175694,Get A Credit Repair Publication On Amazon And Live Life..,True,20,727,11,25,Beginner Level,0.0,2017-04-26 18:17:51+00:00,Business Finance,0,1,0,1,
814068,Get Acquired: Learn From The Head Of Acquisitions For Ebay,True,195,1420,70,29,All Levels,0.0,2016-04-28 18:04:46+00:00,Business Finance,1,0,0,1,1.0
993160,Get Credit For Your Ein That'S Not Linked To Your Ssn,True,20,27,4,15,Beginner Level,0.0,2016-12-14 17:29:34+00:00,Business Finance,0,1,0,1,0.0
138228,Get Great Playing Harmonica - A Fun New Leisure Time Hobby !,True,35,2543,44,17,All Levels,0.0,2014-02-12 17:15:13+00:00,Musical Instruments,1,0,2,1,0.0
390198,Get Out Of Debt - The Power Of Using Compounding Interest,True,50,1195,3,7,All Levels,0.0,2015-01-12 00:55:49+00:00,Business Finance,1,0,0,1,
326310,Get Piano Skills Today!!!,True,100,92,5,71,All Levels,0.0,2014-11-05 18:40:00+00:00,Musical Instruments,0,0,2,1,
534376,Get Results - Core Principles Of Web Development Tricks Tips,True,75,22355,54,26,All Levels,0.0,2015-06-23 20:39:16+00:00,Web Development,1,0,3,1,1.0
574876,Get Started Creating Websites Everything You Need Provided,True,100,14260,44,43,Beginner Level,0.0,2015-09-25 18:13:40+00:00,Web Development,1,1,3,1,
409818,Get Started Playing Blues Harmonica,False,0,6853,398,23,Beginner Level,0.0,2015-03-30 22:01:08+00:00,Musical Instruments,1,1,2,0,
233900,Get Started With Penny Stocks -Step By Step Guide To Trading,True,200,7159,61,18,All Levels,0.0,2014-06-02 03:34:56+00:00,Business Finance,1,0,0,1,1.0
73030,Get To Grips With The Cfa Calculator,True,20,153,8,14,All Levels,0.0,2013-08-05 16:02:15+00:00,Business Finance,0,0,0,1,
1017116,Get To Know Html Learn Html Basics,True,200,10674,102,26,Beginner Level,0.0,2016-11-22 15:09:59+00:00,Web Development,1,1,3,1,
45139,"Get To Know The Vix Index (Aka 'The Fear Index)""",True,60,727,64,9,All Levels,0.0,2013-03-08 11:42:48+00:00,Business Finance,0,0,0,1,
212376,Getting Started As A Web Developer,False,0,9833,241,15,Beginner Level,0.0,2014-08-16 22:20:47+00:00,Web Development,1,1,3,0,
594854,Getting Started On The Acoustic Guitar,True,20,3,0,28,Beginner Level,0.0,2015-10-20 20:02:26+00:00,Musical Instruments,0,1,2,1,
1191946,Getting Started With Angular 2+,False,0,6909,401,14,Beginner Level,0.0,2017-04-27 22:25:40+00:00,Web Development,1,1,3,0,
1004788,Getting Started With Craft Cms,True,20,997,31,20,All Levels,0.0,2016-11-07 22:03:01+00:00,Web Development,1,0,3,1,
1195812,Getting Started With Digital Painting Using Krita,True,20,1011,15,11,Beginner Level,0.0,2017-05-02 21:49:34+00:00,Graphic Design,1,1,1,1,
783158,Getting Started With Html,True,40,7375,52,17,Beginner Level,0.0,2016-03-07 18:40:52+00:00,Web Development,1,1,3,1,
490392,Getting Started With Illustrator Cc,True,100,92,10,57,Beginner Level,0.0,2015-05-01 21:29:51+00:00,Graphic Design,0,1,1,1,0.0
1267892,Getting Started With Javascript,True,200,1415,17,23,Beginner Level,0.0,2017-06-27 00:56:40+00:00,Web Development,1,1,3,1,
413494,Getting Started With Less - Beginner Crash Course,True,25,1780,69,21,Beginner Level,0.0,2015-02-12 22:26:09+00:00,Web Development,1,1,3,1,1.0
352748,Getting Started With Magento,True,85,608,88,48,All Levels,0.0,2014-11-21 09:09:23+00:00,Web Development,0,0,3,1,
842728,Getting Started With Nodejs For Beginners,True,195,1645,75,12,All Levels,0.0,2016-05-23 21:14:50+00:00,Web Development,1,0,3,1,1.0
532140,Getting Started With Photoshop Cc,True,75,1090,14,45,Beginner Level,0.0,2015-06-19 22:25:42+00:00,Graphic Design,1,1,1,1,
41884,Getting Started With Playing Guitar,False,0,47652,1141,26,Beginner Level,0.0,2013-05-29 15:28:07+00:00,Musical Instruments,1,1,2,0,
594852,Getting Started With Power Chords,True,20,6,0,27,Beginner Level,0.0,2015-12-17 20:36:08+00:00,Musical Instruments,0,1,2,1,
1266892,Getting Started With The Guitar In 5 Days,False,0,270,1,24,Beginner Level,0.0,2017-07-03 20:21:23+00:00,Musical Instruments,0,1,2,0,
797832,Getting Started With Wordpress 2016,True,20,1613,21,20,Beginner Level,0.0,2016-04-14 05:38:18+00:00,Web Development,1,1,3,1,
1153326,Getting The Life Of An Instructional Designer,True,40,5,0,16,All Levels,0.0,2017-05-01 00:12:09+00:00,Graphic Design,0,0,1,1,0.0
315812,Gibson'S Learn & Master Guitar,True,50,103,33,309,All Levels,0.0,2014-10-30 14:39:14+00:00,Musical Instruments,0,0,2,1,
550360,Gimp For Beginners. Make Your Own Professional Book Covers,True,20,1002,29,44,Beginner Level,0.0,2015-07-10 22:09:07+00:00,Graphic Design,1,1,1,1,0.0
388104,Gimp In-Depth Essential Training Course: Free Photoshop Alt.,True,20,1452,21,27,All Levels,0.0,2015-01-08 19:48:25+00:00,Graphic Design,1,0,1,1,1.0
818990,Git A Web Developer Job: Mastering The Modern Workflow,True,200,5809,1445,61,Beginner Level,0.0,2016-08-28 17:54:07+00:00,Web Development,1,1,3,1,
430994,Gitarre Spielen - Mein Schönstes Hobby,True,20,11,2,183,Beginner Level,0.0,2015-06-09 17:18:29+00:00,Musical Instruments,0,1,2,1,0.0
778682,Gitarre Spielen Wie Die Profis,True,20,1981,28,38,Beginner Level,0.0,2016-03-21 17:32:24+00:00,Musical Instruments,1,1,2,1,
828596,Global Macro Investing - Take Control Of The World'S Markets,True,30,153,41,27,Intermediate Level,0.0,2016-05-16 21:50:20+00:00,Business Finance,0,3,0,1,0.0
1121696,Google Blogger : How To Create A Blog,True,20,1763,17,30,Beginner Level,0.0,2017-02-24 17:28:52+00:00,Web Development,1,1,3,1,
1203040,Google Blogger Course,True,60,1343,11,22,Intermediate Level,0.0,2017-05-05 16:32:38+00:00,Web Development,1,3,3,1,1.0
64585,Gospel Piano Essentials,True,30,668,39,46,Intermediate Level,0.0,2013-07-11 23:06:29+00:00,Musical Instruments,0,3,2,1,
660876,Graphic Design - An Overview Of The Field,False,0,23229,2215,12,Beginner Level,0.0,2015-11-09 19:10:57+00:00,Graphic Design,1,1,1,0,
286508,Graphic Design - The Quick Guide,True,30,1350,29,11,Beginner Level,0.0,2014-08-29 08:03:27+00:00,Graphic Design,1,1,1,1,
749542,Graphic Design Bootcamp,True,200,15276,1740,65,Beginner Level,0.0,2016-05-13 00:03:03+00:00,Graphic Design,1,1,1,1,
456988,Graphic Design Bootcamp: Professional Workflow & Layout Tips,True,20,99,10,9,All Levels,0.0,2015-03-26 18:24:10+00:00,Graphic Design,0,0,1,1,
77532,Graphic Design For Entrepreneurs...Who Can'T Draw,True,20,3903,51,13,Beginner Level,0.0,2013-08-17 02:34:46+00:00,Graphic Design,1,1,1,1,
396204,Graphic Design Masterclass: Learn Graphic Design In Projects,True,95,6858,382,41,Beginner Level,0.0,2015-11-09 21:17:04+00:00,Graphic Design,1,1,1,1,
19164,Graphic Design Secrets Revealed,True,95,2555,28,55,All Levels,0.0,2012-09-04 02:21:04+00:00,Graphic Design,1,0,1,1,
449788,Graphic Design: Beginner'S Graphic Design Guide To Photoshop,True,25,4550,74,15,All Levels,0.0,2015-05-20 21:10:45+00:00,Graphic Design,1,0,1,1,
371490,Graphic Design: Create Animated Gif Ad Banners In Photoshop,True,20,6612,44,20,All Levels,0.0,2014-12-19 22:46:05+00:00,Graphic Design,1,0,1,1,
663702,Graphic Design: Double Your Sales With Canva,True,20,1797,40,39,All Levels,0.0,2015-11-17 04:16:05+00:00,Graphic Design,1,0,1,1,
860656,Graphicdesign Studio,True,95,110,9,22,Beginner Level,0.0,2016-05-27 20:34:07+00:00,Graphic Design,0,1,1,1,
927336,Graphicriver Autor – Verkaufe Deine Designs Online,True,30,65,8,20,All Levels,0.0,2016-09-27 14:20:14+00:00,Graphic Design,0,0,1,1,
1109926,Graphql With React: The Complete Developers Guide,True,150,6412,987,114,Intermediate Level,0.0,2017-02-14 22:55:58+00:00,Web Development,1,3,3,1,
1040596,'Greensleeves' Creative Piano Lessons Course,True,20,10,1,8,All Levels,0.0,2017-01-03 14:34:32+00:00,Musical Instruments,0,0,2,1,
826168,Grundlagen Der Finanziellen Unabhängigkeit,False,0,1059,96,9,All Levels,0.0,2016-04-21 19:07:16+00:00,Business Finance,1,0,0,0,
417914,Grunt Js: Automate Web Development Tasks And Save Your Time,True,55,1534,33,18,All Levels,0.0,2015-03-02 23:34:14+00:00,Web Development,1,0,3,1,
255592,Guía Práctica Para Comprar Acciones En La Bolsa De Usa,False,0,4876,210,36,Intermediate Level,0.0,2014-09-11 02:28:27+00:00,Business Finance,1,3,0,0,
515256,Guitar - 12  Strumming Patterns You Must Know For Guitar,True,50,2154,40,16,Beginner Level,0.0,2015-07-06 23:16:45+00:00,Musical Instruments,1,1,2,1,1.0
476988,Guitar - Blues Guitar For Beginners,True,45,2795,26,25,Beginner Level,0.0,2015-05-22 20:01:12+00:00,Musical Instruments,1,1,2,1,
476324,Guitar - Learn 10 Legendary Chord Progressions For Guitar,True,55,3013,15,28,Beginner Level,0.0,2015-06-14 19:04:21+00:00,Musical Instruments,1,1,2,1,
23683,Guitar - Rock - Beginner With Marc Seal,True,20,40,1,27,All Levels,0.0,2012-08-31 22:06:29+00:00,Musical Instruments,0,0,2,1,0.0
23861,Guitar - Rock - Beginner/Intermediate With Marc Seal,True,20,36,4,40,Beginner Level,0.0,2012-10-07 00:47:57+00:00,Musical Instruments,0,1,2,1,
1065198,Guitar #1: Beginner Basics And Beyond,True,20,111,12,64,Beginner Level,0.0,2017-03-01 05:07:08+00:00,Musical Instruments,0,1,2,1,
721202,Guitar 201: Breakthroughs,True,20,14,1,49,Beginner Level,0.0,2016-01-22 20:11:29+00:00,Musical Instruments,0,1,2,1,
206088,Guitar Chord Mastery!Turn Your Brain Into A Chord Encyclopia,True,200,4133,173,224,Intermediate Level,0.0,2014-05-19 00:26:06+00:00,Musical Instruments,1,3,2,1,
783292,Guitar Chord Riot! Learn To Play Guitar Like A Guitar Jedi,True,75,1052,6,43,Intermediate Level,0.0,2016-03-11 23:46:06+00:00,Musical Instruments,1,3,2,1,
632234,Guitar Chords And Basic Strumming,True,20,3,0,35,Beginner Level,0.0,2015-12-17 18:14:23+00:00,Musical Instruments,0,1,2,1,
315576,Guitar Crash Course (No Experience Necessary),False,0,5769,78,29,Beginner Level,0.0,2015-01-22 03:23:59+00:00,Musical Instruments,1,1,2,0,1.0
21080,Guitar Essentials,True,20,261,1,18,Beginner Level,0.0,2014-05-07 18:05:57+00:00,Musical Instruments,0,1,2,1,0.0
200108,Guitar For Absolute Beginners (Class 1),True,20,45,4,48,Beginner Level,0.0,2014-05-01 15:32:23+00:00,Musical Instruments,0,1,2,1,
517366,Guitar For Beginners - Learn The Basics,True,20,1026,13,19,Beginner Level,0.0,2015-06-12 22:33:53+00:00,Musical Instruments,1,1,2,1,
339382,Guitar For Christmas!,True,20,7,0,17,Beginner Level,0.0,2014-11-30 20:48:59+00:00,Musical Instruments,0,1,2,1,
53277,Guitar For Music Educators: Learning How To Teach Guitar,True,20,32,3,22,Beginner Level,0.0,2013-07-26 21:26:05+00:00,Musical Instruments,0,1,2,1,
147404,Guitar Fretboard Mastery For The Blues Guitarist,True,20,257,6,5,All Levels,0.0,2014-01-16 11:30:07+00:00,Musical Instruments,0,0,2,1,
876396,Guitar Fretboard Secrets,True,55,186,13,35,Intermediate Level,0.0,2016-12-01 00:20:53+00:00,Musical Instruments,0,3,2,1,
765056,Guitar Fundamentals For Beginners,True,25,5,1,11,Beginner Level,0.0,2016-02-22 17:33:15+00:00,Musical Instruments,0,1,2,1,
20387,Guitar Insanity Workout - Eatmystrings!,True,50,2673,17,29,All Levels,0.0,2012-07-06 21:33:05+00:00,Musical Instruments,1,0,2,1,
385684,Guitar Kick Start,False,0,3160,47,22,Beginner Level,0.0,2015-03-19 21:16:32+00:00,Musical Instruments,1,1,2,0,
445118,Guitar Lesson - Five Steps To Learn Barre Chords,True,35,57,9,9,All Levels,0.0,2015-03-15 18:06:30+00:00,Musical Instruments,0,0,2,1,
763100,Guitar Lessons - 50 Essential Fast Legato Licks,True,35,105,9,23,Intermediate Level,0.0,2016-02-15 18:14:23+00:00,Musical Instruments,0,3,2,1,
101500,Guitar Lessons - Blind Blake - King Of Ragtime Blues Guitar,True,20,65,5,13,Expert Level,0.0,2013-11-25 15:20:27+00:00,Musical Instruments,0,2,2,1,0.0
762482,Guitar Lessons - Economy Picking Essentials,True,35,45,5,15,Intermediate Level,0.0,2016-02-15 18:55:28+00:00,Musical Instruments,0,3,2,1,
764534,Guitar Lessons - Learning The Neck - Fretboard Mastery,True,45,239,30,49,All Levels,0.0,2016-02-16 20:37:03+00:00,Musical Instruments,0,0,2,1,
761584,Guitar Lessons - Soloing With Arpeggios - Essential Guide,True,45,198,11,34,Intermediate Level,0.0,2016-02-13 20:32:55+00:00,Musical Instruments,0,3,2,1,
762374,Guitar Lessons - String Bending And Vibrato Essentials,False,0,3325,28,5,All Levels,0.0,2016-02-15 17:04:24+00:00,Musical Instruments,1,0,2,0,
762648,Guitar Lessons - Sweep Picking Arpeggio Essentials,True,35,74,6,13,Intermediate Level,0.0,2016-02-15 16:59:22+00:00,Musical Instruments,0,3,2,1,
761938,Guitar Lessons - The Modal System - Modes Essentials,True,45,116,7,27,All Levels,0.0,2016-02-14 22:15:09+00:00,Musical Instruments,0,0,2,1,
762240,Guitar Lessons - Two Handed Tapping Essentials,True,35,41,2,11,Intermediate Level,0.0,2016-02-14 22:09:55+00:00,Musical Instruments,0,3,2,1,
648492,Guitar Lessons : Rock Guitar In 1 Day!,True,50,17,4,37,Beginner Level,0.0,2015-12-06 22:37:13+00:00,Musical Instruments,0,1,2,1,0.0
956102,Guitar Lessons For Complete Beginners - Super Simple And Fun,True,20,936,9,12,Beginner Level,0.0,2016-09-12 17:49:04+00:00,Musical Instruments,1,1,2,1,
873386,Guitar Lessons: The Essential Beginner & Intermediate Course,False,0,2566,39,23,All Levels,0.0,2016-06-10 18:18:36+00:00,Musical Instruments,1,0,2,0,1.0
743846,Guitar Looper Basic Training,True,45,64,13,15,All Levels,0.0,2016-02-29 17:06:36+00:00,Musical Instruments,0,0,2,1,
1149202,Guitar Solo - Theory And Improvisation Lessons,True,60,12,4,34,Intermediate Level,0.0,2017-04-11 19:15:27+00:00,Musical Instruments,0,3,2,1,
1244302,Guitar Strumming 101 - Have More Fun Playing Songs You Love,True,50,8,2,16,Beginner Level,0.0,2017-06-20 19:53:50+00:00,Musical Instruments,0,1,2,1,
484670,Guitar Super System Level 1,True,50,10869,2257,104,Intermediate Level,0.0,2015-04-29 23:49:34+00:00,Musical Instruments,1,3,2,1,
681692,Guitar Super System Level 2,True,50,4192,128,34,Expert Level,0.0,2015-11-30 21:49:37+00:00,Musical Instruments,1,2,2,1,
147754,Guitar Technique Mastery: The Ultimate Chop Building Workout,True,20,273,4,6,All Levels,0.0,2014-01-16 17:22:04+00:00,Musical Instruments,0,0,2,1,
907966,Guitar: Learn 10 Ccr Guitar Chord Progressions,True,50,2045,8,24,Beginner Level,0.0,2016-08-25 19:22:05+00:00,Musical Instruments,1,1,2,1,
515262,Guitar: Learn 12 Must Know Beginner Rock Guitar Riffs,True,50,1548,10,20,Beginner Level,0.0,2015-09-24 17:38:55+00:00,Musical Instruments,1,1,2,1,
515260,Guitar: Master The Guitar Fretboard In 6 Easy Steps,True,55,1203,26,10,Beginner Level,0.0,2015-10-12 18:25:15+00:00,Musical Instruments,1,1,2,1,
624662,Guitar: The Next Level,True,55,117,12,10,Beginner Level,0.0,2015-10-02 17:38:33+00:00,Musical Instruments,0,1,2,1,
601230,Guitar:Play 5 Easy Christmas Chord Progressions On Guitar,True,50,383,4,9,Beginner Level,0.0,2015-11-11 00:25:06+00:00,Musical Instruments,0,1,2,1,
724436,Guitarra Acústica En Siete Días,True,20,1,1,38,Beginner Level,0.0,2016-01-29 20:38:03+00:00,Musical Instruments,0,1,2,1,
375830,Guitarra Desde Cero - Parte 1,True,35,480,12,123,Beginner Level,0.0,2014-12-27 21:54:35+00:00,Musical Instruments,0,1,2,1,
387064,Guitarra Para Principiantes,True,20,7,1,46,Beginner Level,0.0,2015-01-22 19:34:43+00:00,Musical Instruments,0,1,2,1,
1200856,Hand Lettering Para Iniciantes,True,40,384,92,18,All Levels,0.0,2017-06-15 10:24:09+00:00,Graphic Design,0,0,1,1,
580068,Handle Difficult Questions The Bank Manager Will Ask You,True,20,2,0,12,All Levels,0.0,2015-09-04 20:03:24+00:00,Business Finance,0,0,0,1,
720072,Hands On Guitar: Beyond Beginner,True,20,54,7,69,Beginner Level,0.0,2016-01-22 18:46:48+00:00,Musical Instruments,0,1,2,1,
372234,Hands-On Financial Modeling (With 6 Excel Templates),True,30,4601,38,14,Intermediate Level,0.0,2015-04-02 17:51:17+00:00,Business Finance,1,3,0,1,
719920,Hands-On Guitar: The Beginner'S Guide,True,20,28,7,72,Beginner Level,0.0,2016-01-22 18:49:15+00:00,Musical Instruments,0,1,2,1,
1119610,Harmonica Jamz: The Only Course On Jammin' With Friends,True,60,568,8,65,Beginner Level,0.0,2017-03-21 22:54:24+00:00,Musical Instruments,0,1,2,1,
24815,Harnessing The Power Of Growth Stocks,True,50,29,2,7,Intermediate Level,0.0,2012-10-31 01:05:18+00:00,Business Finance,0,3,0,1,
266682,Harp&Soul  |  Learn The Secrets Of The Harmonica,True,35,114,8,59,All Levels,0.0,2014-10-01 10:06:34+00:00,Musical Instruments,0,0,2,1,
71912,Have Fun With Beginner Blues Piano,True,75,321,24,27,All Levels,0.0,2013-08-05 16:46:21+00:00,Musical Instruments,0,0,2,1,0.0
855172,Hedge And Mutual Fund Careers: The Complete Guide,True,200,3255,340,102,All Levels,0.0,2016-06-20 20:17:12+00:00,Business Finance,1,0,0,1,1.0
828740,Hedge Fund Accounting And Valuation,True,20,668,10,11,All Levels,0.0,2016-04-28 16:39:21+00:00,Business Finance,0,0,0,1,1.0
418732,Hedge Fund Trading System,False,0,8985,584,12,All Levels,0.0,2015-03-06 01:11:18+00:00,Business Finance,1,0,0,0,1.0
986272,Hedge Fund Trading Systems For Stocks - Part One,True,200,52,8,21,All Levels,0.0,2016-10-29 21:56:38+00:00,Business Finance,0,0,0,1,
1209556,Hedge Fund Trading Systems Part Two - Stocks & Etfs,True,200,56,10,23,Expert Level,0.0,2017-05-16 22:22:15+00:00,Business Finance,0,2,0,1,
474212,High Performance Stock Trading Using Key Options Techniques,True,40,2103,15,6,All Levels,0.0,2015-04-12 22:28:45+00:00,Business Finance,1,0,0,1,
996612,High Probability Trading Across Any Market: Stocks & Forex,True,95,353,27,105,All Levels,0.0,2016-12-01 17:36:07+00:00,Business Finance,0,0,0,1,
1201912,High Swing - كورس لتعليم جميع مراحل احتراف تداول الفوركس,True,100,12,4,17,Intermediate Level,0.0,2017-05-17 16:04:00+00:00,Business Finance,0,3,0,1,
600316,"High-Frequency Trading #1: Basics, History & Strategies",True,50,2222,24,11,All Levels,0.0,2015-09-28 18:51:08+00:00,Business Finance,1,0,0,1,0.0
631276,High-Frequency Trading #2: Market Structure & Instruments,True,50,1732,11,12,All Levels,0.0,2015-11-19 18:22:19+00:00,Business Finance,1,0,0,1,
1069866,High-Frequency Trading & Dark Pools,True,40,19,11,22,Beginner Level,0.0,2017-04-18 21:43:21+00:00,Business Finance,0,1,0,1,
991416,History Of Art And Design From Xv To Xxi Century,True,20,319,11,35,All Levels,0.0,2016-10-24 15:44:34+00:00,Graphic Design,0,0,1,1,
669536,Hit The Ground Running With Angularjs With Dion Yang,True,100,4563,49,13,All Levels,0.0,2015-11-26 17:16:53+00:00,Web Development,1,0,3,1,
813142,Horn Pro Series - You'Re Going To Love Playing French Horn,True,50,48,3,61,All Levels,0.0,2016-04-08 23:08:08+00:00,Musical Instruments,0,0,2,1,
537282,Hosting Django: Amazon Web Services (Aws) Fundamentals,True,45,2573,103,46,All Levels,0.0,2015-10-19 21:30:02+00:00,Web Development,1,0,3,1,1.0
1199780,Hosting Your Static Website On Amazon Aws S3 Service,True,20,2853,47,16,Beginner Level,0.0,2017-05-05 23:42:32+00:00,Web Development,1,1,3,1,
360916,Hot Trading Investing Strategy: Etf And Futures,True,50,80,10,13,All Levels,0.0,2014-12-08 07:07:22+00:00,Business Finance,0,0,0,1,
622284,How Do I Create A Stylized Graphics From Images In Photoshop,True,50,17,1,12,All Levels,0.0,2015-09-28 17:20:55+00:00,Graphic Design,0,0,1,1,0.0
1142570,How I Learned Stock Trading (And How You Can Too),True,200,1580,12,53,Expert Level,0.0,2017-05-02 21:20:54+00:00,Business Finance,1,2,0,1,
918688,How I Make Consistent Returns Trading Options,True,200,2310,162,26,All Levels,0.0,2016-10-05 17:42:52+00:00,Business Finance,1,0,0,1,
688244,How I Make Money Writing About Stocks Online,True,195,360,24,12,Beginner Level,0.0,2015-12-18 02:55:11+00:00,Business Finance,0,1,0,1,
662450,How I Trade Forex Successfully,False,0,5768,109,12,All Levels,0.0,2015-11-13 17:28:16+00:00,Business Finance,1,0,0,0,
975910,How To Achieve Personal Transformation,True,20,0,0,10,All Levels,0.0,2016-12-22 00:28:07+00:00,Business Finance,0,0,0,1,
193916,How To Be A High Performance Insurance Broker Part 2,True,40,70,3,15,All Levels,0.0,2014-04-06 16:50:18+00:00,Business Finance,0,0,0,1,
717278,How To Be A Profitable Forex Trader,True,20,1029,13,7,All Levels,0.0,2016-05-04 00:01:47+00:00,Business Finance,1,0,0,1,
529424,How To Become A Financial Analyst From Scratch!,True,40,2177,31,38,Beginner Level,0.0,2015-07-07 18:59:39+00:00,Business Finance,1,1,0,1,
507778,How To Become A Successful Day Trader,True,95,1150,6,27,All Levels,0.0,2015-05-25 23:32:56+00:00,Business Finance,1,0,0,1,
569436,How To Become An Accountant From Scratch!,True,40,1169,7,15,Beginner Level,0.0,2015-08-20 20:24:00+00:00,Business Finance,1,1,0,1,
1198704,How To Become An App Developer,True,200,1935,17,10,Beginner Level,0.0,2017-05-19 21:39:35+00:00,Web Development,1,1,3,1,
727510,How To Become An Etsy Wholesale Seller,True,100,1013,0,25,Beginner Level,0.0,2016-03-29 22:34:30+00:00,Graphic Design,1,1,1,1,0.0
58653,How To Build A Cms With Php,True,50,1096,33,10,Beginner Level,0.0,2013-06-07 01:50:46+00:00,Web Development,1,1,3,1,
1211960,How To Build A Facebook Messenger Chat Bot From Scratch,True,120,1798,20,24,Beginner Level,0.0,2017-05-11 16:53:50+00:00,Web Development,1,1,3,1,
532836,How To Build A Massive Retirement Plan From Scratch!,True,200,1498,30,23,Beginner Level,0.0,2015-06-22 23:04:23+00:00,Business Finance,1,1,0,1,
519776,How To Build A Massive Stock Portfolio From Zero!,True,200,1882,51,129,All Levels,0.0,2015-07-20 23:07:38+00:00,Business Finance,1,0,0,1,
663710,How To Build A Professional Djembe: Create Music Beauty &Biz,True,40,122,2,29,All Levels,0.0,2015-11-12 17:59:28+00:00,Musical Instruments,0,0,2,1,
462668,How To Build A Website From Scratch + Blogging Blueprint,True,20,7017,37,28,All Levels,0.0,2015-04-08 17:39:03+00:00,Web Development,1,0,3,1,
982328,How To Build An Autocomplete System Like Google,True,30,255,5,9,All Levels,0.0,2016-10-12 23:24:28+00:00,Web Development,0,0,3,1,
1041426,How To Build And Make A Wordpress Website From Scratch 2017,False,0,7055,166,24,All Levels,0.0,2017-01-24 04:59:20+00:00,Web Development,1,0,3,0,
844458,How To Build Chat Bots: From Beginner To Intermediate,True,140,2814,107,35,All Levels,0.0,2016-10-03 21:00:58+00:00,Web Development,1,0,3,1,
645634,How To Build Profitable Forex Automated Trading Strategies!,True,200,358,8,21,All Levels,0.0,2015-11-11 01:16:13+00:00,Business Finance,0,0,0,1,
1063430,How To Build Wordpress Themes: A Web Designer'S Guide,True,165,183,30,47,Intermediate Level,0.0,2017-03-31 23:56:08+00:00,Web Development,0,3,3,1,
895394,How To Build Your Own Web Banner Design Business,True,20,5000,7,21,All Levels,0.0,2016-07-05 18:41:46+00:00,Graphic Design,1,0,1,1,
416282,How To Build Your Own Website With Wordpress: A Step-By-Step Guide,True,95,4675,15,56,All Levels,0.0,2015-03-05 01:18:27+00:00,Web Development,1,0,3,1,
1239068,How To Buy Cheap Options - Options Trading Pricing Model,True,200,658,2,19,All Levels,0.0,2017-06-02 18:12:45+00:00,Business Finance,0,0,0,1,0.0
1036766,How To Color Comic Books... With A Mouse,True,30,7,0,8,All Levels,0.0,2017-01-03 14:38:04+00:00,Graphic Design,0,0,1,1,
718338,How To Confidently Join The Bitcoin Revolution,True,45,547,98,53,Beginner Level,0.0,2016-01-14 23:03:31+00:00,Business Finance,0,1,0,1,
834836,How To Consistently Win Trading Stocks In 30 Days Or Less,True,145,1433,169,15,Intermediate Level,0.0,2016-05-09 05:44:33+00:00,Business Finance,1,3,0,1,1.0
207166,How To Copy The Best Traders On Etoro,True,90,564,9,41,All Levels,0.0,2014-05-01 20:37:45+00:00,Business Finance,0,0,0,1,
733694,How To Create A  Video Blog With Wordpress,True,25,1209,8,62,All Levels,0.0,2016-03-29 17:43:26+00:00,Web Development,1,0,3,1,
737468,How To Create A Local Wordpress Environment,False,0,4306,163,12,Beginner Level,0.0,2016-02-07 18:58:40+00:00,Web Development,1,1,3,0,
1008100,How To Create A Low Poly Portrait With The Pen Tool,True,195,293,5,18,Beginner Level,0.0,2016-11-15 14:40:56+00:00,Graphic Design,0,1,1,1,
1239022,How To Create A Real Estate Website With Wordpress 2017,False,0,3782,32,11,Beginner Level,0.0,2017-06-06 14:10:36+00:00,Web Development,1,1,3,0,1.0
1191504,How To Create A Routine Trading,True,25,307,8,5,All Levels,0.0,2017-05-01 18:50:43+00:00,Business Finance,0,0,0,1,
524248,How To Create A Social Network For A Niche-Related Community,True,100,1853,34,39,All Levels,0.0,2015-07-12 22:55:57+00:00,Web Development,1,0,3,1,
752432,How To Create A Website Without Coding - Wordpress 2016,True,195,9056,96,31,Beginner Level,0.0,2016-02-04 22:22:22+00:00,Web Development,1,1,3,1,
957422,How To Create A Website: An Html Tutorial And Css Tutorial,True,65,3012,260,330,All Levels,0.0,2016-09-25 20:55:57+00:00,Web Development,1,0,3,1,
907386,How To Create A Wordpress Website 2016 | New Divi Theme 3.0!,True,40,4144,383,43,Beginner Level,0.0,2016-10-13 22:12:07+00:00,Web Development,1,1,3,1,1.0
389018,How To Create A Wordpress Website From Scratch - No Coding,True,20,7018,28,38,All Levels,0.0,2015-07-30 18:16:29+00:00,Web Development,1,0,3,1,
320798,How To Create A Wordpress Website Without Paying A Developer,True,20,4333,16,17,Beginner Level,0.0,2014-10-20 11:53:12+00:00,Web Development,1,1,3,1,
1169062,How To Create Amazing Cinemagraphs With Microsoft Powerpoint,True,30,1782,18,10,Beginner Level,0.0,2017-04-05 20:39:33+00:00,Graphic Design,1,1,1,1,
74782,How To Create Amazing Youtube Custom Thumbnail Images,True,25,78,6,16,All Levels,0.0,2013-09-29 22:43:14+00:00,Graphic Design,0,0,1,1,
1182900,How To Create Awesome Cinema-Graph With Adobe Photoshop?,True,20,1602,8,16,Beginner Level,0.0,2017-05-07 16:32:00+00:00,Graphic Design,1,1,1,1,
899492,How To Create Awesome Website And E-Commerce In 1 Hour,True,20,937,4,10,All Levels,0.0,2016-07-18 16:56:23+00:00,Web Development,1,0,3,1,
518870,How To Create Flat Design Icons In 15 Minutes In Illustrator,True,195,2228,96,51,All Levels,0.0,2015-06-22 23:52:21+00:00,Graphic Design,1,0,1,1,1.0
517866,How To Create Gif Animation In Photoshop,True,20,34,0,18,All Levels,0.0,2015-06-02 19:06:24+00:00,Graphic Design,0,0,1,1,
834924,How To Create Html Forms,True,30,3652,60,7,Beginner Level,0.0,2016-04-29 04:48:25+00:00,Web Development,1,1,3,1,1.0
642656,How To Create Kindle & Ebook Covers With Canva,True,30,1279,3,33,Beginner Level,0.0,2015-10-21 00:07:15+00:00,Graphic Design,1,1,1,1,
1007766,How To Create Paypal And Credit Card Payment Buttons,True,65,578,6,8,Beginner Level,0.0,2016-11-17 20:57:25+00:00,Web Development,0,1,3,1,
68876,How To Create Top Ranking Mobile App Icons - Ios Edition,True,35,130,6,13,All Levels,0.0,2013-07-30 16:43:28+00:00,Graphic Design,0,0,1,1,
311846,How To Create Vector Characters In Illustrator Or Photoshop,True,25,92,3,15,Beginner Level,0.0,2014-10-02 17:40:19+00:00,Graphic Design,0,1,1,1,0.0
796450,How To Create Your Personal Budget,True,20,3870,53,10,All Levels,0.0,2016-03-21 21:09:49+00:00,Business Finance,1,0,0,1,
780056,How To Create Your Very First Website With Html And Css,True,100,5097,196,37,Beginner Level,0.0,2016-04-09 01:56:01+00:00,Web Development,1,1,3,1,
25794,How To Crowdfund,True,30,43,6,17,All Levels,0.0,2012-10-02 22:00:03+00:00,Business Finance,0,0,0,1,
1105636,How To Design A 2D Character In Illustrator,True,20,1,1,9,Beginner Level,0.0,2017-02-08 22:04:43+00:00,Graphic Design,0,1,1,1,
930416,How To Design A Business Card On Photoshop (For Beginners),False,0,5086,197,12,Beginner Level,0.0,2016-08-27 19:02:40+00:00,Graphic Design,1,1,1,0,
737642,How To Design A Fortune 500 Logo In Illustrator,True,195,3599,43,72,Intermediate Level,0.0,2016-01-24 22:45:26+00:00,Graphic Design,1,3,1,1,1.0
20461,How To Design A Logo - A Beginners Course,True,30,10875,650,41,All Levels,0.0,2012-07-25 13:41:42+00:00,Graphic Design,1,0,1,1,
996868,How To Design A Logo In Adobe Illustrator,True,100,972,44,24,All Levels,0.0,2016-11-14 15:26:17+00:00,Graphic Design,1,0,1,1,1.0
1088178,How To Design A Wordpress Website With No Coding At All,True,25,306,3,42,Beginner Level,0.0,2017-03-10 22:24:30+00:00,Web Development,0,1,3,1,
1132572,How To Design An Awesome Letterhead In Adobe Illustrator,False,0,4776,115,18,All Levels,0.0,2017-03-03 03:20:22+00:00,Graphic Design,1,0,1,0,
339560,How To Design Professional Powerpoint Business Presentation,True,20,286,7,7,All Levels,0.0,2014-11-11 19:49:41+00:00,Graphic Design,0,0,1,1,
1151342,How To Design Simple Promotional Materials In Photoshop,True,55,521,5,23,Beginner Level,0.0,2017-04-04 21:04:48+00:00,Graphic Design,0,1,1,1,
175278,How To Design Your Own Guitar,True,50,181,34,32,All Levels,0.0,2014-06-25 21:27:25+00:00,Musical Instruments,0,0,2,1,
1085646,How To Doodle: Basics And Lettering,True,185,2358,28,12,All Levels,0.0,2017-02-21 17:43:34+00:00,Graphic Design,1,0,1,1,
1047436,How To Draw And Sketch For Beginners,True,150,1360,175,79,Beginner Level,0.0,2017-01-25 22:07:38+00:00,Graphic Design,1,1,1,1,1.0
81278,How To Draw Caricatures,True,20,347,31,11,All Levels,0.0,2013-08-21 16:58:27+00:00,Graphic Design,0,0,1,1,
62497,How To Draw Cute Cartoon Characters,True,55,4080,522,26,All Levels,0.0,2013-10-01 01:11:51+00:00,Graphic Design,1,0,1,1,
1091360,How To Draw Majestic Animals: Cats,True,35,1356,4,11,All Levels,0.0,2017-02-23 23:09:23+00:00,Graphic Design,1,0,1,1,0.0
1234108,How To Draw Majestic Animals: Dogs,True,35,1524,5,11,All Levels,0.0,2017-05-30 15:30:55+00:00,Graphic Design,1,0,1,1,
117004,How To Draw Pinups And Sexy Women,True,75,3525,109,33,Intermediate Level,0.0,2013-11-19 03:05:51+00:00,Graphic Design,1,3,1,1,1.0
1046540,How To Draw Professional Manga Artwork By Punix,True,35,83,3,17,Beginner Level,0.0,2017-04-17 22:55:46+00:00,Graphic Design,0,1,1,1,
900472,How To Earn Some Bitcoin Every Time You Use A Search Engine,True,20,89,23,10,All Levels,0.0,2016-07-09 20:50:29+00:00,Business Finance,0,0,0,1,
169144,How To Easily Manage Your Wordpress Website,True,20,8462,50,21,Beginner Level,0.0,2014-02-20 17:28:42+00:00,Web Development,1,1,3,1,
893978,"How To Fix Common Branding Mistakes, For Graphic Designers",True,35,19,2,9,Intermediate Level,0.0,2016-11-18 22:15:11+00:00,Graphic Design,0,3,1,1,
390096,"How To Fund Your Million Dollar Idea: Equity, Debt, Unfund",True,50,1105,3,54,Intermediate Level,0.0,2015-02-11 06:52:30+00:00,Business Finance,1,3,0,1,
1058530,"How To Get Growing, Passive Income From The Fortune 500!",True,25,4,0,12,All Levels,0.0,2017-01-19 16:07:18+00:00,Business Finance,0,0,0,1,0.0
787508,How To Grow Your Small Business And Not Run Out Of Cash,True,25,408,3,16,Beginner Level,0.0,2016-04-05 18:55:57+00:00,Business Finance,0,1,0,1,
544944,How To Illustrate In Flash,True,20,5,2,17,Beginner Level,0.0,2015-08-04 20:39:47+00:00,Graphic Design,0,1,1,1,
264790,How To Install Wordpress From Scratch,False,0,8415,56,13,Beginner Level,0.0,2014-07-19 23:03:39+00:00,Web Development,1,1,3,0,
673750,How To Invest In Forex Trading & Add An Additional Income,True,50,8,2,14,All Levels,0.0,2015-11-21 20:47:58+00:00,Business Finance,0,0,0,1,
803664,How To Invest In Gold,True,50,249,14,39,Beginner Level,0.0,2016-06-14 17:10:19+00:00,Business Finance,0,1,0,1,
309854,How To Invest In Russian Equity Market,True,30,3,0,12,Intermediate Level,0.0,2015-09-15 18:28:43+00:00,Business Finance,0,3,0,1,
937150,How To Invest In Startups - Expert Reveals Winning Secrets.,False,0,1625,5,145,All Levels,0.0,2016-08-29 14:24:43+00:00,Business Finance,1,0,0,0,
406922,How To Invest In Stocks + Billionaire Investing Tips,True,40,1643,18,19,All Levels,0.0,2015-07-01 20:43:10+00:00,Business Finance,1,0,0,1,
1083744,How To Invest Using Etfs From Former Wall Street Trader,True,200,0,0,10,All Levels,0.0,2017-02-15 22:34:00+00:00,Business Finance,0,0,0,1,
1217064,How To Invest With Tiny Capital In Stocks ?,True,20,1239,5,6,Beginner Level,0.0,2017-05-23 16:07:09+00:00,Business Finance,1,1,0,1,0.0
566910,How To Launch Your Own Website Builder Service,True,20,9028,87,12,Beginner Level,0.0,2015-07-28 20:20:59+00:00,Web Development,1,1,3,1,
821526,How To Make A Business Website In 1 Day With Wix Fast & Easy,True,20,3759,24,25,Beginner Level,0.0,2016-04-18 15:23:27+00:00,Web Development,1,1,3,1,
108384,How To Make A Custom Graphic,True,20,87,8,8,Beginner Level,0.0,2013-10-24 04:16:41+00:00,Graphic Design,0,1,1,1,
452182,How To Make A Custom Graphic From Sketches,True,20,21,4,17,Beginner Level,0.0,2015-04-10 19:00:00+00:00,Graphic Design,0,1,1,1,
1024888,How To Make A Modern Wordpress Blog 2017! Create Your Blog!,False,0,6856,137,19,Beginner Level,0.0,2016-11-29 23:01:43+00:00,Web Development,1,1,3,0,
639654,How To Make A Single Page Website For Freelancers & Agencies,False,0,17463,283,30,All Levels,0.0,2015-10-15 20:13:38+00:00,Web Development,1,0,3,0,
646056,How To Make A Video Blog Website From Scratch W/ Wordpress,False,0,12952,163,22,All Levels,0.0,2015-10-21 23:31:22+00:00,Web Development,1,0,3,0,
1122224,How To Make A Web Page With No Code,False,0,2214,20,23,Beginner Level,0.0,2017-03-23 00:06:48+00:00,Web Development,1,1,3,0,1.0
389240,How To Make A Website Without Coding- Wordpress & Web Skills,True,30,6413,107,123,All Levels,0.0,2015-04-28 17:32:23+00:00,Web Development,1,0,3,1,
370752,How To Make A Wordpress Website 2017,False,0,12293,235,18,All Levels,0.0,2015-01-14 22:25:58+00:00,Web Development,1,0,3,0,
856968,How To Make A Wordpress Website 2017,False,0,2437,137,10,Beginner Level,0.0,2016-06-07 00:02:04+00:00,Web Development,1,1,3,0,
1089744,How To Make A Wordpress Website 2017 - Divi Theme Tutorial,True,40,2780,94,29,Beginner Level,0.0,2017-01-26 17:16:27+00:00,Web Development,1,1,3,1,
1086834,How To Make A Wordpress Website 2017 | Divi Theme Tutorial,True,40,3541,202,37,Beginner Level,0.0,2017-01-26 22:15:02+00:00,Web Development,1,1,3,1,
1203894,How To Make An Ecommerce Website With Wordpress 2017,False,0,3493,43,26,Beginner Level,0.0,2017-05-09 22:08:11+00:00,Web Development,1,1,3,0,
628222,How To Make An Online Portfolio Website From Scratch,False,0,14026,232,25,All Levels,0.0,2015-10-02 22:59:15+00:00,Web Development,1,0,3,0,
624356,How To Make Better Compositions: Take Your Art To New Height,True,30,11,3,8,All Levels,0.0,2016-08-04 13:33:30+00:00,Graphic Design,0,0,1,1,
579202,How To Make Business Cards Like A Pro,True,20,593,3,13,All Levels,0.0,2015-08-11 19:07:52+00:00,Graphic Design,0,0,1,1,0.0
178044,How To Make Graphics For A Website,True,200,24857,35,11,All Levels,0.0,2014-03-15 21:53:19+00:00,Graphic Design,1,0,1,1,
179978,How To Make It Work Successfully In Capital Markets,True,50,171,8,21,Beginner Level,0.0,2014-03-11 16:26:48+00:00,Business Finance,0,1,0,1,
647338,How To Make Money With A Cover Band,True,50,2498,12,25,All Levels,0.0,2017-03-30 22:39:31+00:00,Musical Instruments,1,0,2,1,
428220,How To Make Professional Ebook Covers For Free,True,20,1080,6,35,All Levels,0.0,2015-02-26 15:24:08+00:00,Graphic Design,1,0,1,1,
1115504,How To Make Your Own Children'S Interactive Ebook!,True,95,33,2,17,Beginner Level,0.0,2017-02-17 23:41:59+00:00,Graphic Design,0,1,1,1,
599628,How To Manage Your Own Vps And Create Websites,True,120,735,16,30,All Levels,0.0,2015-09-17 17:37:57+00:00,Web Development,0,0,3,1,
1011058,How To Maximize Your Profits Trading Options,True,200,1276,45,26,Intermediate Level,0.0,2016-12-13 14:57:18+00:00,Business Finance,1,3,0,1,
533458,How To Obtain A Business Loan,True,20,1,1,12,All Levels,0.0,2015-11-17 19:17:56+00:00,Business Finance,0,0,0,1,
425910,How To Optimise Your Wordpress Website'S Speed & Security To Improve Seo & User Experience,True,125,7852,46,31,All Levels,0.0,2015-03-02 19:03:21+00:00,Web Development,1,0,3,1,
731150,How To Pay Less Tax (Uk Version),True,50,13,2,98,All Levels,0.0,2016-01-19 18:20:04+00:00,Business Finance,0,0,0,1,
281844,How To Pick Stocks,True,20,131,3,28,All Levels,0.0,2014-09-15 19:45:17+00:00,Business Finance,0,0,0,1,0.0
252396,How To Pick The Right Penny Stocks To Invest In 2017,True,150,9015,65,23,All Levels,0.0,2014-07-01 20:04:27+00:00,Business Finance,1,0,0,1,1.0
101496,How To Play Blues Guitar - Broonzy & Mcghee Blues Lessons,False,0,8240,31,6,Intermediate Level,0.0,2013-11-23 12:27:56+00:00,Musical Instruments,1,3,2,0,
972704,How To Play Contemporary Piano,True,25,1200,35,10,All Levels,0.0,2016-10-04 13:59:25+00:00,Musical Instruments,1,0,2,1,
568322,How To Play Dan Fogelberg Songs On Guitar,True,25,24,1,49,Intermediate Level,0.0,2016-03-29 16:57:54+00:00,Musical Instruments,0,3,2,1,0.0
467408,"How To Play Djembe, Drums & Rhythm. Level 2",True,40,390,14,36,Intermediate Level,0.0,2015-07-23 18:48:24+00:00,Musical Instruments,0,3,2,1,
139772,How To Play Easy Tunes On The Harmonica - Just The Basics,True,35,79,3,15,Beginner Level,0.0,2014-02-25 19:47:53+00:00,Musical Instruments,0,1,2,1,
1052180,"How To Play 'Electric Guitar"",Https://Www.Udemy.Com/Electric-Guitar-Beginners-Method/,True,50,1105,5,20,Beginner Level,2 Hours,2016-12-29T00:24:06Z
42038,Learn Piano Today: How To Play Piano Course In Quick Lessons""",True,100,6271,68,75,All Levels,0.0,2013-06-27 21:55:17+00:00,Musical Instruments,1,0,2,1,1.0
556076,How To Play Guitar - Everything You Need To Know To Start,True,50,5,1,8,Beginner Level,0.0,2015-07-21 18:25:38+00:00,Musical Instruments,0,1,2,1,
1194244,How To Play Guitar - For Absolute Beginners,True,35,478,3,18,Beginner Level,0.0,2017-05-01 21:48:41+00:00,Musical Instruments,0,1,2,1,
933666,How To Play In A Local Irish Music Session With Confidence,True,40,193,5,8,All Levels,0.0,2016-08-18 21:30:16+00:00,Musical Instruments,0,0,2,1,
967380,How To Play Piano - Go From A Beginner/Intermediate To A Pro,True,200,5316,159,291,All Levels,0.0,2016-10-16 18:25:57+00:00,Musical Instruments,1,0,2,1,
1254852,How To Play Piano - Your First Lesson!,False,0,662,7,13,Beginner Level,0.0,2017-06-24 04:47:09+00:00,Musical Instruments,0,1,2,0,
630734,How To Play The Cajon: For Beginners,True,30,144,15,25,All Levels,0.0,2015-12-18 19:52:45+00:00,Musical Instruments,0,0,2,1,
271652,How To Play The Djembe: For Beginners,True,30,414,18,19,All Levels,0.0,2014-11-11 05:00:30+00:00,Musical Instruments,0,0,2,1,0.0
749686,How To Play The Guitar: Your 30-Day Guide To Learn Guitar,True,20,2686,10,32,Beginner Level,0.0,2016-02-02 19:37:04+00:00,Musical Instruments,1,1,2,1,
1068986,How To Profit From Stock Market Volatility,False,0,1736,36,11,All Levels,0.0,2017-01-23 18:23:58+00:00,Business Finance,1,0,0,0,
258894,How To Read A Balance Sheet,True,50,1055,21,64,Beginner Level,0.0,2014-07-11 11:40:35+00:00,Business Finance,1,1,0,1,
302468,How To Read A Profit & Loss Account And Balance Sheet,True,20,49,10,13,All Levels,0.0,2014-09-22 04:05:52+00:00,Business Finance,0,0,0,1,1.0
589778,How To Read Financial Statements,True,20,5,2,59,Beginner Level,0.0,2015-08-23 20:13:45+00:00,Business Finance,0,1,0,1,
306360,How To Read Financial Statements:  Build Financial Literacy.,True,25,188,10,20,Beginner Level,0.0,2014-12-19 18:23:17+00:00,Business Finance,0,1,0,1,
505780,"How To Register A Domain, Set Up Hosting, And Edit Web Pages",True,45,1540,19,39,Beginner Level,0.0,2015-05-21 19:37:46+00:00,Web Development,1,1,3,1,0.0
1103272,"How To Remove 'Risk From Penny Stocks - Options Trading""",True,200,668,12,22,All Levels,0.0,2017-02-07 00:45:51+00:00,Business Finance,0,0,0,1,
335280,How To Safely Copy And Move Your Wordpress Website,True,60,1419,38,20,Intermediate Level,0.0,2014-11-05 13:21:19+00:00,Web Development,1,3,3,1,
310652,How To Sell Practically Anything: Professional Design Mockup,True,50,52,2,19,All Levels,0.0,2014-10-08 09:08:28+00:00,Graphic Design,0,0,1,1,0.0
654038,How To Sell Your Art Online With Etsy,True,100,1338,38,35,Beginner Level,0.0,2015-11-11 01:26:13+00:00,Graphic Design,1,1,1,1,
390472,How To Set Up A Limited Company In The Uk,False,0,2075,69,11,Beginner Level,0.0,2015-04-20 23:31:47+00:00,Business Finance,1,1,0,0,
599532,How To Set Up A Self-Hosted Wordpress Website In 30 Minutes,False,0,8770,261,13,Beginner Level,0.0,2015-09-20 23:05:59+00:00,Web Development,1,1,3,0,1.0
1198654,How To Set Up A Web Server From Scratch To One Fully Managed,True,200,1673,31,24,All Levels,0.0,2017-05-09 14:39:56+00:00,Web Development,1,0,3,1,
451938,How To Setup A Micro-Blog In 3 Easy Steps,True,25,6937,22,7,All Levels,0.0,2015-03-20 18:49:20+00:00,Web Development,1,0,3,1,
540724,How To Setup Web Hosting,False,0,11758,242,8,Beginner Level,0.0,2015-07-15 23:49:27+00:00,Web Development,1,1,3,0,
888668,How To Sing And Play The Guitar (At The Same Time),True,20,78,8,24,Beginner Level,0.0,2016-07-18 19:42:57+00:00,Musical Instruments,0,1,2,1,
213532,How To Speak Pianish (Beginner Level),True,30,545,5,10,Beginner Level,0.0,2014-08-25 13:52:11+00:00,Musical Instruments,0,1,2,1,
867682,How To Start A Successful Career In Finance?,False,0,1318,7,27,All Levels,0.0,2016-08-24 18:29:34+00:00,Business Finance,1,0,0,0,1.0
1049344,How To Start A Wordpress Blog - Complete Beginners Guide!,False,0,3784,85,32,Beginner Level,0.0,2017-01-02 23:07:34+00:00,Web Development,1,1,3,0,
1015274,How To Start Investing: Made Simple And Easy,True,200,1506,12,12,All Levels,0.0,2016-11-25 04:52:51+00:00,Business Finance,1,0,0,1,
256200,How To Start Trading Penny Stocks In 10 Easy Steps 2017,True,50,7750,58,15,All Levels,0.0,2014-07-17 08:02:54+00:00,Business Finance,1,0,0,1,
1156778,How To Stylize Your Photos In Photoshop With Color Overlays,False,0,3512,58,17,Beginner Level,0.0,2017-03-30 16:26:36+00:00,Graphic Design,1,1,1,0,
735550,How To Trade Binary Options Effectively – All Levels,True,195,1680,39,17,All Levels,0.0,2016-01-27 17:51:25+00:00,Business Finance,1,0,0,1,
546656,How To Trade Commodity And Financial Futures For A Living!,True,200,1240,17,20,All Levels,0.0,2016-01-15 23:53:00+00:00,Business Finance,1,0,0,1,
1041926,How To Trade Forex Like A Hedge Fund: Long Fx Strategies,True,115,504,5,32,All Levels,0.0,2017-03-23 16:23:33+00:00,Business Finance,0,0,0,1,
1156530,How To Trade In The Forex Market,True,200,6,0,39,Intermediate Level,0.0,2017-03-29 16:19:49+00:00,Business Finance,0,3,0,1,
613944,How To Trade Options,True,45,12,1,9,Intermediate Level,0.0,2015-09-20 21:45:48+00:00,Business Finance,0,3,0,1,
1039442,How To Trade Rsi Pullback Strategy: Entry To Exit (Forex),True,150,104,10,21,All Levels,0.0,2017-02-17 05:52:41+00:00,Business Finance,0,0,0,1,
408440,How To Win 97% Of Your Options Trades,True,125,5050,461,26,All Levels,0.0,2015-02-10 04:21:40+00:00,Business Finance,1,0,0,1,
287010,Html & Css - Learn To Build Sleek Websites,True,55,1552,14,44,All Levels,0.0,2014-10-21 03:35:47+00:00,Web Development,1,0,3,1,
380092,Html & Css For Beginners: Build 3 Projects From Scratch,True,40,2472,139,31,Beginner Level,0.0,2015-01-22 06:47:09+00:00,Web Development,1,1,3,1,
50587,Html & Css From Scratch In 30 Days,True,75,2697,64,82,Beginner Level,0.0,2013-04-22 18:19:38+00:00,Web Development,1,1,3,1,
913966,Html : Beginner Guide To Html Writing,True,20,783,20,13,Beginner Level,0.0,2016-07-28 18:50:58+00:00,Web Development,0,1,3,1,
922750,Html : Html Awesomeness,True,25,988,23,27,Beginner Level,0.0,2016-08-17 19:33:35+00:00,Web Development,1,1,3,1,
758208,Html 5 And Css 3 - Tricks And Workarounds,True,80,2007,10,113,All Levels,0.0,2016-02-18 00:21:26+00:00,Web Development,1,0,3,1,
283014,Html 5: How I Made Websites In Html5,True,135,15064,237,15,All Levels,0.0,2014-10-23 19:43:16+00:00,Web Development,1,0,3,1,
981600,Html And Css Bootcamp For Beginners,True,30,1777,35,48,Beginner Level,0.0,2017-01-20 22:20:41+00:00,Web Development,1,1,3,1,
200854,Html And Css Crash Course For Beginners,True,50,4123,46,31,Beginner Level,0.0,2014-05-30 22:23:01+00:00,Web Development,1,1,3,1,
1079624,Html And Css For Absolute Beginners,False,0,4410,52,26,All Levels,0.0,2017-01-20 17:02:27+00:00,Web Development,1,0,3,0,
405926,Html And Css For Beginners - Build A Website & Launch Online,False,0,70773,5660,50,All Levels,0.0,2015-03-19 19:07:12+00:00,Web Development,1,0,3,0,1.0
130168,Html And Css For Beginning Web Developers,True,100,1606,28,73,Beginner Level,0.0,2013-12-13 18:19:58+00:00,Web Development,1,1,3,1,
1116366,Html And Css Foundations,False,0,1544,15,29,Beginner Level,0.0,2017-06-23 16:51:54+00:00,Web Development,1,1,3,0,1.0
516790,Html And Css: A Guide To Web Design,True,25,1557,13,74,All Levels,0.0,2015-06-02 22:41:13+00:00,Web Development,1,0,3,1,1.0
929016,Html And Html5 For Beginners 2016,True,200,563,178,32,All Levels,0.0,2016-08-11 22:16:30+00:00,Web Development,0,0,3,1,1.0
766592,Html Complete Course - Beginner To Expert,False,0,20073,615,28,All Levels,0.0,2016-02-29 00:15:42+00:00,Web Development,1,0,3,0,
696016,Html Css Easy Steps To Create A Web Template From Scratch,True,200,11574,78,15,Beginner Level,0.0,2015-12-14 19:48:12+00:00,Web Development,1,1,3,1,
673420,Html Css Javascript: Most Popular Ways To Code Html Css Js,True,170,9332,172,33,All Levels,0.0,2015-11-18 22:45:19+00:00,Web Development,1,0,3,1,1.0
918870,Html Css Learn To Create A Website From Scratch,True,50,4892,49,32,Beginner Level,0.0,2016-08-04 21:40:35+00:00,Web Development,1,1,3,1,
609992,Html Css: Essential Steps To Learn Html Css,True,145,10576,154,23,Beginner Level,0.0,2015-11-11 22:43:15+00:00,Web Development,1,1,3,1,
59535,Html For Beginners,False,0,8592,336,35,Beginner Level,0.0,2013-07-20 00:52:41+00:00,Web Development,1,1,3,0,
145812,Html For Beginners,True,20,791,8,16,All Levels,0.0,2014-01-19 17:33:55+00:00,Web Development,0,0,3,1,
654832,Html Forms For Beginners: A Basic Introduction,True,45,2472,41,8,Beginner Level,0.0,2015-11-05 17:49:01+00:00,Web Development,1,1,3,1,
784544,Html Introduction Course: Learn Html In 2 Hours!!!,False,0,7304,368,28,All Levels,0.0,2016-03-08 15:24:31+00:00,Web Development,1,0,3,0,1.0
515188,Html Learning The Basics Intro To Html Website Coding,True,20,7416,65,14,Beginner Level,0.0,2015-05-31 21:28:27+00:00,Web Development,1,1,3,1,
634754,Html Made Simple For Beginners: Create A One Page Website,True,65,3380,50,16,Beginner Level,0.0,2015-10-14 22:08:17+00:00,Web Development,1,1,3,1,
8325,Html Tutorial: Html & Css For Beginners,True,20,12458,253,82,All Levels,0.0,2011-09-09 15:28:59+00:00,Web Development,1,0,3,1,
1110756,Html Tutorials : Html Code For Website Creating,True,20,2401,15,27,All Levels,0.0,2017-02-22 17:36:27+00:00,Web Development,1,0,3,1,1.0
903526,Html Web Development Crash Course,True,20,4848,33,17,Beginner Level,0.0,2016-08-02 21:33:39+00:00,Web Development,1,1,3,1,1.0
15285,Html Workshop,True,20,25854,306,17,All Levels,0.0,2012-04-08 05:12:43+00:00,Web Development,1,0,3,1,1.0
954710,Html/Css Bootcamp,True,40,194,26,87,Beginner Level,0.0,2016-10-18 15:11:13+00:00,Web Development,0,1,3,1,
1210098,Html5 And Css For Beginner To Expert,True,20,1732,15,48,All Levels,0.0,2017-06-06 22:27:23+00:00,Web Development,1,0,3,1,
1193538,Html5 And Css3 - Build Modern Responsive Websites,True,175,109,17,69,All Levels,0.0,2017-06-02 18:58:51+00:00,Web Development,0,0,3,1,
926206,Html5 And Css3 : Landing Pages For Entrepreneurs 2016,True,195,2354,16,45,All Levels,0.0,2016-08-12 15:50:50+00:00,Web Development,1,0,3,1,
1093734,Html5 And Css3 For Beginners: Create A Website From Scratch,True,200,9945,101,43,Beginner Level,0.0,2017-02-17 22:15:48+00:00,Web Development,1,1,3,1,1.0
467186,Html5 And Css3 -Start Building Beautiful Websites,True,150,1414,14,22,All Levels,0.0,2015-05-14 22:21:39+00:00,Web Development,1,0,3,1,
1210652,Html5 And Css3: Learn Web Design With Html + Css + Bootstrap,True,200,346,28,74,Beginner Level,0.0,2017-06-21 18:15:23+00:00,Web Development,0,1,3,1,
30911,Html5 Apis For Javascript - A Course For Web Developers,True,50,7706,62,45,All Levels,0.0,2012-11-30 17:33:41+00:00,Web Development,1,0,3,1,0.0
778112,Html5 Canvas Bootcamp For Beginners 25 Easy Steps,True,120,14118,30,27,Beginner Level,0.0,2016-03-01 23:04:23+00:00,Web Development,1,1,3,1,
749560,Html5 Css3 Jquery Single Page Website Project From Scratch,True,120,1678,34,32,All Levels,0.0,2016-02-03 19:22:22+00:00,Web Development,1,0,3,1,
176432,Html5 Essentials For Beginners,True,20,10247,200,15,Intermediate Level,0.0,2014-03-14 21:46:36+00:00,Web Development,1,3,3,1,
482834,Html5 For Beginners,True,195,9687,59,59,Beginner Level,0.0,2015-04-24 18:04:21+00:00,Web Development,1,1,3,1,
258886,Html5 Geolocation In Depth:Build 7 Html5 Geolocation Apps,True,90,1526,72,86,All Levels,0.0,2015-05-26 00:00:59+00:00,Web Development,1,0,3,1,
876850,Html5 Specialist: Comprehensive Html5 Training,True,100,1385,188,83,All Levels,0.0,2016-06-22 16:54:51+00:00,Web Development,1,0,3,1,
527834,"Html5, Css3 & Bootstrap - How To Create A Responsive Website",True,20,1062,20,32,All Levels,0.0,2015-07-31 23:56:22+00:00,Web Development,1,0,3,1,
947120,"Html5, Css3 And Javascript Fundamentals 2016",True,115,627,125,7,All Levels,0.0,2016-09-01 16:48:58+00:00,Web Development,0,0,3,1,
897314,Http Clients With Laravel: Use And Consume Services And Apis,True,65,237,22,52,Intermediate Level,0.0,2016-07-18 19:09:21+00:00,Web Development,0,3,3,1,
513846,７日でマスター  ビギナー向け Adobe Illustrator　どきどきセミナー,True,20,108,3,44,Beginner Level,0.0,2015-08-19 01:06:26+00:00,Graphic Design,0,1,1,1,
639126,６時間でインターバンク市場を攻略！最短距離でトレード基礎力,True,35,280,40,54,All Levels,0.0,2015-11-10 00:22:05+00:00,Business Finance,0,0,0,1,
191588,Ias 10 - Events After Reporting Date,False,0,2146,35,8,All Levels,0.0,2014-05-07 12:48:04+00:00,Business Finance,1,0,0,0,1.0
199822,Ias 12 - Accounting For Income Taxes (Basics),False,0,4269,60,17,All Levels,0.0,2014-05-17 13:19:55+00:00,Business Finance,1,0,0,0,1.0
312860,"Ias 16-Property,Plant And Equipment",False,0,2166,38,20,All Levels,0.0,2014-10-06 09:11:10+00:00,Business Finance,1,0,0,0,
190816,Ias 18 - Revenue,False,0,2571,32,23,All Levels,0.0,2014-03-29 14:10:31+00:00,Business Finance,1,0,0,0,1.0
270844,Ias 1-Presentation Of Financial Statements,False,0,2674,81,8,All Levels,0.0,2014-10-03 12:31:06+00:00,Business Finance,1,0,0,0,
253810,"Ias 8-Accounting Policies ,Changes In Accounting Estimates",False,0,2122,30,15,All Levels,0.0,2014-10-03 12:29:41+00:00,Business Finance,1,0,0,0,
226084,"Ias37 - Provisions, Contingents Liabilities & Assets",False,0,2247,53,29,All Levels,0.0,2014-06-30 08:58:16+00:00,Business Finance,1,0,0,0,1.0
1012262,Icon & Logo Symbol Design In Adobe Illustrator,True,100,1043,27,30,All Levels,0.0,2016-11-23 22:57:18+00:00,Graphic Design,1,0,1,1,
1201118,Icon Design Masterclass: Learn Icon Design Principles,True,40,6,0,15,Beginner Level,0.0,2017-05-05 17:05:21+00:00,Graphic Design,0,1,1,1,
249376,Ifric 13-Customer Loyalty Programmes (Revenue),False,0,2058,22,6,All Levels,0.0,2014-07-05 19:43:15+00:00,Business Finance,1,0,0,0,
322118,Ifrs Financial Reporting,True,55,72,9,15,All Levels,0.0,2014-10-24 16:55:03+00:00,Business Finance,0,0,0,1,
1018358,Illustrated Logo Design,True,25,447,2,10,Intermediate Level,0.0,2016-11-24 21:56:58+00:00,Graphic Design,0,3,1,1,
1211198,Illustrative Surface Patterns Design : From Life To Products,True,40,253,1,14,All Levels,0.0,2017-05-23 22:39:46+00:00,Graphic Design,0,0,1,1,
288110,Illustrator - Creating Stylised Images From A Photo,True,50,1500,11,9,All Levels,0.0,2014-09-09 14:16:50+00:00,Graphic Design,1,0,1,1,
334530,Illustrator 101: Learn Quickly And Easily To Create Artwork,True,40,452,3,37,All Levels,0.0,2014-11-25 03:36:40+00:00,Graphic Design,0,0,1,1,0.0
899240,Illustrator Cc 2015.3 - Curso Básico De Ferramentas,True,20,13,6,12,Beginner Level,0.0,2016-07-08 15:23:08+00:00,Graphic Design,0,1,1,1,0.0
913768,Illustrator Cc 2016 Power Workshops (Deutsch),True,150,96,10,50,Intermediate Level,0.0,2016-07-25 17:16:46+00:00,Graphic Design,0,3,1,1,
1197206,Illustrator Cc Masterclass,True,95,462,50,86,All Levels,0.0,2017-05-02 16:41:21+00:00,Graphic Design,0,0,1,1,
501140,Illustrator Cc Para Novatos: ¡Desde Cero Hasta Experto!,True,150,2476,466,96,All Levels,0.0,2015-12-29 20:10:55+00:00,Graphic Design,1,0,1,1,
751230,Illustrator Cc: Design And Drawing From Scratch To Expert!,True,150,2427,99,97,Beginner Level,0.0,2016-12-15 15:18:47+00:00,Graphic Design,1,1,1,1,1.0
1246168,"Illustrator Para Criação De Peças Gráficas, Design Gráfico",True,100,33,3,41,Beginner Level,0.0,2017-06-13 04:15:20+00:00,Graphic Design,0,1,1,1,
590794,Illustrator Quick Tip：10分でKawaiiカメレオンを描こう,False,0,381,24,7,All Levels,0.0,2015-08-31 20:52:45+00:00,Graphic Design,0,0,1,0,
468182,Ilustración De La A A La Z,True,20,33,3,19,All Levels,0.0,2015-06-08 16:42:57+00:00,Graphic Design,0,0,1,1,
425086,Implementing A Data Warehouse With Sql Server 2012,True,85,1142,148,90,All Levels,0.0,2015-05-01 23:08:38+00:00,Web Development,1,0,3,1,
114518,Improve Your Financial Literacy,False,0,9995,96,10,All Levels,0.0,2014-02-10 03:50:00+00:00,Business Finance,1,0,0,0,
142666,Improved Seo With Rich Snippets And Microdata,False,0,11026,228,13,Intermediate Level,0.0,2014-06-09 10:35:40+00:00,Web Development,1,3,3,0,1.0
448250,Improvisación De Guitarra,True,20,1,0,10,All Levels,0.0,2015-03-24 18:59:20+00:00,Musical Instruments,0,0,2,1,
932804,Improvise On The Piano In 30 Minutes,True,40,85,8,19,Beginner Level,0.0,2016-08-18 18:24:45+00:00,Musical Instruments,0,1,2,1,0.0
62252,"Improvise Puccini´S 'E Lucevan Le Stelle On Piano""",True,20,169,3,16,All Levels,0.0,2013-10-21 13:48:20+00:00,Musical Instruments,0,0,2,1,
615920,In Depth Web Development Made Easy,True,25,3249,27,60,All Levels,0.0,2015-10-30 16:55:44+00:00,Web Development,1,0,3,1,
185528,Iníciate En Microstation,True,20,0,0,10,Beginner Level,0.0,2014-04-15 21:52:12+00:00,Graphic Design,0,1,1,1,
1266468,Indesign - Para Quem Quer Trabalhar Com Design Gráfico,True,100,27,7,12,Intermediate Level,0.0,2017-06-27 02:48:29+00:00,Graphic Design,0,3,1,1,
446022,Indesign Basics For Beginners: Learn Indesign Quickly,True,35,177,8,24,Beginner Level,0.0,2015-08-13 21:47:01+00:00,Graphic Design,0,1,1,1,
530436,Indesign: Diseño De Proyectos Paso A Paso,True,150,300,40,77,Intermediate Level,0.0,2015-09-04 15:37:36+00:00,Graphic Design,0,3,1,1,
854764,Indian Contract Act 1872: Must For All Finance Professionals,True,20,605,3,14,All Levels,0.0,2016-05-20 17:19:02+00:00,Business Finance,0,0,0,1,
1007622,Infodesign,True,50,2,1,12,Beginner Level,0.0,2017-03-24 00:39:48+00:00,Graphic Design,0,1,1,1,
496430,Infographic Design: How To Create Your Own Infographic,True,20,84,8,13,All Levels,0.0,2015-05-12 20:38:58+00:00,Graphic Design,0,0,1,1,0.0
876444,Inkscape 101 For Beginners - Design Vector Graphics,True,195,13,5,26,Beginner Level,0.0,2016-06-13 18:28:02+00:00,Graphic Design,0,1,1,1,
628440,Inkscape For Beginners 2016/2017,True,40,1029,52,26,All Levels,0.0,2016-09-26 17:24:45+00:00,Graphic Design,1,0,1,1,
1223000,Innovators And Innovation: Travel Through Time!,True,50,101,0,31,Beginner Level,0.0,2017-05-25 17:41:10+00:00,Business Finance,0,1,0,1,0.0
131512,Inside Drum Technique,True,50,406,10,25,All Levels,0.0,2013-12-13 10:01:14+00:00,Musical Instruments,0,0,2,1,
629044,Inspirational Web Development - A Beginner Approach -,True,20,5328,47,28,Beginner Level,0.0,2016-01-24 22:03:49+00:00,Web Development,1,1,3,1,1.0
549094,Install A Wordpress Theme The Correct Way & Charge Others,True,20,2335,13,18,All Levels,0.0,2015-09-20 18:51:51+00:00,Web Development,1,0,3,1,
651990,Install Wordpress,True,20,1447,35,7,Beginner Level,0.0,2015-11-06 22:04:41+00:00,Web Development,1,1,3,1,
593128,Install Wordpress On Computer Using Xampp,False,0,4290,150,15,Beginner Level,0.0,2015-08-26 23:22:24+00:00,Web Development,1,1,3,0,1.0
326244,"Installing Wordpress 4 - Installation, Registrars & Hosting",True,45,6117,188,28,Beginner Level,0.0,2014-10-31 07:21:32+00:00,Web Development,1,1,3,1,
708696,Instant Bodhran - Part One; Learn The Basics Of Drumming Now,True,30,920,31,9,Beginner Level,0.0,2016-01-12 20:59:18+00:00,Musical Instruments,1,1,2,1,
931152,Instant Bodhran - Part Two; Learning Further Drumming Skills,True,40,28,1,10,Beginner Level,0.0,2016-08-18 22:04:40+00:00,Musical Instruments,0,1,2,1,0.0
1158690,"Instant Harmonica - Basic 12 Bar Blues Course, Easy And Fun!",True,40,124,8,14,Beginner Level,0.0,2017-03-29 00:36:48+00:00,Musical Instruments,0,1,2,1,
643970,Instant Harmonica - Christmas. Play Jingle Bells Part 1 Now,True,20,823,11,10,All Levels,0.0,2015-12-11 18:42:43+00:00,Musical Instruments,0,0,2,1,1.0
655958,Instant Harmonica - Christmas; Play Jingle Bells Part 2 Now!,True,20,58,1,10,All Levels,0.0,2015-12-17 18:29:20+00:00,Musical Instruments,0,0,2,1,
1036338,Instant Harmonica - Enjoy Playing Silent Night Tonight!,True,40,16,3,12,All Levels,0.0,2016-12-14 21:53:51+00:00,Musical Instruments,0,0,2,1,
560662,Instant Harmonica - How To Get Single Notes In 5 Easy Steps,True,20,835,10,7,Beginner Level,0.0,2015-07-22 22:15:10+00:00,Musical Instruments,0,1,2,1,
1255114,Instant Harmonica - Learning The Basic 12 Bar Blues Bassline,True,40,54,6,10,All Levels,0.0,2017-06-16 22:01:09+00:00,Musical Instruments,0,0,2,1,
1104500,Instant Harmonica - Play 12 Bar Blues Big Walter Style Now!,True,40,31,2,14,All Levels,0.0,2017-05-19 12:26:28+00:00,Musical Instruments,0,0,2,1,
861566,Instant Harmonica - Play Adele'S Wonderful 'Hello' Today!,True,20,284,3,12,All Levels,0.0,2016-05-30 18:19:12+00:00,Musical Instruments,0,0,2,1,
854696,Instant Harmonica - Play Amazing Grace + Ode To Joy Now!,True,40,341,7,23,All Levels,0.0,2016-06-17 07:57:27+00:00,Musical Instruments,0,0,2,1,
567558,Instant Harmonica - Play Amazing Grace With Grace And Ease!,True,40,496,6,14,Beginner Level,0.0,2015-08-01 00:00:56+00:00,Musical Instruments,0,1,2,1,
1046768,Instant Harmonica - Play Auld Lang Syne The Neet (Tonight)!,True,40,28,1,13,All Levels,0.0,2016-12-22 17:49:15+00:00,Musical Instruments,0,0,2,1,0.0
933814,Instant Harmonica - Play Blowing In The Wind + Popeye Theme!,True,40,13,1,24,All Levels,0.0,2016-09-23 16:18:59+00:00,Musical Instruments,0,0,2,1,
1102396,Instant Harmonica - Play 'Can'T Help Falling In Love' Now!,True,40,32,3,11,All Levels,0.0,2017-02-07 03:15:40+00:00,Musical Instruments,0,0,2,1,
789820,Instant Harmonica - Play Christmas + Birthday Songs Now!,True,40,236,0,18,All Levels,0.0,2016-05-18 18:46:00+00:00,Musical Instruments,0,0,2,1,
705890,Instant Harmonica - Play Dylan'S Blowing In The Wind Today!,True,20,81,5,14,All Levels,0.0,2016-01-12 00:11:00+00:00,Musical Instruments,0,0,2,1,
994050,Instant Harmonica - Play Dylan'S Like A Rolling Stone Now!,True,40,28,2,11,All Levels,0.0,2016-10-27 19:48:23+00:00,Musical Instruments,0,0,2,1,
1111562,Instant Harmonica - Play 'I Just Called To Say I Love You',True,40,15,0,11,All Levels,0.0,2017-02-15 20:44:12+00:00,Musical Instruments,0,0,2,1,
618334,Instant Harmonica - Play Jazzy Autumn Leaves Now (Part One),True,20,25,1,10,Beginner Level,0.0,2015-10-19 18:40:45+00:00,Musical Instruments,0,1,2,1,
618370,Instant Harmonica - Play Jazzy Autumn Leaves Now (Part Two),True,20,19,1,9,Beginner Level,0.0,2015-10-19 20:13:21+00:00,Musical Instruments,0,1,2,1,
1013762,Instant Harmonica - Play Leonard Cohen'S Hallelujah Now!,True,40,100,15,14,All Levels,0.0,2016-11-20 22:46:31+00:00,Musical Instruments,0,0,2,1,
854692,Instant Harmonica - Play Over The Rainbow + Skye Boat Now!,True,40,29,4,22,All Levels,0.0,2016-07-18 21:54:18+00:00,Musical Instruments,0,0,2,1,0.0
563650,Instant Harmonica - Play Scarborough Fair In 8 Easy Lectures,True,40,543,4,12,Beginner Level,0.0,2015-07-24 22:22:30+00:00,Musical Instruments,0,1,2,1,
589248,Instant Harmonica - Play Somewhere Over The Rainbow Now!,True,40,431,2,11,Beginner Level,0.0,2016-01-04 21:22:38+00:00,Musical Instruments,0,1,2,1,
854694,Instant Harmonica - Play Star Wars + The Lion Sleeps Now!,True,40,33,3,20,All Levels,0.0,2016-08-13 12:50:31+00:00,Musical Instruments,0,0,2,1,
854690,Instant Harmonica - Play Summertime + Drunken Sailor Now!,True,40,26,2,20,All Levels,0.0,2016-07-24 15:55:44+00:00,Musical Instruments,0,0,2,1,
586490,Instant Harmonica - Play Summertime In 8 Fun & Easy Lessons,True,40,81,7,11,Beginner Level,0.0,2015-08-19 19:29:18+00:00,Musical Instruments,0,1,2,1,0.0
963094,Instant Harmonica - Play The Cool Tune Dirty Old Town Now!,True,40,42,8,17,All Levels,0.0,2016-10-12 16:54:54+00:00,Musical Instruments,0,0,2,1,
618396,Instant Harmonica - Play The Drunken Sailor Sea Shanty Now!,True,20,27,3,9,Beginner Level,0.0,2015-10-18 22:42:50+00:00,Musical Instruments,0,1,2,1,0.0
636858,Instant Harmonica - Play The Gorgeous Skye Boat Song Now!,True,20,122,9,11,Beginner Level,0.0,2015-10-18 22:30:58+00:00,Musical Instruments,0,1,2,1,
561774,Instant Harmonica - Play The Great Irish Tune Molly Malone!,True,20,420,2,13,Beginner Level,0.0,2015-07-23 20:14:45+00:00,Musical Instruments,0,1,2,1,
729464,Instant Harmonica - Play The Groovy Beatles Yesterday Today!,True,40,295,7,14,All Levels,0.0,2016-04-25 15:48:05+00:00,Musical Instruments,0,0,2,1,
933818,Instant Harmonica - Play The Groovy Irish Washerwoman Now!,True,40,55,8,13,Beginner Level,0.0,2017-01-24 23:11:26+00:00,Musical Instruments,0,1,2,1,
769518,Instant Harmonica - Play The Groovy Valens La Bamba Now!,True,20,390,4,10,Beginner Level,0.0,2016-02-22 22:28:12+00:00,Musical Instruments,0,1,2,1,
1104492,Instant Harmonica - Play The Irish Anthem Danny Boy Today!,True,40,8,1,15,All Levels,0.0,2017-03-21 20:54:20+00:00,Musical Instruments,0,0,2,1,
701662,Instant Harmonica - Play The Irish Tune Whiskey In The Jar!,True,20,41,1,13,All Levels,0.0,2015-12-28 20:45:10+00:00,Musical Instruments,0,0,2,1,
584468,Instant Harmonica - Play The Kesh (Part 2) - Easy And Fun!,True,20,53,5,9,Beginner Level,0.0,2015-08-17 19:02:38+00:00,Musical Instruments,0,1,2,1,0.0
583224,Instant Harmonica - Play The Kesh (Pt 1) It'S Easy And Fun!,True,40,58,5,11,All Levels,0.0,2015-08-17 18:39:16+00:00,Musical Instruments,0,0,2,1,
588264,Instant Harmonica - Play The Lion Sleeps Tonight - Today!,True,20,62,1,11,Beginner Level,0.0,2015-08-21 21:37:53+00:00,Musical Instruments,0,1,2,1,
636846,Instant Harmonica - Play The Old Popeye Spinach Song Now !,True,20,22,0,10,Beginner Level,0.0,2015-10-19 00:15:00+00:00,Musical Instruments,0,1,2,1,
1104494,Instant Harmonica - Play This Classic 8 Bar Blues Tune!,True,40,43,4,13,All Levels,0.0,2017-04-23 10:53:00+00:00,Musical Instruments,0,0,2,1,
1104496,Instant Harmonica - Play This Classic Game Of Thrones Theme!,True,40,21,2,13,Beginner Level,0.0,2017-05-30 13:17:58+00:00,Musical Instruments,0,1,2,1,
564446,Instant Harmonica - Play Two Star Wars Themes In 30 Minutes,True,20,605,21,11,Beginner Level,0.0,2015-07-28 16:49:56+00:00,Musical Instruments,0,1,2,1,
582390,Instant Harmonica - Play When The Saints On Harmonica Now!,True,20,31,1,10,Beginner Level,0.0,2015-08-14 18:30:56+00:00,Musical Instruments,0,1,2,1,
933812,Instant Harmonica - Play Whiskey In The Jar + Molly Malone!,True,40,21,3,27,All Levels,0.0,2016-09-20 15:32:31+00:00,Musical Instruments,0,0,2,1,
933816,Instant Harmonica - Play Yesterday + Scarborough Fair Today!,True,40,33,5,26,All Levels,0.0,2016-08-26 19:51:47+00:00,Musical Instruments,0,0,2,1,
559438,Instant Harmonica – Play Beethoven’S Ode To Joy Right Now!,True,20,455,3,11,Beginner Level,0.0,2015-07-22 21:55:34+00:00,Musical Instruments,0,1,2,1,
856490,Interaction Design Specialist For Web Developers,True,95,8594,37,18,All Levels,0.0,2016-07-04 22:11:35+00:00,Web Development,1,0,3,1,
1181900,Interactive Dynamic Javascript For Beginners Dom,True,200,5559,35,21,Beginner Level,0.0,2017-04-18 17:16:33+00:00,Web Development,1,1,3,1,
179500,Interest Rate Swaps,True,50,485,24,20,All Levels,0.0,2014-03-11 18:08:54+00:00,Business Finance,0,0,0,1,
1164488,Interiores Sostenibles 101,True,30,1,0,5,Beginner Level,0.0,2017-04-15 18:43:37+00:00,Graphic Design,0,1,1,1,0.0
1051430,Intermediate Accounting 1: Easy. Fast. Simple!,True,200,90,12,35,Intermediate Level,0.0,2016-12-29 17:21:35+00:00,Business Finance,0,3,0,1,0.0
474928,Intermediate Options Trading Concepts For Stocks And Options,True,40,2000,30,9,All Levels,0.0,2015-04-13 20:28:04+00:00,Business Finance,1,0,0,1,
1078520,"Internal Controls - Design, Implementation And Monitoring",True,195,62,6,27,Beginner Level,0.0,2017-03-20 18:42:56+00:00,Business Finance,0,1,0,1,0.0
907716,International Tax  - Tax Beyond Boundaries,True,100,27,6,235,All Levels,0.0,2016-09-06 15:03:27+00:00,Business Finance,0,0,0,1,
113712,International Trade And New Geographic Economy,True,20,12,1,6,All Levels,0.0,2013-12-05 20:10:14+00:00,Business Finance,0,0,0,1,
627772,Interpreting Financial Statements,False,0,2119,111,54,All Levels,0.0,2015-10-28 18:25:41+00:00,Business Finance,1,0,0,0,
57415,Interpreting Financial Statements,True,20,1449,29,23,Beginner Level,0.0,2013-06-06 21:50:57+00:00,Business Finance,1,1,0,1,
561800,Intro To Adobe Illustrator,True,20,189,13,55,Beginner Level,0.0,2015-08-07 21:56:22+00:00,Graphic Design,0,1,1,1,
920604,Intro To Financial Modeling,True,105,1077,110,55,Beginner Level,0.0,2016-08-19 20:12:24+00:00,Business Finance,1,1,0,1,
1232382,Intro To Financial Statement Audits,True,50,1,0,9,Intermediate Level,0.0,2017-06-29 18:09:01+00:00,Business Finance,0,3,0,1,
802268,Intro To Git,True,20,2532,291,30,Beginner Level,0.0,2016-06-28 21:17:31+00:00,Web Development,1,1,3,1,
399640,Intro To Html & Css: Web Development For Beginners,True,20,6008,203,35,Beginner Level,0.0,2015-01-24 18:32:40+00:00,Web Development,1,1,3,1,
255604,Intro To Illustrator,True,20,11,4,59,Beginner Level,0.0,2014-07-20 11:12:36+00:00,Graphic Design,0,1,1,1,
994666,Intro To Impact Investing,True,200,44,4,12,Beginner Level,0.0,2016-11-08 17:02:08+00:00,Business Finance,0,1,0,1,
730414,"Intro To Investment Banking, M&A, Ipo, Modeling + Free Book",True,60,1922,149,15,All Levels,0.0,2016-01-21 01:25:31+00:00,Business Finance,1,0,0,1,1.0
669174,Intro To Photoshop For Merch By Amazon,True,25,331,24,9,Beginner Level,0.0,2015-11-16 20:17:05+00:00,Graphic Design,0,1,1,1,1.0
82412,Intro To Php Web Application Development With Symfony,True,200,4040,72,20,Beginner Level,0.0,2013-09-06 02:34:20+00:00,Web Development,1,1,3,1,
1113702,"Intro. To Asset-Backed Securities, Cfa Level I,  2017 Prep",True,20,1,0,13,All Levels,0.0,2017-03-27 19:59:34+00:00,Business Finance,0,0,0,1,
396888,Introducción A La Contabilidad,True,30,1235,31,15,Beginner Level,0.0,2015-01-23 20:22:18+00:00,Business Finance,1,1,0,1,
307080,Introducción A La Contabilidad,True,20,193,19,14,Beginner Level,0.0,2014-12-17 12:50:58+00:00,Business Finance,0,1,0,1,
396890,Introducción A Las Finanzas,True,30,1798,40,15,Beginner Level,0.0,2015-01-27 20:20:34+00:00,Business Finance,1,1,0,1,
185500,Introducción Al Retrato Realista Con Photoshop,True,20,3,0,7,Beginner Level,0.0,2014-04-15 21:38:52+00:00,Graphic Design,0,1,1,1,
400464,Introducción Al Trading De Opciones,True,100,1573,122,43,Beginner Level,0.0,2015-02-17 02:52:02+00:00,Business Finance,1,1,0,1,
755932,Introducing Ionic 2,True,50,394,78,22,Beginner Level,0.0,2016-02-08 20:43:47+00:00,Web Development,0,1,3,1,
1031696,Introduction To Accounting - Analyzing Financial Statements,True,60,37,15,12,Intermediate Level,0.0,2016-12-13 21:12:10+00:00,Business Finance,0,3,0,1,
1020760,Introduction To Accounting : Mastering Financial Statements,True,50,1916,38,23,Beginner Level,0.0,2016-12-05 22:14:17+00:00,Business Finance,1,1,0,1,
302562,Introduction To Accounting: The Language Of Business,True,20,11958,370,134,Beginner Level,0.0,2014-10-02 09:16:55+00:00,Business Finance,1,1,0,1,
1162656,Introduction To Bitcoin For Beginners,True,20,2,1,7,Beginner Level,0.0,2017-04-28 00:03:47+00:00,Business Finance,0,1,0,1,
155344,Introduction To Bookkeeping (Accounting),True,20,3251,10,59,Beginner Level,0.0,2014-01-31 20:40:36+00:00,Business Finance,1,1,0,1,
576946,Introduction To Bookkeeping And Accounting,True,35,2623,158,20,Beginner Level,0.0,2015-08-21 20:33:25+00:00,Business Finance,1,1,0,1,
98140,Introduction To Bootstrap 3,True,20,5795,79,29,Beginner Level,0.0,2013-09-27 03:11:22+00:00,Web Development,1,1,3,1,
543090,Introduction To Coding With Ruby,True,45,5077,126,66,Beginner Level,0.0,2015-07-22 18:23:06+00:00,Web Development,1,1,3,1,
1016996,Introduction To Corporate Finance (Mergers & Acquisitions),False,0,2080,83,30,Beginner Level,0.0,2017-02-28 16:14:06+00:00,Business Finance,1,1,0,0,
1188742,Introduction To Cryptocurrencies And Blockchain,False,0,3775,138,11,Beginner Level,0.0,2017-05-01 21:18:54+00:00,Business Finance,1,1,0,0,
212374,Introduction To Css Development,False,0,15493,415,25,Beginner Level,0.0,2014-08-18 23:33:20+00:00,Web Development,1,1,3,0,
902748,Introduction To Data Analytics Using Microsoft Power Bi,True,45,1764,33,16,All Levels,0.0,2016-07-13 17:36:30+00:00,Web Development,1,0,3,1,
248338,Introduction To Day Trading,True,50,79,5,36,Beginner Level,0.0,2014-09-05 04:38:45+00:00,Business Finance,0,1,0,1,0.0
189996,Introduction To Digital Payments,False,0,12217,351,17,Beginner Level,0.0,2014-04-29 05:49:43+00:00,Business Finance,1,1,0,0,
1170690,Introduction To Elm,False,0,1519,28,20,Intermediate Level,0.0,2017-05-15 22:50:07+00:00,Web Development,1,3,3,0,
528488,Introduction To Equity Markets,False,0,4770,64,31,Beginner Level,0.0,2015-07-30 19:00:30+00:00,Business Finance,1,1,0,0,
888716,"Introduction To Finance, Accounting, Modeling And Valuation",True,200,11441,1118,61,All Levels,0.0,2016-06-28 06:12:23+00:00,Business Finance,1,0,0,1,1.0
385604,Introduction To Financial Consolidation Under Ifrs,True,25,21,3,8,All Levels,0.0,2016-12-05 14:18:39+00:00,Business Finance,0,0,0,1,
151668,Introduction To Financial Modeling,False,0,29167,1463,8,Intermediate Level,0.0,2014-05-27 16:22:16+00:00,Business Finance,1,3,0,0,
771276,Introduction To Financial Statement Analysis,True,20,1480,25,25,Beginner Level,0.0,2016-03-21 17:00:37+00:00,Business Finance,1,1,0,1,0.0
560218,Introduction To Financial Statements,True,40,112,1,14,Beginner Level,0.0,2015-08-16 22:26:02+00:00,Business Finance,0,1,0,1,
1157298,Introduction To Forex Trading Business For Beginners,True,20,0,0,27,Beginner Level,0.0,2017-04-23 16:19:01+00:00,Business Finance,0,1,0,1,0.0
673196,Introduction To Frontend Web Development For  Beginners,True,145,1018,28,48,Beginner Level,0.0,2016-08-02 16:54:13+00:00,Web Development,1,1,3,1,
179820,Introduction To Futures & Options,True,50,694,35,27,All Levels,0.0,2014-03-11 17:06:53+00:00,Business Finance,0,0,0,1,
1224262,Introduction To Futures Trading And Live Trade Demonstration,True,60,54,4,6,Expert Level,0.0,2017-05-24 14:16:09+00:00,Business Finance,0,2,0,1,
808808,Introduction To Gimp 2.8: Tutorials For Beginners,True,20,282,8,28,Beginner Level,0.0,2016-04-01 17:31:53+00:00,Graphic Design,0,1,1,1,
151027,"Introduction To Guitar 'A Course For Beginners"",Https://Www.Udemy.Com/Introduction-To-Guitar/,True,25,163,11,56,Beginner Level,2.5 Hours,2014-10-30T15:59:39Z
650804,Guitar  Master Class Learning How To Play Guitar From A To Z""",True,40,489,5,35,All Levels,0.0,2015-10-26 22:01:15+00:00,Musical Instruments,0,0,2,1,0.0
1132694,Introduction To Gypsy Jazz Guitar,True,95,452,10,18,All Levels,0.0,2017-05-14 14:30:46+00:00,Musical Instruments,0,0,2,1,
740764,Introduction To Health Financing,True,85,26,1,17,Beginner Level,0.0,2016-05-17 19:10:41+00:00,Business Finance,0,1,0,1,
212624,Introduction To Html,False,0,8371,212,18,Beginner Level,0.0,2014-08-30 01:33:38+00:00,Web Development,1,1,3,0,
803074,Introduction To Html Course,True,20,3258,32,16,Beginner Level,0.0,2016-05-16 15:14:17+00:00,Web Development,1,1,3,1,
782192,Introduction To Html5 Canvas Basics Of Drawing,True,200,2918,16,17,Beginner Level,0.0,2016-03-14 18:51:45+00:00,Web Development,1,1,3,1,
12975,Introduction To Java Programming For Online Learners,True,200,1586,87,124,Beginner Level,0.0,2013-04-17 02:55:10+00:00,Web Development,1,1,3,1,
295843,Introduction To Laravel 4,False,0,9110,411,22,All Levels,0.0,2014-09-12 22:52:21+00:00,Web Development,1,0,3,0,
103662,Introduction To Lead Guitar,True,20,245,8,34,Intermediate Level,0.0,2013-11-26 23:41:44+00:00,Musical Instruments,0,3,2,1,
565384,Introduction To Modern Programming With Php,True,20,954,183,123,Beginner Level,0.0,2015-08-27 19:20:42+00:00,Web Development,1,1,3,1,1.0
212394,Introduction To Node.Js Development,True,55,1779,48,16,Expert Level,0.0,2014-08-28 03:28:55+00:00,Web Development,1,2,3,1,0.0
1189280,Introduction To Node.Js For Beginners,True,125,1367,17,58,Beginner Level,0.0,2017-04-24 23:55:11+00:00,Web Development,1,1,3,1,
552504,Introduction To Options - Strategies For Consistent Profits,True,40,617,44,55,All Levels,0.0,2015-08-16 22:14:02+00:00,Business Finance,0,0,0,1,0.0
817074,Introduction To Photoshop Cc: Tutorials For Beginners,True,20,262,0,12,Beginner Level,0.0,2016-04-10 20:12:18+00:00,Graphic Design,0,1,1,1,
576108,Introduction To Php Slim Microframework,True,20,1312,19,11,Intermediate Level,0.0,2015-08-07 16:53:35+00:00,Web Development,1,3,3,1,
583752,Introduction To Piano - By Pgn Piano!,False,0,14922,772,8,Beginner Level,0.0,2015-08-16 20:38:49+00:00,Musical Instruments,1,1,2,0,
1247992,Introduction To Project Management For Finance And Acct'G,True,50,0,0,9,Beginner Level,0.0,2017-07-03 21:40:32+00:00,Business Finance,0,1,0,1,
1038538,Introduction To Qgis Python Programming,True,85,197,26,28,Beginner Level,0.0,2016-12-22 00:11:22+00:00,Web Development,0,1,3,1,
35131,Introduction To Small Business Accounting Training Tutorial,True,25,168,9,75,Beginner Level,0.0,2013-01-09 02:57:25+00:00,Business Finance,0,1,0,1,
282044,Introduction To The 8 Pillars For Accountants,True,20,18,0,33,Beginner Level,0.0,2014-08-16 17:37:15+00:00,Business Finance,0,1,0,1,
73068,Introduction To The Cfa Program,False,0,4248,66,6,Beginner Level,0.0,2013-08-12 11:10:42+00:00,Business Finance,1,1,0,0,
980408,Introduction To The Economics Of Public Services Regulation,True,80,98,35,69,Intermediate Level,0.0,2017-01-03 17:57:55+00:00,Business Finance,0,3,0,1,
607800,Introduction To The World Of Equity Finance,True,20,29,9,32,All Levels,0.0,2015-12-08 17:12:06+00:00,Business Finance,0,0,0,1,
332690,Introduction To Trade Theory (Technical Analysis) For Stocks,True,20,45,4,6,Beginner Level,0.0,2014-11-24 04:14:02+00:00,Business Finance,0,1,0,1,
650836,Introduction To Ukulele 1,True,20,630,25,27,Beginner Level,0.0,2015-12-01 19:23:03+00:00,Musical Instruments,0,1,2,1,
1034074,Introduction To Value Growth Investing,False,0,2768,83,10,All Levels,0.0,2016-12-20 16:08:26+00:00,Business Finance,1,0,0,0,
730542,Introduction To Voice Design With Amazon'S Alexa,False,0,6742,1036,6,Beginner Level,0.0,2016-01-18 00:18:08+00:00,Web Development,1,1,3,0,
99986,Introduction To Web Development,True,20,18143,159,15,Beginner Level,0.0,2013-10-04 13:40:59+00:00,Web Development,1,1,3,1,
178640,Introduction To Web Development,True,50,5921,35,42,Beginner Level,0.0,2014-03-11 19:43:30+00:00,Web Development,1,1,3,1,1.0
159070,Introduction To Web Development: Html,True,20,26800,333,55,Beginner Level,0.0,2014-02-13 20:39:33+00:00,Web Development,1,1,3,1,1.0
1004008,Introduction To Web Programming For Gis Applications,True,100,205,38,97,Beginner Level,0.0,2017-03-13 14:50:48+00:00,Web Development,0,1,3,1,
24877,Introductory Financial Accounting,True,80,1793,265,54,Beginner Level,0.0,2012-10-03 03:20:10+00:00,Business Finance,1,1,0,1,
805336,Introductory Forex Trading Course,False,0,5931,158,15,Beginner Level,0.0,2016-05-04 22:34:45+00:00,Business Finance,1,1,0,0,
316704,Introductory Javascript Made Easy Training Tutorial,True,20,9381,138,131,Beginner Level,0.0,2014-10-15 15:23:00+00:00,Web Development,1,1,3,1,1.0
942366,Introductory To Html And Css,True,50,4106,112,15,Beginner Level,0.0,2016-08-27 21:35:25+00:00,Web Development,1,1,3,1,
634932,Inversión: Fundamentos Del Trading Para Principiantes,True,125,285,6,18,Beginner Level,0.0,2015-10-26 17:50:47+00:00,Business Finance,0,1,0,1,0.0
674354,Invest Like A Pro!,True,200,1173,22,15,Beginner Level,0.0,2015-12-29 18:56:44+00:00,Business Finance,1,1,0,1,1.0
427040,Investiere In Tax Liens-Hohe Zinsen Gesetzl. Festgeschrieben,True,20,59,11,7,All Levels,0.0,2015-02-25 15:13:13+00:00,Business Finance,0,0,0,1,1.0
1132162,Investimento Em Ações,True,20,16,4,27,Beginner Level,0.0,2017-03-27 16:45:29+00:00,Business Finance,0,1,0,1,0.0
985104,Investimento Em Ações Para Leigos,True,20,201,46,19,Beginner Level,0.0,2016-11-11 15:53:07+00:00,Business Finance,0,1,0,1,
353044,Investing 101: The Complete Online Investing Course,True,200,5334,373,42,All Levels,0.0,2014-11-28 17:49:03+00:00,Business Finance,1,0,0,1,
739964,Investing And Trading For Beginners: Mastering Price Charts,True,65,1540,178,26,Beginner Level,0.0,2016-02-21 18:23:12+00:00,Business Finance,1,1,0,1,
855816,Investing In Stocks & Shares,True,20,2,0,24,Beginner Level,0.0,2016-05-23 06:21:40+00:00,Business Finance,0,1,0,1,0.0
979616,"Investing In Stocks For Big Gains, Fundamental Investing",True,200,267,11,21,All Levels,0.0,2016-10-22 14:28:36+00:00,Business Finance,0,0,0,1,
480752,Investing In Stocks With 10 Simple Rules,True,95,871,79,59,All Levels,0.0,2015-06-16 21:35:07+00:00,Business Finance,0,0,0,1,1.0
1023670,Investing In Stocks: Avoid Stock Market Loss,True,125,1136,12,13,Beginner Level,0.0,2016-11-29 19:05:57+00:00,Business Finance,1,1,0,1,
884658,Investing In Stocks? Master The Art Of Covered Calls Selling,True,80,1095,17,35,All Levels,0.0,2016-07-28 00:32:48+00:00,Business Finance,1,0,0,1,
663022,"Investing Internationally Into Real Estate, Stocks And Bonds",True,200,1101,14,37,All Levels,0.0,2016-01-27 18:40:25+00:00,Business Finance,1,0,0,1,
319020,Investing: How I Consistently Beat The Stock Market,True,200,2000,31,34,All Levels,0.0,2014-12-11 20:35:05+00:00,Business Finance,1,0,0,1,
572992,Investing: How To Fix Hidden Flaws Inside Your Portfolio,True,195,58,8,14,All Levels,0.0,2015-12-03 02:30:13+00:00,Business Finance,0,0,0,1,
382824,Investment Banking Operations : Securities Trade Life Cycle,True,30,267,9,10,All Levels,0.0,2015-01-02 10:18:52+00:00,Business Finance,0,0,0,1,0.0
511952,Investment Banking: How To Land A Job On Wall Street,True,75,1218,30,63,All Levels,0.0,2015-06-11 19:09:17+00:00,Business Finance,1,0,0,1,1.0
851106,Investment Crowdfunding 101 (A.K.A Equity Crowdfunding),False,0,4607,181,11,Beginner Level,0.0,2016-05-17 00:43:59+00:00,Business Finance,1,1,0,0,
665866,Investment Portfolio Analysis With Excel,True,50,154,7,39,All Levels,0.0,2015-11-12 21:51:19+00:00,Business Finance,0,0,0,1,0.0
902888,Investment Portfolio Analysis With Python,True,50,209,13,37,All Levels,0.0,2016-07-13 21:40:32+00:00,Business Finance,0,0,0,1,
885443,Investment Portfolio Analysis With R,True,50,314,38,37,All Levels,0.0,2016-06-27 20:39:08+00:00,Business Finance,0,0,0,1,
255046,Investments And Financial Markets,True,40,71,3,19,Beginner Level,0.0,2014-07-22 19:08:41+00:00,Business Finance,0,1,0,1,
571730,Invierte En La Bolsa Mexicana Y De Usa,True,200,1673,547,40,Beginner Level,0.0,2015-08-10 18:43:10+00:00,Business Finance,1,1,0,1,
1101806,캔바(Canva)로 Sns 콘텐츠 만들기,True,30,44,13,19,Beginner Level,0.0,2017-02-06 21:39:19+00:00,Graphic Design,0,1,1,1,
20150,Iphone Icons Gone Awesome,True,20,2346,18,55,All Levels,0.0,2012-06-26 14:39:05+00:00,Graphic Design,1,0,1,1,
64078,Iphone Icons In Ios7 - Learn Flat Design,True,20,165,4,41,All Levels,0.0,2013-08-21 20:00:26+00:00,Graphic Design,0,0,1,1,
1131122,Ipo Fundamentals,True,20,1122,13,6,Beginner Level,0.0,2017-03-02 00:58:36+00:00,Business Finance,1,1,0,1,
344224,Java Spring Security,True,40,527,63,11,Intermediate Level,0.0,2014-11-15 13:54:07+00:00,Web Development,0,3,3,1,
1053406,Java Web Services Part 2,True,20,959,51,74,Intermediate Level,0.0,2017-01-12 03:10:56+00:00,Web Development,1,3,3,1,
1128560,Javascript - Become Higly Paid Front End Developer,True,105,710,137,49,Beginner Level,0.0,2017-04-17 16:39:08+00:00,Web Development,0,1,3,1,
1025026,Javascript - From Beginner To Pro-Build Real World Js Apps,True,195,28694,688,77,Beginner Level,0.0,2016-12-11 21:16:42+00:00,Web Development,1,1,3,1,
822670,Javascript - Tricks And Workarounds,True,100,1410,134,67,All Levels,0.0,2016-04-15 18:47:45+00:00,Web Development,1,0,3,1,
958982,Javascript : Javascript Awesomeness,True,25,785,20,25,Beginner Level,0.0,2016-09-15 18:06:58+00:00,Web Development,0,1,3,1,
944156,Javascript :Basics For Beginners,True,30,1057,22,12,Beginner Level,0.0,2016-08-29 17:01:28+00:00,Web Development,1,1,3,1,
1199774,Javascript 2017: Become Top Rated Web Developer,True,115,1346,330,32,All Levels,0.0,2017-05-03 14:15:06+00:00,Web Development,1,0,3,1,
616818,Javascript And Jquery Basics: Start The Journey,True,25,1316,22,45,All Levels,0.0,2015-09-21 00:53:26+00:00,Web Development,1,0,3,1,
760752,Javascript Basics For Beginners Introduction To Coding,True,150,5495,52,18,Beginner Level,0.0,2016-02-17 04:53:50+00:00,Web Development,1,1,3,1,
900794,Javascript Basics For Web Developers,True,20,958,14,17,Beginner Level,0.0,2016-07-11 17:30:42+00:00,Web Development,1,1,3,1,
582392,Javascript Basics Web Development Building Blocks,True,95,10179,68,17,Beginner Level,0.0,2015-08-14 00:27:33+00:00,Web Development,1,1,3,1,
650328,Javascript Complete For Beginners With Real World Apps,True,120,2652,33,40,All Levels,0.0,2016-02-02 21:35:54+00:00,Web Development,1,0,3,1,
846156,Javascript Complete Guide To Learning Javascript,True,200,1296,22,72,Beginner Level,0.0,2016-05-17 17:19:48+00:00,Web Development,1,1,3,1,1.0
661802,Javascript Design Patterns: 20 Patterns For Expert Code,True,95,2789,243,26,Expert Level,0.0,2015-11-12 19:01:10+00:00,Web Development,1,2,3,1,1.0
560990,Javascript Dom Dynamic Web Interactive Content Boot Camp,True,75,7380,43,59,All Levels,0.0,2015-07-30 16:52:34+00:00,Web Development,1,0,3,1,
1124970,Javascript Es6! A Complete Reference Guide To Javascript Es6,True,175,4783,41,48,Intermediate Level,0.0,2017-04-20 16:22:34+00:00,Web Development,1,3,3,1,
707962,Javascript Essentials,False,0,47062,5590,41,Beginner Level,0.0,2016-01-20 19:08:27+00:00,Web Development,1,1,3,0,
149042,Javascript For Absolute Beginners,True,20,10689,394,17,Beginner Level,0.0,2014-01-21 03:56:12+00:00,Web Development,1,1,3,1,1.0
959200,Javascript For Absolute Beginners - Level One,True,65,713,80,8,All Levels,0.0,2016-09-19 21:06:29+00:00,Web Development,0,0,3,1,
963378,Javascript For Absolute Beginners - Level Two,True,30,424,85,9,Intermediate Level,0.0,2016-09-20 17:59:39+00:00,Web Development,0,3,3,1,
8324,Javascript For Beginners,True,20,3697,195,48,All Levels,0.0,2011-07-09 05:43:31+00:00,Web Development,1,0,3,1,1.0
624578,Javascript For Beginners,True,75,2071,57,14,Beginner Level,0.0,2015-10-01 17:14:38+00:00,Web Development,1,1,3,1,
495678,Javascript For Beginners - A Complete Guide,True,100,1193,87,58,All Levels,0.0,2015-06-16 00:35:45+00:00,Web Development,1,0,3,1,
1052304,Javascript For Beginners : Learn Javascript From Scratch,True,195,11285,102,77,All Levels,0.0,2017-02-07 17:20:39+00:00,Web Development,1,0,3,1,
1021834,Javascript For Beginners In 1 Hour,True,95,2086,56,22,Beginner Level,0.0,2016-12-12 16:52:38+00:00,Web Development,1,1,3,1,
405818,Javascript For Beginners Learn By Doing Practical Exercises,True,100,5089,685,29,All Levels,0.0,2015-01-31 02:24:19+00:00,Web Development,1,0,3,1,
729552,Javascript For Beginners Welcome To Learning Javascript,True,50,10864,63,26,Beginner Level,0.0,2016-02-01 19:34:26+00:00,Web Development,1,1,3,1,
495484,Javascript For Beginners With Live Examples,True,195,4587,46,49,Beginner Level,0.0,2015-09-29 21:41:16+00:00,Web Development,1,1,3,1,
147908,Javascript For Beginning Web Developers,True,75,7785,416,33,Beginner Level,0.0,2014-01-16 18:07:39+00:00,Web Development,1,1,3,1,1.0
1038786,Javascript From Beginner To Advanced,True,195,395,18,57,All Levels,0.0,2016-12-20 21:32:57+00:00,Web Development,0,0,3,1,1.0
959586,Javascript From Beginner To Advanced Level,True,195,6134,160,50,Beginner Level,0.0,2016-12-19 14:40:00+00:00,Web Development,1,1,3,1,
426196,Javascript From Beginner To Expert,True,125,5484,439,92,All Levels,0.0,2015-05-18 21:54:08+00:00,Web Development,1,0,3,1,
368908,Javascript From Scratch For Very Beginners,True,30,1272,31,29,Beginner Level,0.0,2014-12-22 10:08:19+00:00,Web Development,1,1,3,1,
548068,Javascript Fundamentals,False,0,4409,71,100,All Levels,0.0,2016-12-20 15:34:05+00:00,Web Development,1,0,3,0,
763774,Javascript Game Development: Create Your Own Breakout Game,False,0,10179,314,21,All Levels,0.0,2016-09-26 23:44:51+00:00,Web Development,1,0,3,0,1.0
525818,Javascript High Performance,True,95,458,28,40,All Levels,0.0,2015-06-12 20:39:37+00:00,Web Development,0,0,3,1,
584786,Javascript Html Css Project Make A Quiz Tutorial,True,95,7130,39,24,All Levels,0.0,2015-08-18 18:37:17+00:00,Web Development,1,0,3,1,
803378,Javascript In Action Javascript Projects,True,150,7720,58,17,Beginner Level,0.0,2016-03-29 18:01:39+00:00,Web Development,1,1,3,1,
945336,Javascript Intermediate Level 1 - Mastering The Dom,True,100,1838,169,31,All Levels,0.0,2016-08-30 19:52:11+00:00,Web Development,1,0,3,1,1.0
945320,Javascript Intermediate Level 2 - Mastering Functions,True,100,2412,116,28,All Levels,0.0,2016-08-30 18:20:56+00:00,Web Development,1,0,3,1,
937134,Javascript Intermediate Level 3 - Json,True,100,1735,76,25,All Levels,0.0,2016-08-30 17:48:52+00:00,Web Development,1,0,3,1,
516062,Javascript Intro To Learning Javascript Web Programming,True,20,17554,94,16,Beginner Level,0.0,2015-06-01 20:44:42+00:00,Web Development,1,1,3,1,1.0
607056,Javascript Introduction To Object Oriented Javascript,True,90,7789,59,23,Beginner Level,0.0,2015-10-01 17:43:34+00:00,Web Development,1,1,3,1,
846578,Javascript Manipulation Of The Dom Document Object Model,True,20,1618,46,20,Beginner Level,0.0,2016-05-13 05:09:09+00:00,Web Development,1,1,3,1,1.0
791414,Javascript Programming: Javascript For Beginners,True,55,2215,223,74,Beginner Level,0.0,2016-04-13 18:10:18+00:00,Web Development,1,1,3,1,
628430,Javascript Project Learn To Create A Memory Game And More,True,95,6000,21,25,Beginner Level,0.0,2015-10-02 17:26:20+00:00,Web Development,1,1,3,1,
661780,Javascript Promises: Applications In Es6 And Angularjs,True,75,651,52,20,Beginner Level,0.0,2015-11-06 19:02:46+00:00,Web Development,0,1,3,1,
648118,Javascript Rockstar How To Create Incredible Useful Code,True,75,16590,51,27,All Levels,0.0,2015-10-29 18:30:46+00:00,Web Development,1,0,3,1,
1112604,Javascript Specialist,True,200,408,39,80,Beginner Level,0.0,2017-02-23 00:54:07+00:00,Web Development,0,1,3,1,
563248,Javascript Step By Step How To Apply It To Your Web Pages,True,100,13406,78,44,All Levels,0.0,2015-07-26 17:44:17+00:00,Web Development,1,0,3,1,
860812,Javascript The Basics - Javascript For Beginners,True,120,4028,674,93,Beginner Level,0.0,2016-06-09 15:13:54+00:00,Web Development,1,1,3,1,
654680,Javascript Tricks How To Create Code Projects From Scratch,True,75,15106,31,16,All Levels,0.0,2015-10-29 23:39:45+00:00,Web Development,1,0,3,1,
986442,Javascript Tutorial,True,180,613,93,37,All Levels,0.0,2016-10-17 15:07:49+00:00,Web Development,0,0,3,1,
1124244,Javascript Tutorial: Learn Javascript Code For Beginners,True,20,2074,14,22,Beginner Level,0.0,2017-03-08 00:24:44+00:00,Web Development,1,1,3,1,
17887,Javascript With Backbonejs And Bootstrap Css - Advanced,True,25,1758,37,16,Intermediate Level,0.0,2012-05-21 18:22:09+00:00,Web Development,1,3,3,1,
746790,"Javascript, Jquery And Ajax",True,20,1554,30,60,All Levels,0.0,2016-02-02 18:36:12+00:00,Web Development,1,0,3,1,
364426,Javascript: Understanding The Weird Parts,True,175,79612,16976,85,All Levels,0.0,2015-03-12 23:19:54+00:00,Web Development,1,0,3,1,
200722,Jazz Guitar Reharmonization For Autumn Leaves,True,20,30,1,15,All Levels,0.0,2014-07-03 09:25:51+00:00,Musical Instruments,0,0,2,1,
1191750,"Jazz Guitar Tips, Tricks And Licks",False,0,9351,331,21,Intermediate Level,0.0,2017-05-01 02:32:12+00:00,Musical Instruments,1,3,2,0,
320238,Jazz Piano Improvisation: The Girl Form Ipanema. Bossa Nova,True,30,151,1,5,All Levels,0.0,2014-10-16 12:34:42+00:00,Musical Instruments,0,0,2,1,
704582,"Jekyll: Make Fast, Secure Static Sites And Blogs With Jekyll",True,45,2091,86,29,Beginner Level,0.0,2016-02-18 17:30:13+00:00,Web Development,1,1,3,1,
1146288,Jews Harp - Advanced Course,True,30,26,1,52,Expert Level,0.0,2017-03-30 18:45:06+00:00,Musical Instruments,0,2,2,1,
162274,Joomla 3 - The Basics,False,0,19909,411,17,Beginner Level,0.0,2014-02-12 01:54:02+00:00,Web Development,1,1,3,0,
311638,Joomla 3 : Develop A Professional Website In 3 Simple Steps!,True,35,1309,74,43,All Levels,0.0,2015-03-13 18:53:07+00:00,Web Development,1,0,3,1,
1056848,Joomla For Beginners - Learn How To Build A Website With Cms,True,95,583,7,35,Beginner Level,0.0,2017-01-23 22:41:08+00:00,Web Development,0,1,3,1,
297390,Joomla: Create A Joomla Website This Weekend With No Coding!,False,0,18496,386,30,Beginner Level,0.0,2014-10-06 20:19:00+00:00,Web Development,1,1,3,0,
955818,Jquery :Basics For Beginners,True,50,1274,34,15,All Levels,0.0,2016-09-12 19:01:34+00:00,Web Development,1,0,3,1,
1249968,Jquery Basics - Learn Jquery From Scratch,True,100,3559,24,18,Beginner Level,0.0,2017-06-18 21:23:07+00:00,Web Development,1,1,3,1,1.0
379722,Jquery Crash Course: Learn The Essentials Of Jquery Fast,True,50,11262,142,18,All Levels,0.0,2015-01-07 03:12:34+00:00,Web Development,1,0,3,1,
688092,Jquery Create Overlay Popups From Scratch Using Jquery,True,50,4407,17,29,All Levels,0.0,2015-12-04 17:06:24+00:00,Web Development,1,0,3,1,
833182,Jquery Dom And Ajax Concept Explained For Beginners,True,35,1812,112,7,All Levels,0.0,2016-04-27 15:26:57+00:00,Web Development,1,0,3,1,
669270,Jquery Essentials Core Training For Dynamic Interactive Web,True,100,9668,38,52,All Levels,0.0,2015-11-20 17:22:00+00:00,Web Development,1,0,3,1,
933260,Jquery Essentials: Learn The Fundamental Of Jquery,True,20,1004,43,40,All Levels,0.0,2016-08-19 00:45:41+00:00,Web Development,1,0,3,1,
710486,Jquery For Absolute Beginners - Lite,True,20,1769,49,7,All Levels,0.0,2015-12-30 20:13:46+00:00,Web Development,1,0,3,1,
598516,Jquery For Beginners,True,20,1421,17,36,All Levels,0.0,2015-11-10 21:52:55+00:00,Web Development,1,0,3,1,
452684,Jquery For Beginners - Create Website Animations Easily,True,100,2971,285,28,All Levels,0.0,2015-03-24 00:40:39+00:00,Web Development,1,0,3,1,
651780,Jquery For Beginners : A Basic Introduction,True,65,6293,165,8,Beginner Level,0.0,2015-11-03 18:17:38+00:00,Web Development,1,1,3,1,
566248,Jquery Fundamentals Powerful Bootcamp For Beginners,True,150,13882,63,47,All Levels,0.0,2015-08-04 18:54:44+00:00,Web Development,1,0,3,1,
555122,Jquery In Action: Build 8 Jquery Projects,True,100,1385,89,97,All Levels,0.0,2015-09-12 07:14:48+00:00,Web Development,1,0,3,1,
865438,Jquery Ui In Action: Build 5 Jquery Ui Projects,True,150,382,28,140,All Levels,0.0,2016-10-10 22:00:32+00:00,Web Development,0,0,3,1,
56259,Jquery Ui In Depth,True,25,1520,21,52,All Levels,0.0,2013-07-28 18:48:28+00:00,Web Development,1,0,3,1,
835346,Jquery Ui Ultimate:Design Amazing Interfaces Using Jquery Ui,True,145,422,86,69,All Levels,0.0,2016-06-08 19:47:11+00:00,Web Development,0,0,3,1,
954036,Json :Basics For Beginners,True,45,2052,18,8,All Levels,0.0,2016-09-09 16:42:59+00:00,Web Development,1,0,3,1,
1075808,Json Crash Course For Beginners,True,45,3323,90,7,Beginner Level,0.0,2017-01-17 05:11:14+00:00,Web Development,1,1,3,1,
570416,Json Faster Sleeker & Easier Discover The Benefits Learn It,True,200,8577,69,31,All Levels,0.0,2015-08-12 18:33:31+00:00,Web Development,1,0,3,1,1.0
688874,Json For Beginners: A Very Basic Introduction,True,65,1703,27,8,Beginner Level,0.0,2016-01-18 23:06:45+00:00,Web Development,1,1,3,1,
661774,Json In Action: Build Json-Based Applications,True,50,1322,171,37,All Levels,0.0,2016-03-11 20:49:14+00:00,Web Development,1,0,3,1,
832478,"Json With Java Apis, Jquery And Json Rest Web Services",True,95,799,87,41,Beginner Level,0.0,2016-05-30 23:54:43+00:00,Web Development,0,1,3,1,
51752,Just Chords Piano: Learn To Play Piano Quickly - No Music,True,85,2357,15,53,Beginner Level,0.0,2013-05-02 11:38:58+00:00,Musical Instruments,1,1,2,1,
525034,Kali Linux Web App Testing,True,75,876,48,29,All Levels,0.0,2015-06-11 18:38:08+00:00,Web Development,0,0,3,1,
201472,Keyboard Basics,True,25,17,1,7,All Levels,0.0,2014-04-22 00:50:00+00:00,Musical Instruments,0,0,2,1,
521072,Keyboard Instruments - Read Sheet Music For Piano Fast!,True,50,2788,52,41,Beginner Level,0.0,2015-07-01 21:34:49+00:00,Musical Instruments,1,1,2,1,
1215926,Kickstarter Success In 5 Easy Steps,True,20,0,0,12,All Levels,0.0,2017-05-16 14:55:28+00:00,Business Finance,0,0,0,1,
65492,Kids Coding - Beginner Html,True,20,6628,53,19,Beginner Level,0.0,2013-07-19 20:44:50+00:00,Web Development,1,1,3,1,
65493,Kids Coding - Beginners Css,True,100,7130,30,17,All Levels,0.0,2013-07-25 19:55:43+00:00,Web Development,1,0,3,1,
30261,"Kids Coding -Introduction To Html, Css And Javascript",True,200,2355,143,215,Beginner Level,0.0,2012-11-26 20:00:40+00:00,Web Development,1,1,3,1,
139794,Killer Harmonica Sounds Using The Tongue And Bending Notes,True,35,80,2,16,Intermediate Level,0.0,2014-03-17 15:18:34+00:00,Musical Instruments,0,3,2,1,0.0
636548,Kindle Ebook Cover Design And Book Illustration Guide,True,120,715,16,20,All Levels,0.0,2015-11-06 17:27:45+00:00,Graphic Design,0,0,1,1,
749468,Kostenrechnung Lernen Leicht Gemacht,True,40,612,46,72,Beginner Level,0.0,2016-06-06 17:43:52+00:00,Business Finance,0,1,0,1,
43291,La Costruzione Del Budget Di Una Proposta Comunitaria,True,50,10,1,5,Intermediate Level,0.0,2015-01-30 16:29:35+00:00,Business Finance,0,3,0,1,
1036170,Laravel : Crud Application Using Ajax In Laravel 5.3,True,20,362,19,8,Intermediate Level,0.0,2017-01-09 16:52:33+00:00,Web Development,0,3,3,1,
313484,Laravel 4 Try And Enjoy Php Coding,True,20,2402,26,23,Beginner Level,0.0,2014-10-20 10:48:09+00:00,Web Development,1,1,3,1,
595818,Laravel Account Activation Project,True,50,1147,19,19,All Levels,0.0,2016-12-07 20:41:15+00:00,Web Development,1,0,3,1,
1106646,Laravel Blog Development Starter,False,0,4499,138,20,All Levels,0.0,2017-02-14 00:38:18+00:00,Web Development,1,0,3,0,
988982,Laravel Deployment - Launch Your Laravel Application Online,False,0,4905,101,13,Intermediate Level,0.0,2016-10-22 20:12:05+00:00,Web Development,1,3,3,0,
678150,Laravel Homestead,False,0,3883,110,9,Beginner Level,0.0,2016-12-07 03:43:24+00:00,Web Development,1,1,3,0,
615084,Laravel(5.2) Php Framework  Jump Start For Beginners,True,20,3898,95,32,Beginner Level,0.0,2015-12-29 18:54:13+00:00,Web Development,1,1,3,1,
1064104,"Laravel, The Complete Guide With Real World Projects",True,200,676,119,125,All Levels,0.0,2017-02-03 16:28:48+00:00,Web Development,0,0,3,1,
1146166,Latex A-Z: From Beginner To Advance In Less Than 3 Hour,True,95,623,14,30,Beginner Level,0.0,2017-03-27 18:46:54+00:00,Graphic Design,0,1,1,1,1.0
79120,Latex For Professional Publications,True,25,867,203,22,Beginner Level,0.0,2013-09-24 18:21:26+00:00,Graphic Design,0,1,1,1,
439210,Law Matters,True,20,327,1,12,Beginner Level,0.0,2015-03-27 17:16:21+00:00,Business Finance,0,1,0,1,
1138162,Le Basi Del Trading,True,200,22,5,18,All Levels,0.0,2017-03-11 00:58:58+00:00,Business Finance,0,0,0,1,
1196700,Le Basi Del Trading Online,True,45,7,1,27,Beginner Level,0.0,2017-05-31 17:02:09+00:00,Business Finance,0,1,0,1,
1124276,Le Bitcoin Et La Blockchain,True,80,13,3,12,All Levels,0.0,2017-03-13 23:49:47+00:00,Business Finance,0,0,0,1,
1079040,Leaps Options Trading System - Diagonal Leaps Options Spread,True,200,993,19,16,All Levels,0.0,2017-01-19 19:09:29+00:00,Business Finance,1,0,0,1,
410974,Learn  After Effects And Master 3D Layers In After Effects,True,20,987,2,29,All Levels,0.0,2015-02-23 08:05:26+00:00,Graphic Design,1,0,1,1,
427530,Learn  Bootstrap Development By Building 10 Projects,True,60,14813,1358,74,All Levels,0.0,2015-02-23 12:04:53+00:00,Web Development,1,0,3,1,
1102436,Learn 10 Scottish Tunes Piano Easy Level,True,45,103,1,46,Beginner Level,0.0,2017-02-20 17:32:01+00:00,Musical Instruments,0,1,2,1,0.0
711210,Learn 2D Cell Shading In Photoshop,True,20,238,25,8,Intermediate Level,0.0,2016-03-14 16:25:09+00:00,Graphic Design,0,3,1,1,0.0
939668,Learn 3 - All Time A R Rahman Hits On Carnatic Flute!,True,70,98,18,31,Intermediate Level,0.0,2016-12-13 22:38:05+00:00,Musical Instruments,0,3,2,1,
566678,Learn 4 Chords And Play Thousands Of Songs!,True,20,4560,177,22,Beginner Level,0.0,2015-08-17 19:01:04+00:00,Musical Instruments,1,1,2,1,1.0
578750,Learn 4 Vital Things That Will Make Your Drum Playing Easier,True,35,510,1,8,All Levels,0.0,2015-08-13 20:35:46+00:00,Musical Instruments,0,0,2,1,
466774,Learn About Bitcoin And Bitcoin Mining,True,20,520,10,9,Beginner Level,0.0,2015-05-01 23:05:13+00:00,Business Finance,0,1,0,1,0.0
219306,Learn About It,True,20,1193,24,27,All Levels,0.0,2014-06-05 22:40:42+00:00,Business Finance,1,0,0,1,
761808,Learn About Trading Options From A Real Wallstreet Trader,True,20,1046,17,12,All Levels,0.0,2016-02-21 22:40:55+00:00,Business Finance,1,0,0,1,
355798,Learn Accounting By Specific Examples - Part 1,True,50,306,0,5,All Levels,0.0,2014-11-28 05:56:37+00:00,Business Finance,0,0,0,1,
153210,Learn Accounting. Understand Business.,True,200,5572,123,33,Beginner Level,0.0,2014-03-27 17:58:37+00:00,Business Finance,1,1,0,1,
1045886,Learn Acoustic Guitar For Worship,True,40,86,18,26,Beginner Level,0.0,2017-01-23 15:32:41+00:00,Musical Instruments,0,1,2,1,
1228708,Learn Adobe Illustrator And Premiere Pro In 1 Hour,True,20,1,0,19,All Levels,0.0,2017-06-02 00:18:15+00:00,Graphic Design,0,0,1,1,0.0
1035402,Learn Adobe Illustrator Cc - All Essentials In 1 Hour!,True,55,324,7,14,Beginner Level,0.0,2017-03-01 00:56:31+00:00,Graphic Design,0,1,1,1,
1216132,Learn Adobe Illustrator: Semi-Automatic Mandalas Drawing,True,200,1076,15,15,All Levels,0.0,2017-05-22 22:53:46+00:00,Graphic Design,1,0,1,1,
843620,Learn Adobe Indesign From Scratch,True,40,6,2,46,Beginner Level,0.0,2016-06-20 15:34:32+00:00,Graphic Design,0,1,1,1,
1153710,Learn Adobe Photoshop From Scratch To Professional,True,20,1276,3,19,Beginner Level,0.0,2017-04-05 21:50:14+00:00,Graphic Design,1,1,1,1,0.0
546832,Learn Adobe Photoshop In 1 Hour,True,50,1235,15,10,All Levels,0.0,2015-07-07 23:16:37+00:00,Graphic Design,1,0,1,1,
753774,Learn Advanced Photoshop Selections,True,25,661,4,10,All Levels,0.0,2016-02-07 22:55:27+00:00,Graphic Design,0,0,1,1,
714678,Learn Ajax And Jquery With Php,True,20,2964,8,9,Beginner Level,0.0,2016-01-07 17:31:41+00:00,Web Development,1,1,3,1,
1240148,Learn All Piano Chords In All Piano Scales With Logic,True,45,969,2,17,Beginner Level,0.0,2017-06-04 18:56:32+00:00,Musical Instruments,1,1,2,1,
635248,Learn And Build Using Polymer,True,40,513,169,48,All Levels,0.0,2015-12-30 16:41:42+00:00,Web Development,0,0,3,1,
704732,Learn And Earn With Html & Css,True,20,9349,206,69,All Levels,0.0,2016-03-11 20:11:22+00:00,Web Development,1,0,3,1,
806122,Learn And Master The Basics Of Finance,True,20,43,17,39,Beginner Level,0.0,2016-09-25 20:37:51+00:00,Business Finance,0,1,0,1,
289230,Learn And Understand Angularjs,True,175,59361,11580,55,All Levels,0.0,2014-09-24 00:57:25+00:00,Web Development,1,0,3,1,
461160,Learn And Understand Nodejs,True,195,58208,11123,98,All Levels,0.0,2015-08-31 21:07:48+00:00,Web Development,1,0,3,1,
1115222,Learn And Understand React,True,30,4848,105,123,All Levels,0.0,2017-03-23 16:20:05+00:00,Web Development,1,0,3,1,1.0
883002,Learn Angular 2 Development By Building 12 Apps,True,50,5143,941,80,Intermediate Level,0.0,2016-07-01 21:20:38+00:00,Web Development,1,3,3,1,1.0
949282,Learn Angular 2 From Beginner To Advanced,True,195,32696,526,67,Beginner Level,0.0,2016-10-07 00:25:59+00:00,Web Development,1,1,3,1,1.0
1158572,Learn Angular 4 From Scratch,False,0,8693,522,11,Beginner Level,0.0,2017-05-02 02:38:43+00:00,Web Development,1,1,3,0,
445534,Learn Angularjs Step By Step,True,20,18777,1112,21,Intermediate Level,0.0,2015-07-07 00:08:10+00:00,Web Development,1,3,3,1,
378924,"Learn Animation Using Css3, Javascript And Html5",True,40,1468,54,18,All Levels,0.0,2015-03-24 18:43:38+00:00,Web Development,1,0,3,1,
611518,Learn Asp Net Mvc 5 Step By Step,True,20,1428,91,32,Intermediate Level,0.0,2015-10-06 19:00:39+00:00,Web Development,1,3,3,1,
1156648,Learn Asp.Net Web Api 2 For Absolute Beginner,True,30,1355,14,29,All Levels,0.0,2017-03-30 00:14:32+00:00,Web Development,1,0,3,1,
774648,Learn Authentication With Asp.Net Identity Security 2017,True,50,305,45,13,All Levels,0.0,2016-02-26 17:41:37+00:00,Web Development,0,0,3,1,
690966,Learn Azure Cloud Step By Step,True,20,791,29,24,Intermediate Level,0.0,2016-02-08 17:29:35+00:00,Web Development,0,3,3,1,
570844,Learn Basic Concepts Of Economics Step By Step - Complete,True,150,2801,6,25,All Levels,0.0,2015-08-16 16:36:47+00:00,Business Finance,1,0,0,1,
908324,Learn Basics Of Adobe Illustrator,True,25,1401,30,12,Beginner Level,0.0,2016-09-12 19:15:36+00:00,Graphic Design,1,1,1,1,
939536,Learn Basics Of Html In 30 Minutes,True,20,945,17,11,Beginner Level,0.0,2016-09-02 16:37:09+00:00,Web Development,1,1,3,1,
644654,Learn Basics Of South Indian Carnatic Flute - Level 2,True,180,152,21,91,Beginner Level,0.0,2016-03-03 21:20:36+00:00,Musical Instruments,0,1,2,1,
446478,Learn Basics Of South Indian Carnatic Flute Step By Step,True,150,380,113,49,Beginner Level,0.0,2015-04-15 16:33:43+00:00,Musical Instruments,0,1,2,1,1.0
396238,"Learn Bass Guitar- Have Fun, Amaze Your Friends- It'S Easy!",True,100,1605,19,52,Beginner Level,0.0,2015-02-13 03:27:03+00:00,Musical Instruments,1,1,2,1,
242382,Learn Beethoven'S Fur Elise On Piano,True,20,1582,11,6,All Levels,0.0,2014-06-13 00:34:26+00:00,Musical Instruments,1,0,2,1,
927186,Learn Blender 3D  - The Introduction Course,True,100,739,12,15,Beginner Level,0.0,2016-08-19 00:52:30+00:00,Graphic Design,0,1,1,1,
866796,Learn Blender 3D - The Materials And Texture Course,True,200,711,48,105,All Levels,0.0,2016-08-08 22:30:17+00:00,Graphic Design,0,0,1,1,
331600,Learn Bookkeeping From Scratch,True,20,168,2,21,All Levels,0.0,2014-11-05 21:43:45+00:00,Business Finance,0,0,0,1,
1248974,Learn Bootstrap 4 By Example,False,0,5542,54,9,All Levels,0.0,2017-06-12 20:30:50+00:00,Web Development,1,0,3,0,
919354,Learn Bootstrap 4 The Most Popular Html5 Css3 & Js Framework,True,200,279,37,119,All Levels,0.0,2017-04-25 00:57:35+00:00,Web Development,0,0,3,1,
1240522,Learn Bootstrap And Make Responsive Websites,True,25,1605,10,32,All Levels,0.0,2017-06-11 19:03:19+00:00,Web Development,1,0,3,1,
764076,Learn Bootstrap3 With Multi Purposes Single Page Layout,False,0,4503,146,122,All Levels,0.0,2016-02-16 21:59:01+00:00,Web Development,1,0,3,0,
403106,Learn Buddypress: Build A Social Network With Wordpress,True,20,1299,15,23,All Levels,0.0,2015-01-29 05:32:25+00:00,Web Development,1,0,3,1,
161986,Learn Building Your Own Website Without Coding,True,50,7660,7,19,All Levels,0.0,2014-03-21 01:53:04+00:00,Web Development,1,0,3,1,
692268,Learn Business Finance: Win More Work As A Business Coach,True,20,741,4,22,Beginner Level,0.0,2016-01-03 22:45:32+00:00,Business Finance,0,1,0,1,
987064,Learn By Doing: Vue Js 2.0 The Right Way,True,95,1087,220,32,Intermediate Level,0.0,2016-11-07 17:53:40+00:00,Web Development,1,3,3,1,1.0
978850,Learn By Example : Reactjs,True,50,1496,37,74,Beginner Level,0.0,2016-12-27 19:39:12+00:00,Web Development,1,1,3,1,
936182,Learn By Example: Angular Js,True,50,1515,32,60,All Levels,0.0,2016-08-22 19:36:10+00:00,Web Development,1,0,3,1,
958132,Learn By Example: Jquery,True,50,1702,49,78,All Levels,0.0,2016-09-19 21:27:18+00:00,Web Development,1,0,3,1,
814206,Learn By Example: Php For Dynamic Websites,True,50,1439,10,77,Beginner Level,0.0,2016-04-06 19:52:40+00:00,Web Development,1,1,3,1,
773824,"Learn By Example: The Foundations Of Html, Css & Javascript",True,50,1724,72,94,All Levels,0.0,2016-02-29 23:04:14+00:00,Web Development,1,0,3,1,1.0
41145,Learn Call Options And Put Options - Introduction To Options,True,60,1017,74,20,Beginner Level,0.0,2013-02-15 20:43:11+00:00,Business Finance,1,1,0,1,
946326,"Learn Calligraphy, Handwriting Animation Wz After Effects",True,40,116,1,18,All Levels,0.0,2016-11-03 21:56:02+00:00,Graphic Design,0,0,1,1,
1029436,Learn Cinema 4D: Create An Abstract Background,True,20,2004,4,9,Beginner Level,0.0,2017-02-22 23:08:38+00:00,Graphic Design,1,1,1,1,
1253650,Learn Coding As Rf Or Telecom Engineer - Build Real Program,True,25,1006,4,8,Beginner Level,0.0,2017-06-22 16:28:40+00:00,Web Development,1,1,3,1,
1260674,Learn Comic Book Color Flatting! (Coloring Assistant Role),False,0,946,3,6,Beginner Level,0.0,2017-06-20 17:57:00+00:00,Graphic Design,1,1,1,0,
94428,Learn Complete Web Development From Scratch,True,40,14074,106,46,All Levels,0.0,2013-10-23 09:23:00+00:00,Web Development,1,0,3,1,
881210,Learn Complete Wordpress For Building A Professional Sites,True,80,13708,92,62,All Levels,0.0,2016-06-23 23:38:02+00:00,Web Development,1,0,3,1,
768940,Learn Corel X7 Like A Pro,True,20,1586,8,5,Intermediate Level,0.0,2016-03-04 19:00:46+00:00,Graphic Design,1,3,1,1,
511378,Learn Css Transition And Animation,True,100,3757,28,20,All Levels,0.0,2015-05-27 17:51:19+00:00,Web Development,1,0,3,1,
637066,Learn Digital Drawing In Photoshop,True,20,1080,15,13,All Levels,0.0,2015-10-12 21:21:22+00:00,Graphic Design,1,0,1,1,0.0
134690,Learn Drawing And Painting A Landscape With Oil Colours,True,20,51,2,20,Intermediate Level,0.0,2014-01-14 20:01:11+00:00,Graphic Design,0,3,1,1,
854756,Learn Drupal 8 - With A Live Project,True,55,2012,15,59,All Levels,0.0,2017-03-17 00:11:02+00:00,Web Development,1,0,3,1,
267560,Learn E-Commerce Website In Php & Mysql From Scratch!,False,0,29990,1342,87,All Levels,0.0,2014-08-10 10:27:28+00:00,Web Development,1,0,3,0,
392526,Learn Effective Html In No Time!,True,40,1275,11,18,All Levels,0.0,2015-10-12 21:38:50+00:00,Web Development,1,0,3,1,
652376,Learn Essential Javascript Fundamentals - Lite,True,20,1476,27,8,All Levels,0.0,2016-01-04 18:17:31+00:00,Web Development,1,0,3,1,1.0
516064,Learn Express,True,25,1309,60,14,Intermediate Level,0.0,2015-06-01 21:34:14+00:00,Web Development,1,3,3,1,
655298,Learn Facebook Flux Architecture For Web Applications,True,40,395,26,36,All Levels,0.0,2015-11-05 21:16:07+00:00,Web Development,0,0,3,1,1.0
501502,Learn Financial Accounting Different,True,20,79,1,58,All Levels,0.0,2015-05-24 21:14:23+00:00,Business Finance,0,0,0,1,
813360,Learn Financial Modeling From Scratch - Part 2,True,50,2,1,27,All Levels,0.0,2016-04-07 15:15:10+00:00,Business Finance,0,0,0,1,
813516,Learn Financial Modeling From Scratch - Part 3,True,50,2,0,22,All Levels,0.0,2016-04-07 14:59:39+00:00,Business Finance,0,0,0,1,
811416,Learn Financial Modeling From Scratch - Part1,True,50,7,4,29,All Levels,0.0,2016-04-06 18:00:04+00:00,Business Finance,0,0,0,1,
504168,Learn Flute Fast!,True,45,249,33,61,Beginner Level,0.0,2015-06-02 19:50:16+00:00,Musical Instruments,0,1,2,1,
648628,Learn Fun Dreamy Piano Techniques # 2 - Play Silver Bells,True,80,1284,6,99,All Levels,0.0,2015-10-26 21:28:49+00:00,Musical Instruments,1,0,2,1,
631416,Learn Fun Dreamy Piano Techniques #1 -  Play White Christmas,True,80,1474,10,102,All Levels,0.0,2015-10-20 22:41:19+00:00,Musical Instruments,1,0,2,1,
502588,Learn Gimp,True,20,441,53,34,All Levels,0.0,2015-05-18 21:16:23+00:00,Graphic Design,0,0,1,1,0.0
902150,Learn Global Macro Trading & Investing For Retail Investor,True,75,178,16,27,All Levels,0.0,2016-07-15 18:23:38+00:00,Business Finance,0,0,0,1,
330900,Learn Grunt With Examples: Automate Your Front End Workflow,True,20,496,113,17,All Levels,0.0,2014-12-19 21:38:54+00:00,Web Development,0,0,3,1,1.0
26956,Learn Guitar In 21 Days,True,20,26504,192,82,Beginner Level,0.0,2012-10-21 20:36:50+00:00,Musical Instruments,1,1,2,1,
112602,"Learn Guitar The Easy Way, It'S Faster",True,25,57,2,16,Beginner Level,0.0,2013-11-14 17:47:35+00:00,Musical Instruments,0,1,2,1,0.0
1119092,"Learn Guitar The Right Way! Complete 'Kickstarter Course""",True,150,2102,33,99,Beginner Level,0.0,2017-02-25 00:22:55+00:00,Musical Instruments,1,1,2,1,
971962,Learn Guitar: Zero To Guitar Fingerpicking In 30 Days,True,50,1495,26,36,Beginner Level,0.0,2016-12-28 03:33:30+00:00,Musical Instruments,1,1,2,1,
477250,"Learn Gulp, The Streaming Build System",True,25,1305,38,16,All Levels,0.0,2015-04-19 20:34:42+00:00,Web Development,1,0,3,1,1.0
200598,"Learn Harmonica, Amaze Your Friends And Have Fun - It'S Easy",True,200,8857,718,131,All Levels,0.0,2014-04-27 16:25:44+00:00,Musical Instruments,1,0,2,1,
1217948,Learn How To Become A Web Developer From Scratch,True,200,7062,72,172,Beginner Level,0.0,2017-05-28 19:38:52+00:00,Web Development,1,1,3,1,
928858,Learn How To Build A Professional Web Site By Using Joomla,True,70,7184,22,29,All Levels,0.0,2016-08-11 21:03:21+00:00,Web Development,1,0,3,1,1.0
336938,Learn How To Build A Web Application Without Coding,False,0,9364,311,10,Beginner Level,0.0,2015-03-04 21:44:18+00:00,Web Development,1,1,3,0,1.0
1103448,Learn How To Convert Psd To Html And Css Responsive,True,30,5324,52,14,All Levels,0.0,2017-02-10 16:51:09+00:00,Web Development,1,0,3,1,
563668,Learn How To Create A Wordpress Theme Using Pinegrow,False,0,11812,152,19,Intermediate Level,0.0,2015-07-27 18:26:45+00:00,Web Development,1,3,3,0,
484872,Learn How To Create Your Own Social Network,True,50,4732,5,14,All Levels,0.0,2015-04-24 23:54:06+00:00,Web Development,1,0,3,1,
1068902,Learn How To Design A Logo In Adobe Illustrator In 30 Mins,True,50,1270,53,14,Beginner Level,0.0,2017-01-16 22:00:29+00:00,Graphic Design,1,1,1,1,
317030,Learn How To Double Your Forex Trading Account In One Trade,True,60,2900,424,36,Intermediate Level,0.0,2014-10-19 22:04:51+00:00,Business Finance,1,3,0,1,
414744,Learn How To File Taxes For Uber And Lyft Drivers,True,40,294,5,25,All Levels,0.0,2015-02-12 06:17:10+00:00,Business Finance,0,0,0,1,
658816,Learn How To Improvise On Guitar In 30 Days,True,200,1788,89,33,Beginner Level,0.0,2016-10-25 20:21:51+00:00,Musical Instruments,1,1,2,1,
471588,Learn How To Invest For Huge Profits Or Make It Big Trading!,True,50,701,12,37,All Levels,0.0,2015-06-19 22:49:13+00:00,Business Finance,0,0,0,1,
1016536,Learn How To Manage & Customize  Web Sites By Drupal Cms,True,140,7741,9,36,All Levels,0.0,2016-12-11 21:05:33+00:00,Web Development,1,0,3,1,1.0
1105904,Learn How To Play 25 Classic Hip Hop Songs,True,25,153,9,27,All Levels,0.0,2017-02-13 23:03:20+00:00,Musical Instruments,0,0,2,1,0.0
1223570,Learn How To Play 25 Classic Hip Hop Songs Ch.2,True,25,7,1,27,All Levels,0.0,2017-05-23 23:51:34+00:00,Musical Instruments,0,0,2,1,
311530,"Learn How To Play Blues, Rock, & Boogie Woogie Piano Today",True,45,2346,11,14,All Levels,0.0,2014-10-08 22:07:46+00:00,Musical Instruments,1,0,2,1,
943426,Learn How To Play Cashflow Game,True,35,1459,11,26,Beginner Level,0.0,2016-10-17 21:16:49+00:00,Business Finance,1,1,0,1,
1124590,Learn How To Play The Trumpet,True,75,2,0,24,All Levels,0.0,2017-06-19 21:42:44+00:00,Musical Instruments,0,0,2,1,
264396,Learn How To Play The Violin - Violin Basics,True,20,365,10,12,Beginner Level,0.0,2014-08-13 01:32:18+00:00,Musical Instruments,0,1,2,1,
273448,Learn How To Profit In Forex With Market Rhythms,True,20,85,5,17,All Levels,0.0,2014-08-02 17:13:03+00:00,Business Finance,0,0,0,1,
364616,Learn How To Quickly Build Websites Using Wordpress,False,0,15715,406,28,All Levels,0.0,2014-12-18 12:50:07+00:00,Web Development,1,0,3,0,
1057242,Learn How To Set Up An Incubator Hedge Fund - Step-By-Step,True,200,1406,71,54,Expert Level,0.0,2017-01-18 20:55:27+00:00,Business Finance,1,2,0,1,
707688,Learn How To Start Small And Make It Big In Small-Cap Stocks,True,50,2635,13,29,Beginner Level,0.0,2016-02-08 16:30:15+00:00,Business Finance,1,1,0,1,
1189592,Learn How To Successfully Trade Forex: In 5 Simple Steps,True,95,64,7,44,All Levels,0.0,2017-05-03 22:09:03+00:00,Business Finance,0,0,0,1,
382204,Learn How To Successfully Trade Stocks: In 5 Simple Steps,True,95,2493,276,108,All Levels,0.0,2015-01-31 19:02:09+00:00,Business Finance,1,0,0,1,
1090408,Learn How To Trade Binary Options Professionally,False,0,5144,169,7,All Levels,0.0,2017-02-03 22:15:55+00:00,Business Finance,1,0,0,0,
1117834,Learn How To Trade Gold In 2017,True,200,2,1,16,All Levels,0.0,2017-04-06 04:59:32+00:00,Business Finance,0,0,0,1,
790034,Learn How To Trade Pump And Dumps. 5 Setups Well Explained.,True,50,769,10,18,All Levels,0.0,2016-03-14 17:17:00+00:00,Business Finance,0,0,0,1,
772950,Learn How To Trade The Stock Market,True,20,984,3,41,All Levels,0.0,2016-03-02 18:19:36+00:00,Business Finance,1,0,0,1,
323916,Learn How To Use Channels To Find Amazing Forex Entries,True,45,172,48,15,All Levels,0.0,2017-05-24 18:05:36+00:00,Business Finance,0,0,0,1,
1172740,Learn How To Use Javascript Components With Php And Symfony,True,90,1822,4,25,All Levels,0.0,2017-06-05 17:43:55+00:00,Web Development,1,0,3,1,1.0
589342,Learn Html - The Programming Language To Build A Webpage!,True,25,1655,39,19,Beginner Level,0.0,2016-01-17 18:25:23+00:00,Web Development,1,1,3,1,
340844,Learn Html & Css: How To Start Your Web Development Career,False,0,15462,689,60,Beginner Level,0.0,2015-09-29 19:46:45+00:00,Web Development,1,1,3,0,
77642,Learn Html 5 In 1 Hour,True,100,11643,169,21,Beginner Level,0.0,2013-08-12 23:26:32+00:00,Web Development,1,1,3,1,
699618,Learn Html And Css From Scratch,False,0,11533,240,18,Beginner Level,0.0,2016-02-19 15:50:39+00:00,Web Development,1,1,3,0,
738726,Learn Html And Css To Make A Website,True,20,1154,12,71,Beginner Level,0.0,2016-01-28 19:35:51+00:00,Web Development,1,1,3,1,
708558,Learn Html Basics From Scratch,False,0,5004,52,21,All Levels,0.0,2015-12-29 19:01:04+00:00,Web Development,1,0,3,0,
384078,Learn Html Fast And Easy!,True,20,4011,24,17,Beginner Level,0.0,2015-08-03 22:01:42+00:00,Web Development,1,1,3,1,
846210,Learn Html In 2 Hours!,False,0,5351,235,13,Beginner Level,0.0,2016-05-17 19:11:43+00:00,Web Development,1,1,3,0,
551962,Learn Html In 59 Minutes - Your Intro To Front-End Dev,True,35,333,15,14,Beginner Level,0.0,2015-07-14 21:37:16+00:00,Web Development,0,1,3,1,
476408,"Learn Html, A Practical Guide From Scratch To Html 5",True,100,5715,52,31,All Levels,0.0,2015-04-26 12:35:16+00:00,Web Development,1,0,3,1,1.0
747650,"Learn Html, Css, And Ruby On Rails: Build Your First Blog",True,20,2985,40,27,Beginner Level,0.0,2016-11-29 23:41:06+00:00,Web Development,1,1,3,1,
269006,Learn Html5 & Css3 From Scratch,True,20,13960,239,19,All Levels,0.0,2014-07-26 22:24:03+00:00,Web Development,1,0,3,1,
14571,Learn Html5 At Your Own Pace. Ideal For Beginners,True,50,3026,60,67,All Levels,0.0,2012-02-28 18:52:32+00:00,Web Development,1,0,3,1,
761770,Learn Html5 Canvas For Beginners,True,100,2360,12,49,Beginner Level,0.0,2016-03-01 17:53:34+00:00,Web Development,1,1,3,1,
41295,Learn Html5 Programming From Scratch,False,0,268923,8629,45,All Levels,0.0,2013-02-14 07:03:41+00:00,Web Development,1,0,3,0,
627782,Learn Illustrator By Recreating Top 3 Logos - Beginner Guide,False,0,8786,245,11,Beginner Level,0.0,2015-10-04 19:36:34+00:00,Graphic Design,1,1,1,0,1.0
1134692,Learn Inkscape : Design Logos And Game Arts,True,20,1675,20,12,Beginner Level,0.0,2017-03-15 16:46:00+00:00,Graphic Design,1,1,1,1,
94430,Learn Javascript & Jquery From Scratch,True,30,84897,2685,10,All Levels,0.0,2013-10-10 15:19:29+00:00,Web Development,1,0,3,1,
760306,Learn Javascript Dynamic Interactive Projects For Beginners,True,100,2558,12,36,Beginner Level,0.0,2016-02-14 18:51:48+00:00,Web Development,1,1,3,1,
1146014,Learn Javascript For Beginners,True,200,15276,167,19,Beginner Level,0.0,2017-03-16 20:57:12+00:00,Web Development,1,1,3,1,
917724,Learn Javascript For Web Development,True,75,12893,220,95,Intermediate Level,0.0,2016-10-12 16:41:11+00:00,Web Development,1,3,3,1,1.0
553582,Learn Javascript From Scratch,True,20,4193,92,44,Beginner Level,0.0,2015-07-30 19:00:52+00:00,Web Development,1,1,3,1,1.0
1259422,Learn Javascript From Scratch:Become Top Rated Web Developer,True,65,2570,17,87,All Levels,0.0,2017-06-29 18:10:15+00:00,Web Development,1,0,3,1,
149728,Learn Jazz Piano Today,True,50,1167,66,44,All Levels,0.0,2014-01-24 18:17:37+00:00,Musical Instruments,1,0,2,1,
993148,Learn Jquery Ajax In 1 Hour,True,195,2547,62,18,Intermediate Level,0.0,2016-10-27 18:01:40+00:00,Web Development,1,3,3,1,
797038,Learn Jquery By Example Course,True,170,8625,94,73,Beginner Level,0.0,2016-04-23 07:47:40+00:00,Web Development,1,1,3,1,1.0
775618,Learn Jquery From Scratch - Master Of Javascript Library,True,100,1040,14,21,All Levels,0.0,2016-06-14 17:36:46+00:00,Web Development,1,0,3,1,
504316,Learn Jquery From Scratch 2-Hour Training,True,20,5318,56,13,Beginner Level,0.0,2015-07-16 00:40:57+00:00,Web Development,1,1,3,1,1.0
11153,Learn Jquery: An In-Depth Course For Beginners,True,50,7014,95,62,All Levels,0.0,2011-11-29 01:29:11+00:00,Web Development,1,0,3,1,1.0
1274210,Learn Json For Beginners With Javascript,True,200,3193,10,23,Beginner Level,0.0,2017-06-30 17:40:02+00:00,Web Development,1,1,3,1,
993146,Learn Json With Javascript Objects And Apis In 1 Hour,True,95,3619,93,19,Intermediate Level,0.0,2016-10-26 14:19:40+00:00,Web Development,1,3,3,1,
637840,Learn Knockout Js Framework From Groundup,True,40,633,104,31,All Levels,0.0,2015-10-15 17:04:20+00:00,Web Development,0,0,3,1,
1055322,Learn Laravel Php Framework Building Multi User Seo Blog App,True,100,557,92,133,All Levels,0.0,2017-01-04 23:51:26+00:00,Web Development,0,0,3,1,
1031620,Learn Laravel With Database Migration & Seeding & Faker,True,20,263,14,7,All Levels,0.0,2017-01-09 16:39:16+00:00,Web Development,0,0,3,1,
496006,Learn Laravel: Create Your Web App Step-By-Step,True,45,604,47,35,All Levels,0.0,2015-05-20 19:48:45+00:00,Web Development,0,0,3,1,
1190448,Learn Lion (Saroo) Soundtrack On The Piano By Ear,True,20,104,0,9,All Levels,0.0,2017-04-24 19:51:27+00:00,Musical Instruments,0,0,2,1,
1182330,Learn Logo Designing: 5 Types Of Logo Designs In Illustrator,True,30,106,2,19,Beginner Level,0.0,2017-05-09 19:00:35+00:00,Graphic Design,0,1,1,1,
1232728,Learn Loreena Mckennitt Songs-Quicklessons Piano Course,True,20,1,0,6,All Levels,0.0,2017-05-29 03:40:21+00:00,Musical Instruments,0,0,2,1,0.0
565000,Learn Meteorjs By Building 10 Real World Projects,True,50,2784,221,79,All Levels,0.0,2015-07-28 17:23:14+00:00,Web Development,1,0,3,1,
381828,Learn Mobile App Design In Photoshop,True,20,11,1,13,Beginner Level,0.0,2015-01-07 00:46:01+00:00,Graphic Design,0,1,1,1,
566856,Learn Monster Godj,False,0,991,29,12,Beginner Level,0.0,2015-07-29 17:49:53+00:00,Musical Instruments,1,1,2,0,
831066,Learn Mql5: Build An 8-Currency Hedging Robot (Metatrader 5),True,150,2877,103,81,All Levels,0.0,2016-04-26 22:41:46+00:00,Business Finance,1,0,0,1,
943306,Learn Node.Js By Building Udemy: Stripe + Mailchimp + Wistia,True,110,1425,36,34,All Levels,0.0,2016-09-12 23:42:46+00:00,Web Development,1,0,3,1,
481002,Learn Nodejs By Building 12 Projects,True,50,10150,997,90,All Levels,0.0,2015-04-22 00:22:43+00:00,Web Development,1,0,3,1,
380582,Learn Oauth 2.0 - Get Started As An Api Security Expert,True,95,2185,283,45,All Levels,0.0,2015-07-20 22:38:11+00:00,Web Development,1,0,3,1,1.0
986742,Learn Oauth 2.0 - Theory And Hands On,True,145,546,69,21,All Levels,0.0,2016-10-17 22:18:40+00:00,Web Development,0,0,3,1,
772618,Learn Object Oriented Php By Building A Complete Website,False,0,36322,2618,32,All Levels,0.0,2016-03-01 17:38:10+00:00,Web Development,1,0,3,0,1.0
579338,Learn Object Oriented Programming Php Fundamentals Bootcamp,True,100,22213,142,16,All Levels,0.0,2015-08-11 18:52:58+00:00,Web Development,1,0,3,1,
1225686,Learn Options On Futures For Hedging Options And Stocks,True,60,51,2,6,Expert Level,0.0,2017-05-23 22:23:38+00:00,Business Finance,0,2,0,1,
331970,Learn Oud 1 (No Prior Music Knowledge Required!),True,20,153,27,38,Beginner Level,0.0,2015-09-10 16:41:17+00:00,Musical Instruments,0,1,2,1,
607360,Learn Oud 2,True,20,81,11,27,Intermediate Level,0.0,2015-09-10 19:39:22+00:00,Musical Instruments,0,3,2,1,
1008654,Learn Photo Manipulation - Build 3 Projects,True,40,10,1,18,All Levels,0.0,2016-11-27 16:01:42+00:00,Graphic Design,0,0,1,1,
783438,Learn Photoshop Actions - Save Time With Repetitive Tasks,True,25,507,2,7,Intermediate Level,0.0,2016-03-08 22:05:33+00:00,Graphic Design,0,3,1,1,
482208,Learn Photoshop Cc Essentials,True,75,3117,30,62,Beginner Level,0.0,2015-05-06 00:47:09+00:00,Graphic Design,1,1,1,1,
923902,Learn Photoshop For Design: 100% Practical Projects,True,20,651,5,12,All Levels,0.0,2016-08-08 17:51:02+00:00,Graphic Design,0,0,1,1,
314698,Learn Photoshop Quickly (For Bloggers & Web Images),True,80,806,53,28,Beginner Level,0.0,2014-10-08 22:31:26+00:00,Graphic Design,0,1,1,1,
937206,Learn Php Codeigniter Framework With Ajax And Bootstrap,True,75,1634,52,21,All Levels,0.0,2016-09-13 16:14:43+00:00,Web Development,1,0,3,1,
564546,Learn Php From Scratch,True,50,1550,25,27,Beginner Level,0.0,2015-07-26 20:44:15+00:00,Web Development,1,1,3,1,
1051672,Learn Php From Scratch!!,True,25,1908,12,17,Beginner Level,0.0,2017-04-28 13:57:56+00:00,Web Development,1,1,3,1,
94432,Learn Php Fundamentals From Scratch,False,0,48650,1236,9,Beginner Level,0.0,2013-10-16 08:12:40+00:00,Web Development,1,1,3,0,1.0
947116,Learn Php Object Oriented Features With Simple Examples,True,20,1723,28,7,All Levels,0.0,2016-10-05 13:47:13+00:00,Web Development,1,0,3,1,
573716,Learn Php Programming For Absolute Beginners,True,35,5368,78,20,All Levels,0.0,2015-08-05 18:47:48+00:00,Web Development,1,0,3,1,
690788,Learn Php Programming For Absolute Beginners - Lite,True,20,2749,62,7,All Levels,0.0,2015-12-15 20:46:34+00:00,Web Development,1,0,3,1,
993134,Learn Piano #10 Tritone Chord Substitution With Jazzy Sounds,True,60,1227,2,26,All Levels,0.0,2016-10-25 18:48:51+00:00,Musical Instruments,1,0,2,1,
344234,Learn Piano #7- Learn Chromatic Chords & Chromatic Scale Run,True,60,973,8,74,All Levels,0.0,2016-02-01 20:19:24+00:00,Musical Instruments,1,0,2,1,
356060,Learn Piano #8:  Use Augmented Chord Sub & Whole Tone Scales,True,60,1137,4,45,All Levels,0.0,2016-02-23 16:46:28+00:00,Musical Instruments,1,0,2,1,
944550,Learn Piano Online-A Quiet Solace Piano Solo,True,50,7,0,10,Intermediate Level,0.0,2016-08-29 21:48:56+00:00,Musical Instruments,0,3,2,1,0.0
838896,Learn Piano Online-Ambiance Piano Solo,True,50,8,0,10,Intermediate Level,0.0,2016-06-21 02:40:52+00:00,Musical Instruments,0,3,2,1,
974704,Learn Piano Online-In The Garden Piano Solo,True,60,1,0,11,Intermediate Level,0.0,2016-10-03 22:36:29+00:00,Musical Instruments,0,3,2,1,0.0
845518,Learn Piano Online-Keys To The Keyboard,True,50,18,1,9,Beginner Level,0.0,2016-05-12 17:52:37+00:00,Musical Instruments,0,1,2,1,0.0
963664,Learn Piano Online-Nocturnal Piano Solo,True,60,2,0,11,Intermediate Level,0.0,2016-09-21 04:58:08+00:00,Musical Instruments,0,3,2,1,0.0
326428,Learn Piano Scales: Play Any Song In Any Key! Like Pro'S Do,True,50,1720,9,26,Beginner Level,0.0,2014-10-29 09:56:10+00:00,Musical Instruments,1,1,2,1,
628798,"Learn Piano With Beyer, 15 Minutes Challenge",True,65,418,2,30,All Levels,0.0,2016-07-21 23:18:55+00:00,Musical Instruments,0,0,2,1,
380596,Learn Piano: The Basics Of Keyboards,True,20,113,0,24,Beginner Level,0.0,2015-01-03 04:18:17+00:00,Musical Instruments,0,1,2,1,
1223240,Learn Pirates Of The Caribbean By Ear On The Piano,True,20,0,0,6,All Levels,0.0,2017-05-22 17:14:43+00:00,Musical Instruments,0,0,2,1,
686764,Learn Plugin Development In Wordpress By Building  Projects,True,60,1313,121,62,All Levels,0.0,2016-01-11 18:19:15+00:00,Web Development,1,0,3,1,
385662,Learn Print Production From Start To Finish,True,35,494,6,16,All Levels,0.0,2015-05-04 20:50:35+00:00,Graphic Design,0,0,1,1,
1228900,Learn Professional Book-Cover Designing Photoshop 4 Beginner,True,200,6428,21,54,Beginner Level,0.0,2017-06-13 16:13:33+00:00,Graphic Design,1,1,1,1,
391546,Learn Python And Django: Payment Processing,True,70,17714,198,23,All Levels,0.0,2015-02-09 15:37:56+00:00,Web Development,1,0,3,1,
1063722,Learn Python Django - A Hands-On Course,True,50,1339,21,18,Beginner Level,0.0,2017-01-18 21:53:34+00:00,Web Development,1,1,3,1,
662318,Learn Quickbooks To Maintain Books Properly,True,20,241,5,26,Beginner Level,0.0,2015-11-09 20:36:53+00:00,Business Finance,0,1,0,1,
617886,Learn Rails Programming In Less Than 2 Hours,True,35,2470,24,19,All Levels,0.0,2015-09-23 02:21:50+00:00,Web Development,1,0,3,1,
709460,Learn Rails Programming In Less Than 30 Minute - Lite,True,20,1235,25,7,All Levels,0.0,2016-01-06 17:49:01+00:00,Web Development,1,0,3,1,
904076,"Learn Rails: Quickly Code, Style And Launch 4 Web Apps",True,200,1849,21,83,All Levels,0.0,2016-08-23 20:46:39+00:00,Web Development,1,0,3,1,
987666,Learn React : The World'S Most Lucrative Javascript Library,True,50,1591,99,74,Beginner Level,0.0,2017-02-08 00:40:08+00:00,Web Development,1,1,3,1,
975060,Learn React Js From Scratch,True,115,1562,42,34,Beginner Level,0.0,2016-10-10 16:01:44+00:00,Web Development,1,1,3,1,1.0
961996,Learn Reactivex From Ground Up,True,40,207,32,32,Intermediate Level,0.0,2016-09-22 14:56:51+00:00,Web Development,0,3,3,1,
590406,Learn Reactjs: Code Like A Facebook Developer,True,20,1948,72,45,Intermediate Level,0.0,2015-08-24 20:31:54+00:00,Web Development,1,3,3,1,
145178,Learn Real Graphic Design,True,20,297,27,19,All Levels,0.0,2014-01-17 19:51:10+00:00,Graphic Design,0,0,1,1,
899534,Learn Redis From Scratch,True,40,553,84,31,Intermediate Level,0.0,2016-07-13 16:39:02+00:00,Web Development,0,3,3,1,
128946,Learn Responsive Web Development From Scratch,False,0,59639,2692,24,All Levels,0.0,2013-12-09 12:16:40+00:00,Web Development,1,0,3,0,1.0
340362,Learn Ruby On Rails By Building Projects,True,60,1736,79,47,All Levels,0.0,2014-11-12 09:33:28+00:00,Web Development,1,0,3,1,
636418,Learn Ruby On Rails For Absolute Beginners,True,195,2875,20,36,All Levels,0.0,2015-10-14 17:51:26+00:00,Web Development,1,0,3,1,
556922,Learn Ruby On Rails: Stripe Payment Processing,True,40,15724,33,29,All Levels,0.0,2016-11-02 22:09:47+00:00,Web Development,1,0,3,1,
597256,Learn Ruby Programming The Easy Way,True,35,3485,22,19,All Levels,0.0,2015-09-15 19:07:14+00:00,Web Development,1,0,3,1,
769314,Learn Ruby Programming The Easy Way - Lite,True,20,1186,12,7,All Levels,0.0,2016-02-21 20:31:57+00:00,Web Development,1,0,3,1,
343816,Learn Sass And Improve Your Css,True,55,1849,29,24,All Levels,0.0,2014-12-20 00:21:05+00:00,Web Development,1,0,3,1,
929260,Learn Sass: From Beginner To Expert,True,20,1734,9,13,Beginner Level,0.0,2016-09-14 17:34:55+00:00,Web Development,1,1,3,1,
403764,Learn Sketch 3 Mobile App Design From Scratch,True,60,528,9,20,All Levels,0.0,2015-01-27 18:01:38+00:00,Graphic Design,0,0,1,1,
928040,Learn Spring Framework Practically - Hands On Recipies,True,145,522,50,48,All Levels,0.0,2016-08-11 05:58:08+00:00,Web Development,0,0,3,1,
961508,Learn Spring Security 4 Basics - Hands On,True,95,216,28,16,Beginner Level,0.0,2016-09-19 14:44:43+00:00,Web Development,0,1,3,1,1.0
973932,Learn Spring Security 4 Intermediate - Hands On,True,95,227,16,20,Intermediate Level,0.0,2016-10-03 16:16:36+00:00,Web Development,0,3,3,1,
929146,Learn Stock Options: Options Made Simple 101,True,35,93,13,49,Beginner Level,0.0,2016-08-17 04:53:31+00:00,Business Finance,0,1,0,1,
939962,"Learn Svg Animation - With Html, Css & Javascript",True,65,12953,680,22,All Levels,0.0,2016-09-12 18:51:32+00:00,Web Development,1,0,3,1,1.0
667992,Learn Symfony 3 Framework By Practical Examples,True,125,867,177,48,All Levels,0.0,2016-09-19 21:05:38+00:00,Web Development,0,0,3,1,
513046,Learn The Abc'S Of Investing And Understanding True Financial Value,True,20,3,0,8,All Levels,0.0,2015-06-01 22:47:06+00:00,Business Finance,0,0,0,1,
637430,Learn The Basics Of Preparing Accounting Statements,True,20,1951,30,20,Intermediate Level,0.0,2015-10-13 21:07:22+00:00,Business Finance,1,3,0,1,
460056,Learn The Basics Of Programming For Marketers,True,55,11339,43,26,Beginner Level,0.0,2015-04-21 17:24:26+00:00,Web Development,1,1,3,1,
537286,Learn The Basics Of The Wave Principle:,True,30,27,4,10,Beginner Level,0.0,2015-07-02 00:12:02+00:00,Business Finance,0,1,0,1,0.0
1149334,Learn The Basics Of The Web Development: Coding Tactics,True,40,2965,17,30,Beginner Level,0.0,2017-04-29 00:52:53+00:00,Web Development,1,1,3,1,
742142,Learn The Forex Naked Price Action Pogo Trade,True,60,89,4,10,Intermediate Level,0.0,2016-02-10 16:52:50+00:00,Business Finance,0,3,0,1,0.0
927442,Learn The Foundations Of Stocks And Options,True,50,80,18,63,Beginner Level,0.0,2016-08-11 21:18:34+00:00,Business Finance,0,1,0,1,
951608,Learn The Viola - Scales And Fundamentals,True,80,21,3,38,Beginner Level,0.0,2016-11-16 17:34:03+00:00,Musical Instruments,0,1,2,1,0.0
807494,Learn The Violin - Bowing Techniques,True,80,89,6,12,Intermediate Level,0.0,2016-06-26 23:42:59+00:00,Musical Instruments,0,3,2,1,
342398,Learn The Violin - No Music Experience Necessary!,True,120,600,27,30,Beginner Level,0.0,2015-09-02 18:48:15+00:00,Musical Instruments,0,1,2,1,
398522,Learn The Violin - Scales And Fundamentals,True,80,291,14,39,Beginner Level,0.0,2015-10-28 19:19:33+00:00,Musical Instruments,0,1,2,1,
563020,Learn To Build 20 Websites And Build 14 Ios9 Apps With Swift,True,40,1926,9,458,All Levels,0.0,2015-07-24 21:45:40+00:00,Web Development,1,0,3,1,
1013380,Learn To Build A Google Map App Using Angular 2,True,30,116,12,7,Beginner Level,0.0,2016-11-21 15:07:46+00:00,Web Development,0,1,3,1,1.0
851560,Learn To Build Apps Using Play Framework,True,40,434,69,23,All Levels,0.0,2016-06-07 17:38:29+00:00,Web Development,0,0,3,1,
231176,Learn To Build Beautiful Html5 And Css3 Websites In 1 Month,True,50,18818,407,80,All Levels,0.0,2014-06-03 08:48:34+00:00,Web Development,1,0,3,1,
680180,Learn To Build Web Apps Using D3Js,True,40,841,99,29,All Levels,0.0,2015-12-01 23:08:23+00:00,Web Development,0,0,3,1,1.0
661878,Learn To Build Web Apps Using Laravel Framework,True,30,746,93,39,All Levels,0.0,2015-11-10 22:15:21+00:00,Web Development,0,0,3,1,
672090,Learn To Build Web Apps Using Underscorejs : Code Like A Pro,True,40,325,37,27,All Levels,0.0,2015-11-18 17:58:36+00:00,Web Development,0,0,3,1,
128950,Learn To Build Websites Using Twitter Bootstrap,False,0,15134,523,12,All Levels,0.0,2014-04-14 07:51:24+00:00,Web Development,1,0,3,0,
288258,"Learn To Code In Html5, Css3, And Javascript",True,20,1404,7,17,Beginner Level,0.0,2014-11-13 20:52:11+00:00,Web Development,1,1,3,1,
546848,Learn To Code In Python And Learn Adobe Photoshop Today!,True,50,1132,1,29,All Levels,0.0,2015-07-08 00:15:12+00:00,Graphic Design,1,0,1,1,
399228,"Learn To Code, Become A Web Developer And Master Javascript!",True,200,2353,47,91,All Levels,0.0,2015-01-22 14:36:59+00:00,Web Development,1,0,3,1,1.0
955242,Learn To Composite A 2D Action Shot In Photoshop,True,20,40,2,8,Beginner Level,0.0,2016-09-10 21:38:26+00:00,Graphic Design,0,1,1,1,
1178226,Learn To Create A Mandala With Adobe Illustrator,True,50,7,0,28,All Levels,0.0,2017-04-24 19:24:51+00:00,Graphic Design,0,0,1,1,0.0
255878,Learn To Create Advance Responsive Websites With Bootstrap,True,20,2528,15,30,All Levels,0.0,2014-10-26 09:54:16+00:00,Web Development,1,0,3,1,
65596,Learn To Create Beautiful Web Interfaces And Logos,True,20,1085,76,10,All Levels,0.0,2013-07-17 18:18:02+00:00,Graphic Design,1,0,1,1,
1171720,Learn To Create Deliverable Brand Identity Package,True,20,915,5,15,All Levels,0.0,2017-04-13 00:51:27+00:00,Graphic Design,1,0,1,1,
565282,Learn To Create Different Website Layouts & Media Queries,True,195,6510,45,22,All Levels,0.0,2015-08-11 22:26:38+00:00,Web Development,1,0,3,1,
1054814,Learn To Create Responsive Layouts In 30 Minutes,False,0,5301,174,6,Beginner Level,0.0,2017-01-17 22:26:51+00:00,Web Development,1,1,3,0,
371900,Learn To Create Text Fire Effect In Adobe Photoshop,True,20,0,0,8,All Levels,0.0,2014-12-19 23:19:47+00:00,Graphic Design,0,0,1,1,
857162,Learn To Create Wordpress Themes By Building 10 Projects,True,60,2273,384,91,All Levels,0.0,2016-05-24 21:03:37+00:00,Web Development,1,0,3,1,
22445,Learn To Design A Letterhead - A Beginners Course,False,0,24687,423,13,All Levels,0.0,2012-10-10 23:34:55+00:00,Graphic Design,1,0,1,0,
286424,Learn To Design A Logo In Adobe Illustrator,True,20,3390,49,29,All Levels,0.0,2014-08-23 23:17:22+00:00,Graphic Design,1,0,1,1,
15467,Learn To Draw - The Comic Book Style,True,55,363,14,19,All Levels,0.0,2012-06-01 21:53:11+00:00,Graphic Design,0,0,1,1,
865634,Learn To Draw Pretty Faces For Comic Books,True,40,1522,145,37,Beginner Level,0.0,2016-08-08 21:01:21+00:00,Graphic Design,1,1,1,1,
603408,Learn To Freelance With People Per Hour  (Urdu),True,20,948,48,8,All Levels,0.0,2015-09-14 21:25:01+00:00,Web Development,1,0,3,1,
139784,Learn To Improvise On Your Harmonica - In Nice Easy Steps,True,35,98,1,15,Beginner Level,0.0,2014-03-16 18:28:46+00:00,Musical Instruments,0,1,2,1,
322332,Learn To Invest In 7 Steps,True,50,137,14,21,Beginner Level,0.0,2015-03-29 21:12:54+00:00,Business Finance,0,1,0,1,
530246,Learn To Invest In Index Funds And Etfs In 7 Easy Steps,True,20,1132,33,18,All Levels,0.0,2015-07-20 23:48:08+00:00,Business Finance,1,0,0,1,
328842,Learn To Invest In The Stock Market,True,40,28,5,14,Beginner Level,0.0,2014-11-12 17:37:03+00:00,Business Finance,0,1,0,1,
520308,Learn To Make A Colorful One Page Website,True,200,1220,16,16,All Levels,0.0,2015-06-05 18:09:58+00:00,Web Development,1,0,3,1,1.0
294408,Learn To Make An Animated Image Gallery Using Html5,False,0,11080,165,7,Beginner Level,0.0,2014-11-20 11:37:05+00:00,Web Development,1,1,3,0,
520302,Learn To Make An Html 5 Website With A Video Background,True,80,1236,18,14,All Levels,0.0,2015-06-05 18:13:08+00:00,Web Development,1,0,3,1,
551702,Learn To Make Websites With Google'S Material Design Lite,True,20,1063,72,84,All Levels,0.0,2015-07-20 17:23:16+00:00,Web Development,1,0,3,1,
334820,Learn To Pick The Right Stock Broker Account,True,40,1102,3,14,Beginner Level,0.0,2014-12-24 21:50:11+00:00,Business Finance,1,1,0,1,
1236576,Learn To Play And Improve 12 Bar Blues Harmonica Solos,True,40,4,1,27,Beginner Level,0.0,2017-06-29 21:13:42+00:00,Musical Instruments,0,1,2,1,
457206,Learn To Play Bassoon: Beginner To Pro In Under Four Hours!,True,50,205,11,77,Beginner Level,0.0,2015-04-15 16:32:47+00:00,Musical Instruments,0,1,2,1,0.0
338926,Learn To Play Clarinet: Beginner To Pro In Under Five Hours,True,50,877,93,88,Beginner Level,0.0,2015-01-01 01:25:39+00:00,Musical Instruments,0,1,2,1,
470472,Learn To Play Euphonium: Beginner To Pro In Under Five Hours,True,50,305,39,108,Beginner Level,0.0,2015-04-16 00:39:46+00:00,Musical Instruments,0,1,2,1,
149716,"Learn To Play Fernando Sor'S 'Study In B Minor"",Https://Www.Udemy.Com/Study-In-B-Minor/,True,115,1403,5,9,Intermediate Level,43 Mins,2014-01-27T20:58:16Z
398746,Piano: The Chord Based System - Learn To Play As The Pros Do""",True,115,595,20,33,All Levels,0.0,2015-02-09 23:14:03+00:00,Musical Instruments,0,0,2,1,
263818,Learn To Play French Horn: Beginner To Pro Made The Easy Way,True,50,460,27,131,Beginner Level,0.0,2014-10-29 19:43:24+00:00,Musical Instruments,0,1,2,1,
1008098,Learn To Play Guitar And Sing At The Same Time,True,45,66,9,8,Beginner Level,0.0,2016-11-25 22:42:01+00:00,Musical Instruments,0,1,2,1,0.0
106358,Learn To Play Guitar Complete Beginners Quick Start,True,20,75,0,11,Beginner Level,0.0,2013-10-16 16:25:07+00:00,Musical Instruments,0,1,2,1,
1186514,Learn To Play Harp: Beginners Course,False,0,408,7,10,Beginner Level,0.0,2017-04-28 17:08:37+00:00,Musical Instruments,0,1,2,0,
1191088,Learn To Play In The Key Of G On Any Bluegrass Instrument,False,0,349,3,36,All Levels,0.0,2017-05-29 17:27:42+00:00,Musical Instruments,0,0,2,0,
721274,Learn To Play Irish Fiddle,True,60,112,7,63,Beginner Level,0.0,2016-01-18 17:07:29+00:00,Musical Instruments,0,1,2,1,
975626,"Learn To Play 'Let It Snow On Piano""",True,40,36,4,8,Intermediate Level,0.0,2016-10-04 17:36:42+00:00,Musical Instruments,0,3,2,1,
374566,Learn To Play Percussion: Beginner To Pro Made The Easy Way!,True,50,425,7,192,All Levels,0.0,2015-01-16 00:54:01+00:00,Musical Instruments,0,0,2,1,0.0
666322,Learn To Play Piano From A Concert Pianist - For Beginners,True,200,3206,18,17,Beginner Level,0.0,2015-11-22 18:38:28+00:00,Musical Instruments,1,1,2,1,
1224186,Learn To Play Piano Like A Pro - Easy Piano Course 1,True,35,0,0,13,Beginner Level,0.0,2017-05-30 00:19:02+00:00,Musical Instruments,0,1,2,1,0.0
174562,Learn To Play Saxophone: Beginner To Pro In Under Four Hours,True,50,1213,158,77,Beginner Level,0.0,2014-03-03 19:36:23+00:00,Musical Instruments,1,1,2,1,
1216340,Learn To Play Sweet Child Of Mine,True,20,0,0,23,Intermediate Level,0.0,2017-06-30 17:33:29+00:00,Musical Instruments,0,3,2,1,
968026,Learn To Play Tabla - The Indian Drums,False,0,1,0,20,Beginner Level,0.0,2017-07-04 21:04:11+00:00,Musical Instruments,0,1,2,0,
140168,"Learn To Play Tarrega, Bach, And Sor On Classical Guitar",True,195,556,11,27,Intermediate Level,0.0,2014-01-27 23:26:57+00:00,Musical Instruments,0,3,2,1,
444644,Learn To Play The Bouzouki - Greek Bouzouki Lessons,True,50,63,13,49,All Levels,0.0,2015-03-19 18:39:23+00:00,Musical Instruments,0,0,2,1,1.0
392958,Learn To Play The Drums,True,25,1141,88,74,All Levels,0.0,2015-05-28 16:46:33+00:00,Musical Instruments,1,0,2,1,1.0
195576,Learn To Play The Drums Without A Drum Kit,True,25,1589,52,39,All Levels,0.0,2014-06-27 21:54:58+00:00,Musical Instruments,1,0,2,1,
324224,Learn To Play The Flute: Beginner To Pro In Under Five Hours,True,50,707,116,108,Beginner Level,0.0,2014-10-29 19:41:32+00:00,Musical Instruments,0,1,2,1,
388712,Learn To Play The Guitar In A Day,True,20,3,1,14,Beginner Level,0.0,2015-01-09 03:55:17+00:00,Musical Instruments,0,1,2,1,
347104,Learn To Play The Oboe: Beginner To Pro In Under Four Hours,True,50,500,39,74,Beginner Level,0.0,2015-01-01 01:25:25+00:00,Musical Instruments,0,1,2,1,0.0
1111630,Learn To Play The Piano Or Keyboard From Scratch,True,145,1987,11,161,Beginner Level,0.0,2017-05-31 18:38:06+00:00,Musical Instruments,1,1,2,1,
104304,"Learn To Play The Piano Using Pop, R&B And Gospel Chords",True,50,1504,15,14,All Levels,0.0,2013-10-15 18:13:46+00:00,Musical Instruments,1,0,2,1,
184780,Learn To Play The Trumpet: Beginner To Pro Made The Easy Way,True,50,966,157,145,Beginner Level,0.0,2014-03-21 10:19:54+00:00,Musical Instruments,1,1,2,1,
459804,Learn To Play The Tuba: Beginner To Pro In Under Five Hours!,True,50,225,19,106,All Levels,0.0,2015-04-15 18:02:45+00:00,Musical Instruments,0,0,2,1,
371896,Learn To Play Trombone: Go From Beginner To Pro In No Time!,True,50,402,47,123,All Levels,0.0,2015-03-04 22:41:55+00:00,Musical Instruments,0,0,2,1,
149602,Learn To Play Trumpet Fast Using The Passive Trumpet Tutor,True,50,92,3,71,All Levels,0.0,2014-01-27 17:06:43+00:00,Musical Instruments,0,0,2,1,
139792,Learn To Play Tunes By Ear On Harmonica - No Written Music,True,35,73,3,15,Intermediate Level,0.0,2014-03-23 15:23:01+00:00,Musical Instruments,0,3,2,1,
1229488,Learn To Play Your Favorite Guitar Songs By Ear,True,50,4733,11,15,All Levels,0.0,2017-05-27 00:12:52+00:00,Musical Instruments,1,0,2,1,
37684,Learn To Program Javascript (In Ten Easy Steps),True,75,2721,96,44,Beginner Level,0.0,2013-05-20 09:36:54+00:00,Web Development,1,1,3,1,1.0
292462,Learn To Raise The Funds You Need Via Crowdfunding,True,20,3403,29,70,All Levels,0.0,2014-09-19 20:38:16+00:00,Business Finance,1,0,0,1,
1032864,Learn To Read & Write Music To Play Piano & More Instruments,True,115,5292,38,85,All Levels,0.0,2016-12-27 19:52:54+00:00,Musical Instruments,1,0,2,1,
915964,Learn To Reliably Invest In The Stock Market,True,50,841,14,19,All Levels,0.0,2016-07-29 15:06:31+00:00,Business Finance,0,0,0,1,
197828,Learn To Setup Websites From Scratch,False,0,21087,154,24,Beginner Level,0.0,2014-04-14 11:59:11+00:00,Web Development,1,1,3,0,
929526,Learn To Trade Candlestick Patterns,True,20,155,23,22,Intermediate Level,0.0,2016-08-16 23:58:31+00:00,Business Finance,0,3,0,1,
931588,Learn To Trade Chart Patterns,True,20,75,8,23,Intermediate Level,0.0,2016-08-17 17:04:54+00:00,Business Finance,0,3,0,1,0.0
325834,Learn To Trade For Profit: Find And Trade Winning Stocks,True,95,10605,71,77,All Levels,0.0,2014-10-24 18:13:49+00:00,Business Finance,1,0,0,1,
597164,Learn To Trade For Profit: Finding Winning Stocks - Chinese,True,95,264,0,79,All Levels,0.0,2015-10-08 17:04:03+00:00,Business Finance,0,0,0,1,
352150,Learn To Trade For Profit: Ten Most Profitable Trading Rules,True,95,739,28,45,All Levels,0.0,2014-12-23 15:28:09+00:00,Business Finance,0,0,0,1,
285638,Learn To Trade For Profit:Trading With Japanese Candlesticks,True,60,16385,273,45,Beginner Level,0.0,2014-09-02 03:53:13+00:00,Business Finance,1,1,0,1,
1167536,Learn To Trade Forex - From Beginner To Professional,True,195,89,7,64,All Levels,0.0,2017-04-06 16:59:36+00:00,Business Finance,0,0,0,1,
936328,Learn To Trade Forex And Stocks: From Beginner To Advanced,True,200,1645,25,42,All Levels,0.0,2016-09-07 20:33:30+00:00,Business Finance,1,0,0,1,
772480,Learn To Trade Forex Big U-Turn Trade,True,50,106,13,12,Beginner Level,0.0,2016-02-24 18:44:24+00:00,Business Finance,0,1,0,1,
709536,Learn To Trade Forex Naked Price Action Big Shadow Trade,False,0,5407,192,11,Intermediate Level,0.0,2016-01-25 04:08:41+00:00,Business Finance,1,3,0,0,
764010,Learn To Trade Forex Naked Price Action Wammie Trade,True,40,159,16,13,All Levels,0.0,2016-02-17 19:07:59+00:00,Business Finance,0,0,0,1,
739910,Learn To Trade The Forex Naked Price Action Acapulco Trade,True,70,288,9,13,Intermediate Level,0.0,2016-01-25 18:11:00+00:00,Business Finance,0,3,0,1,
543242,Learn To Trade The News,True,200,1924,351,544,All Levels,0.0,2015-07-16 22:03:29+00:00,Business Finance,1,0,0,1,
377370,Learn To Trade The Stock Market Without Blowing Your Profits,True,60,6967,16,34,All Levels,0.0,2017-05-02 20:53:24+00:00,Business Finance,1,0,0,1,
1058852,Learn To Trade Using Technical Analysis,True,50,0,0,6,Intermediate Level,0.0,2017-05-02 13:15:53+00:00,Business Finance,0,3,0,1,
931626,Learn To Trade With Fibonacci Tools,True,30,252,45,30,Intermediate Level,0.0,2016-08-17 20:24:38+00:00,Business Finance,0,3,0,1,
60792,Learn To Use Jquery Ui Widgets,False,0,23669,521,9,Beginner Level,0.0,2013-06-23 02:38:19+00:00,Web Development,1,1,3,0,
788514,Learn To Use Json,True,150,12838,96,22,Beginner Level,0.0,2016-03-11 18:30:18+00:00,Web Development,1,1,3,1,
740762,Learn Top Ten Php Frameworks By Building Projects,True,60,1007,96,87,All Levels,0.0,2016-01-27 18:05:12+00:00,Web Development,1,0,3,1,
1048302,Learn Travis Picking From Scratch,True,40,219,30,25,Intermediate Level,0.0,2017-01-01 22:17:22+00:00,Musical Instruments,0,3,2,1,
555952,Learn Ui/Ux And Mobile App Design In Photoshop From Scratch,True,145,1367,61,31,All Levels,0.0,2015-08-06 20:22:52+00:00,Graphic Design,1,0,1,1,
1272282,Learn Vikings Soundtracks On The Piano By Ear,True,20,0,0,8,All Levels,0.0,2017-06-29 15:10:58+00:00,Musical Instruments,0,0,2,1,0.0
947204,Learn W3.Css,True,50,1002,7,10,All Levels,0.0,2016-09-01 17:18:52+00:00,Web Development,1,0,3,1,
712994,Learn Wave Accounting To Maintain Books Properly,False,0,1089,50,27,All Levels,0.0,2016-01-13 22:06:39+00:00,Business Finance,1,0,0,0,
297044,Learn Wcf And Web Apis From Scratch,True,50,5398,358,83,Intermediate Level,0.0,2014-10-08 02:50:31+00:00,Web Development,1,3,3,1,1.0
628356,Learn Web Animation The Easy Way: An Intro To Svg And Gsap,True,50,203,33,15,All Levels,0.0,2015-10-02 17:23:24+00:00,Web Development,0,0,3,1,
28295,Learn Web Designing & Html5/Css3 Essentials In 4-Hours,True,75,43285,525,24,All Levels,0.0,2013-01-03 00:55:31+00:00,Web Development,1,0,3,1,
709324,Learn Web Development By Creating A Social Network,True,200,442,48,80,Beginner Level,0.0,2015-12-30 16:53:44+00:00,Web Development,0,1,3,1,
701636,Learn Web Scraping With Node.Js,True,75,16731,137,10,All Levels,0.0,2015-12-29 21:59:27+00:00,Web Development,1,0,3,1,
777654,Learn What'S New In Php 7,False,0,12336,271,26,Intermediate Level,0.0,2016-04-04 22:32:13+00:00,Web Development,1,3,3,0,1.0
578900,Learn Wordpress 4 From Scratch : Create Awesome Websites,True,75,2023,8,25,All Levels,0.0,2015-08-13 21:02:21+00:00,Web Development,1,0,3,1,
219838,Learn Xml Crash Course: Discover Essential Xml Fundamentals,True,50,3704,111,18,Intermediate Level,0.0,2014-06-16 14:00:47+00:00,Web Development,1,3,3,1,
420982,Learning 200 Jquery Functions With 800 Examples,True,195,1766,38,118,All Levels,0.0,2015-02-24 22:57:40+00:00,Web Development,1,0,3,1,
468726,Learning Axure Rp,True,75,631,103,65,All Levels,0.0,2015-04-08 19:29:35+00:00,Web Development,0,0,3,1,
123566,Learning Bootstrap 3 - Tutorial From Infinite Skills,True,50,1266,90,50,All Levels,0.0,2013-11-21 23:53:03+00:00,Web Development,1,0,3,1,
18448,Learning Css3 - A Comprehensive Tutorial For Web Developers,True,50,2459,107,101,All Levels,0.0,2012-05-24 21:14:57+00:00,Web Development,1,0,3,1,
1075662,Learning Docker And Kubernetes By Lab,True,30,586,54,56,All Levels,0.0,2017-02-13 23:31:07+00:00,Web Development,0,0,3,1,1.0
846412,Learning Drupal 8,True,50,577,97,101,All Levels,0.0,2016-05-11 21:05:20+00:00,Web Development,0,0,3,1,
19603,Learning Dynamic Website Design - Php Mysql And Javascript,True,50,47886,285,125,All Levels,0.0,2012-06-18 16:52:34+00:00,Web Development,1,0,3,1,
486412,Learning Electric Guitar For Absolute Beginners,True,35,19,2,12,Beginner Level,0.0,2015-05-04 21:47:44+00:00,Musical Instruments,0,1,2,1,
30318,Learning Javascript Programming Tutorial. A Definitive Guide,True,50,17113,380,93,All Levels,0.0,2012-11-26 13:51:56+00:00,Web Development,1,0,3,1,
421018,Learning Object-Oriented Javascript,True,75,533,54,23,Intermediate Level,0.0,2015-02-17 09:53:12+00:00,Web Development,0,3,3,1,1.0
1194232,Learning Path: Akka: Building Applications And Microservices,True,200,88,8,55,Intermediate Level,0.0,2017-05-04 00:35:35+00:00,Web Development,0,3,3,1,
1225030,Learning Path: Magento: Master And Test Magento 2 With Ease,True,200,155,9,37,Expert Level,0.0,2017-05-26 17:51:05+00:00,Web Development,0,2,3,1,
1179104,Learning Path: React: Make Stunning React Websites,True,200,91,5,53,Expert Level,0.0,2017-04-18 16:49:41+00:00,Web Development,0,2,3,1,
1227578,Learning Path: The Road To Elasticsearch,True,200,50,5,60,Beginner Level,0.0,2017-05-29 17:56:24+00:00,Web Development,0,1,3,1,
1270222,Learning Path: Web Applications With Spring And Angular,True,200,19,2,33,Expert Level,0.0,2017-06-28 21:04:21+00:00,Web Development,0,2,3,1,0.0
711688,Learning Photoshop Cc 2014 In Egyptian Arabic,True,70,1150,68,25,All Levels,0.0,2016-01-10 16:24:47+00:00,Graphic Design,1,0,1,1,
780150,Learning Photoshop Cc 2015,True,50,311,49,163,All Levels,0.0,2016-03-08 16:53:07+00:00,Graphic Design,0,0,1,1,
537884,Leasing - A Comprehensive Study (Professional Course Level),True,20,3094,2,22,All Levels,0.0,2015-07-17 22:10:39+00:00,Business Finance,1,0,0,1,
295909,Legal Accounting,True,110,26,6,49,All Levels,0.0,2014-09-21 04:58:16+00:00,Business Finance,0,0,0,1,
1009166,Lerning Php By Building Website,True,185,567,63,34,All Levels,0.0,2016-11-17 16:20:05+00:00,Web Development,0,0,3,1,
188584,Letras En Adobe Illustrator,True,40,0,0,13,Beginner Level,0.0,2014-04-04 21:23:23+00:00,Graphic Design,0,1,1,1,
1085064,Let'S Javascript!  Code A Calculator,True,35,380,10,30,Beginner Level,0.0,2017-02-23 05:36:41+00:00,Web Development,0,1,3,1,
801186,Lettering,True,40,135,33,14,All Levels,0.0,2016-03-24 21:12:01+00:00,Graphic Design,0,0,1,1,
1066002,Leve A Sua Técnica De Pedal Duplo Para Um Novo Patamar,True,40,42,4,196,Intermediate Level,0.0,2017-01-16 15:41:04+00:00,Musical Instruments,0,3,2,1,0.0
229360,Level 1 2014 Cfa® Program – Corporate Finance,True,40,204,1,18,All Levels,0.0,2014-06-21 05:43:33+00:00,Business Finance,0,0,0,1,
239416,Level 1 2014 Cfa® Program – Derivatives,True,40,225,2,17,All Levels,0.0,2014-09-03 07:58:05+00:00,Business Finance,0,0,0,1,0.0
239268,Level 1 2014 Cfa® Program – Equity Investments,True,40,347,0,24,All Levels,0.0,2015-01-30 08:19:51+00:00,Business Finance,0,0,0,1,
455120,Life Coach Business Basics: Finance And Operations,True,195,397,4,54,All Levels,0.0,2015-08-27 23:35:24+00:00,Business Finance,0,0,0,1,
381330,Live Account - Etf Trading System - Hacking The Stock Market,True,150,2318,19,16,All Levels,0.0,2014-12-31 03:29:21+00:00,Business Finance,1,0,0,1,
25615,Login And Registration From Scratch With Php And Mysql,True,20,1128,77,36,Intermediate Level,0.0,2012-10-24 09:54:08+00:00,Web Development,1,3,3,1,
971260,Logo Design - Design A Logo In Photoshop For Beginners,True,30,740,20,12,Beginner Level,0.0,2016-12-02 18:27:20+00:00,Graphic Design,0,1,1,1,1.0
590622,Logo Design - Guide To Logo Design In Photoshop,True,25,6215,86,17,All Levels,0.0,2016-02-05 05:20:39+00:00,Graphic Design,1,0,1,1,
750934,Logo Design By Example : Design 5 Famous Logos,True,50,2199,28,16,Beginner Level,0.0,2016-02-03 20:23:32+00:00,Graphic Design,1,1,1,1,
249126,Logo Design Essentials,True,20,33205,481,12,All Levels,0.0,2014-06-30 03:09:27+00:00,Graphic Design,1,0,1,1,
192726,Logo Design For Entrepreneurs,True,20,274,10,49,Beginner Level,0.0,2014-04-04 16:21:31+00:00,Graphic Design,0,1,1,1,
744696,Logo Design For Everybody,True,30,706,10,24,Beginner Level,0.0,2016-03-08 17:30:36+00:00,Graphic Design,0,1,1,1,0.0
595876,Logo Design In Adobe Illustrator - For Beginners & Beyond,True,200,4297,337,110,All Levels,0.0,2015-10-01 21:40:39+00:00,Graphic Design,1,0,1,1,
775252,Logo Design In Powerpoint,True,95,1046,12,28,Beginner Level,0.0,2016-04-15 18:02:17+00:00,Graphic Design,1,1,1,1,
938680,Logo Design Made Easy: Create Your Own Logo In Powerpoint,True,20,1086,17,8,Beginner Level,0.0,2016-11-22 16:30:46+00:00,Graphic Design,1,1,1,1,
416548,Logo Design Masterclass: Learn Logo Design + Illustrator,True,200,8196,479,85,All Levels,0.0,2015-08-18 18:56:04+00:00,Graphic Design,1,0,1,1,
720300,Logo Design Theory & Application Bootcamp,True,50,341,57,35,All Levels,0.0,2016-01-10 16:16:39+00:00,Graphic Design,0,0,1,1,
356840,Logo Design: How To Design An Awesome Logo In Illustrator,True,195,3131,131,56,All Levels,0.0,2014-11-28 09:04:50+00:00,Graphic Design,1,0,1,1,
661628,Logo Design: Mastering The Wordmark,True,20,500,29,17,All Levels,0.0,2015-11-09 19:30:18+00:00,Graphic Design,0,0,1,1,1.0
385462,Logo Designing For Your Business In An Hour,True,20,25277,311,16,All Levels,0.0,2015-01-05 10:43:48+00:00,Graphic Design,1,0,1,1,
1027080,Logo Portfolio In 1 Hour In Wordpress,True,100,734,9,36,All Levels,0.0,2016-12-06 22:13:44+00:00,Graphic Design,0,0,1,1,0.0
55569,Los 7 Acordes Para Tocarlo Todo En Un Fin De Semana,True,20,332,23,42,Beginner Level,0.0,2013-07-06 10:46:25+00:00,Musical Instruments,0,1,2,1,0.0
570188,Low Poly Portrait Illustration,True,20,4,0,8,All Levels,0.0,2015-08-04 18:48:18+00:00,Graphic Design,0,0,1,1,
439968,Magazine Design: Start Your Own Magazine In Less Than 24Hrs,True,20,802,10,30,All Levels,0.0,2015-03-22 20:27:01+00:00,Graphic Design,0,0,1,1,
1058262,Major Scales And Modes For Chromatic Harmonica,True,20,6,1,14,All Levels,0.0,2017-04-10 16:57:05+00:00,Musical Instruments,0,0,2,1,
241590,Make A Professional Website - 30 Day Guarantee. Discounted!,True,20,11167,34,13,All Levels,0.0,2014-06-23 16:03:41+00:00,Web Development,1,0,3,1,
794398,Make Electronic Music With The Ipad,True,20,13,0,69,Beginner Level,0.0,2016-04-01 06:53:55+00:00,Musical Instruments,0,1,2,1,
784478,Make Flat Design Space Ships In 30 Minutes In Illustrator!,True,50,1146,41,5,Beginner Level,0.0,2016-04-06 20:26:56+00:00,Graphic Design,1,1,1,1,
738198,Make Flat Design Trees In Adobe Illustrator In 30 Minutes!,True,50,2087,95,6,Beginner Level,0.0,2016-01-22 21:24:38+00:00,Graphic Design,1,1,1,1,
288850,Make Logo Design Pay With Illustrator In Less Than A Day,True,50,22,1,20,All Levels,0.0,2014-09-01 08:23:29+00:00,Graphic Design,0,0,1,1,
771044,"Make Money With Photoshop: Logos, Business Cards & Brochures",True,100,32,4,21,All Levels,0.0,2016-08-14 22:05:04+00:00,Graphic Design,0,0,1,1,
987865,Make Patterns In Illustrator,True,20,0,0,32,Beginner Level,0.0,2017-05-25 15:31:11+00:00,Graphic Design,0,1,1,1,
640428,Make Tech Circles In Adobe Illustrator In 30 Minutes,True,200,821,15,5,All Levels,0.0,2015-10-14 21:42:40+00:00,Graphic Design,0,0,1,1,
640426,Make Tech Circles In Adobe Photoshop And Illustrator,True,200,1150,10,13,All Levels,0.0,2015-10-14 22:05:30+00:00,Graphic Design,1,0,1,1,1.0
625920,Make Tech Circles In Photoshop In 30 Minutes!,True,50,1056,15,8,All Levels,0.0,2015-10-09 23:10:51+00:00,Graphic Design,1,0,1,1,
622122,Make Your Own Great Designs In Powerpoint: Quick & Easy,True,20,19,6,10,Beginner Level,0.0,2015-09-30 17:30:55+00:00,Graphic Design,0,1,1,1,
831294,Make Your Own Ukulele,True,85,452,5,23,All Levels,0.0,2016-08-29 18:53:27+00:00,Musical Instruments,0,0,2,1,
1047508,Make Yourself A Santa Claus: Photoshop Manipulation,False,0,2665,20,8,All Levels,0.0,2016-12-22 17:10:35+00:00,Graphic Design,1,0,1,0,
753154,Making Corporate Flyers In Photoshop,True,20,4,3,7,All Levels,0.0,2016-02-05 19:58:53+00:00,Graphic Design,0,0,1,1,
286160,Making Killer Images In Photoshop That Wow Clients!,True,95,45,1,26,Intermediate Level,0.0,2014-10-25 03:57:07+00:00,Graphic Design,0,3,1,1,
1024862,Making Tax Digital - Uk Hmrc Legislation Explained,False,0,743,0,7,All Levels,0.0,2017-06-06 14:13:15+00:00,Business Finance,0,0,0,0,
1053462,Management Accounting A Complete Study,True,150,133,3,158,All Levels,0.0,2016-12-29 15:07:43+00:00,Business Finance,0,0,0,1,
1141708,Managerial Accounting - The Ultimate Beginner Course!,True,100,11,0,121,Beginner Level,0.0,2017-04-13 00:20:15+00:00,Business Finance,0,1,0,1,
994118,Managing Budgets In The Public And Non Profit Sector,True,95,4,0,20,All Levels,0.0,2017-06-22 20:28:25+00:00,Business Finance,0,0,0,1,
574194,Manipulate Photos With Gimp,True,20,34,4,11,All Levels,0.0,2015-08-09 18:31:49+00:00,Graphic Design,0,0,1,1,
713492,Mantenimiento Y Octavación Para Guitarras Eléctricas,True,35,12,3,14,All Levels,0.0,2016-04-27 03:55:07+00:00,Musical Instruments,0,0,2,1,
371828,Manual Bookkeeping,True,20,28,2,26,Intermediate Level,0.0,2015-07-24 20:42:34+00:00,Business Finance,0,3,0,1,0.0
408118,Marvelous Logo Design,True,20,91,5,13,All Levels,0.0,2015-01-30 03:53:23+00:00,Graphic Design,0,0,1,1,
148982,Mashup - Transform A Scanned Sketch Into A Digital Painting,True,20,57,3,16,Intermediate Level,0.0,2014-10-23 00:42:36+00:00,Graphic Design,0,3,1,1,0.0
585566,Master Adobe Photoshop Lightroom Cc - From Beginner To Advan,True,50,1468,190,141,Beginner Level,0.0,2015-08-18 19:30:59+00:00,Graphic Design,1,1,1,1,
1030774,Master All Php Ideas 2017 To Build Any Project,True,50,376,19,49,Beginner Level,0.0,2017-02-12 17:54:34+00:00,Web Development,0,1,3,1,
1019918,Master Angular 2 - The No Nonsense Course,True,25,102,27,36,Beginner Level,0.0,2016-11-24 04:06:21+00:00,Web Development,0,1,3,1,
1142202,Master Angular 4 By Example - Build 7 Awesome Apps!,True,195,596,32,84,All Levels,0.0,2017-05-01 22:06:23+00:00,Web Development,0,0,3,1,
693812,Master App Icon Design For Iphone (Ios) & Android Devices,True,25,9464,329,43,Intermediate Level,0.0,2015-12-21 18:57:07+00:00,Graphic Design,1,3,1,1,1.0
442580,Master Asp . Net 4 From Scratch,True,50,613,135,116,All Levels,0.0,2015-08-18 20:58:37+00:00,Web Development,0,0,3,1,
44319,Master Calendar Spreads With This Live Trade On Gold (Gld),True,60,540,44,6,Expert Level,0.0,2013-03-02 14:03:59+00:00,Business Finance,0,2,0,1,
1003568,Master Class # 11:  Play Piano Techniques Learn Piano 1 To10,True,95,2164,10,113,All Levels,0.0,2016-11-07 14:54:19+00:00,Musical Instruments,1,0,2,1,
1123250,Master Class Piano Techniques: Tips To Ez Coordinate 2 Hands,True,95,2026,3,62,Intermediate Level,0.0,2017-03-09 16:25:04+00:00,Musical Instruments,1,3,2,1,
673142,Master Course - Realistisch Zeichnen Lernen,True,20,280,46,33,All Levels,0.0,2016-02-10 00:25:00+00:00,Graphic Design,0,0,1,1,
911318,Master Ecmascript 2015 (Es6),False,0,7438,441,37,All Levels,0.0,2016-11-28 22:10:27+00:00,Web Development,1,0,3,0,1.0
941998,"Master Electron: Desktop Apps Using Html, Javascript & Css",True,165,1902,224,47,Intermediate Level,0.0,2017-03-21 23:58:01+00:00,Web Development,1,3,3,1,
511942,Master Emberjs : Learn Ember Js From Scratch,True,120,707,59,103,All Levels,0.0,2015-07-10 21:24:15+00:00,Web Development,0,0,3,1,
637974,Master Expressjs To Build Web Apps With Nodejs&Javascript,True,50,2643,56,24,All Levels,0.0,2016-01-07 02:04:55+00:00,Web Development,1,0,3,1,
323196,Master Finance In Three Hours,True,20,721,12,29,Beginner Level,0.0,2014-10-28 20:48:49+00:00,Business Finance,0,1,0,1,
324226,Master Flute Playing: Intermediate Instruction Made Simple!,True,50,288,15,100,Intermediate Level,0.0,2014-10-29 19:42:29+00:00,Musical Instruments,0,3,2,1,
338308,Master Graphic Design Using Photoshop With Rachael,True,25,598,22,13,All Levels,0.0,2014-11-07 09:12:47+00:00,Graphic Design,0,0,1,1,
42643,Master Iron Condors - Double The Credit For Half The Risk,True,60,1338,139,7,Expert Level,0.0,2013-03-02 13:27:41+00:00,Business Finance,1,2,0,1,
1260288,"Master Javascript Programming, 3 Projects Included !!",True,20,3903,53,107,All Levels,0.0,2017-06-27 23:16:24+00:00,Web Development,1,0,3,1,
349586,Master Manga Studio 5: Bonus Drawing And Painting,True,165,2325,155,61,All Levels,0.0,2015-02-06 07:44:43+00:00,Graphic Design,1,0,1,1,
349142,Master Oboe Playing: Intermediate Instruction Made Simple!,True,50,98,6,73,Intermediate Level,0.0,2015-01-01 01:25:10+00:00,Musical Instruments,0,3,2,1,
1134330,Master Regular Expressions From Scratch - All Languages,True,70,1925,27,38,All Levels,0.0,2017-04-27 20:25:25+00:00,Web Development,1,0,3,1,1.0
806536,Master Riot: Learn Riot.Js From Scratch,True,125,299,75,34,Intermediate Level,0.0,2016-07-14 16:57:24+00:00,Web Development,0,3,3,1,
43441,"Master 'Technical Analysis And Chart Reading Skills Bundle""",True,120,3348,352,13,All Levels,0.0,2013-02-25 21:38:29+00:00,Business Finance,1,0,0,1,
1163644,Master Terrazzo: Creating Vector Tiles With Adobe Illustrati,True,20,2,1,11,Intermediate Level,0.0,2017-03-31 16:37:49+00:00,Graphic Design,0,3,1,1,
1052518,Master The Art Of Web Design With Html & Css,True,145,550,15,59,All Levels,0.0,2016-12-28 20:23:56+00:00,Web Development,0,0,3,1,1.0
429364,Master The Basics Of Html5 & Css3: Beginner Web Development,False,0,26541,750,38,Beginner Level,0.0,2015-05-21 22:47:47+00:00,Web Development,1,1,3,0,
459207,Master The Bassoon - Intermediate Instruction Made Simple!,True,50,177,3,102,All Levels,0.0,2015-04-15 17:12:37+00:00,Musical Instruments,0,0,2,1,
344348,Master The Clarinet: Intermediate Instruction Made Simple!,True,50,232,11,97,All Levels,0.0,2015-01-01 01:24:20+00:00,Musical Instruments,0,0,2,1,
470482,"Master The Euphonium With Simple, Intermediate Instruction!",True,50,120,6,106,Intermediate Level,0.0,2015-04-16 16:29:41+00:00,Musical Instruments,0,3,2,1,
263846,Master The French Horn: Intermediate Instruction Made Simple,True,50,68,8,126,Intermediate Level,0.0,2014-10-29 19:43:02+00:00,Musical Instruments,0,3,2,1,0.0
653846,Master The Mean Stack - Learn By Example,True,195,25799,382,42,Intermediate Level,0.0,2016-01-03 23:24:04+00:00,Web Development,1,3,3,1,
894336,Master The Psychology Of Forex & Binary Options Trading,True,20,53,16,7,Intermediate Level,0.0,2016-07-04 18:47:36+00:00,Business Finance,0,3,0,1,
180680,Master The Saxophone: Intermediate Instruction Made Simple!,True,50,376,9,86,Intermediate Level,0.0,2014-03-17 18:21:36+00:00,Musical Instruments,0,3,2,1,
475912,Master The Stock Market With Practice,True,35,49,10,42,All Levels,0.0,2015-05-15 18:04:34+00:00,Business Finance,0,0,0,1,
373636,Master The Trombone: Intermediate Instruction Made Simple!,True,50,231,7,110,All Levels,0.0,2015-03-04 22:36:26+00:00,Musical Instruments,0,0,2,1,
459888,Master The Tuba - Intermediate Instruction Made Simple!,True,50,184,5,107,Intermediate Level,0.0,2015-04-15 17:32:56+00:00,Musical Instruments,0,3,2,1,
185266,Master Trumpet Playing: Intermediate Instruction Made Simple,True,50,292,18,130,Intermediate Level,0.0,2014-03-24 16:33:14+00:00,Musical Instruments,0,3,2,1,
591116,Master Typescript : Learn Typescript From Scratch,True,95,424,45,60,All Levels,0.0,2015-10-16 20:21:09+00:00,Web Development,0,0,3,1,
676554,Master Wcf 4.0 From Scratch Using C#,True,50,415,67,53,All Levels,0.0,2015-11-23 21:05:09+00:00,Web Development,0,0,3,1,
708674,Master Wordpress Plugins: Shortcodes Ultimate - The Basics,False,0,10780,110,19,All Levels,0.0,2016-01-14 18:03:09+00:00,Web Development,1,0,3,0,
1123226,Masterclass-Japanese &  Heiken Ashi Candlestick Patterns,True,195,375,10,26,All Levels,0.0,2017-03-12 16:13:38+00:00,Business Finance,0,0,0,1,
1149656,Mastering Advance Photoshop,True,20,5787,40,21,Intermediate Level,0.0,2017-04-27 23:39:34+00:00,Graphic Design,1,3,1,1,1.0
601260,Mastering Angularjs Ui Development,True,95,464,26,22,Expert Level,0.0,2015-09-03 18:55:11+00:00,Web Development,0,2,3,1,
994634,Mastering Asp.Net Mvc 5 From Scratch Using C#,True,50,417,65,109,All Levels,0.0,2016-12-01 20:30:59+00:00,Web Development,0,0,3,1,
1176686,Mastering Basic Css Selectors.,False,0,3933,23,14,Beginner Level,0.0,2017-05-09 22:13:22+00:00,Web Development,1,1,3,0,
607876,Mastering Candlestick Charting : High Probability Trading,True,50,123,16,35,All Levels,0.0,2015-09-22 00:05:53+00:00,Business Finance,0,0,0,1,0.0
996542,Mastering Countertrend Trading : High Profit Trading Pattern,True,40,14,5,11,All Levels,0.0,2016-10-29 19:15:04+00:00,Business Finance,0,0,0,1,0.0
530092,Mastering Css,True,95,1815,249,42,Expert Level,0.0,2015-06-17 21:54:47+00:00,Web Development,1,2,3,1,
1113036,Mastering Css 3.0 Selectors,False,0,4115,63,13,Intermediate Level,0.0,2017-02-22 21:57:35+00:00,Web Development,1,3,3,0,
976284,Mastering Devops,True,100,1023,118,38,Intermediate Level,0.0,2016-10-21 13:46:19+00:00,Web Development,1,3,3,1,
674350,Mastering Futures Options For Beginners - Your Top 5 Plays!,True,200,1185,10,33,Beginner Level,0.0,2016-02-02 20:35:37+00:00,Business Finance,1,1,0,1,
1217778,Mastering High Probability Iron Condor Options Trading,True,200,1030,11,22,All Levels,0.0,2017-06-01 05:22:08+00:00,Business Finance,1,0,0,1,
30243,Mastering Html5 Programming - The Easier Way,True,75,21653,138,35,All Levels,0.0,2013-01-07 11:44:35+00:00,Web Development,1,0,3,1,
602218,Mastering Javascript,True,95,694,39,39,Expert Level,0.0,2015-09-04 20:18:51+00:00,Web Development,0,2,3,1,
961684,Mastering Logo Design - 20 Projects Step-By-Step,True,200,2599,24,77,All Levels,0.0,2016-09-25 17:57:11+00:00,Graphic Design,1,0,1,1,
368679,Mastering Magento,True,85,1063,101,40,All Levels,0.0,2014-12-15 07:05:38+00:00,Web Development,1,0,3,1,
693726,Mastering Meteor: Reactive Full Stack Javascript,True,95,494,46,37,Expert Level,0.0,2015-12-10 18:16:09+00:00,Web Development,0,2,3,1,
1204208,Mastering Micro Services Using Java Spring Boot,True,195,1649,34,25,All Levels,0.0,2017-05-17 17:43:14+00:00,Web Development,1,0,3,1,
1135712,Mastering Modern Web Development Using React,True,195,1537,8,29,All Levels,0.0,2017-03-13 21:46:44+00:00,Web Development,1,0,3,1,
1223012,"Mastering 'Native Css Shapes To Build Modern Web Pages""",True,195,1040,5,30,All Levels,0.0,2017-05-29 17:44:48+00:00,Web Development,1,0,3,1,0.0
1062048,Mastering Photoshop Cc 2017 - The Art Of Design & Technology,True,20,3721,95,46,All Levels,0.0,2017-02-04 05:52:17+00:00,Graphic Design,1,0,1,1,
506164,Mastering Photoshop Elements 13 Made Easy Training Tutorial,True,20,1738,8,166,Beginner Level,0.0,2015-05-22 20:50:12+00:00,Graphic Design,1,1,1,1,
1088924,Mastering Photoshop Elements 15 Made Easy Training Tutorial,True,30,13,4,185,Beginner Level,0.0,2017-02-03 21:32:31+00:00,Graphic Design,0,1,1,1,
341952,Mastering Photoshop: From Beginner To Industry Professional,True,25,1754,52,79,Intermediate Level,0.0,2014-11-25 17:47:46+00:00,Graphic Design,1,3,1,1,
473474,Mastering Realistic Real Life Drawing With Pencil,True,20,33,5,12,Beginner Level,0.0,2015-04-20 18:08:39+00:00,Graphic Design,0,1,1,1,
482924,Mastering Retouching And Restoration (15 Projects Included),True,100,4927,15,22,All Levels,0.0,2015-04-26 12:27:22+00:00,Graphic Design,1,0,1,1,
767256,Mastering Technical Analysis : Maximizing Trading Profits,True,60,325,14,62,All Levels,0.0,2016-03-04 15:33:46+00:00,Business Finance,0,0,0,1,1.0
1125814,Mastering Text Animation In After Effect,True,20,1,1,9,Intermediate Level,0.0,2017-02-26 19:49:26+00:00,Graphic Design,0,3,1,1,
82960,Mastering The Art Of Guitar Chords,True,20,78,0,18,Beginner Level,0.0,2013-11-18 20:23:02+00:00,Musical Instruments,0,1,2,1,0.0
447136,Mastering The Google Chrome Developer Tools,True,20,2002,41,31,All Levels,0.0,2015-04-21 16:45:07+00:00,Web Development,1,0,3,1,
1032234,Mastering The Market : (Technical Analysis + Candlestick),True,90,18,7,97,All Levels,0.0,2016-12-16 15:01:34+00:00,Business Finance,0,0,0,1,
736250,Mastering Thymeleaf With Spring,True,75,942,161,64,All Levels,0.0,2016-02-05 20:42:25+00:00,Web Development,1,0,3,1,
708514,Mastering Typescript,True,95,353,34,41,Expert Level,0.0,2015-12-29 23:10:30+00:00,Web Development,0,2,3,1,
1159822,Mastering Unix : Awk Commands,True,20,358,0,23,All Levels,0.0,2017-05-03 22:21:05+00:00,Web Development,0,0,3,1,
707682,Mastering Web And Mobile Debugging Using Chrome Dev Tools,True,195,1102,12,21,All Levels,0.0,2016-01-29 21:02:49+00:00,Web Development,1,0,3,1,
941310,Matemática Financeira Com Hp12C E Ms Excel,True,20,74,17,30,Beginner Level,0.0,2016-10-12 13:50:11+00:00,Business Finance,0,1,0,1,0.0
53211,Matemática Financeira De Um Jeito Fácil,True,95,401,67,20,All Levels,0.0,2013-07-23 20:45:33+00:00,Business Finance,0,0,0,1,0.0
484132,Mba Accounting And Finance For Managers(Paper Ms04 Of Ignou),True,150,1340,4,272,All Levels,0.0,2015-07-19 19:43:52+00:00,Business Finance,1,0,0,1,
364566,Mca Accountancy And Financial Management -Paper Mcs 35 Ignou,True,180,3667,4,460,All Levels,0.0,2014-12-06 16:34:03+00:00,Business Finance,1,0,0,1,
364206,Media Training For Financial Service Professionals,True,20,1254,2,64,All Levels,0.0,2014-12-11 21:14:18+00:00,Business Finance,1,0,0,1,
1020244,Mental Models For Wall Street - Become A Better Trader,False,0,1067,50,35,All Levels,0.0,2016-12-14 21:53:28+00:00,Business Finance,1,0,0,0,1.0
112296,Mergers And Acquisitions M&A Essentials You Need To Know,True,95,4103,19,15,Beginner Level,0.0,2013-11-13 11:08:51+00:00,Business Finance,1,1,0,1,
586680,Mestres Do Photoshop,True,30,86,18,52,All Levels,0.0,2015-08-21 23:40:31+00:00,Graphic Design,0,0,1,1,1.0
915206,Metatrader4 Platform Training,False,0,1819,45,15,Beginner Level,0.0,2016-09-21 19:16:59+00:00,Business Finance,1,1,0,0,
832862,Meteor And React For Realtime Apps,True,140,6527,1384,111,All Levels,0.0,2016-05-23 16:51:48+00:00,Web Development,1,0,3,1,
185526,Microstation - Células,True,20,0,0,9,Beginner Level,0.0,2014-04-15 21:48:55+00:00,Graphic Design,0,1,1,1,
185538,Microstation - Niveles,True,20,2,0,7,Beginner Level,0.0,2014-04-15 21:55:17+00:00,Graphic Design,0,1,1,1,
544234,Mike G'S Beginner Drum Course: Part 1,True,35,515,14,20,Beginner Level,0.0,2015-11-01 20:04:07+00:00,Musical Instruments,0,1,2,1,
664764,Mike G'S Beginner Drum Course: Part 2,True,40,305,0,23,All Levels,0.0,2016-03-10 06:33:48+00:00,Musical Instruments,0,0,2,1,
273256,Mind-Blowing Photoshop: Master Skills Season 1,True,20,94,3,69,All Levels,0.0,2014-08-08 16:12:02+00:00,Graphic Design,0,0,1,1,
1172370,Mit Finanzwissen Zu Besserem Unternehmertum,True,50,49,3,23,Beginner Level,0.0,2017-05-10 15:10:34+00:00,Business Finance,0,1,0,1,0.0
1015308,Mobile App Design In Photoshop From Scratch - Ui & Ux Design,True,195,1282,17,19,All Levels,0.0,2016-12-28 19:24:07+00:00,Graphic Design,1,0,1,1,
998580,Mobile App Design: From Beginner To Intermediate,True,140,896,21,108,All Levels,0.0,2017-02-20 17:42:07+00:00,Graphic Design,0,0,1,1,
837722,Modal Theory For Guitar (Guitar Lessons From Lutz Academy),True,50,1039,29,9,All Levels,0.0,2016-05-06 15:32:00+00:00,Musical Instruments,1,0,2,1,1.0
1048188,Modern Country Guitar: Technique Booster,True,30,1152,16,42,Intermediate Level,0.0,2017-01-26 22:37:15+00:00,Musical Instruments,1,3,2,1,0.0
1008246,Modern E-Commerce Store In Php & Mysqli With Bootstrap,True,50,240,45,358,All Levels,0.0,2016-12-09 16:18:49+00:00,Web Development,0,0,3,1,
807874,"Modern Javascript: Building Real-World, Real-Time Apps",True,50,1871,154,60,Intermediate Level,0.0,2016-03-30 21:15:15+00:00,Web Development,1,3,3,1,
182940,Modern Piano Lessons For Beginners,True,20,736,6,46,Beginner Level,0.0,2014-04-01 22:01:27+00:00,Musical Instruments,0,1,2,1,
705264,Modern React With Redux,True,180,50815,15117,150,All Levels,0.0,2015-12-28 19:20:21+00:00,Web Development,1,0,3,1,
1029440,Modern Rock Guitar Techniques,True,50,3157,375,32,Intermediate Level,0.0,2016-12-08 16:21:16+00:00,Musical Instruments,1,3,2,1,
715516,Modern Web Development With Laravel 5.2 (Php Framework),True,120,2142,536,71,All Levels,0.0,2016-01-24 17:33:52+00:00,Web Development,1,0,3,1,1.0
964732,"Modern Web Development With Sass, Gulp, Npm & Web Workflows",True,95,502,62,59,Beginner Level,0.0,2016-12-31 03:11:31+00:00,Web Development,0,1,3,1,
632368,Monatlich Geld Anlegen Für Später!,True,30,5983,135,7,Beginner Level,0.0,2015-10-06 20:05:20+00:00,Business Finance,1,1,0,1,
247940,Monetizing Your Website: How To Add Cost-Per-Action (Cpa),True,35,142,4,18,All Levels,0.0,2014-06-30 17:05:14+00:00,Business Finance,0,0,0,1,0.0
756914,Mongoosejs Essentials - Learn Mongodb For Node.Js,False,0,21682,1106,8,Beginner Level,0.0,2016-03-12 16:04:28+00:00,Web Development,1,1,3,0,
907408,Morphing  With After Effect : Everything You Need To Know,True,20,421,10,18,All Levels,0.0,2016-07-21 14:08:04+00:00,Graphic Design,0,0,1,1,
504620,Mortgage Acceleration,True,20,247,2,17,All Levels,0.0,2015-08-21 18:36:25+00:00,Business Finance,0,0,0,1,
180372,Mortgage Backed Securities,True,50,376,29,21,All Levels,0.0,2014-03-13 12:47:09+00:00,Business Finance,0,0,0,1,
792232,Most Wanted Flat Design Techniques,True,195,2081,35,61,Intermediate Level,0.0,2016-03-17 18:21:18+00:00,Graphic Design,1,3,1,1,
787340,Most Wanted Flat Design Techniques #1: Desert Island,False,0,4294,143,15,Intermediate Level,0.0,2016-03-17 18:15:21+00:00,Graphic Design,1,3,1,0,
787204,Most Wanted Flat Design Techniques #2: Hipster Businessman,True,95,1016,5,25,Intermediate Level,0.0,2016-03-17 16:47:34+00:00,Graphic Design,1,3,1,1,
787096,Most Wanted Flat Design Techniques #3: Office Space,True,95,1028,2,26,Intermediate Level,0.0,2016-03-17 18:49:15+00:00,Graphic Design,1,3,1,1,
861742,Motion Graphic With After Effect From Scratch In 5 Hours,True,30,50,7,45,All Levels,0.0,2016-06-01 17:40:56+00:00,Graphic Design,0,0,1,1,
542950,Mql4 Bootcamp Tutorial- Trading Robot Coding In Metatrader4,True,20,313,14,25,Beginner Level,0.0,2015-07-05 17:54:35+00:00,Business Finance,0,1,0,1,
703770,Mql4 Programming For Traders: Build Robust Trading Robots!,True,195,1367,33,74,All Levels,0.0,2016-02-22 00:31:08+00:00,Business Finance,1,0,0,1,
542028,Mql4 Tutorial Bootcamp - Trading Robot Coding In Metatrader4,True,30,1278,33,23,Beginner Level,0.0,2015-07-02 21:57:04+00:00,Business Finance,1,1,0,1,
518886,Mql4 Tutorial Golden Goose,True,20,135,5,12,Beginner Level,0.0,2015-06-07 19:32:46+00:00,Business Finance,0,1,0,1,
1021760,Mql5 - Beginner To Expert,True,45,16,1,16,Beginner Level,0.0,2017-04-06 21:39:23+00:00,Business Finance,0,1,0,1,
745110,Mql5 Tutorial Bootcamp,True,20,978,7,13,Beginner Level,0.0,2016-01-29 00:11:42+00:00,Business Finance,1,1,0,1,
52118,"Multiply Your Returns Using 'Value Investing"",Https://Www.Udemy.Com/Multiply-Your-Returns-Using-Value-Investing/,True,20,1942,19,63,All Levels,4.5 Hours,2015-07-23T00:08:33Z
874284,Weekly Forex Analysis By Baraq Fx""",False,0,3035,12,14,All Levels,0.0,2016-06-20 21:02:36+00:00,Business Finance,1,0,0,0,1.0
430992,Mundharmonika Spielen - Mein Schönstes Hobby,True,20,65,7,77,Beginner Level,0.0,2015-06-09 17:39:42+00:00,Musical Instruments,0,1,2,1,
624118,Music Fundamentals: Learn Beatmaking With Pen Tapping,True,200,537,2,22,All Levels,0.0,2015-11-13 22:12:07+00:00,Musical Instruments,0,0,2,1,
602812,"Music Theory, Guitar And Ear Training",True,60,30,3,39,Beginner Level,0.0,2015-11-22 18:35:43+00:00,Musical Instruments,0,1,2,1,
627332,Mutual Funds For Investors In Retirement Accounts,True,20,0,0,0,All Levels,0.0,2015-12-17 05:38:38+00:00,Business Finance,0,0,0,1,0.0
990440,My Forex Strategy That Win Consistently Over And Over,True,200,204,23,9,Intermediate Level,0.0,2016-10-29 14:51:53+00:00,Business Finance,0,3,0,1,0.0
1103718,Naked Put Options Trade Covered Call & Poor Man Covered Call,True,200,939,7,19,All Levels,0.0,2017-02-10 22:40:57+00:00,Business Finance,1,0,0,1,
298522,Navigate The 10-K And Other Financial Reports,True,40,653,55,20,All Levels,0.0,2014-11-08 18:50:53+00:00,Business Finance,0,0,0,1,
250902,Nest Egg Investing,True,45,6,0,12,Beginner Level,0.0,2014-06-27 15:15:12+00:00,Business Finance,0,1,0,1,0.0
455054,Ninja Chord Changes - Master Your Guitar Chord Changes,True,30,1327,11,13,Beginner Level,0.0,2015-03-29 21:57:12+00:00,Musical Instruments,1,1,2,1,
925854,No Bull Investing: Investing 101 For Financial Freedom,True,100,1213,12,25,Beginner Level,0.0,2017-03-13 22:53:07+00:00,Business Finance,1,1,0,1,
1241518,Node Package Manager Course: Build And Publish Npm Modules,True,30,7196,8,38,All Levels,0.0,2017-06-06 17:56:50+00:00,Web Development,1,0,3,1,
1103954,Node.Js: The Essentials + Api Frameworks Express Koa Sails,True,20,2760,52,34,Beginner Level,0.0,2017-02-16 21:59:01+00:00,Web Development,1,1,3,1,
1170920,Node:Js : Building Rest Apis With Sails.Js,True,100,61,9,44,Beginner Level,0.0,2017-04-27 16:49:06+00:00,Web Development,0,1,3,1,
830994,Non Directional Weekly Options Trading System - Etf & Emini,True,200,897,22,21,All Levels,0.0,2016-05-24 15:43:06+00:00,Business Finance,0,0,0,1,
305368,Npv And Irr Techniques For Ca / Cfa / Cpa Exams,True,20,1551,5,55,Beginner Level,0.0,2014-09-22 14:30:17+00:00,Business Finance,1,1,0,1,0.0
177472,Nuke X: Aprende Composición Digital,True,35,3,1,21,Beginner Level,0.0,2014-04-01 21:08:52+00:00,Graphic Design,0,1,1,1,
304424,Numbers For The  Business Plan,True,20,210,1,12,All Levels,0.0,2014-09-22 05:12:53+00:00,Business Finance,0,0,0,1,
974954,Numeracy Skills In Business And Everyday Life:Think And Deal,True,20,90,4,15,Beginner Level,0.0,2016-10-11 19:36:43+00:00,Business Finance,0,1,0,1,
1024800,دورة شامل لبرنامج إلستريتور للمبتدئين - Adobe Illustrator Cc,True,30,1,1,24,Beginner Level,0.0,2017-06-08 16:27:53+00:00,Graphic Design,0,1,1,1,0.0
1185936,الدروس التعليمية لسوق الفوركس والأسواق المالية الأخرى,False,0,368,3,69,All Levels,0.0,2017-04-25 15:02:33+00:00,Business Finance,0,0,0,0,
967486,الدورة الشاملة Illustrator From Zero To Hero,True,150,155,40,158,All Levels,0.0,2016-12-19 14:30:40+00:00,Graphic Design,0,0,1,1,0.0
986024,العلوم والمبادئ الأساسية للمهنة الإكتوارية,True,25,781,7,8,Beginner Level,0.0,2016-10-28 13:39:57+00:00,Business Finance,0,1,0,1,1.0
821108,المحاسبة للإداريين و غير المحاسبين,True,20,9,3,17,Beginner Level,0.0,2016-04-23 22:57:42+00:00,Business Finance,0,1,0,1,0.0
1000116,خطوتك الأولى لتعلم الفوتوشوبPhotoshop,True,20,272,11,12,Beginner Level,0.0,2016-12-22 15:20:50+00:00,Graphic Design,0,1,1,1,
1031648,تصميم القوالب الدائرية بالفيغاس | Circular Templates Vegas,True,20,5,2,9,All Levels,0.0,2016-12-22 14:39:13+00:00,Graphic Design,0,0,1,1,
735796,Object Orientation In Php,True,20,151,40,30,Beginner Level,0.0,2016-02-29 22:40:52+00:00,Web Development,0,1,3,1,
242574,Object Oriented Programming (Oop) In Php - Build An Oop Site,True,20,6588,721,36,All Levels,0.0,2014-06-17 07:34:03+00:00,Web Development,1,0,3,1,1.0
814474,Oboe Pro Series - You'Re Going To Love Practicing The Oboe,True,50,61,5,36,All Levels,0.0,2016-04-08 23:26:22+00:00,Musical Instruments,0,0,2,1,0.0
912254,"Oboe Solos: Learn To Perform Three Fun, Unique Pieces!",True,50,41,0,43,All Levels,0.0,2016-07-28 03:10:09+00:00,Musical Instruments,0,0,2,1,
42255,Old-Time Banjo For The Absolute Beginner,True,25,192,21,17,Beginner Level,0.0,2014-03-12 15:55:49+00:00,Musical Instruments,0,1,2,1,
369132,One-Stop Ruby On Rails: Build Web Applications From Scratch,True,145,1628,162,129,All Levels,0.0,2015-01-13 06:40:32+00:00,Web Development,1,0,3,1,
326338,Opencv Computer Vision Application Programming,True,85,167,14,30,All Levels,0.0,2014-10-24 12:26:37+00:00,Graphic Design,0,0,1,1,
464002,Optimize! Make Best Decisions With Microsoft Excel,True,20,28,3,14,Expert Level,0.0,2015-04-01 18:09:44+00:00,Business Finance,0,2,0,1,
803028,Optimizing Investment To Maximise Your Return,False,0,1696,22,11,All Levels,0.0,2016-03-25 15:32:02+00:00,Business Finance,1,0,0,0,
1207382,Optimizing Wordpress For More Speed And Revenue,False,0,2649,16,7,Intermediate Level,0.0,2017-06-12 22:56:09+00:00,Web Development,1,3,3,0,
443584,Option Selling Trading As Income Source. Beginners Friendly,True,195,1276,46,61,All Levels,0.0,2015-04-06 17:34:49+00:00,Business Finance,1,0,0,1,1.0
44836,Option Spreads And Credit Spreads Bundle,True,180,2212,194,24,Expert Level,0.0,2013-03-05 18:27:38+00:00,Business Finance,1,2,0,1,
556068,Option Trading - How To Earn If You Can'T Predict The Market,True,145,2305,19,30,All Levels,0.0,2015-07-22 19:02:23+00:00,Business Finance,1,0,0,1,
848664,Option Trading For Rookies:  Understand Options Completely,True,150,2893,65,62,All Levels,0.0,2016-08-10 15:27:06+00:00,Business Finance,1,0,0,1,
920424,Option Trading For Rookies: Basic Option Strategies,True,95,810,27,61,All Levels,0.0,2016-08-25 18:10:44+00:00,Business Finance,0,0,0,1,0.0
941120,Option Trading For Rookies: Make & Manage Profitable Trades,True,95,507,19,59,All Levels,0.0,2016-09-02 22:19:00+00:00,Business Finance,0,0,0,1,
214046,Option Trading For Rookies: The Covered Call Option Strategy,True,95,6092,25,29,Beginner Level,0.0,2016-11-03 05:22:20+00:00,Business Finance,1,1,0,1,
638980,Option Trading: How To Adjust Delta-Neutral Strangles!,True,145,1398,15,26,All Levels,0.0,2015-10-19 23:01:15+00:00,Business Finance,1,0,0,1,
881062,Options Basics & Trading With Small Capital! - Level 1,True,30,120,17,19,Beginner Level,0.0,2016-07-26 20:26:58+00:00,Business Finance,0,1,0,1,0.0
41961,"Options Foundation - Time Decay, Implied Volatility, Greeks",True,60,459,25,14,Beginner Level,0.0,2013-02-17 01:48:33+00:00,Business Finance,0,1,0,1,1.0
42197,Options Spreads Bundle-  The Heart Of Options Trading,True,120,623,43,8,Intermediate Level,0.0,2013-02-19 15:04:46+00:00,Business Finance,0,3,0,1,0.0
1151092,Options Trading - Calendar Spread Course For Every Trader,True,200,1113,11,17,All Levels,0.0,2017-04-02 21:46:00+00:00,Business Finance,1,0,0,1,0.0
627540,Options Trading - How To Win With Weekly Options,True,115,7489,1190,25,Intermediate Level,0.0,2015-10-22 21:54:28+00:00,Business Finance,1,3,0,1,
1148774,Options Trading 101: The Basics,False,0,1514,66,11,Beginner Level,0.0,2017-03-23 22:19:57+00:00,Business Finance,1,1,0,0,
476268,Options Trading 3 : Advanced Stock Profit And Success Method,True,195,5172,34,38,Expert Level,0.0,2015-05-28 00:14:03+00:00,Business Finance,1,2,0,1,
43319,Options Trading Basics (3-Course Bundle),True,180,10100,985,45,Beginner Level,0.0,2013-02-25 11:36:06+00:00,Business Finance,1,1,0,1,
1187758,Options Trading Essentials: The Ultimate Guides,False,0,1352,6,20,All Levels,0.0,2017-04-24 21:59:20+00:00,Business Finance,1,0,0,0,
1276182,Options Trading Foundation: Your Journey To Competency...,True,95,0,0,5,Intermediate Level,0.0,2017-07-05 04:41:54+00:00,Business Finance,0,3,0,1,
401784,Options Trading Introduction: Day Trade Stock Options,True,95,12394,218,30,Beginner Level,0.0,2015-02-20 21:39:41+00:00,Business Finance,1,1,0,1,
434774,Options Trading Stocks: Proven Toolbox For Financial Success,True,195,7884,118,68,Intermediate Level,0.0,2015-05-19 23:25:41+00:00,Business Finance,1,3,0,1,
245722,Painless Piano!,True,40,353,1,30,Beginner Level,0.0,2014-06-23 14:11:47+00:00,Musical Instruments,0,1,2,1,
909970,Paint Atmospheric Sunset With Soft Pastel!,True,20,7,1,5,Intermediate Level,0.0,2016-08-17 19:28:32+00:00,Graphic Design,0,3,1,1,
908996,Parse Server: From Front End To Full Stack,True,200,1130,162,66,Intermediate Level,0.0,2016-07-29 00:54:17+00:00,Web Development,1,3,3,1,1.0
935900,Pedais De Efeito Para Contrabaixo,True,50,10,3,10,All Levels,0.0,2016-08-26 21:11:24+00:00,Musical Instruments,0,0,2,1,
1095116,Penny Stocks King: How 2 Really Trade Penny Stocks (6 Hours),True,200,1085,17,48,All Levels,0.0,2017-02-03 16:44:02+00:00,Business Finance,1,0,0,1,1.0
1122146,Penny Stocks Value & Chart Pattern Trading (2 Course Bundle),True,200,1033,2,31,Beginner Level,0.0,2017-02-22 21:36:08+00:00,Business Finance,1,1,0,1,
1253224,Pentatonic Scale Crash Course For Bass Guitar,False,0,898,6,24,Intermediate Level,0.0,2017-06-15 18:35:07+00:00,Musical Instruments,0,3,2,0,
403078,Percussive Fingerstyle Guitar,True,50,886,43,74,Intermediate Level,0.0,2015-02-02 18:04:46+00:00,Musical Instruments,0,3,2,1,0.0
1075570,Perfect React Js Course - Understand Relevant Details,True,200,653,20,25,Beginner Level,0.0,2017-01-17 05:40:31+00:00,Web Development,0,1,3,1,
832870,Photo Editing In Photoshop - Beginner To Advanced In 1 Hour,True,20,662,5,21,Beginner Level,0.0,2016-05-09 01:17:58+00:00,Graphic Design,0,1,1,1,
1219814,Photo Manipulation: Master Photo Editing,True,75,326,6,43,All Levels,0.0,2017-07-03 17:23:39+00:00,Graphic Design,0,0,1,1,
1128984,Photoshop - Aprende A Transformar Imágenes,True,20,0,0,14,Beginner Level,0.0,2017-03-08 18:05:51+00:00,Graphic Design,0,1,1,1,
1216164,Photoshop - Automatização Com Adobe Script,True,195,7,0,87,Intermediate Level,0.0,2017-05-15 21:32:29+00:00,Graphic Design,0,3,1,1,
1246636,Photoshop - Como Criar Fusão De Forma Profissional,True,30,38,6,34,All Levels,0.0,2017-06-12 13:19:09+00:00,Graphic Design,0,0,1,1,
1246518,Photoshop - Composição Vintage,True,30,35,4,9,All Levels,0.0,2017-06-12 13:12:54+00:00,Graphic Design,0,0,1,1,
1137738,Photoshop - Creación De Efectos,True,20,0,0,11,Beginner Level,0.0,2017-03-24 20:06:57+00:00,Graphic Design,0,1,1,1,
1185898,Photoshop - Creación De Efectos 2,True,30,0,0,9,Beginner Level,0.0,2017-05-17 19:19:18+00:00,Graphic Design,0,1,1,1,
950894,Photoshop - Curso De Photoshop Do Básico Ao Avançado,True,100,1110,183,77,All Levels,0.0,2017-02-06 17:22:18+00:00,Graphic Design,1,0,1,1,1.0
1245356,Photoshop - Revelando Os Segredos Das Fusões,True,20,858,25,17,Expert Level,0.0,2017-06-08 11:10:08+00:00,Graphic Design,0,2,1,1,
1243016,Photoshop - Tratamento De Pele Profissional,True,100,50,5,16,Intermediate Level,0.0,2017-06-06 14:22:28+00:00,Graphic Design,0,3,1,1,
1226518,Photoshop & Illustrator Cc Essentials In Arabic,False,0,3329,193,33,Beginner Level,0.0,2017-05-31 23:16:00+00:00,Graphic Design,1,1,1,0,1.0
447210,Photoshop | Gimp: Quick & Easy Image Hacks For Beginners,True,135,1275,26,42,Beginner Level,0.0,2015-05-27 19:07:13+00:00,Graphic Design,1,1,1,1,
1274846,Photoshop Avançado - Pós Produção E Fusão Com 3D,True,135,15,0,6,Expert Level,0.0,2017-07-03 01:15:29+00:00,Graphic Design,0,2,1,1,0.0
1257870,Photoshop Cc 2015 Top New Features,False,0,1477,3,13,All Levels,0.0,2017-06-26 19:37:58+00:00,Graphic Design,1,0,1,0,
960898,Photoshop Cc 2017 For Beginners: Master Photoshop Essentials,True,195,389,20,43,Beginner Level,0.0,2016-11-05 19:25:03+00:00,Graphic Design,0,1,1,1,
1142428,Photoshop Cc 2017 Full Course,True,90,655,18,150,Beginner Level,0.0,2017-04-25 17:12:10+00:00,Graphic Design,0,1,1,1,
1147664,Photoshop Cc Eğitim Seti (Yeni̇),True,100,27,5,202,All Levels,0.0,2017-03-30 22:26:26+00:00,Graphic Design,0,0,1,1,
561188,Photoshop Cc For Beginners - A Comprehensive Crash Course,True,200,6028,205,20,Beginner Level,0.0,2015-07-29 18:35:20+00:00,Graphic Design,1,1,1,1,
850426,Photoshop Cc Masterclass,True,95,505,88,78,All Levels,0.0,2016-05-17 20:06:37+00:00,Graphic Design,0,0,1,1,
1047750,Photoshop Cc Training - Creating Fantastic Album Cover Art,True,50,1,0,8,All Levels,0.0,2016-12-21 19:40:11+00:00,Graphic Design,0,0,1,1,
47004,Photoshop Course: Design An Ebook Cover In Photoshop,True,50,11893,69,40,All Levels,0.0,2013-04-25 17:04:18+00:00,Graphic Design,1,0,1,1,
303042,Photoshop Cs 6 Ile Fotoğraf İşlemenin Temelleri,True,20,86,10,78,Beginner Level,0.0,2015-02-13 07:07:44+00:00,Graphic Design,0,1,1,1,
1223336,Photoshop Essentials - Uma Introdução Detalhada,False,0,800,39,24,Beginner Level,0.0,2017-05-22 09:58:21+00:00,Graphic Design,0,1,1,0,
855188,Photoshop Essentials: Designing Facebook Graphics,True,20,616,3,19,Beginner Level,0.0,2016-05-23 06:13:16+00:00,Graphic Design,0,1,1,1,
768366,Photoshop Fantastic! - The Comprehensive Guide To Photoshop,True,20,2938,26,45,All Levels,0.0,2016-04-06 05:29:30+00:00,Graphic Design,1,0,1,1,
820194,Photoshop For Entrepreneurs - Design 11 Practical Projects,True,200,36288,737,63,All Levels,0.0,2016-06-09 01:57:03+00:00,Graphic Design,1,0,1,1,
1093760,"Photoshop From Scratch To Logos, Digital Drawing & Projects",True,20,91,10,21,Beginner Level,0.0,2017-05-12 17:56:59+00:00,Graphic Design,0,1,1,1,
870368,Photoshop From Zero To Hero ( Arabic ),True,60,720,220,82,Beginner Level,0.0,2016-06-29 16:37:18+00:00,Graphic Design,0,1,1,1,
573064,Photoshop In Ease: Create World Amazing  Graphic Designs,True,20,14440,182,26,All Levels,0.0,2015-08-13 21:17:34+00:00,Graphic Design,1,0,1,1,
348116,Photoshop In-Depth: Master All Of Photoshop'S Tools Easily,False,0,53851,1779,45,All Levels,0.0,2014-11-30 04:22:11+00:00,Graphic Design,1,0,1,0,1.0
1216554,Photoshop Isn'T Like What You Imagine A To Z .,True,35,343,0,24,All Levels,0.0,2017-07-06 03:32:48+00:00,Graphic Design,0,0,1,1,
524748,Photoshop Jumpstart,True,20,66,13,13,Beginner Level,0.0,2015-07-02 21:41:25+00:00,Graphic Design,0,1,1,1,
942768,Photoshop Learn Concept Art Manipulation,True,25,8,0,11,Beginner Level,0.0,2016-08-30 03:11:48+00:00,Graphic Design,0,1,1,1,
1276020,Photoshop Para Iniciante - O Básico,True,30,23,2,20,Beginner Level,0.0,2017-07-03 01:36:55+00:00,Graphic Design,0,1,1,1,
405488,Photoshop Para Novatos:  ¡Desde Cero Hasta Experto!,True,150,3000,470,134,All Levels,0.0,2015-01-30 17:41:47+00:00,Graphic Design,1,0,1,1,
922092,Photoshop Para Principiantes: ¡De Cero A Experto!,True,120,410,15,62,Beginner Level,0.0,2016-08-22 19:07:23+00:00,Graphic Design,0,1,1,1,
559204,Photoshop Quickstart Guide To Digital Sketching,True,20,1679,24,15,Beginner Level,0.0,2015-09-17 18:46:40+00:00,Graphic Design,1,1,1,1,
497268,Photoshop The Art Of Clipart,True,20,30,3,22,Beginner Level,0.0,2015-07-05 23:38:42+00:00,Graphic Design,0,1,1,1,
441106,"Photoshop Tips And Tricks, How To Change Clothes",True,20,837,4,26,All Levels,0.0,2015-03-16 18:36:17+00:00,Graphic Design,0,0,1,1,
1104858,Photoshop Tools 101,True,50,6,0,49,All Levels,0.0,2017-05-01 21:49:18+00:00,Graphic Design,0,0,1,1,
1242692,Photoshop Workflow - Manipulação De Imagem Para Publicidade,True,135,20,8,53,Expert Level,0.0,2017-06-28 03:28:04+00:00,Graphic Design,0,2,1,1,0.0
406424,"Photoshop, Illustrator, Indesign & Graphic Design Principles",True,30,934,143,41,All Levels,0.0,2015-02-02 14:24:21+00:00,Graphic Design,1,0,1,1,
431562,Photoshop: 5 Practical Techniques To Improve Your Skills,True,20,780,5,5,Intermediate Level,0.0,2015-02-26 18:16:34+00:00,Graphic Design,0,3,1,1,
1181652,Photoshop: Automatiza Invitaciones Con Bloc De Notas Y Excel,True,30,86,2,18,All Levels,0.0,2017-04-20 14:26:50+00:00,Graphic Design,0,0,1,1,
181294,Photoshop: Creando Efectos De Luz,True,20,3,1,9,Beginner Level,0.0,2014-04-02 21:24:33+00:00,Graphic Design,0,1,1,1,
181264,Photoshop: Creando Elemental De Agua,True,20,1,1,5,Beginner Level,0.0,2014-04-01 21:48:16+00:00,Graphic Design,0,1,1,1,
181268,Photoshop: Creando Elemental De Aire,True,20,0,0,5,Beginner Level,0.0,2014-04-01 21:50:32+00:00,Graphic Design,0,1,1,1,
1143148,Photoshop: Dessiner L'Affiche Du Film Rogue One En Style Bd,True,50,4,0,20,Intermediate Level,0.0,2017-04-27 00:51:04+00:00,Graphic Design,0,3,1,1,
1196852,Photoshop: How To Create Stunning Collages,True,20,2044,17,15,Beginner Level,0.0,2017-05-09 16:40:58+00:00,Graphic Design,1,1,1,1,1.0
349144,Photoshop: Learn Digital Painting Basics In Photoshop,True,20,1332,31,24,Beginner Level,0.0,2014-12-06 05:51:03+00:00,Graphic Design,1,1,1,1,1.0
968268,Photoshop: Organización De Eventos Y Decoración De Fiestas,True,120,125,5,56,Beginner Level,0.0,2016-10-18 20:08:18+00:00,Graphic Design,0,1,1,1,
269082,Photoshop: Real World Hands-On Freelance Mastery,True,105,5950,25,29,All Levels,0.0,2014-09-25 09:14:15+00:00,Graphic Design,1,0,1,1,1.0
406054,Photoshop: Real World Learning,True,20,9,0,56,All Levels,0.0,2015-01-29 01:45:52+00:00,Graphic Design,0,0,1,1,
724824,Photoshop　中級者、上級者がプロになるために最後に学ぶ「超絶技巧」テクニック,True,85,113,5,39,Intermediate Level,0.0,2016-01-12 21:37:39+00:00,Graphic Design,0,3,1,1,
701468,Photoshopマスターコース　基礎から上級まで　ステップバイステップでPhotoshopのすべてを学ぼう,True,70,354,27,98,All Levels,0.0,2016-01-04 18:29:16+00:00,Graphic Design,0,0,1,1,
863976,Php - Send And Receive Mobile Text Messages (Sms),True,50,1626,81,18,All Levels,0.0,2016-06-15 23:04:19+00:00,Web Development,1,0,3,1,
32649,Php & Mysql - Learn The Easy Way. Master Php & Mysql Quickly,True,50,5549,92,143,All Levels,0.0,2012-12-15 15:22:52+00:00,Web Development,1,0,3,1,
862428,Php : Learn To Upload Files To Amazon S3 And Use Cloudfront,True,50,1216,36,28,All Levels,0.0,2016-06-15 22:08:40+00:00,Web Development,1,0,3,1,
970252,Php :Basics For Beginners,True,45,1562,4,12,All Levels,0.0,2016-09-28 15:29:17+00:00,Web Development,1,0,3,1,
1016650,Php Codeigniter:Crud Concepts In Mvc,True,40,601,4,6,All Levels,0.0,2016-11-27 15:29:59+00:00,Web Development,0,0,3,1,1.0
838418,Php Date And Time Course By Edwin Diaz,True,40,1653,53,14,All Levels,0.0,2016-05-03 21:00:53+00:00,Web Development,1,0,3,1,
180547,Php Development With The Laravel Framework,True,50,1611,24,20,All Levels,0.0,2014-03-11 20:40:48+00:00,Web Development,1,0,3,1,
674646,Php Essential How To Create Build Amazing Websites With Php,True,75,8067,30,44,Beginner Level,0.0,2015-11-26 04:12:48+00:00,Web Development,1,1,3,1,1.0
472526,Php For Beginners,True,40,2626,95,135,Beginner Level,0.0,2015-07-01 18:55:13+00:00,Web Development,1,1,3,1,1.0
1013314,Php For Beginners : Learn Php From Scratch!,True,100,1825,17,58,All Levels,0.0,2016-11-18 21:16:33+00:00,Web Development,1,0,3,1,
405282,Php For Beginners -Become A Php Master - Project Included,True,200,28880,4316,286,All Levels,0.0,2015-02-14 00:54:08+00:00,Web Development,1,0,3,1,
527952,Php For Beginners: How To Build An E-Commerce Store,True,100,5117,463,138,All Levels,0.0,2015-07-17 18:52:45+00:00,Web Development,1,0,3,1,
818958,Php For Wordpress Development,True,35,850,12,16,Beginner Level,0.0,2016-04-12 18:00:47+00:00,Web Development,0,1,3,1,
723522,Php Fundamentals - Start Earning The Top Dollars You Deserve,True,195,12068,81,12,All Levels,0.0,2016-04-05 16:50:51+00:00,Web Development,1,0,3,1,
639848,Php Graphic Techniques: Captcha/ Create A Verification Code,True,20,8320,73,11,All Levels,0.0,2015-10-14 18:16:51+00:00,Web Development,1,0,3,1,1.0
1022682,Php Laravel 5:Creating A Crud Application,True,45,511,12,7,All Levels,0.0,2016-11-28 17:44:21+00:00,Web Development,0,0,3,1,
678142,Php Login And Registration System - Email Confirm Activation,True,100,2607,317,49,All Levels,0.0,2015-11-26 23:56:12+00:00,Web Development,1,0,3,1,1.0
593544,Php Mvc Framework Codeigniter Tutorial For Beginners Project,True,100,3701,508,125,All Levels,0.0,2015-08-28 00:29:28+00:00,Web Development,1,0,3,1,
739770,Php Mysql: Learn Php Mysql With Project,True,20,2314,77,25,All Levels,0.0,2016-04-21 02:06:22+00:00,Web Development,1,0,3,1,
473548,Php Oop: Object Oriented Programming For Beginners + Project,True,200,6497,901,221,All Levels,0.0,2015-06-03 22:40:09+00:00,Web Development,1,0,3,1,
861528,Php Security,True,50,1892,147,24,All Levels,0.0,2016-06-15 20:46:15+00:00,Web Development,1,0,3,1,
1158836,Php Specialist (2017 Edition),True,100,197,11,53,Beginner Level,0.0,2017-03-28 23:39:37+00:00,Web Development,0,1,3,1,
1124280,Php Tutorial: Learn Php Basic Programming For Beginners,True,20,2510,21,23,Beginner Level,0.0,2017-03-08 19:04:55+00:00,Web Development,1,1,3,1,
945602,Php User Login Registration Script With All Features,True,200,5603,46,47,All Levels,0.0,2016-10-02 19:14:23+00:00,Web Development,1,0,3,1,
946310,Php Webservices,True,30,1305,25,8,All Levels,0.0,2016-08-31 16:41:53+00:00,Web Development,1,0,3,1,
758582,Php With Laravel For Beginners - Become A Master In Laravel,True,150,8496,1838,308,All Levels,0.0,2016-04-21 19:57:39+00:00,Web Development,1,0,3,1,
688968,Php With Pdo - Ultimate Crash Course,True,50,1248,171,18,All Levels,0.0,2015-12-06 23:01:34+00:00,Web Development,1,0,3,1,
1020722,Php Zend Framework 1.11:Creating A Crud Application,True,40,1122,5,7,All Levels,0.0,2016-11-24 04:49:57+00:00,Web Development,1,0,3,1,
1021594,Php Zend Framework 2:Creating A Crud Application,True,40,802,6,9,All Levels,0.0,2016-11-25 01:33:50+00:00,Web Development,0,0,3,1,
519952,Php: Complete Login And Registration System With Php & Mysql,True,200,1448,173,48,All Levels,0.0,2015-06-16 20:38:45+00:00,Web Development,1,0,3,1,
732556,Php: Complete Registration And Login With Email Verification,True,20,12781,145,22,All Levels,0.0,2016-01-27 18:16:28+00:00,Web Development,1,0,3,1,
752658,Php: Ultimate Guide To Php For Everyone,True,115,10103,75,20,Beginner Level,0.0,2016-05-29 17:49:28+00:00,Web Development,1,1,3,1,
824044,Pi-101 Top 10 Classical Piano Pieces For Beginners,False,0,6292,183,38,Beginner Level,0.0,2016-05-30 21:02:20+00:00,Musical Instruments,1,1,2,0,
422546,Piano - Circle Of 5Ths To Play A Song In 12 Keys In 12 Days,True,95,2415,16,115,All Levels,0.0,2015-02-17 18:46:37+00:00,Musical Instruments,1,0,2,1,
1196538,Piano Building Blocks: Learn Chord Additions & Variations,False,0,375,0,9,Beginner Level,0.0,2017-07-02 21:55:41+00:00,Musical Instruments,0,1,2,0,0.0
660690,Piano Building Blocks: Learn The 24 Most Common Chords,True,50,492,10,17,Beginner Level,0.0,2016-03-07 20:53:38+00:00,Musical Instruments,0,1,2,1,
660460,Piano For Complete Beginners: Learn Your First Song Today!,True,40,1268,10,30,Beginner Level,0.0,2015-11-10 20:37:08+00:00,Musical Instruments,1,1,2,1,
620372,Piano For Kids: Developing Your Child'S Creative Abilities,True,65,42,2,37,Beginner Level,0.0,2015-10-24 00:09:09+00:00,Musical Instruments,0,1,2,1,
658276,Piano For Singer/Songwriters | Write Songs And Perform Live!,True,100,3371,175,42,Beginner Level,0.0,2015-11-12 01:10:55+00:00,Musical Instruments,1,1,2,1,
938260,Piano For Singer/Songwriters 2: Pop/Rock Rhythm Immersion,True,100,567,37,24,All Levels,0.0,2016-08-29 19:12:11+00:00,Musical Instruments,0,0,2,1,
793234,Piano From Zero To Pro - Beginner Essentials To The Piano,True,70,811,129,52,Beginner Level,0.0,2016-03-16 15:28:29+00:00,Musical Instruments,0,1,2,1,
27681,Piano Improvisation From Day One,True,20,1249,37,21,All Levels,0.0,2013-03-01 07:39:22+00:00,Musical Instruments,1,0,2,1,
932842,Piano Lesson Variety,True,40,59,1,28,Intermediate Level,0.0,2016-08-18 22:00:29+00:00,Musical Instruments,0,3,2,1,0.0
812602,Piano Lessons For Beginners,True,95,8,0,50,Beginner Level,0.0,2016-04-12 19:38:48+00:00,Musical Instruments,0,1,2,1,
206986,Piano Lessons For Beginners Made Easy,True,25,333,5,40,Beginner Level,0.0,2014-05-28 19:07:38+00:00,Musical Instruments,0,1,2,1,
725906,Piano Lessons For Beginners: Learn Piano Quickly And Easily,True,75,186,35,56,Beginner Level,0.0,2016-02-05 21:40:53+00:00,Musical Instruments,0,1,2,1,1.0
628606,Piano Lessons For Beginners: Play The Piano And Read Music!,True,70,61,9,30,Beginner Level,0.0,2016-02-12 18:14:24+00:00,Musical Instruments,0,1,2,1,1.0
214418,Piano Lessons For The Hip Hop Fan,True,20,276,2,62,Intermediate Level,0.0,2014-05-12 13:38:56+00:00,Musical Instruments,0,3,2,1,
214328,Piano Lessons For The R&B Fan,True,20,228,2,64,All Levels,0.0,2014-05-13 21:12:45+00:00,Musical Instruments,0,0,2,1,
1105794,Piano Music Theory (Back To Basics) By Jfilt,False,0,4967,308,12,Beginner Level,0.0,2017-02-13 23:03:35+00:00,Musical Instruments,1,1,2,0,
888698,Piano Playing: Reading And Playing Classical Tunes Vol.Ii,True,40,1638,3,17,Beginner Level,0.0,2016-06-28 15:36:21+00:00,Musical Instruments,1,1,2,1,
656364,Piano Runs & Fills #1: Play Dreamy Whole Tone Scale Runs,True,70,769,10,33,All Levels,0.0,2015-11-02 21:50:52+00:00,Musical Instruments,0,0,2,1,1.0
659918,Piano Runs & Fills #2: Play Rolling Cascading Runs For Intro,True,70,2164,10,30,All Levels,0.0,2015-11-04 21:02:58+00:00,Musical Instruments,1,0,2,1,
661814,Piano Runs & Fills #3:  Jazzy Chromatic Chord Song Endings,True,70,747,5,28,All Levels,0.0,2015-11-10 18:42:55+00:00,Musical Instruments,0,0,2,1,
663810,Piano Runs & Fills #4: C6 Rolling Waves & Waterfall Runs,True,70,834,3,35,All Levels,0.0,2015-11-10 20:59:52+00:00,Musical Instruments,0,0,2,1,
993510,Piano Technique Exercises Vol.1,True,50,1674,4,24,All Levels,0.0,2017-01-25 14:41:57+00:00,Musical Instruments,1,0,2,1,
138336,Piano The Hard Way -  Fast Way To Life Long Piano Enjoyment,True,25,238,3,22,Beginner Level,0.0,2014-02-19 03:46:50+00:00,Musical Instruments,0,1,2,1,
670376,Piano Tutorial : Ludovico Einaudi - Una Mattina,False,0,1631,23,6,All Levels,0.0,2015-11-23 18:07:41+00:00,Musical Instruments,1,0,2,0,
1036400,"Piano Unbound. Piano Learning Method, A Course For Beginners",True,195,32,1,39,All Levels,0.0,2017-04-25 14:57:21+00:00,Musical Instruments,0,0,2,1,
131562,Piano With A Pro,True,25,66,6,38,All Levels,0.0,2014-05-05 20:37:22+00:00,Musical Instruments,0,0,2,1,
773016,Piano With Willie Building Technique With Scales Vol. 1,True,40,111,15,12,All Levels,0.0,2016-04-13 06:26:47+00:00,Musical Instruments,0,0,2,1,
773144,Piano With Willie Building Technique With Scales Vol. 2,True,40,61,3,9,All Levels,0.0,2016-04-13 06:29:50+00:00,Musical Instruments,0,0,2,1,
773156,Piano With Willie Building Technique With Scales Vol. 3,True,40,42,1,11,All Levels,0.0,2016-04-13 06:38:21+00:00,Musical Instruments,0,0,2,1,
773174,Piano With Willie Building Technique With Scales Vol. 4,True,40,44,0,11,All Levels,0.0,2016-04-12 23:21:42+00:00,Musical Instruments,0,0,2,1,
742764,Piano With Willie: Basics Of Improvisation,True,40,76,4,23,Beginner Level,0.0,2016-04-13 06:49:29+00:00,Musical Instruments,0,1,2,1,
743634,Piano With Willie: Blues N' Boogie Vol. 1,True,40,172,26,15,Intermediate Level,0.0,2016-04-13 05:27:23+00:00,Musical Instruments,0,3,2,1,
743674,Piano With Willie: Blues N' Boogie Vol. 2,True,40,95,8,11,Intermediate Level,0.0,2016-04-13 05:37:37+00:00,Musical Instruments,0,3,2,1,
743884,Piano With Willie: Blues N' Boogie Vol. 3,True,40,84,4,10,Intermediate Level,0.0,2016-04-13 05:42:43+00:00,Musical Instruments,0,3,2,1,
744034,Piano With Willie: Jazz & Gospel Exercises,True,40,56,3,28,Intermediate Level,0.0,2016-04-13 06:57:11+00:00,Musical Instruments,0,3,2,1,0.0
741172,Piano With Willie: Jazz Kids - Vol 1,True,40,28,3,32,Beginner Level,0.0,2016-04-13 05:49:57+00:00,Musical Instruments,0,1,2,1,
741316,Piano With Willie: Jazz Kids - Vol 2,True,40,17,0,38,Beginner Level,0.0,2016-04-13 05:57:35+00:00,Musical Instruments,0,1,2,1,
741388,Piano With Willie: Jazz Kids - Vol 3,True,40,16,1,29,Beginner Level,0.0,2016-04-13 06:01:56+00:00,Musical Instruments,0,1,2,1,
742300,Piano With Willie: Jazz Kids - Vol 4,True,40,19,0,30,Intermediate Level,0.0,2016-04-13 06:13:18+00:00,Musical Instruments,0,3,2,1,0.0
743932,Piano With Willie: Piano Chords Vol. 1,True,40,48,4,14,Beginner Level,0.0,2016-04-13 06:42:25+00:00,Musical Instruments,0,1,2,1,
743970,Piano With Willie: Piano Chords Vol. 2,True,40,32,2,11,Intermediate Level,0.0,2016-04-13 06:45:40+00:00,Musical Instruments,0,3,2,1,0.0
744080,Piano With Willie: Tritones & Phat Chords,True,40,37,3,19,Intermediate Level,0.0,2016-04-13 06:52:29+00:00,Musical Instruments,0,3,2,1,
372416,"Piano: Learn 48 Chords In 1 Hour,  And Always Remember How",True,120,1424,71,16,Beginner Level,0.0,2014-12-28 22:17:41+00:00,Musical Instruments,1,1,2,1,
238934,Pianoforall - Incredible New Way To Learn Piano & Keyboard,True,200,75499,7676,362,All Levels,0.0,2014-08-07 06:27:51+00:00,Musical Instruments,1,0,2,1,
659340,Pic Monkey For Beginners - Graphic Design And Photo Editing,True,20,774,3,17,Beginner Level,0.0,2015-11-08 22:12:37+00:00,Graphic Design,0,1,1,1,
1082996,Pimcore Developer: Implement A Blog From A Bootstrap Theme,True,95,1212,15,39,All Levels,0.0,2017-01-24 00:17:39+00:00,Web Development,1,0,3,1,
923184,Pin Bars: The Most Powerful Forex Trading Signal,True,200,494,16,19,All Levels,0.0,2016-08-10 13:10:13+00:00,Business Finance,0,0,0,1,1.0
220604,Pixelmator - Create Vector Graphics From Scratch,True,20,507,42,36,All Levels,0.0,2014-09-19 00:58:59+00:00,Graphic Design,0,0,1,1,
1249146,Planning And Executing A Financial Statement Audit,True,50,0,0,9,Intermediate Level,0.0,2017-06-29 23:18:51+00:00,Business Finance,0,3,0,1,
520876,Plantillas Powerpoint Para Publicar En Mercadolibre Y Ebay,True,35,15,5,32,All Levels,0.0,2015-06-08 15:32:34+00:00,Graphic Design,0,0,1,1,0.0
692812,Play All Major Scales By Ear - No Notation Required!,True,40,868,8,62,Beginner Level,0.0,2015-12-15 18:53:43+00:00,Musical Instruments,0,1,2,1,
199500,Play Autumn Leaves' Falling Notes On Piano With No Reading!,True,30,438,10,12,Intermediate Level,0.0,2014-04-29 01:19:05+00:00,Musical Instruments,0,3,2,1,
413182,Play By Ear #4: Play Song By Ear With 3 Chords Using Any Key,True,95,1064,11,110,All Levels,0.0,2015-02-07 18:40:39+00:00,Musical Instruments,1,0,2,1,
26648,Play Guitar And Understand Music Quick & Easy In 28 Days!,True,20,738,6,64,All Levels,0.0,2012-10-13 23:40:19+00:00,Musical Instruments,0,0,2,1,
132878,Play Guitar With Rhythm - 5 Easy Lessons,True,20,31,0,10,Beginner Level,0.0,2013-12-12 23:29:50+00:00,Musical Instruments,0,1,2,1,
615226,"Play Leyenda, Canarios, And Bach On Classical Guitar",True,195,185,8,70,Intermediate Level,0.0,2015-11-05 23:30:42+00:00,Musical Instruments,0,3,2,1,
228268,Play Music On Harmonica Using 8 Notes - Learn Easy Tunes!,True,35,29,0,14,Beginner Level,0.0,2014-05-26 13:25:00+00:00,Musical Instruments,0,1,2,1,
995562,Play Piano 1 Master Class Intro:  Standards 2-5 Power Chords,True,50,1541,14,42,All Levels,0.0,2016-10-29 14:56:51+00:00,Musical Instruments,1,0,2,1,
997470,"Play Piano 2:  Play 'Love Me Tender By Ear With 2-5 Chords""",True,50,1204,8,56,All Levels,0.0,2016-10-30 16:24:37+00:00,Musical Instruments,1,0,2,1,
996888,Play Piano 3: Improvise Chords To Enchanted Evening By Ear,True,50,809,5,57,All Levels,0.0,2016-10-30 16:33:51+00:00,Musical Instruments,0,0,2,1,
998100,Play Piano 4: Improvise On Popular Song Yesterday Chords,True,50,1018,4,63,All Levels,0.0,2016-10-30 20:20:10+00:00,Musical Instruments,1,0,2,1,0.0
1000966,Play Piano 5: Improvise On Misty Eb Key Runs & 2-5 Chords,True,50,833,6,70,Expert Level,0.0,2016-11-03 16:46:58+00:00,Musical Instruments,0,2,2,1,
1000988,Play Piano 6 -Improvise On The Way We Were With Power Chords,True,50,701,4,62,All Levels,0.0,2016-11-03 16:59:45+00:00,Musical Instruments,0,0,2,1,
1008054,Play Piano 7: Improvise On For All We Know In F Key By Ear,True,50,438,3,77,All Levels,0.0,2016-11-10 20:20:30+00:00,Musical Instruments,0,0,2,1,
1009802,Play Piano 8 - Play Over The Rainbow By Ear & Free Improvise,True,50,1249,6,69,All Levels,0.0,2016-11-14 19:17:21+00:00,Musical Instruments,1,0,2,1,
501412,Play Piano By Ear Today! Supercourse,True,60,4557,21,77,All Levels,0.0,2016-01-05 22:39:04+00:00,Musical Instruments,1,0,2,1,
555340,Play Piano In 30 Days! - Start Playing Now!,False,0,5188,410,58,Beginner Level,0.0,2015-07-26 18:08:47+00:00,Musical Instruments,1,1,2,0,1.0
105350,Play Piano Today - Easy Festive Favorites & Piano Party Hits,True,75,3122,6,80,All Levels,0.0,2013-10-27 15:18:29+00:00,Musical Instruments,1,0,2,1,
925286,Play Piano To-Day! - Beginner Piano Lessons For Busy People!,True,100,476,16,91,Beginner Level,0.0,2016-11-01 23:35:16+00:00,Musical Instruments,0,1,2,1,
365292,Play Sonny Terry Style On Harmonica And Dazzle Your Friends!,True,200,582,49,51,All Levels,0.0,2014-12-18 20:57:56+00:00,Musical Instruments,0,0,2,1,
344180,Play The Jews Harp - Instant Skills For Non Musicians.,True,25,196,16,35,Intermediate Level,0.0,2015-01-22 16:06:05+00:00,Musical Instruments,0,3,2,1,0.0
1007396,"Play The Piano By Ear | Master Class, Learn By Doing",True,175,362,38,27,All Levels,0.0,2016-11-12 15:05:19+00:00,Musical Instruments,0,0,2,1,0.0
1182624,Play Thousands Of Songs On The Guitar | Cheater Chords,True,100,97,5,12,Beginner Level,0.0,2017-04-19 16:26:09+00:00,Musical Instruments,0,1,2,1,
139778,Play Tunes On Harmonica And Learn How To Bend Some Notes,True,35,73,2,16,Beginner Level,0.0,2014-03-09 22:32:54+00:00,Musical Instruments,0,1,2,1,
17922,Play Ukulele Now,True,30,1951,88,78,All Levels,0.0,2012-06-02 21:40:53+00:00,Musical Instruments,1,0,2,1,
783778,Play Violin And Fiddle For Beginners - It'S Fun  - Course 1,True,20,560,8,9,Beginner Level,0.0,2016-03-18 00:49:32+00:00,Musical Instruments,0,1,2,1,
637842,Playing Piano : Reading And Playing Classical Tunes Vol.I,True,50,1732,6,34,Beginner Level,0.0,2015-10-16 18:07:12+00:00,Musical Instruments,1,1,2,1,
638204,Playing Piano By Ear: Complete Guide For Aspiring Musicians,True,150,346,26,59,All Levels,0.0,2015-11-20 23:32:08+00:00,Musical Instruments,0,0,2,1,0.0
646906,Playing Piano:  Play Chords And Popular Pieces Vol.I,True,100,1987,7,43,Beginner Level,0.0,2016-02-01 02:17:42+00:00,Musical Instruments,1,1,2,1,
801486,Playing Piano:  Popular Pieces Vol. Ii,True,150,1472,4,24,Beginner Level,0.0,2016-03-31 17:24:49+00:00,Musical Instruments,1,1,2,1,
782430,Playing Piano: Scales And Arpeggios Vol.I : Major Keys,True,50,2358,3,26,Beginner Level,0.0,2016-03-31 18:31:08+00:00,Musical Instruments,1,1,2,1,
479760,Podcast Cover Art | Design Like The Best,True,20,33,2,7,All Levels,0.0,2015-04-22 00:37:42+00:00,Graphic Design,0,0,1,1,0.0
1144288,Poldark Tv Series Soundtracks For Piano-Quicklessons,True,20,8,1,9,Beginner Level,0.0,2017-03-16 22:39:09+00:00,Musical Instruments,0,1,2,1,
883138,Pop And Jazz Keyboards And Harmony (Beginner Level),True,180,47,7,13,Beginner Level,0.0,2016-07-12 19:26:29+00:00,Musical Instruments,0,1,2,1,
1002210,Popular Javascript Framework:Learn The Language Of Angular 2,True,200,260,22,64,Beginner Level,0.0,2016-11-11 21:27:55+00:00,Web Development,0,1,3,1,1.0
610812,Portfolio Management Cfa L1 2016,True,20,393,5,34,All Levels,0.0,2015-09-15 20:48:19+00:00,Business Finance,0,0,0,1,0.0
537886,Portfolio Management For Ca / Cs / Cfa Exams,True,20,1740,5,8,All Levels,0.0,2015-07-21 19:24:17+00:00,Business Finance,1,0,0,1,
1126016,Portrait Typography In Photoshop - Anyone Can Do Typography,True,95,941,2,26,All Levels,0.0,2017-03-06 18:24:49+00:00,Graphic Design,1,0,1,1,
791030,Power Up Html5 With Javascript,True,100,4442,23,28,Beginner Level,0.0,2016-03-15 18:03:33+00:00,Web Development,1,1,3,1,
608436,Présentation Du Banjo Ténor,True,20,18,4,31,Beginner Level,0.0,2015-09-13 23:49:34+00:00,Musical Instruments,0,1,2,1,
741898,Practical Accounts & Bookkeeping Automated Overview,True,20,2060,17,30,All Levels,0.0,2016-01-28 21:43:31+00:00,Business Finance,1,0,0,1,1.0
959144,Practical Accounts App Overview,True,20,1361,1,14,Intermediate Level,0.0,2016-10-04 23:38:32+00:00,Business Finance,1,3,0,1,
1056242,Practical Accounts Training A,True,35,2,0,127,Intermediate Level,0.0,2017-01-18 18:52:11+00:00,Business Finance,0,3,0,1,
736940,Practical Css Website Development: Crash Course,True,95,11170,35,19,All Levels,0.0,2016-02-02 21:05:27+00:00,Web Development,1,0,3,1,1.0
1271182,Practical Film Financing: Finding & Pitching Investors,True,100,0,0,9,Beginner Level,0.0,2017-07-05 21:46:55+00:00,Business Finance,0,1,0,1,
489146,Practical Finance,True,20,4497,281,11,All Levels,0.0,2015-07-14 18:14:16+00:00,Business Finance,1,0,0,1,
833770,Practical Financial Statement Analysis,True,75,22,5,45,All Levels,0.0,2017-05-01 23:22:07+00:00,Business Finance,0,0,0,1,
172906,Practical Font Design,True,50,229,23,26,Intermediate Level,0.0,2014-04-16 15:08:48+00:00,Graphic Design,0,3,1,1,
823236,Practical Guide To Web Development,True,20,2025,16,38,Beginner Level,0.0,2016-05-02 20:56:01+00:00,Web Development,1,1,3,1,
1076244,Practical Guitar Theory: Level 1,True,60,14,3,41,All Levels,0.0,2017-05-01 21:04:16+00:00,Musical Instruments,0,0,2,1,
130064,Practical Php: Master The Basics And Code Dynamic Websites,False,0,83737,4598,45,All Levels,0.0,2014-07-19 03:02:05+00:00,Web Development,1,0,3,0,1.0
28172,Practical Trading On Financial Futures & Options Markets,True,50,43,0,25,Beginner Level,0.0,2012-11-12 15:01:43+00:00,Business Finance,0,1,0,1,
890810,Practical Understanding Of Php And Mysql,False,0,12201,217,24,Beginner Level,0.0,2016-07-06 16:35:25+00:00,Web Development,1,1,3,0,
628876,Practical Web Development: Make Websites Quickly And Easily,True,20,2389,7,20,All Levels,0.0,2015-11-29 23:31:46+00:00,Web Development,1,0,3,1,
681390,Practice Guitar With No Previous Experience And Become A Pro,True,30,26,0,14,Beginner Level,0.0,2017-01-13 17:26:06+00:00,Musical Instruments,0,1,2,1,0.0
1174086,Precificação - Calculando Valor De Venda Baseado Nos Custos,True,35,32,3,46,All Levels,0.0,2017-04-19 06:53:19+00:00,Business Finance,0,0,0,1,0.0
55136,Precious Metal Equities,True,20,28,1,8,All Levels,0.0,2013-05-26 14:14:33+00:00,Business Finance,0,0,0,1,0.0
1266148,Preparation Of Consolidated Financial Statements (Basic),False,0,965,0,18,Intermediate Level,0.0,2017-06-28 20:37:13+00:00,Business Finance,1,3,0,0,
1013838,Price Action Gap Trading Strategies,True,20,13,2,5,Intermediate Level,0.0,2016-12-31 02:59:33+00:00,Business Finance,0,3,0,1,
611804,Primeros Pasos Con Photoshop Cc,False,0,6429,654,31,Beginner Level,0.0,2015-09-23 15:30:59+00:00,Graphic Design,1,1,1,0,
615206,Professional Bookkeeping & Accounting 1: Sales & Purchases,True,35,551,22,34,All Levels,0.0,2015-09-27 16:52:26+00:00,Business Finance,0,0,0,1,
615204,Professional Bookkeeping & Accounting 2 - Bank Daybook,True,35,91,6,36,All Levels,0.0,2015-11-01 18:29:15+00:00,Business Finance,0,0,0,1,
774570,Professional Bookkeeping & Accounting 4:Trial Balance & More,True,35,83,8,21,All Levels,0.0,2016-03-12 05:06:29+00:00,Business Finance,0,0,0,1,
729128,Professional Bookkeeping And Accounting 3: Double Entry,True,35,81,8,33,All Levels,0.0,2016-01-21 18:30:28+00:00,Business Finance,0,0,0,1,
995384,Professional Business Logo Design Using Free Online Tools,True,20,0,0,5,All Levels,0.0,2016-10-31 16:09:48+00:00,Graphic Design,0,0,1,1,
772224,Professional Css Flexbox,True,35,396,130,21,Intermediate Level,0.0,2016-04-07 23:21:42+00:00,Web Development,0,3,3,1,
682514,Professional Forex Strategy,True,50,353,21,17,Expert Level,0.0,2016-02-03 04:10:53+00:00,Business Finance,0,2,0,1,
788756,Professional Forex Strategy+2 Weeks For Free Trading Alerts,True,95,55,9,15,All Levels,0.0,2016-03-29 17:23:29+00:00,Business Finance,0,0,0,1,
399938,Professional Logo Design In Adobe Illustrator,False,0,44044,1563,45,All Levels,0.0,2015-01-22 11:18:06+00:00,Graphic Design,1,0,1,0,
439362,"Professional Options Trading, Simplified",True,200,631,49,21,All Levels,0.0,2015-04-17 21:59:15+00:00,Business Finance,0,0,0,1,1.0
368340,Professional Python Web Development Using Flask,True,120,3420,489,102,Beginner Level,0.0,2015-03-04 00:10:36+00:00,Web Development,1,1,3,1,
912946,Professional Rails Code Along,True,40,1469,237,120,Intermediate Level,0.0,2016-08-04 03:48:09+00:00,Web Development,1,3,3,1,
1035940,Professional Restful Api Design Using Python Flask,True,120,578,25,36,Intermediate Level,0.0,2017-01-11 21:15:25+00:00,Web Development,0,3,3,1,
64739,Professional Risk Manager (Prm) Certification: Level 1,True,50,116,10,51,All Levels,0.0,2013-07-23 20:18:35+00:00,Business Finance,0,0,0,1,
65105,Professional Risk Manager (Prm) Certification: Level 2,True,50,41,1,55,All Levels,0.0,2013-07-23 20:24:14+00:00,Business Finance,0,0,0,1,
65110,Professional Risk Manager (Prm) Certification: Level 3,True,50,55,5,22,All Levels,0.0,2013-07-23 20:26:47+00:00,Business Finance,0,0,0,1,
65113,Professional Risk Manager (Prm) Certification: Level 4,True,50,38,7,17,All Levels,0.0,2013-07-23 20:28:06+00:00,Business Finance,0,0,0,1,
1000010,Professional Ruby On Rails Developer With Rails 5,True,200,3179,214,174,All Levels,0.0,2017-02-19 22:03:15+00:00,Web Development,1,0,3,1,
40670,Professional Trader'S Mindset - Complete Forex Course,True,50,4702,17,6,All Levels,0.0,2013-06-07 17:07:48+00:00,Business Finance,1,0,0,1,
579642,Professional Trading - Consistent Profits With Low Risk!,True,20,627,5,27,All Levels,0.0,2015-10-17 05:44:17+00:00,Business Finance,0,0,0,1,0.0
312834,Professional Trading With Institutional Supply & Demand,True,200,343,84,37,All Levels,0.0,2014-11-24 10:19:35+00:00,Business Finance,0,0,0,1,
756050,Professional Web Scraping With Java,True,50,685,37,14,Intermediate Level,0.0,2016-05-16 00:11:41+00:00,Web Development,0,3,3,1,
492818,Professional Wordpress Theme Development For 2017,True,20,3185,102,94,All Levels,0.0,2015-05-08 19:10:30+00:00,Web Development,1,0,3,1,
552258,Professional Wordpress Theme Development From Scratch,True,200,1284,173,301,All Levels,0.0,2015-10-13 00:41:30+00:00,Web Development,1,0,3,1,
1163242,Profit And Loss Account For Bankers And Credit Analysts,True,20,1,0,31,Beginner Level,0.0,2017-04-23 22:07:02+00:00,Business Finance,0,1,0,1,
619786,Profit During Crashing Markets: A Step-By-Step Guide,True,195,57,11,18,All Levels,0.0,2016-05-16 21:38:56+00:00,Business Finance,0,0,0,1,
599684,Profitable Binary Option Trading Strategy,True,195,1096,24,24,All Levels,0.0,2015-10-29 00:34:09+00:00,Business Finance,1,0,0,1,
35409,Profits Turbo,True,20,10,0,7,Intermediate Level,0.0,2013-06-03 15:35:46+00:00,Business Finance,0,3,0,1,
101864,Programming For Entrepreneurs - Javascript,True,200,12873,106,38,Beginner Level,0.0,2013-11-11 00:28:17+00:00,Web Development,1,1,3,1,
505208,Programming Foundations: Html5 + Css3 For Entrepreneurs 2015,True,20,23764,490,58,Beginner Level,0.0,2015-10-17 04:52:25+00:00,Web Development,1,1,3,1,
379682,Project Funding Modelling (For Professionals),True,20,2736,3,8,All Levels,0.0,2014-12-29 09:00:17+00:00,Business Finance,1,0,0,1,0.0
531954,Projects In Angularjs - Learn By Building 10 Projects,True,40,7146,629,77,All Levels,0.0,2015-06-25 19:00:56+00:00,Web Development,1,0,3,1,
303514,Projects In Css,True,60,4689,216,54,All Levels,0.0,2014-09-23 06:13:59+00:00,Web Development,1,0,3,1,
270808,Projects In Django And Python,True,60,1764,53,28,All Levels,0.0,2014-10-21 07:58:07+00:00,Web Development,1,0,3,1,
606756,Projects In Expressjs - Learn Expressjs Building 10 Projects,True,50,1949,149,102,All Levels,0.0,2015-09-15 00:07:28+00:00,Web Development,1,0,3,1,
564268,Projects In Foundation Framework - Learn By Building 10 Apps,True,50,636,33,54,All Levels,0.0,2015-07-27 20:56:27+00:00,Web Development,0,0,3,1,
197836,Projects In Html5,True,60,8777,206,75,Intermediate Level,0.0,2014-06-17 05:43:50+00:00,Web Development,1,3,3,1,
318638,Projects In Javascript & Jquery,True,60,9109,620,50,All Levels,0.0,2014-10-16 09:56:39+00:00,Web Development,1,0,3,1,1.0
1250824,Projects In Laravel: Learn Laravel Building 10 Projects,True,50,119,6,70,Intermediate Level,0.0,2017-06-15 20:29:49+00:00,Web Development,0,3,3,1,
621022,Projects In Mongodb - Learn Mongodb Building Projects,True,50,4628,247,93,All Levels,0.0,2015-09-28 20:22:39+00:00,Web Development,1,0,3,1,
720356,Projects In Node.Js - Learn By Example,True,195,869,99,38,All Levels,0.0,2016-04-24 18:29:26+00:00,Web Development,0,0,3,1,
266252,Projects In Php And Mysql,True,60,10606,570,88,All Levels,0.0,2014-07-25 11:11:41+00:00,Web Development,1,0,3,1,
1016388,Projects In Reactjs - The Complete React Learning Course,True,50,947,108,56,Intermediate Level,0.0,2016-11-22 04:21:03+00:00,Web Development,1,3,3,1,
1030440,Projects With Json And Apis,True,20,1520,34,23,All Levels,0.0,2017-02-18 18:11:07+00:00,Web Development,1,0,3,1,
1049760,Promotional Design Master Class,True,50,14,2,26,All Levels,0.0,2016-12-24 05:22:40+00:00,Graphic Design,0,0,1,1,
571506,Protrader -  Advanced Technical Analysis,True,125,825,11,34,All Levels,0.0,2016-08-22 23:31:48+00:00,Business Finance,0,0,0,1,
713416,Proven Methods In Trading Candlestick Patterns,True,75,438,10,22,All Levels,0.0,2016-02-12 23:44:27+00:00,Business Finance,0,0,0,1,
596192,Psd To A Creative Landing Page Using Twitter Bootstrap 3,False,0,11666,546,20,Beginner Level,0.0,2016-04-07 00:04:27+00:00,Web Development,1,1,3,0,
611688,Psd To Bootstrap 3 For Beginners Using Html & Css,True,20,976,93,46,Beginner Level,0.0,2015-11-03 21:03:34+00:00,Web Development,1,1,3,1,
228934,Psd To Html5/Css3 Using Twitter Bootstrap 3!,True,95,2073,24,16,All Levels,0.0,2015-02-25 21:35:25+00:00,Web Development,1,0,3,1,
948440,Psd To Responsive Html5: Beginner To Advanced,True,40,1502,218,49,All Levels,0.0,2016-10-03 21:11:56+00:00,Web Development,1,0,3,1,1.0
1164568,Psicología Del Trading,True,20,1,1,6,All Levels,0.0,2017-05-04 23:05:55+00:00,Business Finance,0,0,0,1,
362530,Public Speaking: You Can Give Great Financial Presentations,True,20,916,6,23,All Levels,0.0,2014-12-11 06:00:27+00:00,Business Finance,1,0,0,1,
1103526,Pure Modal Magic: The Complete Guitar Modes Solution,True,50,52,3,18,All Levels,0.0,2017-02-14 03:09:24+00:00,Musical Instruments,0,0,2,1,
1013558,Pure Pentatonic Power: Rock And Blues Guitar Soloing,True,50,128,10,18,All Levels,0.0,2016-11-27 15:59:33+00:00,Musical Instruments,0,0,2,1,
902480,Pure Rock Guitar : Play Like The Gods Of Rock!,True,45,80,5,24,All Levels,0.0,2016-07-29 21:24:14+00:00,Musical Instruments,0,0,2,1,
1170894,Python Algo Stock Trading: Automate Your Trading!,True,95,1165,21,41,Beginner Level,0.0,2017-05-28 23:41:03+00:00,Business Finance,1,1,0,1,
1070886,Python Algo Trading: Fx Trading With Oanda,True,200,453,42,33,Intermediate Level,0.0,2017-03-14 00:39:45+00:00,Business Finance,0,3,0,1,1.0
1196544,Python Algo Trading: Sentiment Trading With News,True,200,294,19,42,All Levels,0.0,2017-04-28 16:41:44+00:00,Business Finance,0,0,0,1,
822444,Python And Django Full Stack Web Developer Bootcamp,True,200,11832,1883,191,All Levels,0.0,2017-02-24 18:40:55+00:00,Web Development,1,0,3,1,
477702,Python For Beginners: Python Programming Language | Tutorial,True,150,6153,125,84,Beginner Level,0.0,2015-06-14 18:18:57+00:00,Web Development,1,1,3,1,1.0
1035472,Python For Finance: Investment Fundamentals & Data Analytics,True,195,3811,278,103,All Levels,0.0,2017-03-30 22:17:09+00:00,Business Finance,1,0,0,1,
529828,Python For Trading & Investing,True,95,638,25,36,All Levels,0.0,2015-06-17 22:23:31+00:00,Business Finance,0,0,0,1,
70640,Python Programming: Create An Digital Marketplace In Django,True,195,4198,145,161,All Levels,0.0,2013-10-20 19:53:28+00:00,Web Development,1,0,3,1,
523312,Python Web Programming,True,100,1020,46,60,Beginner Level,0.0,2015-07-01 21:46:36+00:00,Web Development,1,1,3,1,
1105344,Quantitative Aptitude For Banking & Competitive Examinations,True,50,1056,1,42,All Levels,0.0,2017-02-09 19:33:52+00:00,Business Finance,1,0,0,1,0.0
1088656,Quantitative Trading Analysis With Python,True,50,256,17,49,All Levels,0.0,2017-01-27 17:11:28+00:00,Business Finance,0,0,0,1,
1046724,Quantitative Trading Analysis With R,True,50,567,40,53,All Levels,0.0,2016-12-22 18:24:55+00:00,Business Finance,0,0,0,1,
422012,Querying Microsoft Sql Server 2012 - (Exam No. 70-461),True,85,666,89,115,All Levels,0.0,2015-03-12 21:20:41+00:00,Web Development,0,0,3,1,
260900,Quick & Easy Piano Chords: Play More Songs With More Chords,True,55,1818,4,90,Beginner Level,0.0,2014-07-17 10:12:32+00:00,Musical Instruments,1,1,2,1,
37821,Quick And Quirky Caricatures - Learn In An Hour!,True,20,139,14,9,Beginner Level,0.0,2013-01-24 18:40:06+00:00,Graphic Design,0,1,1,1,
830834,Quick Learning Jquery Web Development,True,150,3388,67,39,Intermediate Level,0.0,2016-04-25 17:04:36+00:00,Web Development,1,3,3,1,
629704,Quick Piano Lessons - Tutorials For Drake'S Greatest Hits,True,35,19,1,4,All Levels,0.0,2015-10-04 21:39:58+00:00,Musical Instruments,0,0,2,1,0.0
488818,Quickbooks 2015 Training For Newbies,True,200,2506,21,76,Beginner Level,0.0,2015-05-11 23:16:54+00:00,Business Finance,1,1,0,1,
1110256,Quickbooks Online : Inventory Management For Non-Finance,True,35,8,4,10,All Levels,0.0,2017-04-20 22:15:19+00:00,Business Finance,0,0,0,1,
571394,Quickbooks Online: Complete Guide & Certification Tips,True,50,2187,218,91,All Levels,0.0,2015-08-03 17:46:24+00:00,Business Finance,1,0,0,1,
194692,Quicklessons Piano Course - Learn To Play Piano By Ear!,True,200,7178,260,144,All Levels,0.0,2014-04-12 17:29:32+00:00,Musical Instruments,1,0,2,1,
785328,Quickly Batch Export & Package Logo Files For Clients,True,20,489,10,5,Intermediate Level,0.0,2017-05-01 22:06:06+00:00,Graphic Design,0,3,1,1,
314462,Quickstart Angularjs,False,0,64128,4047,17,Beginner Level,0.0,2014-11-22 12:42:22+00:00,Web Development,1,1,3,0,1.0
611370,"Quote Images For Pinterest, Facebook, & Instagram",False,0,12103,576,18,Beginner Level,0.0,2015-09-24 19:47:45+00:00,Graphic Design,1,1,1,0,
395652,R Graph Essentials,True,85,105,4,41,All Levels,0.0,2015-01-21 07:26:49+00:00,Graphic Design,0,0,1,1,
858762,Rails Ecommerce App With Html Template From Themeforest,True,25,214,34,24,Intermediate Level,0.0,2016-05-27 18:13:20+00:00,Web Development,0,3,3,1,0.0
497236,Raise Your Credit Score To 800 Or More....,True,50,844,33,40,All Levels,0.0,2015-07-12 19:05:43+00:00,Business Finance,0,0,0,1,
532216,Raising Capital For Your Business,True,50,22,5,60,All Levels,0.0,2015-08-03 22:46:45+00:00,Business Finance,0,0,0,1,0.0
1027342,Rapid Website Design With Bootstrap,True,200,14842,131,17,Beginner Level,0.0,2016-12-02 00:45:36+00:00,Web Development,1,1,3,1,
411986,"Rapidly Learn & Master Acoustic Guitar, Classic Fingerstyle",True,30,478,3,31,Beginner Level,0.0,2015-02-06 10:46:51+00:00,Musical Instruments,0,1,2,1,
1165780,Ratio Analysis For Bankers And Credit Analysts,True,20,1,0,13,Beginner Level,0.0,2017-04-12 16:55:26+00:00,Business Finance,0,1,0,1,
1233302,Ratio Analysis For Financial Statements,True,50,0,0,6,Beginner Level,0.0,2017-07-03 21:39:57+00:00,Business Finance,0,1,0,1,
1072220,Reach Your Personal Financial Goals The Easy Way (2017 Uk),True,95,2,0,59,All Levels,0.0,2017-05-22 23:58:16+00:00,Business Finance,0,0,0,1,
671552,React And Flux Web Development For Beginners,True,100,8691,836,63,Beginner Level,0.0,2015-12-15 20:30:28+00:00,Web Development,1,1,3,1,
904890,React For Visual Learners,True,20,659,64,26,All Levels,0.0,2016-07-18 21:41:36+00:00,Web Development,0,0,3,1,1.0
836044,React From The Ground Up,True,150,3252,401,62,All Levels,0.0,2016-05-02 21:59:07+00:00,Web Development,1,0,3,1,
1049092,React Js - Build Real World Js Apps & Deploy On Cloud,True,175,12815,262,53,All Levels,0.0,2017-02-12 15:17:31+00:00,Web Development,1,0,3,1,
1252630,React Js - Mastering Redux,True,100,7059,116,58,All Levels,0.0,2017-06-19 21:39:14+00:00,Web Development,1,0,3,1,
1078522,React Js And Redux - Mastering Web Apps,True,60,16829,820,77,All Levels,0.0,2017-01-19 04:58:10+00:00,Web Development,1,0,3,1,
1208638,"React Js, Angular & Vue Js - Quickstart & Comparison",True,160,2273,288,142,Beginner Level,0.0,2017-05-09 20:37:25+00:00,Web Development,1,1,3,1,
920544,React Redux React-Router: From Beginner To Paid Professional,True,20,11536,876,60,All Levels,0.0,2016-08-25 22:22:25+00:00,Web Development,1,0,3,1,
1218130,React Vr - Creating Virtual Reality Apps,True,80,5026,72,43,All Levels,0.0,2017-05-17 20:36:49+00:00,Web Development,1,0,3,1,
1227322,React Vs Angular Vs Vue.Js By Example,False,0,6958,132,30,Beginner Level,0.0,2017-06-02 21:57:07+00:00,Web Development,1,1,3,0,
825354,React.Js Quickly: Developing Scalable Web User Interfaces,True,50,4447,76,24,Intermediate Level,0.0,2016-04-19 17:27:00+00:00,Web Development,1,3,3,1,
1006894,"React.Js: Building Production Ready Apps, Start To Finish",True,50,1129,137,77,All Levels,0.0,2016-11-10 23:48:22+00:00,Web Development,1,0,3,1,
647564,React: Learn Reactjs Fundamentals For Front-End Developers,True,55,1993,55,26,All Levels,0.0,2016-06-06 15:29:42+00:00,Web Development,1,0,3,1,
771198,Reactive Js:  Are You Ready For The Next Big Paradigm Shift?,True,60,2097,401,28,Intermediate Level,0.0,2016-02-23 16:50:16+00:00,Web Development,1,3,3,1,1.0
764042,Reactjs And Flux: Learn By Building 10 Projects,True,60,1723,258,60,All Levels,0.0,2016-02-18 18:18:12+00:00,Web Development,1,0,3,1,1.0
543346,Reactjs Course: Learn Javascript Library Used By Facebook&Ig,True,50,1018,33,41,Intermediate Level,0.0,2015-07-07 13:42:32+00:00,Web Development,1,3,3,1,
407658,Read Financial Statements As A Stock Investor,True,20,56,8,18,Beginner Level,0.0,2015-07-10 19:32:16+00:00,Business Finance,0,1,0,1,0.0
429308,Read Financial Statements Like A Pro,True,50,12,1,38,Intermediate Level,0.0,2015-03-02 23:49:35+00:00,Business Finance,0,3,0,1,0.0
1031780,Ready For Production With Spring Boot Actuator,True,55,361,26,49,Intermediate Level,0.0,2017-01-05 17:48:41+00:00,Web Development,0,3,3,1,
407796,Redirect Your Visitors By Country Easily -Wordpress Tutorial,True,20,2306,3,24,Beginner Level,0.0,2015-02-05 18:04:53+00:00,Web Development,1,1,3,1,
1251786,Redux In Angular (2 And 4+),True,70,909,16,13,Intermediate Level,0.0,2017-06-23 00:54:11+00:00,Web Development,0,3,3,1,
405840,Regular Expressions For Beginners - Universal,True,100,1975,141,36,All Levels,0.0,2017-01-20 00:54:56+00:00,Web Development,1,0,3,1,
513782,Removing Backgrounds From Images Using Adobe Photoshop,True,20,1768,20,14,All Levels,0.0,2015-06-03 18:11:41+00:00,Graphic Design,1,0,1,1,
561136,Responsive Design With New Materialize,True,75,12629,88,36,All Levels,0.0,2015-07-23 20:03:45+00:00,Web Development,1,0,3,1,
235104,Responsive Html5 Theme Development,True,20,1517,4,12,All Levels,0.0,2014-06-06 21:51:59+00:00,Web Development,1,0,3,1,
1254172,Responsive Php Registration Form: From Scratch,True,95,5738,9,35,All Levels,0.0,2017-06-28 23:35:31+00:00,Web Development,1,0,3,1,
152244,Responsive Web Design With Html5 And Css3 - Introduction,True,35,770,65,84,Beginner Level,0.0,2014-01-28 00:45:04+00:00,Web Development,0,1,3,1,
151956,Responsive Web Design: Made Easy,True,195,5085,106,27,All Levels,0.0,2014-02-13 08:32:31+00:00,Web Development,1,0,3,1,
970600,Rest Apis With Flask And Python,True,110,5151,737,115,Intermediate Level,0.0,2016-11-06 19:00:38+00:00,Web Development,1,3,3,1,
866696,Rest Wcf Service In Asp.Net,False,0,7905,561,5,All Levels,0.0,2016-06-08 17:28:16+00:00,Web Development,1,0,3,0,
406820,Restful Api With Laravel,True,45,1905,228,57,All Levels,0.0,2015-02-05 07:42:56+00:00,Web Development,1,0,3,1,
1109150,Restful Api With Laravel 5.4: Definitive Guide,True,145,655,95,195,All Levels,0.0,2017-04-28 17:44:04+00:00,Web Development,0,0,3,1,
352774,Restful Services With Asp.Net Web Api,True,85,716,59,34,All Levels,0.0,2014-11-21 10:28:47+00:00,Web Development,0,0,3,1,
54677,Revealed: Profitable Principles Of Successful Traders,True,25,1046,5,26,All Levels,0.0,2013-05-19 01:51:44+00:00,Business Finance,1,0,0,1,
266004,Rhythm To Rock Drum Lesson 4,True,20,12,3,12,Beginner Level,0.0,2014-08-18 22:06:31+00:00,Musical Instruments,0,1,2,1,0.0
269830,Rhythm To Rock Drum Lesson 5,True,20,13,3,9,Beginner Level,0.0,2014-08-18 22:26:24+00:00,Musical Instruments,0,1,2,1,
269832,Rhythm To Rock Drum Lesson 6,True,20,12,1,13,Beginner Level,0.0,2014-08-21 01:51:51+00:00,Musical Instruments,0,1,2,1,0.0
151120,Rhythm To Rock Drum Lessons,True,20,44,2,7,Beginner Level,0.0,2014-02-02 20:57:55+00:00,Musical Instruments,0,1,2,1,
171598,Rhythm To Rock Drum Lessons 2,True,20,21,2,11,Beginner Level,0.0,2014-03-10 02:09:54+00:00,Musical Instruments,0,1,2,1,
205764,Rhythm To Rock Drum Lessons 3,True,20,12,2,12,Beginner Level,0.0,2014-07-18 02:11:57+00:00,Musical Instruments,0,1,2,1,
649404,Ribbon Lettering: From Sketch To Wordmark,True,40,342,2,8,All Levels,0.0,2015-10-25 20:54:43+00:00,Graphic Design,0,0,1,1,
537896,Risk Analysis - Capital Budgeting For Ca / Cs / Cfa Exams,True,20,2268,4,47,All Levels,0.0,2015-07-07 20:21:29+00:00,Business Finance,1,0,0,1,1.0
537888,Risk In Forex Transactions - For Ca / Cs / Cfa Exams,True,20,2235,3,9,All Levels,0.0,2015-09-29 17:27:02+00:00,Business Finance,1,0,0,1,
667332,Robots De Forex: Espere Ganar 175%P.A! Incluye Robot De Fx!,True,130,315,49,41,All Levels,0.0,2016-01-22 18:47:07+00:00,Business Finance,0,0,0,1,0.0
206332,Rock Drumset Grooves: Level 1,True,20,709,12,38,Beginner Level,0.0,2014-09-02 07:02:07+00:00,Musical Instruments,0,1,2,1,
375136,Rock Solid Wordpress Security - Secure Web Development,False,0,5052,92,23,All Levels,0.0,2014-12-28 01:13:28+00:00,Web Development,1,0,3,0,
755198,Rockabilly Guitar For Beginners,True,40,475,125,36,Beginner Level,0.0,2016-02-21 15:14:52+00:00,Musical Instruments,0,1,2,1,
46524,Rock-Solid Brands,True,20,134,4,13,Beginner Level,0.0,2016-02-17 17:06:32+00:00,Graphic Design,0,1,1,1,0.0
1085580,"Rsi, Options Trading & Technical Analysis (3 Course Bundle)",True,200,1047,9,46,All Levels,0.0,2017-01-26 22:55:27+00:00,Business Finance,1,0,0,1,
382258,Ruby On Rails 4---A Test-Driven Approach,True,100,1518,55,122,Beginner Level,0.0,2015-02-17 20:34:13+00:00,Web Development,1,1,3,1,
937586,"Ruby On Rails 5 - Bdd, Rspec And Capybara",True,200,1870,193,145,All Levels,0.0,2016-10-28 00:17:36+00:00,Web Development,1,0,3,1,
778084,Ruby On Rails A Beginners Guide,False,0,13130,346,88,Beginner Level,0.0,2016-03-18 14:58:53+00:00,Web Development,1,1,3,0,
657710,Ruby On Rails For Complete Beginners,True,35,4839,129,84,Beginner Level,0.0,2015-11-02 23:07:56+00:00,Web Development,1,1,3,1,
372518,Ruby On Rails For Web Development,True,195,2526,185,24,Beginner Level,0.0,2014-12-17 19:01:59+00:00,Web Development,1,1,3,1,
656522,Ruby On Rails Foundations,True,20,359,45,73,All Levels,0.0,2015-11-16 17:28:36+00:00,Web Development,0,0,3,1,
465210,Ruby On Rails Tutorial: Learn 6 Ruby On Rails Seo Techniques,True,200,1266,16,21,All Levels,0.0,2015-05-15 22:10:31+00:00,Web Development,1,0,3,1,
134144,Ruby On Rails: Training And Skills To Build Web Applications,True,95,9375,219,43,All Levels,0.0,2014-01-10 18:41:55+00:00,Web Development,1,0,3,1,
369662,Running A Web Development Business: The Complete Guide,True,150,24575,525,98,All Levels,0.0,2015-08-26 19:25:06+00:00,Web Development,1,0,3,1,
1123098,Rxjs & Reactive Programming Angular Masterclass - Angular 4,True,150,1301,179,80,All Levels,0.0,2017-04-11 18:48:57+00:00,Web Development,1,0,3,1,
158830,Samuel And Co Trading - Stock & Forex Trading,True,50,592,109,24,All Levels,0.0,2014-02-10 18:12:06+00:00,Business Finance,0,0,0,1,
828042,Sap - Learn Sapui5 Professional Development,True,195,860,201,56,All Levels,0.0,2016-04-25 15:22:50+00:00,Web Development,0,0,3,1,
436496,Sap Crystal Reports With Asp.Net (Step By Step),False,0,7484,304,5,Beginner Level,0.0,2015-03-04 01:33:32+00:00,Web Development,1,1,3,0,
1048496,"Sap Crystal Reports:Master-Detail,Cross-Tab,Sub-Reports",True,50,13,1,9,All Levels,0.0,2016-12-26 17:39:05+00:00,Business Finance,0,0,0,1,
907444,Sap Fico For Beginners - A Guide To Sap Financial Accounts,True,100,1444,101,59,Beginner Level,0.0,2016-07-25 16:08:07+00:00,Business Finance,1,1,0,1,
877036,Sara Learns To Code.  Making An App From Scratch,True,60,402,20,35,Beginner Level,0.0,2016-08-02 19:36:19+00:00,Web Development,0,1,3,1,
413618,Sass - Beginner Crash Course,True,25,1143,34,13,Beginner Level,0.0,2015-02-12 17:13:26+00:00,Web Development,1,1,3,1,1.0
382786,Sass Workflow,False,0,20890,945,21,Beginner Level,0.0,2015-02-06 15:54:23+00:00,Web Development,1,1,3,0,
906700,Sass: From Beginner To Advanced,True,40,8059,231,39,All Levels,0.0,2016-07-21 15:43:34+00:00,Web Development,1,0,3,1,
812616,Save On Your Taxes,True,20,2437,12,23,All Levels,0.0,2016-11-16 17:38:38+00:00,Business Finance,1,0,0,1,
184088,Sax Solos: Learn How To Perform Three Fun And Unique Pieces!,True,50,147,4,39,Intermediate Level,0.0,2014-03-17 22:56:41+00:00,Musical Instruments,0,3,2,1,
545036,Saxophone Essentials: Beginners Course,True,40,3,0,16,Beginner Level,0.0,2017-04-26 17:28:12+00:00,Musical Instruments,0,1,2,1,
815182,Saxophone Pro Series - You'Re Going To Love Practicing Sax,True,50,119,4,32,All Levels,0.0,2016-04-08 23:06:53+00:00,Musical Instruments,0,0,2,1,
785388,Scaling Docker On Aws,True,25,3133,351,63,All Levels,0.0,2016-03-28 17:51:04+00:00,Web Development,1,0,3,1,
56926,School Of Raising Capital: Agile Financial Modeling,True,20,12,1,11,All Levels,0.0,2013-06-28 16:41:04+00:00,Business Finance,0,0,0,1,
751100,Scrape Websites Using Phantomjs And Casperjs,True,195,960,110,32,Intermediate Level,0.0,2016-02-26 18:21:13+00:00,Web Development,1,3,3,1,1.0
551910,Season 2 Mql4 Tutorial Bootcamp - Metatrader4 Trading Robots,True,25,462,18,34,All Levels,0.0,2015-07-16 00:34:53+00:00,Business Finance,0,0,0,1,0.0
1101204,Security For Your Wordpress Site,True,85,1096,8,7,Beginner Level,0.0,2017-02-09 03:23:24+00:00,Web Development,1,1,3,1,
386922,Seeing The Big Picture: Understanding Financial Statements,True,50,885,69,14,All Levels,0.0,2015-01-07 21:40:43+00:00,Business Finance,0,0,0,1,1.0
669346,Self Advertise Using Powerpoint Twitter And Facebook On Ios,True,20,1780,15,6,Beginner Level,0.0,2015-11-17 00:55:11+00:00,Web Development,1,1,3,1,1.0
824412,Sell Courses On Your Own Website - No Coding Required!,True,100,1032,9,21,All Levels,0.0,2016-04-18 17:36:30+00:00,Web Development,1,0,3,1,
597424,Sell Like A Pro: Insider Secrets Of Successful Selling!,True,115,12,1,25,All Levels,0.0,2016-11-01 15:47:26+00:00,Business Finance,0,0,0,1,
770526,Sending Email With Php: From Basic To Advanced,True,40,379,58,45,All Levels,0.0,2016-06-10 16:23:33+00:00,Web Development,0,0,3,1,0.0
615600,Sensitivity & Scenario Analysis For Ca / Cfa / Cpa Exams,True,20,2185,3,13,All Levels,0.0,2015-09-20 20:26:40+00:00,Business Finance,1,0,0,1,
1106148,Series 7: Intermediate Options,True,55,5,0,11,Intermediate Level,0.0,2017-04-17 22:33:36+00:00,Business Finance,0,3,0,1,
1128050,"Server Api Development In Swift, Kitura, & Bluemix",True,200,1827,129,66,Beginner Level,0.0,2017-03-08 23:09:32+00:00,Web Development,1,1,3,1,
1023062,Serverless Architecture On Amazon Web Services,False,0,13210,978,8,Intermediate Level,0.0,2016-11-30 00:11:26+00:00,Web Development,1,3,3,0,
1033944,Serverless Workflow Management With Aws Step Functions,False,0,8768,173,8,Intermediate Level,0.0,2016-12-09 03:39:22+00:00,Web Development,1,3,3,0,
23742,Servlets And Jsps Tutorial: Learn Web Applications With Java,True,35,15187,970,64,All Levels,0.0,2012-09-10 23:52:58+00:00,Web Development,1,0,3,1,
1131732,Set Up A Localhost Web Server For Faster Website Development,True,30,55,13,31,All Levels,0.0,2017-06-12 15:12:19+00:00,Web Development,0,0,3,1,
767400,Sevillanas Con Castañuelas - Baile Y Toque Al Mismo Tiempo,True,40,20,4,24,All Levels,0.0,2016-02-23 18:24:02+00:00,Musical Instruments,0,0,2,1,
326326,Sharepoint 2013 Development Using C# - Part I,True,50,891,101,119,All Levels,0.0,2014-11-06 13:59:44+00:00,Web Development,0,0,3,1,
215728,Shark Accounting - Building A Business By The Numbers!,True,20,6050,140,17,Beginner Level,0.0,2014-05-18 19:08:04+00:00,Business Finance,1,1,0,1,
996320,Shopping Cart Website From Scratch Ecommerce,True,200,633,39,54,Beginner Level,0.0,2016-11-08 21:51:17+00:00,Web Development,0,1,3,1,
504036,Short Selling: Learn To Sell Stocks Before The Fall,True,75,2276,106,19,Intermediate Level,0.0,2015-06-22 21:18:35+00:00,Business Finance,1,3,0,1,
1225564,Short Straddles - Exploit Earnings Option Volatility Crush,True,60,59,8,7,Expert Level,0.0,2017-05-24 14:45:31+00:00,Business Finance,0,2,0,1,0.0
242176,Si Eres Nuevo En Photoshop...Este Es Tu Curso Nº1,True,20,13,3,22,Beginner Level,0.0,2014-06-17 15:15:28+00:00,Graphic Design,0,1,1,1,
655198,Siemens Nx Unigraphics (Ug) Basic To Advance 3D Modelling,True,50,142,23,88,All Levels,0.0,2015-10-30 20:53:46+00:00,Graphic Design,0,0,1,1,
1143032,Silhouettes That Sells,True,25,9,1,13,Beginner Level,0.0,2017-03-23 21:08:59+00:00,Graphic Design,0,1,1,1,
41973,"Silver, Gold, And Inflation",False,0,5597,76,11,Beginner Level,0.0,2013-02-16 16:08:05+00:00,Business Finance,1,1,0,0,
576722,Simple And Easy: Wordpress For Beginners,False,0,5014,196,32,Beginner Level,0.0,2015-08-09 23:12:40+00:00,Web Development,1,1,3,0,
577796,"Simple Javascript: Learn By Doing, Beginners Welcome!",True,25,2753,10,18,All Levels,0.0,2015-09-07 17:55:11+00:00,Web Development,1,0,3,1,
587232,Simple Linear Regression Analysis ( A Complete Course ),True,200,811,5,29,All Levels,0.0,2015-08-27 19:42:37+00:00,Business Finance,0,0,0,1,
262818,Simple Options Trading System,True,35,104,2,16,Intermediate Level,0.0,2014-07-31 20:25:42+00:00,Business Finance,0,3,0,1,0.0
788722,Simple Photoshop Cc: Smart Objects,True,20,272,0,11,Intermediate Level,0.0,2016-03-15 14:49:51+00:00,Graphic Design,0,3,1,1,
1134864,Simple Things You Must Know Before Start Forex (Offer),True,200,1053,20,15,Beginner Level,0.0,2017-03-10 22:11:34+00:00,Business Finance,1,1,0,1,1.0
935014,Simplified Cross Browser Web Testing Using Virtualbox,True,20,796,3,18,Beginner Level,0.0,2016-09-13 00:45:39+00:00,Web Development,0,1,3,1,
563880,Single Page Application Of Mvc 5 Using Angularjs,True,20,722,53,18,Intermediate Level,0.0,2015-08-16 18:37:02+00:00,Web Development,0,3,3,1,1.0
1193950,Sintetizadores E Síntese Subtrativa,True,85,38,12,83,All Levels,0.0,2017-05-02 18:05:23+00:00,Musical Instruments,0,0,2,1,
758216,Sistema Completo De Guitarra Rítmica Para Principiantes,True,55,21,3,32,Beginner Level,0.0,2016-02-27 23:31:36+00:00,Musical Instruments,0,1,2,1,
628944,Situational Trading: Proven Option Strategy For Any Scenario,True,200,1048,11,16,All Levels,0.0,2015-11-06 19:01:58+00:00,Business Finance,1,0,0,1,
826912,Six Stage Negotiation,True,30,1,0,21,All Levels,0.0,2016-05-11 17:08:03+00:00,Business Finance,0,0,0,1,
374652,Sketch 3 - New Guide To Ios 8 Mobile App Design (2015),True,20,481,15,66,All Levels,0.0,2015-01-05 10:45:15+00:00,Graphic Design,0,0,1,1,0.0
371074,Sketch 3 From A To Z: Become An App Designer,True,75,7282,1629,42,All Levels,0.0,2015-01-03 08:21:48+00:00,Graphic Design,1,0,1,1,
358998,Sketch 3: Design A Mobile Application From Scratch,True,45,709,14,31,All Levels,0.0,2014-12-08 10:43:52+00:00,Graphic Design,0,0,1,1,
808542,Sketchbook Pro For Beginners,True,125,1657,46,41,All Levels,0.0,2016-04-01 00:18:17+00:00,Graphic Design,1,0,1,1,1.0
379814,"Sketching: How To Draw People, Hands, Eyes, Buildings & Cars",True,20,500,16,31,All Levels,0.0,2014-12-29 21:50:46+00:00,Graphic Design,0,0,1,1,
846962,Slap Bass For Beginners,True,50,79,3,25,All Levels,0.0,2016-06-23 16:37:38+00:00,Musical Instruments,0,0,2,1,
757284,Slide Guitar- Slide Soloing Essentials,True,50,297,20,17,All Levels,0.0,2016-02-11 07:51:59+00:00,Musical Instruments,0,0,2,1,
83736,Small Biz Doers' Guide To Small Biz Accounting + Bookkeeping,True,20,1294,7,58,Beginner Level,0.0,2013-08-28 03:28:52+00:00,Business Finance,1,1,0,1,
59725,Small Business And Managerial Accounting Training Tutorial,True,20,117,3,71,Beginner Level,0.0,2013-06-19 17:52:07+00:00,Business Finance,0,1,0,1,
399170,Small Business Owners: Drive A Productive Business And Grow,True,20,5099,2,15,Beginner Level,0.0,2015-01-20 21:39:42+00:00,Business Finance,1,1,0,1,
851288,Smart Trading Techniques For Safe & Consistent Weekly Result,True,100,46,11,24,Intermediate Level,0.0,2016-05-24 04:57:49+00:00,Business Finance,0,3,0,1,0.0
766906,Smashing Photoshop Cc/Cs,True,20,437,7,76,Beginner Level,0.0,2016-04-26 23:02:01+00:00,Graphic Design,0,1,1,1,0.0
846832,So You Think You Know Javascript?,True,50,1010,154,25,All Levels,0.0,2016-05-12 14:52:32+00:00,Web Development,1,0,3,1,
56513,Social Network Web Development,True,200,2698,29,57,All Levels,0.0,2013-09-03 06:29:24+00:00,Web Development,1,0,3,1,
709816,Socorro! Preciso Organizar As Minhas Finanças!,True,20,72,17,37,All Levels,0.0,2016-01-08 18:06:39+00:00,Business Finance,0,0,0,1,
632488,Spice Up Your Playing With Some Easy Flamenco Techniques!,True,40,120,11,47,Intermediate Level,0.0,2015-11-06 16:49:43+00:00,Musical Instruments,0,3,2,1,
592606,Spielend Klavier Lernen Mit Freude Und Erfolg,True,100,255,30,53,Beginner Level,0.0,2015-11-12 06:40:19+00:00,Musical Instruments,0,1,2,1,1.0
976854,Spring 4 Mastercourse: Covers Annotation & Xml Configuration,True,200,1353,53,320,Intermediate Level,0.0,2016-11-01 22:08:04+00:00,Web Development,1,3,3,1,
1078208,Spring Boot Tutorial For Beginners,True,40,2578,210,39,Beginner Level,0.0,2017-01-23 15:13:53+00:00,Web Development,1,1,3,1,
863812,Spring Core Devops On Aws,True,100,1626,115,78,Intermediate Level,0.0,2016-11-15 21:59:55+00:00,Web Development,1,3,3,1,
554384,Spring Framework 4 (Java Enterprise Jee) With Angularjs,True,95,5177,318,70,All Levels,0.0,2015-09-21 23:12:59+00:00,Web Development,1,0,3,1,1.0
357726,Spring Framework 4 And Dependency Injection For Beginners,False,0,21147,1220,16,Beginner Level,0.0,2015-01-16 07:45:28+00:00,Web Development,1,1,3,0,
726290,Star Rating Project Ajax With Json Response From Php Mysql,True,120,1302,18,22,Beginner Level,0.0,2016-01-13 17:02:38+00:00,Web Development,1,1,3,1,
839536,Start Making Comics With Manga Studio 5 / Clip Studio Paint,False,0,5301,125,77,All Levels,0.0,2016-06-21 02:49:47+00:00,Graphic Design,1,0,1,0,
619792,Start Now: A Rescue Plan For Retirement Late Savers,True,150,11,1,15,All Levels,0.0,2016-11-19 03:30:03+00:00,Business Finance,0,0,0,1,
746432,Start Trading Stocks Using Technical Analysis!,True,25,3190,244,45,All Levels,0.0,2016-02-03 17:10:31+00:00,Business Finance,1,0,0,1,
1170626,Start Trading Stocks Using Technical Analysis! Part 2,True,95,94,11,25,All Levels,0.0,2017-05-23 00:20:02+00:00,Business Finance,0,0,0,1,
765916,Start Web Development With Gis Map In Javascript,True,60,1599,26,49,All Levels,0.0,2016-02-28 23:43:19+00:00,Web Development,1,0,3,1,
1073793,Start Writing Javascript Today - Beginner Javascript Course,True,100,9067,41,27,Beginner Level,0.0,2017-03-08 22:34:43+00:00,Web Development,1,1,3,1,
342084,Start Your Own Forum Website In 15 Minutes,True,40,5387,38,15,All Levels,0.0,2015-01-26 16:19:40+00:00,Web Development,1,0,3,1,
139788,Starting To Play The Blues On Your Harmonica In Easy Steps,True,35,71,3,16,Intermediate Level,0.0,2014-03-01 18:53:36+00:00,Musical Instruments,0,3,2,1,0.0
392478,Startup Business: How To Raise Seed Capital,True,95,3360,12,34,All Levels,0.0,2015-03-15 20:29:17+00:00,Business Finance,1,0,0,1,
877968,Start-Up Financial Modeling For Non-Finance Professionals,True,20,11,0,19,All Levels,0.0,2016-06-20 21:49:39+00:00,Business Finance,0,0,0,1,
611420,Statistics - Measures Of Dispersion For Ca / Cs / Cfa Exams,True,20,5108,9,13,All Levels,0.0,2015-09-14 19:47:25+00:00,Business Finance,1,0,0,1,
1055424,Stencil - Simple Graphic Design For Entrepreneurs,True,95,11,0,10,All Levels,0.0,2017-01-03 12:28:37+00:00,Graphic Design,0,0,1,1,
1148342,Step By Step Build Your Template By Bootstrap 4 From Scratch,True,80,2184,15,24,Beginner Level,0.0,2017-03-30 21:59:03+00:00,Web Development,1,1,3,1,
796188,Step By Step Classical Guitar Course,True,100,9,1,45,Beginner Level,0.0,2016-12-08 16:10:06+00:00,Musical Instruments,0,1,2,1,
508570,Step By Step Gif Animation In Photoshop,True,20,518,2,17,All Levels,0.0,2015-06-08 18:40:03+00:00,Graphic Design,0,0,1,1,0.0
368916,Step By Step Guide To Understand How Business Perform,True,20,788,3,15,Intermediate Level,0.0,2014-12-14 03:18:45+00:00,Business Finance,0,3,0,1,
710420,Step By Step Tabla Course- Indian Drums,True,20,1337,17,21,Beginner Level,0.0,2016-01-18 18:17:05+00:00,Musical Instruments,1,1,2,1,
73080,Step-By-Step Html And Css For Absolute Beginners,True,120,6162,324,43,Beginner Level,0.0,2013-08-26 19:10:57+00:00,Web Development,1,1,3,1,
593962,Stock Fundamental Analysis With Excel,True,50,206,13,50,All Levels,0.0,2015-09-15 21:56:38+00:00,Business Finance,0,0,0,1,1.0
389108,Stock Market - Swing Trading Strategies For Wall Street,True,50,814,9,5,All Levels,0.0,2015-01-09 04:22:24+00:00,Business Finance,0,0,0,1,
696616,Stock Market For Beginners - Complete Starter Toolkit,True,120,577,45,82,Intermediate Level,0.0,2016-03-31 18:22:30+00:00,Business Finance,0,3,0,1,
98706,Stock Market For Beginners. Learn To Trade,True,35,143,15,42,All Levels,0.0,2013-10-03 17:44:22+00:00,Business Finance,0,0,0,1,0.0
191854,Stock Market Foundations,False,0,19339,794,9,Beginner Level,0.0,2014-03-31 21:35:06+00:00,Business Finance,1,1,0,0,
528784,Stock Market Investing Encyclopedia: How To Invest In Stocks,True,200,3143,11,39,Intermediate Level,0.0,2015-11-10 22:55:53+00:00,Business Finance,1,3,0,1,0.0
133536,Stock Market Investing For Beginners,False,0,50855,2698,15,Beginner Level,0.0,2013-12-25 19:53:34+00:00,Business Finance,1,1,0,0,1.0
1076920,Stock Market Investment: Practical Accounting,True,125,1120,6,43,Beginner Level,0.0,2017-01-23 17:04:49+00:00,Business Finance,1,1,0,1,
1045726,Stock Market Investment:Non Financial Fundamental Analysis,True,125,1091,4,29,Beginner Level,0.0,2016-12-20 14:36:59+00:00,Business Finance,1,1,0,1,0.0
545918,Stock Market Leverage: How To Start Trading Options Wisely,True,95,2153,14,13,Beginner Level,0.0,2015-07-27 18:39:51+00:00,Business Finance,1,1,0,1,
202290,Stock Market Mastery,True,20,135,2,25,All Levels,0.0,2014-06-08 14:46:02+00:00,Business Finance,0,0,0,1,0.0
412856,Stock Market Option Trading: How Sell Options For Premium,True,200,1909,8,19,Intermediate Level,0.0,2015-02-08 20:06:08+00:00,Business Finance,1,3,0,1,
770486,Stock Market: The Zero Risk Way Of Investing,True,25,2046,14,8,Beginner Level,0.0,2016-03-18 15:51:49+00:00,Business Finance,1,1,0,1,
466632,Stock Markets: How I Became Rich By Changing How I Trade,True,20,646,6,17,All Levels,0.0,2015-09-13 18:57:32+00:00,Business Finance,0,0,0,1,
588764,Stock Options Day Trading Mindset For Success,True,200,2988,21,43,All Levels,0.0,2015-09-29 19:15:24+00:00,Business Finance,1,0,0,1,
476256,Stock Options Trades Using Interactive Brokers,True,95,1580,26,14,Intermediate Level,0.0,2015-09-07 20:21:39+00:00,Business Finance,1,3,0,1,
832410,Stock Technical Analysis With Excel,True,50,156,16,41,All Levels,0.0,2016-04-28 18:22:49+00:00,Business Finance,0,0,0,1,
815482,Stock Technical Analysis With Python,True,50,409,35,46,All Levels,0.0,2016-04-12 00:40:03+00:00,Business Finance,0,0,0,1,
792216,Stock Technical Analysis With R,True,50,354,32,49,All Levels,0.0,2016-03-18 20:46:05+00:00,Business Finance,0,0,0,1,
380206,Stock Trading Essentials For Day Traders,True,100,94,15,9,All Levels,0.0,2015-01-08 17:40:22+00:00,Business Finance,0,0,0,1,
165964,Stock Trading Ninja: Complete System For Trading Success,True,155,9445,497,38,All Levels,0.0,2014-02-19 19:04:28+00:00,Business Finance,1,0,0,1,
507600,Stock Trading Strategies Using A D.A.R.T.,True,20,227,3,5,All Levels,0.0,2015-05-26 17:15:13+00:00,Business Finance,0,0,0,1,
528104,Stock Trading Strategies: Profitable Trading In 7 Days.,True,50,80,10,27,All Levels,0.0,2015-06-16 00:09:26+00:00,Business Finance,0,0,0,1,
581662,Stock Trading With This Strategy,True,50,30,3,6,All Levels,0.0,2015-08-13 21:52:16+00:00,Business Finance,0,0,0,1,1.0
544556,Stock Trading: Insider Tips For Determining Market Direction,True,95,104,1,11,All Levels,0.0,2015-07-07 23:04:36+00:00,Business Finance,0,0,0,1,
389834,Stock Trading: Ultimate Guide To Swing Trading Stocks,True,200,336,6,13,All Levels,0.0,2016-10-25 16:11:24+00:00,Business Finance,0,0,0,1,
538560,Stocks For Beginners - A Guide To Investing,True,20,64,15,14,Beginner Level,0.0,2015-07-17 19:16:47+00:00,Business Finance,0,1,0,1,
987682,Stocks: Quick Method To Get Started Investing,False,0,718,13,7,Beginner Level,0.0,2017-05-18 17:37:33+00:00,Business Finance,0,1,0,0,
1087466,Stop Creditors From Harassing You And Avoid Bankruptcy,True,20,0,0,7,Beginner Level,0.0,2017-02-02 16:22:37+00:00,Business Finance,0,1,0,1,0.0
949504,Straddle Options Trading - Profit In Any Market Direction,True,200,837,9,19,All Levels,0.0,2016-10-03 17:32:40+00:00,Business Finance,0,0,0,1,
42651,Straddles And Strangles - Volatility Moves In Any Direction,True,60,775,54,11,Expert Level,0.0,2013-03-12 12:30:40+00:00,Business Finance,0,2,0,1,
115752,Straight From Business School: Create Financial Statements,True,20,31,2,5,Beginner Level,0.0,2013-11-28 01:07:56+00:00,Business Finance,0,1,0,1,0.0
944594,Strategy Layout And Backtesting,True,200,36,2,24,Expert Level,0.0,2016-09-21 19:36:22+00:00,Business Finance,0,2,0,1,
1200374,Strumming From Scratch - Rhythm Guitar Lesson For Beginners,False,0,530,11,13,Beginner Level,0.0,2017-05-04 21:57:00+00:00,Musical Instruments,0,1,2,0,1.0
132950,Strumming The Guitar - 5 Lessons On Strum Patterns,True,20,56,3,10,Beginner Level,0.0,2013-12-13 01:34:44+00:00,Musical Instruments,0,1,2,1,
196164,Studying The Cfa Program Exams (Mandarin Language Version),False,0,1168,9,5,All Levels,0.0,2014-04-09 08:38:41+00:00,Business Finance,1,0,0,0,1.0
1079370,Sublime Text For Rapid Web Development,True,20,2104,69,14,All Levels,0.0,2017-01-19 23:07:26+00:00,Web Development,1,0,3,1,
745832,Succeed At Options Even If You Don'T Know Where To Start,True,200,36,1,12,All Levels,0.0,2017-04-17 18:00:13+00:00,Business Finance,0,0,0,1,0.0
791422,Succeed In Bonds Even If You Don'T Know Where To Start,True,200,1113,6,8,All Levels,0.0,2017-02-03 04:34:07+00:00,Business Finance,1,0,0,1,
521342,Succeed In Forex Even If You Don'T Know Where To Start!,True,200,1806,38,211,Beginner Level,0.0,2015-06-19 22:16:52+00:00,Business Finance,1,1,0,1,
791574,Succeed In Futures Even If You Don'T Know Where To Start,False,0,3014,19,15,All Levels,0.0,2017-01-03 05:58:06+00:00,Business Finance,1,0,0,0,
791436,Succeed In Lotto Even If You Don'T Know Where To Start!,True,20,1201,12,18,All Levels,0.0,2017-05-11 22:19:28+00:00,Business Finance,1,0,0,1,
793084,Succeed In Stocks Even If You Don'T Know Where To Start,False,0,2554,20,10,Beginner Level,0.0,2017-03-09 04:55:24+00:00,Business Finance,1,1,0,0,
593460,Successful Day Trading With Fibonacci,True,200,869,135,11,All Levels,0.0,2015-08-31 19:54:34+00:00,Business Finance,0,0,0,1,
647442,Successful Website Creation - Everything You Need To Know,True,150,9384,21,16,All Levels,0.0,2015-10-22 22:54:30+00:00,Web Development,1,0,3,1,
1261210,Suonare La Chitarra,True,200,1,1,22,All Levels,0.0,2017-06-21 17:19:26+00:00,Musical Instruments,0,0,2,1,
301686,"Super Beginner Guitar - Start Right, Start Awesome",True,30,594,3,33,Beginner Level,0.0,2014-11-26 03:57:18+00:00,Musical Instruments,0,1,2,1,
796486,Super Fast Accounting - The Fastest Way To Do Your Books,True,25,129,21,8,Beginner Level,0.0,2016-03-18 17:32:03+00:00,Business Finance,0,1,0,1,1.0
177614,Super Textos Con Photoshop,True,20,0,0,8,Beginner Level,0.0,2014-03-31 20:31:04+00:00,Graphic Design,0,1,1,1,
1226008,Superb Jquery Course - Become Certified Jquery Developer,True,95,817,6,32,All Levels,0.0,2017-05-28 23:56:09+00:00,Web Development,0,0,3,1,
592352,Supercharging Development With Atom Text Editor,True,20,644,42,28,All Levels,0.0,2015-09-02 18:52:18+00:00,Web Development,0,0,3,1,
207440,Super-Curso De Guitarra Práctico Para Principiantes,True,85,228,26,215,Beginner Level,0.0,2014-06-30 12:29:38+00:00,Musical Instruments,0,1,2,1,
1023668,Supreme Nodejs Course - For Beginners,True,200,1080,37,76,All Levels,0.0,2016-11-29 19:03:48+00:00,Web Development,1,0,3,1,
1165016,Surface Pattern Design : Create Scandinavian Patterns,True,40,390,6,8,All Levels,0.0,2017-04-04 15:03:18+00:00,Graphic Design,0,0,1,1,
56058,Surpassing Your Kickstarter Goals,True,30,124,7,12,All Levels,0.0,2013-05-24 17:42:25+00:00,Business Finance,0,0,0,1,0.0
123242,Surviving Introduction To Finance,False,0,1362,7,13,Beginner Level,0.0,2014-02-06 03:58:39+00:00,Business Finance,1,1,0,0,1.0
153230,Swing Low - The 101 Authentic Nashville Piano Style Course,True,20,146,5,15,All Levels,0.0,2014-01-30 22:43:42+00:00,Musical Instruments,0,0,2,1,
1182108,Symfony 3: Build A Php Application With Symfony,True,20,466,11,25,All Levels,0.0,2017-04-20 16:15:04+00:00,Web Development,0,0,3,1,
621014,System Of Asset Management For Professionals (Samp),True,50,8,1,8,Expert Level,0.0,2015-09-25 21:59:24+00:00,Business Finance,0,2,0,1,
197610,Técnicas Photoshop: Reformar Campo De Golf,True,40,2,0,34,All Levels,0.0,2014-05-08 16:34:34+00:00,Graphic Design,0,0,1,1,
442114,Take Control By Learning The Stock Market Now,True,30,1440,0,21,Beginner Level,0.0,2015-03-10 01:15:35+00:00,Business Finance,1,1,0,1,
869312,Take Note Beginner Clarinet!  –  Fun With Fundamental Skills,True,30,137,2,43,Beginner Level,0.0,2016-06-13 15:00:33+00:00,Musical Instruments,0,1,2,1,0.0
280842,Take Your Career To The Next Level With Mba Finance,True,50,618,10,19,All Levels,0.0,2015-10-29 23:18:23+00:00,Business Finance,0,0,0,1,
808292,Take Your Double Bass Drum Technique To The Next Level,True,40,584,7,196,Intermediate Level,0.0,2016-05-16 00:27:34+00:00,Musical Instruments,0,3,2,1,
1078254,Tally Erp Complete Training In Urdu / Hindi,True,30,5,2,51,All Levels,0.0,2017-02-02 17:03:27+00:00,Business Finance,0,0,0,1,
188418,Tape Reading: Learn How To Read The Tape For Day Trading,True,195,1013,128,32,All Levels,0.0,2014-03-27 07:14:55+00:00,Business Finance,1,0,0,1,
1022108,"Tax Accounting: Difficult Topic, Made Easy To Understand",True,200,1033,10,29,All Levels,0.0,2017-01-11 16:17:20+00:00,Business Finance,1,0,0,1,
390510,Tax Made Simple For Limited Company Owners And Contractors,True,50,11,0,57,All Levels,0.0,2015-02-18 11:50:46+00:00,Business Finance,0,0,0,1,0.0
724596,Tax Preparation: Learn Fast! Prepare Taxes With Confidence!,True,200,609,32,33,All Levels,0.0,2016-01-12 17:07:39+00:00,Business Finance,0,0,0,1,
822808,Tax Strategies Of The Wealthy,True,195,207,19,11,Beginner Level,0.0,2016-04-29 23:25:42+00:00,Business Finance,0,1,0,1,
332848,Tax Strategy: Financial Planning For Beginners,True,200,1703,59,25,All Levels,0.0,2014-11-04 01:37:23+00:00,Business Finance,1,0,0,1,
640496,Teaching Music : Start Teaching An Instrument Successfully.,True,30,1337,5,18,Beginner Level,0.0,2015-10-16 20:34:11+00:00,Musical Instruments,1,1,2,1,0.0
42640,Technical Analysis - A Practical Approach For Trade Entry,True,60,454,52,15,Expert Level,0.0,2013-02-24 04:47:36+00:00,Business Finance,0,2,0,1,0.0
692722,Technical Analysis 101: How To Profit During Market Crashes,True,95,1730,18,53,All Levels,0.0,2016-01-27 17:38:23+00:00,Business Finance,1,0,0,1,
316750,Technical Analysis 101: Master The Basics Of Trading,True,95,2688,61,50,All Levels,0.0,2015-05-13 22:54:25+00:00,Business Finance,1,0,0,1,
507486,Technical Analysis 101: Secrets Of Trading Revealed,True,150,912,27,81,All Levels,0.0,2015-07-16 22:29:32+00:00,Business Finance,0,0,0,1,
294292,Technical Analysis 101: Ten Primary Candlestick Reversals,True,95,1741,85,84,All Levels,0.0,2014-10-05 16:09:30+00:00,Business Finance,1,0,0,1,
576906,"Technical Analysis Primer For Trading Stocks, Bonds & Forex",True,50,397,4,36,Beginner Level,0.0,2015-11-23 19:16:33+00:00,Business Finance,0,1,0,1,
474150,Technical Analysis Tools For Stocks And Options Trading,True,40,3555,89,11,All Levels,0.0,2015-04-12 18:31:07+00:00,Business Finance,1,0,0,1,
986034,Technical Analysis Using Elliott Wave Theory,True,60,217,7,16,All Levels,0.0,2016-11-01 19:30:11+00:00,Business Finance,0,0,0,1,
824034,Technical Analysis: Understanding Price Action,True,45,39,6,37,All Levels,0.0,2016-08-26 22:57:33+00:00,Business Finance,0,0,0,1,
625670,Technical Charting,True,20,4,1,6,Intermediate Level,0.0,2015-11-02 20:23:54+00:00,Business Finance,0,3,0,1,
363058,Technical Trading And Investing Made Easy,True,40,217,7,27,Intermediate Level,0.0,2014-12-24 22:46:08+00:00,Business Finance,0,3,0,1,
46010,Technitrader Leading Hybrid Indicator Trading,True,20,4117,54,5,Intermediate Level,0.0,2013-04-04 21:36:10+00:00,Business Finance,1,3,0,1,
1057040,Teeter-Totter Accounting,True,90,0,0,12,Beginner Level,0.0,2017-02-08 22:15:56+00:00,Business Finance,0,1,0,1,0.0
222062,Tenor Banjo,True,40,70,6,18,Intermediate Level,0.0,2015-06-17 21:41:42+00:00,Musical Instruments,0,3,2,1,0.0
198660,Tenor Banjo For Absolute Beginners,False,0,3167,161,34,Beginner Level,0.0,2014-07-19 10:32:00+00:00,Musical Instruments,1,1,2,0,
809968,Tenor Saxophone Lessons For Beginners,True,95,45,5,43,Beginner Level,0.0,2016-04-04 18:44:36+00:00,Musical Instruments,0,1,2,1,
600486,Teoria Basica Del Arte. Como Pintar Ilustraciones Digitales,True,20,5104,437,26,Beginner Level,0.0,2015-09-08 17:29:12+00:00,Graphic Design,1,1,1,1,1.0
1153876,"Term Loan Appraisal For Bankers, Credit Analysts",True,20,11,2,28,Beginner Level,0.0,2017-04-03 16:53:57+00:00,Business Finance,0,1,0,1,
1271684,Test Your Knowledge In Banking Credit Analysis Process,True,30,17,0,0,All Levels,0.0,2017-06-30 10:45:11+00:00,Business Finance,0,0,0,1,
1259560,Test Your Knowledge In Basics Of Accounting,True,30,1000,11,0,Beginner Level,0.0,2017-06-20 05:56:52+00:00,Business Finance,1,1,0,1,
1270254,Test Your Knowledge In Cost Accounting,True,30,999,3,0,All Levels,0.0,2017-06-27 10:43:44+00:00,Business Finance,1,0,0,1,0.0
1259396,Test Your Knowledge In Financial Management,True,30,20,0,0,All Levels,0.0,2017-06-21 05:05:10+00:00,Business Finance,0,0,0,1,
475214,Text Based Logo Design For Business Using Adobe Photoshop,True,20,4208,25,19,All Levels,0.0,2015-08-03 22:10:33+00:00,Graphic Design,1,0,1,1,
1177670,Texturing For Designers - Bring Life To Design With Textures,True,60,201,0,12,All Levels,0.0,2017-04-18 00:47:52+00:00,Graphic Design,0,0,1,1,
589900,The 7 Day Guitar Method,True,20,213,4,11,All Levels,0.0,2015-10-26 19:19:34+00:00,Musical Instruments,0,0,2,1,
880564,The 7 Fundamentals To Successful Cashflow Management,True,25,7,0,12,All Levels,0.0,2016-07-11 17:22:40+00:00,Business Finance,0,0,0,1,
606494,The 80/20 Beginner Guitar Course,True,50,1269,27,51,Beginner Level,0.0,2016-04-28 18:21:33+00:00,Musical Instruments,1,1,2,1,
807934,The 80/20 Guitar: Write Music And Play Guitar In 30 Days,False,0,2610,28,24,All Levels,0.0,2016-04-20 15:48:09+00:00,Musical Instruments,1,0,2,0,
998872,The Actuarial Profession: Basic Sciences And Principles,True,25,1531,6,7,Beginner Level,0.0,2016-11-20 20:47:37+00:00,Business Finance,1,1,0,1,
614472,The Advanced Forex Course For Smart Traders,False,0,8236,144,25,All Levels,0.0,2015-10-09 16:46:49+00:00,Business Finance,1,0,0,0,
511838,The Advanced Web Developer Course,True,100,6890,99,90,Intermediate Level,0.0,2015-06-03 18:21:21+00:00,Web Development,1,3,3,1,
1225674,The Advantages Of Etf Options And Index Options Trading,True,60,52,3,9,Intermediate Level,0.0,2017-05-23 21:04:42+00:00,Business Finance,0,3,0,1,
1072248,The All-In-One Web Development Course,True,85,538,13,113,All Levels,0.0,2017-04-27 21:06:16+00:00,Web Development,0,0,3,1,1.0
983418,The Allman Brothers Guitar Roots And Techniques,True,75,2692,29,14,Intermediate Level,0.0,2016-10-29 21:58:01+00:00,Musical Instruments,1,3,2,1,0.0
1122792,The Almost Perfect Options Trading Strategy System - Unique,True,200,1793,18,15,All Levels,0.0,2017-03-03 21:43:05+00:00,Business Finance,1,0,0,1,1.0
86558,The Art Of Financial Valuation With Certificate,True,20,3372,12,12,All Levels,0.0,2013-09-29 23:52:54+00:00,Business Finance,1,0,0,1,1.0
1165588,The Art Of Icon Design: Create Custom Flat Icon Designs,True,90,778,2,24,All Levels,0.0,2017-04-04 15:04:21+00:00,Graphic Design,0,0,1,1,0.0
1133764,The Art Of Logo Design : Everything You Need To Know,True,20,0,0,18,All Levels,0.0,2017-03-09 16:11:36+00:00,Graphic Design,0,0,1,1,
297930,The Art Of Piano Improvisation,True,20,83,4,9,All Levels,0.0,2014-09-19 06:03:03+00:00,Musical Instruments,0,0,2,1,
838320,The Art Of The Blues Shuffle - A Guitarist'S Guide,True,20,8,0,11,Intermediate Level,0.0,2016-06-26 16:57:13+00:00,Musical Instruments,0,3,2,1,
42642,The Basics Of Volume Analysis,True,60,611,57,13,All Levels,0.0,2013-02-24 13:23:14+00:00,Business Finance,0,0,0,1,
716828,The Beginner'S Guide To The Futures And Options Trading,False,0,6185,138,20,All Levels,0.0,2016-01-18 19:47:54+00:00,Business Finance,1,0,0,0,1.0
353224,The Best Beginner Guitar Course Ever,True,50,1976,252,16,Beginner Level,0.0,2014-11-25 16:20:58+00:00,Musical Instruments,1,1,2,1,
702278,The Big Volatility Short: The Best Trade On Wall Street!,True,200,224,35,16,All Levels,0.0,2016-04-25 16:25:53+00:00,Business Finance,0,0,0,1,
689868,The Binary Institute -  Binary Options Trading Course,True,200,103,25,12,All Levels,0.0,2015-12-14 18:27:08+00:00,Business Finance,0,0,0,1,
1194426,The Binary Institute - Introductory Course In Binary Options,False,0,1121,12,6,All Levels,0.0,2017-04-27 23:49:48+00:00,Business Finance,1,0,0,0,
551968,The Blueprint For Successful Stock Trading,True,120,2697,331,15,All Levels,0.0,2015-08-13 18:58:05+00:00,Business Finance,1,0,0,1,
912996,The Bubble Course - Create Complete Web Apps Without Coding,True,30,3960,220,47,Beginner Level,0.0,2016-07-24 18:04:32+00:00,Web Development,1,1,3,1,
856526,The Build A Saas App With Flask Course,True,40,2244,365,168,All Levels,0.0,2016-06-02 19:32:03+00:00,Web Development,1,0,3,1,
400130,The Business Graphic Design With Photoshop & Illustrator,True,200,6039,128,111,All Levels,0.0,2015-02-25 10:17:52+00:00,Graphic Design,1,0,1,1,
1232282,The Cash Flow Statement - An Introduction,True,50,0,0,10,Beginner Level,0.0,2017-06-28 16:05:51+00:00,Business Finance,0,1,0,1,
1034080,The Circle Of Fifths For Guitarists,True,50,1018,2,5,Intermediate Level,0.0,2016-12-15 21:57:42+00:00,Musical Instruments,1,3,2,1,
1275872,The Complete Adobe Spark Course,True,150,0,0,29,All Levels,0.0,2017-07-03 17:39:57+00:00,Graphic Design,0,0,1,1,
806922,The Complete Asp.Net Mvc 5 Course,True,190,20652,6357,138,All Levels,0.0,2016-05-16 17:04:54+00:00,Web Development,1,0,3,1,
380970,The Complete Bitcoin Course: Get .001 Bitcoin In Your Wallet,True,45,8797,449,80,All Levels,0.0,2015-01-09 03:55:15+00:00,Business Finance,1,0,0,1,
642410,The Complete Bootstrap Masterclass Course - Build 4 Projects,True,195,24978,540,67,All Levels,0.0,2015-10-27 20:27:11+00:00,Web Development,1,0,3,1,1.0
1199928,The Complete Canva Course,True,200,68,11,48,All Levels,0.0,2017-05-10 17:12:51+00:00,Graphic Design,0,0,1,1,
564966,The Complete Chart Pattern Trading Course: A Proven Approach,True,200,2666,115,52,All Levels,0.0,2015-08-10 21:07:35+00:00,Business Finance,1,0,0,1,
1000574,The Complete Developers Guide To Mongodb,True,150,10945,1286,129,All Levels,0.0,2016-11-15 01:25:44+00:00,Web Development,1,0,3,1,
921474,The Complete Devops Engineer Course 2.0 - Java & Kubernetes,True,195,5335,105,117,All Levels,0.0,2016-08-06 20:53:04+00:00,Web Development,1,0,3,1,
916902,The Complete E-Commerce Web Developer Course 5.0,True,195,3209,58,96,All Levels,0.0,2016-09-13 16:12:58+00:00,Web Development,1,0,3,1,
904462,The Complete Elixir And Phoenix Bootcamp,True,50,5279,1375,123,All Levels,0.0,2016-10-27 22:44:29+00:00,Web Development,1,0,3,1,1.0
859742,The Complete Ethereum Course: Get .01 Ether In Your Wallet,True,45,2507,333,40,All Levels,0.0,2016-05-30 18:53:46+00:00,Business Finance,1,0,0,1,
938560,The Complete Ethical Hacking Course 2.0: Python & Kali Linux,True,195,7827,268,66,All Levels,0.0,2016-09-26 15:08:29+00:00,Web Development,1,0,3,1,
978576,The Complete Figure Drawing Course Hd,True,50,1323,136,225,Beginner Level,0.0,2016-10-11 21:40:06+00:00,Graphic Design,1,1,1,1,
648826,The Complete Financial Analyst Course 2017,True,195,24481,2347,174,All Levels,0.0,2016-01-21 01:38:48+00:00,Business Finance,1,0,0,1,1.0
429952,The Complete Financial Model Builder Course-Build 7 Models,True,75,214,20,88,All Levels,0.0,2015-03-19 19:00:23+00:00,Business Finance,0,0,0,1,
1030976,The Complete Financial Statement Analysis Course,True,150,912,12,37,Beginner Level,0.0,2017-01-11 02:52:19+00:00,Business Finance,0,1,0,1,
20185,The Complete Forex Trader,True,25,1634,142,46,All Levels,0.0,2012-10-01 09:46:23+00:00,Business Finance,1,0,0,1,
905850,The Complete Front End Web Developer Bootcamp - 14 Projects,True,200,900,129,126,All Levels,0.0,2016-08-12 00:30:51+00:00,Web Development,0,0,3,1,
933394,The Complete Guide To Forex Trading,True,20,1329,12,33,All Levels,0.0,2017-02-05 16:14:41+00:00,Business Finance,1,0,0,1,
739090,The Complete Guide To Javascript Development,True,110,3590,36,104,All Levels,0.0,2016-01-25 04:46:37+00:00,Web Development,1,0,3,1,
843854,The Complete Guide To Professional Trading With Elliott Wave,True,115,228,49,43,All Levels,0.0,2016-05-11 16:40:05+00:00,Business Finance,0,0,0,1,0.0
903140,The Complete Hapijs Course - Go From Beginner To Advanced!,True,195,1697,64,54,All Levels,0.0,2016-07-13 15:30:53+00:00,Web Development,1,0,3,1,
977470,The Complete Hmtl5 Course - Go From Beginner To Advanced!,True,95,2430,15,36,All Levels,0.0,2016-10-13 21:24:51+00:00,Web Development,1,0,3,1,1.0
556248,The Complete Html & Css Course - From Novice To Professional,True,195,57422,874,84,All Levels,0.0,2015-07-27 16:57:52+00:00,Web Development,1,0,3,1,
1252318,The Complete Html And Css Course For Beginners,True,85,733,104,50,All Levels,0.0,2017-06-20 16:05:46+00:00,Web Development,0,0,3,1,1.0
559512,The Complete Html5 & Css3 Course Build Professional Websites,True,195,10518,129,57,All Levels,0.0,2015-08-11 21:47:20+00:00,Web Development,1,0,3,1,
936504,The Complete Html5 And Css3 Course,True,40,1548,30,126,All Levels,0.0,2016-08-23 16:44:47+00:00,Web Development,1,0,3,1,
650222,The Complete Html5 And Css3 Course - With 8 Websites Design,True,30,1551,42,78,All Levels,0.0,2015-12-07 19:32:22+00:00,Web Development,1,0,3,1,
683394,The Complete Html5 Course,True,20,3461,11,23,Beginner Level,0.0,2015-12-02 18:47:34+00:00,Web Development,1,1,3,1,
722274,The Complete Investing Guide: How To Beat Wall Street,True,50,13,3,25,All Levels,0.0,2016-06-14 19:11:45+00:00,Business Finance,0,0,0,1,
965832,The Complete Investment Banking Course 2017,True,195,8575,809,110,All Levels,0.0,2016-10-10 16:16:26+00:00,Business Finance,1,0,0,1,
882128,The Complete Javascript Bootcamp,True,195,1839,91,47,All Levels,0.0,2016-06-20 16:56:06+00:00,Web Development,1,0,3,1,
695656,The Complete Javascript Course For Web Development Beginners,True,195,31499,450,46,All Levels,0.0,2015-12-29 17:20:32+00:00,Web Development,1,0,3,1,
851712,The Complete Javascript Course: Build A Real-World Project,True,195,27801,4340,113,All Levels,0.0,2016-10-14 22:52:23+00:00,Web Development,1,0,3,1,
687466,The Complete Javascript Developer: Mean Stack Zero-To-Hero,True,75,4820,983,53,All Levels,0.0,2015-12-16 00:07:00+00:00,Web Development,1,0,3,1,1.0
1270392,"The Complete Javascript, Html And Css Tutorial For Beginners",True,35,244,44,21,Beginner Level,0.0,2017-06-29 16:13:18+00:00,Web Development,0,1,3,1,1.0
877124,The Complete Jquery Course - From Beginner To Professional!,True,200,6420,134,188,All Levels,0.0,2016-06-20 22:59:31+00:00,Web Development,1,0,3,1,
812588,The Complete Jquery Course: From Beginner To Advanced!,True,195,6636,302,50,All Levels,0.0,2016-05-26 19:10:29+00:00,Web Development,1,0,3,1,
1257502,The Complete Litecoin Crypto Currency Bootcamp,True,20,7,3,24,All Levels,0.0,2017-06-28 23:51:45+00:00,Business Finance,0,0,0,1,
1092632,The Complete Motion Graphic Course,True,65,50,6,115,All Levels,0.0,2017-02-01 23:42:53+00:00,Graphic Design,0,0,1,1,
1107524,The Complete Nodejs Course: Build A Full Business Rating App,True,195,17784,260,61,All Levels,0.0,2017-02-13 17:18:59+00:00,Web Development,1,0,3,1,
1017568,The Complete Php Bootcamp Course With Video Sharing Project,True,195,9831,56,74,Beginner Level,0.0,2017-03-21 23:50:38+00:00,Web Development,1,1,3,1,
652438,The Complete Php Codeigniter Course: Beginner To Advanced,True,195,17895,212,30,All Levels,0.0,2015-12-29 20:19:39+00:00,Web Development,1,0,3,1,
1171966,The Complete Php Mysql Professional Course With 5 Projects,True,200,16158,159,125,All Levels,0.0,2017-06-07 05:58:36+00:00,Web Development,1,0,3,1,
953152,The Complete Piano & Music Theory Beginners Course,True,50,10435,665,23,All Levels,0.0,2016-09-15 22:49:21+00:00,Musical Instruments,1,0,2,1,1.0
574974,The Complete Piano Course - Master The Piano,True,95,4982,276,240,All Levels,0.0,2015-08-20 21:25:34+00:00,Musical Instruments,1,0,2,1,
723510,The Complete Position Trading Course: Position Trading Stock,True,45,1311,36,5,All Levels,0.0,2016-01-15 18:10:47+00:00,Business Finance,1,0,0,1,
519442,The Complete Ruby On Rails Developer Course,True,195,33677,3809,283,All Levels,0.0,2015-10-23 20:29:25+00:00,Web Development,1,0,3,1,1.0
746014,The Complete Sass & Scss Course: From Beginner To Advanced,True,195,12021,660,41,All Levels,0.0,2016-02-24 16:48:27+00:00,Web Development,1,0,3,1,
1246208,The Complete Short Course On Ethereum,True,200,1041,12,28,All Levels,0.0,2017-06-11 19:02:03+00:00,Business Finance,1,0,0,1,
980114,The Complete Typescript Programming Guide For Web Developers,True,40,236,31,35,Intermediate Level,0.0,2016-10-12 17:02:13+00:00,Web Development,0,3,3,1,
502772,The Complete Value Investing Course: A Proven Approach,True,200,2146,212,49,All Levels,0.0,2015-06-16 22:43:07+00:00,Business Finance,1,0,0,1,
489114,The Complete Video Production Guide - Learn Top Video Tools,True,195,121,9,77,All Levels,0.0,2015-05-25 23:21:06+00:00,Graphic Design,0,0,1,1,
390866,The Complete Web Developer Bootcamp - Beginner To Expert,True,190,14103,1548,197,All Levels,0.0,2015-01-19 00:23:15+00:00,Web Development,1,0,3,1,1.0
459922,The Complete Web Developer Course - Build 20 Websites,True,20,2650,61,304,All Levels,0.0,2015-03-26 22:11:15+00:00,Web Development,1,0,3,1,
764164,The Complete Web Developer Course 2.0,True,200,114512,22412,304,All Levels,0.0,2016-03-08 22:28:36+00:00,Web Development,1,0,3,1,
674608,The Complete Web Developer Masterclass: Beginner To Advanced,True,195,37141,1813,316,All Levels,0.0,2016-05-18 00:16:26+00:00,Web Development,1,0,3,1,
1112844,The Complete Web Developer Masterclass: Beginner To Advanced,True,20,1030,11,30,All Levels,0.0,2017-05-12 14:45:01+00:00,Web Development,1,0,3,1,
548278,The Complete Web Development Course -  Build 15 Projects,True,200,7501,1213,384,All Levels,0.0,2015-11-09 22:01:02+00:00,Web Development,1,0,3,1,
910838,The Complete Web Development Tutorial Using React And Redux,True,40,796,43,29,Intermediate Level,0.0,2016-07-25 17:16:45+00:00,Web Development,0,3,3,1,
575880,The Complete Wordpress Course - Build Your Own Website Today,True,195,9421,73,36,All Levels,0.0,2015-08-25 00:03:06+00:00,Web Development,1,0,3,1,1.0
896858,The Complete Wordpress Development & Customization Course,True,100,1611,165,157,Expert Level,0.0,2016-11-07 17:17:16+00:00,Web Development,1,2,3,1,
50528,The Complete Wordpress Plugin Development Course - 8 Plugins,True,200,1215,58,33,All Levels,0.0,2013-05-29 15:09:48+00:00,Web Development,1,0,3,1,
1211160,The Complete Wordpress Theme Development Guide,True,25,1011,2,19,Beginner Level,0.0,2017-05-19 05:52:32+00:00,Web Development,1,1,3,1,
520116,The Complete Wordpress Website Business Course,True,150,13439,1981,89,All Levels,0.0,2016-11-01 23:50:51+00:00,Web Development,1,0,3,1,
788796,The Cost Of Capital: The Key To Attract Venture Capitalists,True,50,635,4,6,All Levels,0.0,2016-03-22 20:47:21+00:00,Business Finance,0,0,0,1,0.0
45941,The Css And Css3 Crash Course,True,150,2051,99,76,All Levels,0.0,2013-03-15 16:13:42+00:00,Web Development,1,0,3,1,1.0
715476,The Cuckoo Strategy To Get European Funding,True,160,0,0,6,All Levels,0.0,2016-01-06 02:38:23+00:00,Business Finance,0,0,0,1,0.0
282050,The Day Trader: Learn To Trade The Stock Market And Forex,True,20,768,23,54,All Levels,0.0,2014-08-21 17:18:12+00:00,Business Finance,0,0,0,1,
1106490,The Design Theory Blitz,True,35,142,35,9,Beginner Level,0.0,2017-04-05 22:44:22+00:00,Graphic Design,0,1,1,1,1.0
641868,The Docker For Devops Course: From Development To Production,True,25,8234,1111,110,All Levels,0.0,2015-11-13 17:30:34+00:00,Web Development,1,0,3,1,
1146368,The Easy Beginner Drum Course,True,25,21,4,12,Beginner Level,0.0,2017-03-21 18:31:45+00:00,Musical Instruments,0,1,2,1,
260756,The Essential Web Developer Course - Build 12 Websites,True,200,9355,390,177,All Levels,0.0,2015-11-02 17:41:42+00:00,Web Development,1,0,3,1,
521440,The Essentials Of Acoustic Guitar Strumming Patterns,False,0,2995,51,19,Beginner Level,0.0,2015-07-01 22:48:40+00:00,Musical Instruments,1,1,2,0,1.0
850294,The Everyday Investor: Building Wealth With Venture Capital,True,20,176,2,12,Intermediate Level,0.0,2016-06-07 01:34:54+00:00,Business Finance,0,3,0,1,
949134,The Extreme Web Development Course - For Beginners,True,200,1420,62,152,All Levels,0.0,2016-09-04 20:51:08+00:00,Web Development,1,0,3,1,
1230950,The Fast Route To A Faster Financial Close,True,50,2,0,8,Intermediate Level,0.0,2017-06-23 22:05:17+00:00,Business Finance,0,3,0,1,
523216,The Fastest Way To Create A Website Using Godaddy,True,30,1454,14,12,Beginner Level,0.0,2015-11-09 20:44:25+00:00,Web Development,1,1,3,1,
1053272,The Financial Analyst Skills Training (Fast) Course 2017,True,100,589,31,138,All Levels,0.0,2017-01-02 17:44:17+00:00,Business Finance,0,0,0,1,
1149564,The Forex Pivot Points Trading Strategy,True,20,21,2,12,All Levels,0.0,2017-03-22 22:57:34+00:00,Business Finance,0,0,0,1,
948974,The Forex Robot: Incredible Roi (Robot Included),True,200,1843,171,35,All Levels,0.0,2016-10-04 15:20:57+00:00,Business Finance,1,0,0,1,
1002676,The Full Stack Web Development,True,60,3119,453,207,Beginner Level,0.0,2016-11-24 00:38:03+00:00,Web Development,1,1,3,1,1.0
1141614,The Fun And Effective Piano Course,True,30,24,2,38,All Levels,0.0,2017-04-24 16:09:35+00:00,Musical Instruments,0,0,2,1,0.0
835212,The Fundamentals Of Finance For Non-Finance Professionals,True,40,206,3,7,All Levels,0.0,2016-05-18 16:02:21+00:00,Business Finance,0,0,0,1,
836926,The Holy Grail Of Auto Trading Forex Futures Stocks Revealed,True,50,3917,45,7,All Levels,0.0,2016-05-03 18:23:01+00:00,Business Finance,1,0,0,1,
578534,The Intelligent Investor,True,30,384,40,44,All Levels,0.0,2015-08-27 00:02:29+00:00,Business Finance,0,0,0,1,
736836,The Investment Banking Recruitment Series,True,40,17,6,26,All Levels,0.0,2016-02-06 01:21:33+00:00,Business Finance,0,0,0,1,
1233894,The Latest Updates 2016 Financial Accounting Standards Board,True,50,1,0,9,Intermediate Level,0.0,2017-06-29 21:40:54+00:00,Business Finance,0,3,0,1,
52457,The Logo Design Process From Start To Finish,True,95,2361,74,40,All Levels,0.0,2013-09-24 03:52:32+00:00,Graphic Design,1,0,1,1,
1093608,The Most Comprehensive Web Development Course,True,200,333,22,353,All Levels,0.0,2017-05-01 22:36:28+00:00,Web Development,0,0,3,1,
1076222,The Most Popular Techniques In Photoshop,True,20,1753,18,15,Intermediate Level,0.0,2017-02-21 18:07:38+00:00,Graphic Design,1,3,1,1,
1135126,The Most Powerful Options Spread Trading Front Ratio Spread,True,200,1487,16,18,All Levels,0.0,2017-03-08 21:09:41+00:00,Business Finance,1,0,0,1,
1195742,The Music Coach Online Spirit Drum Course,True,95,2,0,86,Beginner Level,0.0,2017-05-04 16:44:06+00:00,Musical Instruments,0,1,2,1,
1167710,The Only Investment Strategy You Need For Your Retirement,True,200,827,14,15,All Levels,0.0,2017-04-18 18:13:32+00:00,Business Finance,0,0,0,1,
19332,The Original Complete Web Developer Course.,True,20,31070,742,195,Beginner Level,0.0,2012-10-28 00:13:03+00:00,Web Development,1,1,3,1,
1110470,The Passive Investing Blueprint - Build Wealth Passively,True,200,338,32,66,All Levels,0.0,2017-03-08 22:37:44+00:00,Business Finance,0,0,0,1,
1236562,The Piano Chord Ladder | Learn To Play Thousands Of Songs,True,100,103,2,11,All Levels,0.0,2017-05-31 20:30:26+00:00,Musical Instruments,0,0,2,1,
951304,The Play-Doh Technique: Fun Hand-Made Vectors In Illustrator,True,20,1145,42,20,All Levels,0.0,2016-09-06 23:42:39+00:00,Graphic Design,1,0,1,1,1.0
994754,The Power Modeling Bootcamp: Advanced Excel In 10 Days,True,150,1680,158,76,All Levels,0.0,2016-11-26 04:09:14+00:00,Business Finance,1,0,0,1,
436210,The Pro Ruby On Rails Starter,True,45,2409,90,19,Beginner Level,0.0,2015-03-04 18:37:14+00:00,Web Development,1,1,3,1,
917432,The Professional Bass Masterclass,True,200,1449,136,88,All Levels,0.0,2016-10-24 18:22:57+00:00,Musical Instruments,1,0,2,1,
456284,The Professional Guitar Masterclass,True,200,21701,1340,136,All Levels,0.0,2015-04-28 17:27:26+00:00,Musical Instruments,1,0,2,1,
383204,The Professional Ruby On Rails Developer,True,100,17334,676,96,All Levels,0.0,2015-02-23 23:18:49+00:00,Web Development,1,0,3,1,
1088102,The Psychology Of Trading,True,20,95,3,20,All Levels,0.0,2017-02-02 03:58:36+00:00,Business Finance,0,0,0,1,
975906,The Sass Course! Learn Sass For Real-World Websites,True,95,975,141,18,All Levels,0.0,2016-12-08 16:53:19+00:00,Web Development,1,0,3,1,
180362,The Securities Trade Lifecycle,True,50,1182,110,22,All Levels,0.0,2014-03-12 13:40:53+00:00,Business Finance,1,0,0,1,
101234,The Smart Option Trader,True,45,412,19,74,All Levels,0.0,2013-10-10 22:02:48+00:00,Business Finance,0,0,0,1,0.0
662996,The Tax Advantaged Investor: A Guide To Legal Tax Reduction!,False,0,1888,42,25,All Levels,0.0,2015-12-17 05:22:24+00:00,Business Finance,1,0,0,0,
190906,The Theory & Practice Of Modes On The Guitar,True,35,17,0,7,Intermediate Level,0.0,2014-04-04 15:14:37+00:00,Musical Instruments,0,3,2,1,
645202,The Total Beginner'S Guitar Course,False,0,9193,357,17,Beginner Level,0.0,2016-03-24 15:04:30+00:00,Musical Instruments,1,1,2,0,
1220862,"The True ' Secret Sauce  For Stock Market Success""",True,200,23,2,30,All Levels,0.0,2017-06-11 16:01:03+00:00,Business Finance,0,0,0,1,
971110,The Truths About (In)Secure Retirement,True,200,86,6,32,Intermediate Level,0.0,2016-10-03 18:42:18+00:00,Business Finance,0,3,0,1,
1019276,The Ultimate Beginner'S Guide To Django,True,200,2390,497,82,Beginner Level,0.0,2016-12-11 22:07:39+00:00,Web Development,1,1,3,1,
874012,The Ultimate Drawing Course - Beginner To Advanced,True,150,26742,2379,62,Beginner Level,0.0,2017-01-23 00:20:05+00:00,Graphic Design,1,1,1,1,
932274,The Ultimate Fibonacci Trading Plan For Forex And Stocks,True,200,399,15,15,All Levels,0.0,2016-08-19 19:12:04+00:00,Business Finance,0,0,0,1,
584410,The Ultimate Guide To Dividend & Dividend Growth Investing,True,200,2115,59,88,All Levels,0.0,2015-11-13 18:10:25+00:00,Business Finance,1,0,0,1,
1076424,The Ultimate Guide To The Best Wordpress Plugins Part 1,True,50,122,10,116,All Levels,0.0,2017-02-16 23:30:02+00:00,Web Development,0,0,3,1,
633606,The Ultimate Jquery Course,True,20,1098,15,54,All Levels,0.0,2015-11-13 19:37:48+00:00,Web Development,1,0,3,1,
333046,The Ultimate Method For Learning Modern Piano & Keyboards,True,25,512,3,151,All Levels,0.0,2014-11-03 19:25:35+00:00,Musical Instruments,0,0,2,1,
1022582,The Ultimate Vue Js 2 Developers Course,True,195,1703,292,178,All Levels,0.0,2016-12-16 14:59:21+00:00,Web Development,1,0,3,1,
629142,The Ultimate Web Developer How To Guide,True,200,24861,423,281,All Levels,0.0,2015-11-26 04:31:11+00:00,Web Development,1,0,3,1,
30240,The Ultimate Web Development Course,True,50,9881,329,136,All Levels,0.0,2013-08-25 16:16:52+00:00,Web Development,1,0,3,1,
683606,The Ultimate Wordpress Boot Camp: Build 7 Websites,True,125,1000,74,140,Intermediate Level,0.0,2016-02-26 21:21:01+00:00,Web Development,1,3,3,1,
811534,The Visual Learning Basic Accounting Course,True,20,9,0,6,Beginner Level,0.0,2016-05-03 21:14:25+00:00,Business Finance,0,1,0,1,0.0
625204,The Web Developer Bootcamp,True,200,121584,27445,342,All Levels,0.0,2015-11-02 21:13:27+00:00,Web Development,1,0,3,1,
834600,The Web Developers Guide: Learn Html & Css Fundamentals,True,20,2243,27,97,All Levels,0.0,2016-05-01 18:46:29+00:00,Web Development,1,0,3,1,
443746,The Wpfaster Wordpress Speed Optimization Master Course,True,175,2134,215,55,All Levels,0.0,2015-04-13 20:49:19+00:00,Web Development,1,0,3,1,
978728,"Thoughtful Web Development Course: Html, Vue.Js, Php, Mysql",True,200,842,144,536,All Levels,0.0,2016-10-11 14:18:27+00:00,Web Development,0,0,3,1,
1214702,Three Steps Trading - Live Trading - Real Account,True,190,1197,11,46,All Levels,0.0,2017-05-24 23:02:07+00:00,Business Finance,1,0,0,1,
1143414,Tin Whistle Básico,True,20,11,2,53,Beginner Level,0.0,2017-05-17 20:40:25+00:00,Musical Instruments,0,1,2,1,
58791,Toon Boom Studio Tutorial - Cartoon Animation Made Simple,True,50,342,20,81,All Levels,0.0,2013-06-07 15:38:12+00:00,Graphic Design,0,0,1,1,
1198166,Top 10 Trading Ideas In The Equities Market,True,20,661,4,12,All Levels,0.0,2017-05-02 21:59:07+00:00,Business Finance,0,0,0,1,
953490,Toptrader Academy - Complete Options Course,True,150,42,1,11,All Levels,0.0,2016-09-13 22:09:05+00:00,Business Finance,0,0,0,1,
625974,Total Beginner To Intermediate Guitar - Learn To Play By Ear,True,45,80,4,112,Beginner Level,0.0,2015-10-16 17:11:30+00:00,Musical Instruments,0,1,2,1,0.0
176136,Trade For A Living,True,20,293,14,59,All Levels,0.0,2014-03-22 22:56:09+00:00,Business Finance,0,0,0,1,
596026,Trade For Profit: Find-Trade Stocks Successfully Arabic عربي,True,95,299,5,65,All Levels,0.0,2015-11-12 00:51:16+00:00,Business Finance,0,0,0,1,
355622,Trade Forex 13 Patterns - Golden Ratios Secret Revealed,True,200,554,63,44,All Levels,0.0,2015-01-10 13:49:22+00:00,Business Finance,0,0,0,1,
597716,Trade Pullback Candlestick Strategy - Make Consistent Pips,True,200,521,67,24,All Levels,0.0,2016-02-24 17:30:41+00:00,Business Finance,0,0,0,1,
165122,Trade Recap I - A Real Look At Futures Options Markets,True,20,3339,4,11,Beginner Level,0.0,2014-02-17 09:22:13+00:00,Business Finance,1,1,0,1,
1046940,Trade Rsi Breakout Strategy: Great Risk/Reward Ratio (Forex),True,200,66,12,19,All Levels,0.0,2017-05-01 19:56:30+00:00,Business Finance,0,0,0,1,
75182,Trade Show Samurai,True,95,32,7,7,All Levels,0.0,2013-08-29 15:44:46+00:00,Business Finance,0,0,0,1,
288256,"Trade Stocks, Forex & Financial Markets Like A Professional",True,20,116,6,12,All Levels,0.0,2014-08-28 15:02:35+00:00,Business Finance,0,0,0,1,
936298,Trade The News In Forex: Ea Robot Included,True,200,276,11,11,All Levels,0.0,2016-08-30 02:40:52+00:00,Business Finance,0,0,0,1,
642060,Tradeonomics - Four Steps To Mastering Economic Indicators,True,20,1189,13,41,All Levels,0.0,2016-04-01 15:56:38+00:00,Business Finance,1,0,0,1,
167316,Trader Bot: Introdução À Linguagem Mql5,True,20,209,33,33,All Levels,0.0,2014-03-07 15:13:45+00:00,Business Finance,0,0,0,1,
1193056,Trader Sur Le Forex Avec Ichimoku,True,90,48,12,18,Beginner Level,0.0,2017-05-05 16:58:52+00:00,Business Finance,0,1,0,1,
765238,Trading Algorítmico En Forex: Crea Tu Primer Robot De Forex!,True,170,206,39,39,All Levels,0.0,2016-03-12 04:31:12+00:00,Business Finance,0,0,0,1,
1082352,Trading Basics In 30 Minutes,True,50,1,0,6,Beginner Level,0.0,2017-02-26 21:59:25+00:00,Business Finance,0,1,0,1,
218416,Trading Binary Options For Fun And Profit,True,20,1574,24,46,All Levels,0.0,2015-02-21 00:36:13+00:00,Business Finance,1,0,0,1,
469526,Trading Biotech Stocks - Understanding The Healthcare Sector,True,55,166,17,16,All Levels,0.0,2015-04-24 21:22:27+00:00,Business Finance,0,0,0,1,0.0
1103590,Trading Con Retrocesos De Fibonacci,True,25,14,4,15,All Levels,0.0,2017-02-07 15:34:03+00:00,Business Finance,0,0,0,1,
546924,Trading Economic Indicators - Complete Trading System,True,50,2692,25,25,Beginner Level,0.0,2015-09-17 18:47:54+00:00,Business Finance,1,1,0,1,
624016,Trading For A Living: Trading Full-Time Transition Guide,True,195,483,10,40,Intermediate Level,0.0,2015-11-06 16:18:48+00:00,Business Finance,0,3,0,1,
955748,Trading For Beginners - Entry Level,False,0,5077,256,16,Beginner Level,0.0,2016-10-03 22:21:54+00:00,Business Finance,1,1,0,0,
1005658,Trading For Beginners - Intermediate Level,True,150,3979,40,39,Beginner Level,0.0,2016-11-09 01:45:20+00:00,Business Finance,1,1,0,1,
498360,Trading For Busy People,True,50,99,12,26,All Levels,0.0,2015-07-06 22:22:25+00:00,Business Finance,0,0,0,1,
598266,Trading For Everyone - The Independent Investor Course I,True,120,4133,15,36,Beginner Level,0.0,2015-10-08 20:23:36+00:00,Business Finance,1,1,0,1,
1022796,Trading For Winning,True,200,168,7,27,All Levels,0.0,2017-01-23 05:18:48+00:00,Business Finance,0,0,0,1,
1264512,Trading Forex  - L'Analyse Des Volumes,True,70,4,3,13,All Levels,0.0,2017-06-29 21:32:21+00:00,Business Finance,0,0,0,1,0.0
1151398,Trading Forex - Trader Avec Les Figures Harmoniques,True,90,57,11,23,Beginner Level,0.0,2017-03-31 22:44:53+00:00,Business Finance,0,1,0,1,
411168,Trading Inside Bars - Master 1 Easy Pattern To Be Successful,True,125,2996,200,23,Intermediate Level,0.0,2015-03-09 00:24:38+00:00,Business Finance,1,3,0,1,
412108,Trading Intradiario Basado En Precio Y Volumen,True,40,92,15,19,Intermediate Level,0.0,2015-02-18 23:28:01+00:00,Business Finance,0,3,0,1,
536166,Trading Market Map,True,45,1489,32,27,All Levels,0.0,2015-07-01 16:25:45+00:00,Business Finance,1,0,0,1,0.0
657130,"Trading Mindset, And Three Steps To Profitable Trading",True,20,246,8,24,Beginner Level,0.0,2015-11-02 20:13:05+00:00,Business Finance,0,1,0,1,
753610,Trading Mit Kleinen Konten - Grundlagen Die Du Kennen Musst,True,80,74,4,20,Beginner Level,0.0,2017-03-29 00:06:21+00:00,Business Finance,0,1,0,1,
834606,Trading News Using Binary Options,True,145,1186,16,22,All Levels,0.0,2016-05-11 18:15:50+00:00,Business Finance,1,0,0,1,
889066,Trading Options Basics,True,200,8,0,8,Beginner Level,0.0,2016-07-01 03:13:22+00:00,Business Finance,0,1,0,1,
951050,Trading Options For Consistent Returns: Calendar Spreads,True,200,1214,69,20,All Levels,0.0,2016-10-07 04:58:46+00:00,Business Finance,1,0,0,1,0.0
919906,Trading Options For Consistent Returns: Options Basics,False,0,4077,281,20,Beginner Level,0.0,2016-08-18 21:57:04+00:00,Business Finance,1,1,0,0,
975046,Trading Options With Money Flow,True,200,1380,42,17,All Levels,0.0,2016-10-18 22:52:31+00:00,Business Finance,1,0,0,1,
192870,Trading Penny Stocks: A Guide For All Levels In 2017,True,150,9221,138,25,All Levels,0.0,2014-05-02 15:13:30+00:00,Business Finance,1,0,0,1,
610890,Trading Psychology: Trading Mindset Mastery,True,120,975,23,23,Intermediate Level,0.0,2015-09-30 18:57:45+00:00,Business Finance,1,3,0,1,
674352,Trading Robot Forex Programs In Your Sleep In Live Examples!,True,200,1125,11,18,Expert Level,0.0,2016-01-28 23:03:11+00:00,Business Finance,1,2,0,1,
738900,"Trading Seasonal Price Patterns In Stocks, Futures, & Forex!",True,200,1094,8,13,Beginner Level,0.0,2016-03-30 04:56:57+00:00,Business Finance,1,1,0,1,
403100,"Trading Stock Chart Patterns For Immediate, Explosive Gains",True,95,2917,148,23,All Levels,0.0,2015-01-30 22:13:03+00:00,Business Finance,1,0,0,1,
544176,Trading Strategies With Common Sense Technical Analysis,True,75,1750,71,29,All Levels,0.0,2015-07-19 17:41:41+00:00,Business Finance,1,0,0,1,
707054,Trading Strategies: Find The Trading Strategy That Fits You,True,20,1037,3,12,All Levels,0.0,2015-12-29 17:15:32+00:00,Business Finance,1,0,0,1,
419308,Trading Tactics,True,145,951,25,62,All Levels,0.0,2015-02-13 20:19:58+00:00,Business Finance,1,0,0,1,1.0
560472,Trading Tips From Hedge Fund Manager,True,50,6,2,32,All Levels,0.0,2015-07-22 20:56:34+00:00,Business Finance,0,0,0,1,
629060,Trading Trends In Any Market,True,30,632,49,22,All Levels,0.0,2015-10-04 18:43:16+00:00,Business Finance,0,0,0,1,
512004,Trading Truths,True,50,1405,14,27,All Levels,0.0,2015-06-12 17:34:50+00:00,Business Finance,1,0,0,1,
601912,Trading: 5K Challenge,True,55,375,10,19,Intermediate Level,0.0,2015-09-12 00:13:34+00:00,Business Finance,0,3,0,1,
652768,Trading: Basics Of Trading For Beginners,True,140,1309,4,20,Beginner Level,0.0,2015-11-11 01:30:17+00:00,Business Finance,1,1,0,1,
331968,Trading: From Wall Street To Your Street,True,50,312,24,37,Intermediate Level,0.0,2014-12-18 21:53:53+00:00,Business Finance,0,3,0,1,0.0
130366,Trading: High-Roi Trading,True,190,126,20,47,Intermediate Level,0.0,2014-02-05 19:02:33+00:00,Business Finance,0,3,0,1,
64173,Trading: How Transformative Learning Drives Expertise,True,30,69,2,16,All Levels,0.0,2013-07-15 17:20:29+00:00,Business Finance,0,0,0,1,
1198302,Traditional-Style Electric Blues Guitar For Beginners,True,25,9,2,36,Beginner Level,0.0,2017-06-22 21:08:35+00:00,Musical Instruments,0,1,2,1,
1051570,Transfer Pricing A Complete Analysis,True,50,1852,3,14,All Levels,0.0,2016-12-28 18:19:16+00:00,Business Finance,1,0,0,1,0.0
429662,Trend Following Stocks: A Complete Trading System,True,95,1202,76,64,Expert Level,0.0,2015-03-23 17:03:31+00:00,Business Finance,1,2,0,1,
572744,Trend Traders Club: How To Find And Trade Fast Moving Trends,True,75,1513,31,60,All Levels,0.0,2015-08-04 19:16:51+00:00,Business Finance,1,0,0,1,
1151326,Triangulated Bird: Origami Styled Bird In Adobe Illustrator,True,195,2027,11,9,Intermediate Level,0.0,2017-04-18 19:40:57+00:00,Graphic Design,1,3,1,1,
136244,Triple P Trading Course,True,20,797,15,16,All Levels,0.0,2013-12-24 04:53:53+00:00,Business Finance,0,0,0,1,0.0
818838,Trombone Lessons For Beginners,True,95,11,2,34,Beginner Level,0.0,2016-04-14 17:33:44+00:00,Musical Instruments,0,1,2,1,
824020,Trombone Pro Series - Fall In Love With The Trombone,True,50,57,6,57,All Levels,0.0,2016-04-22 23:49:11+00:00,Musical Instruments,0,0,2,1,
812610,Trumpet Lessons For Beginners,True,95,17,3,35,Beginner Level,0.0,2016-04-06 20:04:46+00:00,Musical Instruments,0,1,2,1,
823860,Trumpet Pro Series - You'Re Going To Love Practicing Trumpet,True,50,92,1,25,All Levels,0.0,2016-04-22 23:43:37+00:00,Musical Instruments,0,0,2,1,
188064,"Trumpet Solos: Learn How To Perform Three Fun, Unique Pieces",True,50,115,6,53,Intermediate Level,0.0,2014-03-25 17:19:56+00:00,Musical Instruments,0,3,2,1,
983534,Try Angularjs: Beginner'S Guide To Front End Web Development,True,50,16926,126,33,Beginner Level,0.0,2016-10-13 20:38:03+00:00,Web Development,1,1,3,1,
991630,Try Django 1.10 | Create A Url Shortening Service,True,50,9607,78,40,All Levels,0.0,2016-10-24 18:14:43+00:00,Web Development,1,0,3,1,
76052,Try Django 1.9 | Build A Blog And Learn Python'S #1 Library,True,50,7407,172,147,All Levels,0.0,2014-03-04 07:12:21+00:00,Web Development,1,0,3,1,
803058,T-Shirt Design Workshop 01: Foundation,True,25,690,162,19,All Levels,0.0,2016-03-25 20:50:23+00:00,Graphic Design,0,0,1,1,1.0
883828,T-Shirt Design Workshop 02: Mixed Media Design,True,25,885,176,29,Intermediate Level,0.0,2016-06-27 00:03:29+00:00,Graphic Design,0,3,1,1,1.0
709160,T-Shirt Sales - Merch By Amazon Profit Formula With Canva,True,20,380,1,26,All Levels,0.0,2017-06-26 18:13:55+00:00,Graphic Design,0,0,1,1,
459946,Tuba Solos: Learn How To Perform Three Fun And Unique Pieces,True,50,164,0,20,Intermediate Level,0.0,2015-04-15 18:00:06+00:00,Musical Instruments,0,3,2,1,
907416,Tudo Sobre Investimentos Em Renda Fixa,True,45,689,145,16,All Levels,0.0,2016-08-22 14:42:20+00:00,Business Finance,0,0,0,1,
956888,Tumult Hype Pro Basics: Html5 Animations Made Easier,True,50,716,32,57,Beginner Level,0.0,2016-09-14 17:15:45+00:00,Web Development,0,1,3,1,
1214670,Tune That Sour Note On Your Piano,True,20,0,0,6,All Levels,0.0,2017-06-20 21:46:40+00:00,Musical Instruments,0,0,2,1,
600366,Turn Your Animated Greeting Card Carousel Into A Music Video,True,20,311,0,9,Intermediate Level,0.0,2016-07-01 18:35:17+00:00,Graphic Design,0,3,1,1,
300466,Turn Your Photos Into Professional And Modern Artworks,True,20,1557,11,12,All Levels,0.0,2014-09-16 13:09:16+00:00,Graphic Design,1,0,1,1,
56585,Twitter Bootstrap 2 For Beginners,True,20,2388,139,12,Beginner Level,0.0,2013-05-29 18:13:10+00:00,Web Development,1,1,3,1,
709180,Twitter Integration Customize Tweets With Developer Api,True,115,2039,7,19,All Levels,0.0,2015-12-29 18:12:34+00:00,Web Development,1,0,3,1,
986406,Typescript Masterclass & Free E-Book,True,150,1229,139,108,All Levels,0.0,2016-11-08 22:57:58+00:00,Web Development,1,0,3,1,
691641,Typografie - Die Besten Schriftarten Im Geschäftsalltag,True,75,213,10,16,Beginner Level,0.0,2016-01-18 23:47:06+00:00,Graphic Design,0,1,1,1,
1117796,Typographic Logo Design In Illustrator - Beginners & Beyond,True,150,1720,40,27,All Levels,0.0,2017-02-23 21:40:39+00:00,Graphic Design,1,0,1,1,
317278,Typographic Logos: Typography And Lettering For Logo Design,True,25,4235,427,20,Intermediate Level,0.0,2014-10-16 19:30:01+00:00,Graphic Design,1,3,1,1,
634480,Typographic Poster Design - From Sketch To Vector,True,45,36,5,20,Intermediate Level,0.0,2015-10-08 17:21:31+00:00,Graphic Design,0,3,1,1,0.0
412864,Typography 101: Picking The Right Fonts For Business Success,True,75,1224,10,15,Beginner Level,0.0,2015-04-20 18:03:34+00:00,Graphic Design,1,1,1,1,0.0
397204,Typography Design: Learn Web Typography The Practical Way,True,20,970,9,34,Beginner Level,0.0,2015-01-20 20:39:15+00:00,Graphic Design,1,1,1,1,
575040,Typography From A To Z,True,100,317,15,76,All Levels,0.0,2015-08-07 22:16:26+00:00,Graphic Design,0,0,1,1,
77896,Typography Fundamentals - Feel Confident With Type!,True,20,1873,121,14,Beginner Level,0.0,2013-10-20 07:39:55+00:00,Graphic Design,1,1,1,1,
507726,Typography: Learn The Basics To Build A Solid Foundation,True,35,5850,19,34,Beginner Level,0.0,2015-05-26 17:36:32+00:00,Graphic Design,1,1,1,1,0.0
635716,Typography: Learn The Foundation And Designs,True,135,220,13,33,All Levels,0.0,2015-11-11 00:52:59+00:00,Graphic Design,0,0,1,1,1.0
948294,مدخل في أساسيات الفوطوشوب للمبتدئين فقط,True,120,13,9,7,Beginner Level,0.0,2016-09-06 02:48:13+00:00,Graphic Design,0,1,1,1,
690546,Uk Self Assessment Tax Return Filing Online,True,20,23,7,6,All Levels,0.0,2015-12-07 18:36:33+00:00,Business Finance,0,0,0,1,0.0
359926,Uk Tax Returns With Hmrc,True,40,2,0,11,Beginner Level,0.0,2016-04-05 15:48:32+00:00,Business Finance,0,1,0,1,
970462,Ukelele Exprés: Aprende A Tocar En Menos De Un Mes,False,0,888,64,25,Beginner Level,0.0,2016-10-17 19:14:29+00:00,Musical Instruments,0,1,2,0,
532572,Ukulele 2 : Level 1 Key Of C And Strums,True,20,26,2,26,Beginner Level,0.0,2016-02-01 05:42:39+00:00,Musical Instruments,0,1,2,1,
730702,Ukulele 3:  Intermediate,True,25,1,0,11,Intermediate Level,0.0,2017-05-24 23:03:44+00:00,Musical Instruments,0,3,2,1,
1150468,Ukulele Lernen Für Papas Mit Aram Sam Sam,True,55,1,0,37,Beginner Level,0.0,2017-05-17 20:23:46+00:00,Musical Instruments,0,1,2,1,
1189926,Ukulele Lernen Für Papas Mit Bruder Jakob,True,55,12,1,38,Beginner Level,0.0,2017-05-04 21:54:35+00:00,Musical Instruments,0,1,2,1,
835616,Ukulele Lessons For Beginners - Fast Track Your Learning,True,20,57,8,28,Beginner Level,0.0,2016-06-09 04:54:44+00:00,Musical Instruments,0,1,2,1,0.0
945978,Ultimate Angular 4 (Previously Angular 2) With Bootstrap 4,True,50,11384,1846,80,All Levels,0.0,2016-09-19 22:25:38+00:00,Web Development,1,0,3,1,
585496,Ultimate Angularjs: Build A Real-World App From Scratch,True,100,1712,438,49,All Levels,0.0,2016-02-08 23:41:51+00:00,Web Development,1,0,3,1,
742096,Ultimate Beginner Guitar Guide - Both Acoustic & Electric,True,45,57,9,15,Beginner Level,0.0,2016-02-16 17:19:38+00:00,Musical Instruments,0,1,2,1,1.0
1132342,Ultimate Beginner Guitar Masterclass,True,200,8113,79,124,Beginner Level,0.0,2017-05-15 23:04:11+00:00,Musical Instruments,1,1,2,1,1.0
173776,Ultimate Blues Guitar Beginner Lessons,True,20,922,57,90,Beginner Level,0.0,2014-03-08 11:31:03+00:00,Musical Instruments,1,1,2,1,
1243474,Ultimate Css & Jquery Form Designing From Beginner To Expert,True,115,783,5,13,All Levels,0.0,2017-06-09 00:12:57+00:00,Web Development,0,0,3,1,
977474,Ultimate Css3 Course - From Beginners To Professional,True,95,2635,25,30,All Levels,0.0,2016-10-13 22:36:36+00:00,Web Development,1,0,3,1,
438420,Ultimate Guide On Freelancing Career In Photoshop Design,True,165,1479,49,82,All Levels,0.0,2015-04-30 19:41:43+00:00,Graphic Design,1,0,1,1,
615106,Ultimate Guide To Social Media Web Development Integration,True,200,11011,13,36,All Levels,0.0,2015-09-20 18:13:38+00:00,Web Development,1,0,3,1,1.0
521952,Ultimate Guide To Trading Engulfing Candlestick Strategy,True,200,185,36,25,All Levels,0.0,2016-10-25 02:14:44+00:00,Business Finance,0,0,0,1,1.0
1070968,Ultimate Investment Banking Course,True,200,2147,23,51,All Levels,0.0,2017-01-18 20:58:58+00:00,Business Finance,1,0,0,1,1.0
895096,Ultimate Javascript Objects,True,20,1525,43,65,All Levels,0.0,2016-07-07 21:00:57+00:00,Web Development,1,0,3,1,
909836,Ultimate Javascript Strings,False,0,3142,117,20,Beginner Level,0.0,2016-07-29 12:53:13+00:00,Web Development,1,1,3,0,
1046722,Ultimate Photoshop Training: From Beginner To Pro,True,200,5326,447,150,Beginner Level,0.0,2017-01-12 16:56:22+00:00,Graphic Design,1,1,1,1,1.0
482534,Ultimate Retirement: Build Your Own Dynamic Retirement Plan,True,50,1184,15,37,All Levels,0.0,2015-07-28 00:45:02+00:00,Business Finance,1,0,0,1,1.0
602032,Ultimate Stock Market Investing: Learn How To Value Stocks,True,50,1519,40,46,All Levels,0.0,2015-11-03 00:09:31+00:00,Business Finance,1,0,0,1,
446134,Ultimate Web Designer & Developer Course: Build 23 Projects!,True,200,33788,4434,246,All Levels,0.0,2015-08-20 20:55:19+00:00,Web Development,1,0,3,1,
924704,Ultimate Web Developer Course Build 10 Websites From Scratch,True,200,9359,110,402,Beginner Level,0.0,2016-10-10 15:09:14+00:00,Web Development,1,1,3,1,
576694,Ultimate Wordpress Plugin Course,True,100,4537,415,49,All Levels,0.0,2015-08-20 20:32:31+00:00,Web Development,1,0,3,1,1.0
109988,Understand Banks & Financial Markets,True,30,1548,24,34,All Levels,0.0,2013-12-19 21:19:37+00:00,Business Finance,1,0,0,1,0.0
1251654,Understand Core Finance Principles In 60 Minutes,True,75,0,0,13,Beginner Level,0.0,2017-06-29 22:04:17+00:00,Business Finance,0,1,0,1,
856530,Understand Php Arrays And Http Request In A Better Way,True,35,1627,38,7,All Levels,0.0,2016-05-23 17:05:27+00:00,Web Development,1,0,3,1,
429080,Understanding Financial Derivatives,True,20,16,1,11,Intermediate Level,0.0,2017-03-24 22:25:11+00:00,Business Finance,0,3,0,1,
1035638,Understanding Financial Statements,True,25,0,0,10,All Levels,0.0,2016-12-15 14:56:17+00:00,Business Finance,0,0,0,1,
343818,Understanding The Stock Market: For Beginners,True,25,122,2,36,Beginner Level,0.0,2014-11-18 18:43:41+00:00,Business Finance,0,1,0,1,0.0
947098,Understanding Typescript,True,110,9132,1560,137,All Levels,0.0,2016-09-12 17:33:38+00:00,Web Development,1,0,3,1,
617158,Unit Testing Angularjs: Build Bugfree Apps That Always Work!,True,25,2083,213,23,All Levels,0.0,2016-01-24 21:47:20+00:00,Web Development,1,0,3,1,
1065250,Up And Running With Jquery,False,0,3324,138,19,All Levels,0.0,2017-02-03 23:23:30+00:00,Web Development,1,0,3,0,
1005610,Up And Running With Phalcon,True,20,715,12,12,All Levels,0.0,2016-11-10 15:33:54+00:00,Web Development,0,0,3,1,
47504,Use Crowdfunding Effectively With Indiegogo And Kickstarter,False,0,6533,32,9,All Levels,0.0,2013-06-25 15:22:28+00:00,Business Finance,1,0,0,0,1.0
323950,Use The Magic Multiple Moving Average Forex Trading System,True,50,1097,252,10,Intermediate Level,0.0,2014-11-08 02:21:54+00:00,Business Finance,1,3,0,1,
711592,Using Modern Javascript Today,True,50,1658,185,68,Intermediate Level,0.0,2016-01-01 18:34:53+00:00,Web Development,1,3,3,1,1.0
297602,Using Modx Cms To Build Websites: A Beginner'S Guide,True,45,901,36,20,Beginner Level,0.0,2014-09-28 19:51:11+00:00,Web Development,0,1,3,1,
860890,"Using 'The Greeks To Understand Options""",True,50,2134,55,5,All Levels,0.0,2016-07-13 18:37:40+00:00,Business Finance,1,0,0,1,
1095700,Using Xero For Your Bookkeeping Needs  Do Beautiful Business,True,95,39,6,28,Beginner Level,0.0,2017-02-27 16:33:33+00:00,Business Finance,0,1,0,1,
722176,Uso Básico De Adobe Photoshop,True,20,1,0,27,Beginner Level,0.0,2016-02-08 19:47:44+00:00,Graphic Design,0,1,1,1,0.0
615602,Valuation Of Goodwill For Ca / Cfa / Cma Exams,True,20,1509,0,9,All Levels,0.0,2015-09-23 17:16:11+00:00,Business Finance,1,0,0,1,
812798,Value Investing And Stock Market Fundamentals,True,195,74,8,17,Beginner Level,0.0,2016-04-07 18:10:31+00:00,Business Finance,0,1,0,1,
743914,Value Investing For Beginners,True,100,801,48,25,Beginner Level,0.0,2016-05-11 17:20:38+00:00,Business Finance,0,1,0,1,1.0
502240,"Value Investing, Taught By Six Superinvestors",True,200,3804,267,66,All Levels,0.0,2015-06-19 21:22:17+00:00,Business Finance,1,0,0,1,
1067516,Vector Logo Design In Affinity Designer,True,150,1789,102,57,All Levels,0.0,2017-02-07 18:09:03+00:00,Graphic Design,1,0,1,1,
637922,Venture Capital. What Is It And Why It Matters To You!,True,50,1566,48,25,All Levels,0.0,2015-10-14 17:50:29+00:00,Business Finance,1,0,0,1,
917176,Violin For Beginners,True,50,4,0,18,Beginner Level,0.0,2017-03-07 23:22:53+00:00,Musical Instruments,0,1,2,1,
676432,Violin Lessons For Beginners,True,20,59,6,15,Beginner Level,0.0,2015-11-25 21:56:34+00:00,Musical Instruments,0,1,2,1,
65033,Virtual Piano Lessons - A New Way To Learn Piano,True,50,5830,29,12,All Levels,0.0,2013-07-21 23:31:31+00:00,Musical Instruments,1,0,2,1,
892446,Visualizing Data,True,40,149,2,63,Intermediate Level,0.0,2016-07-22 13:09:03+00:00,Business Finance,0,3,0,1,
584522,Voiceover Audio Secrets - Your Way To Top Audio Quality,True,195,918,8,39,Beginner Level,0.0,2015-11-11 18:11:55+00:00,Web Development,1,1,3,1,
1128662,Volatility Trading Analysis With R,True,50,190,13,45,Expert Level,0.0,2017-03-06 21:26:55+00:00,Business Finance,0,2,0,1,
1245392,Voxel 3D Model Creation Course,False,0,1031,9,8,All Levels,0.0,2017-06-08 22:46:39+00:00,Graphic Design,1,0,1,0,
284118,Vps For Forex Trading - Protect Your Forex Robots,True,160,4252,225,24,All Levels,0.0,2014-09-19 04:07:58+00:00,Business Finance,1,0,0,1,
1165096,Vue Js - Mastering Web Apps,True,80,13457,215,69,All Levels,0.0,2017-04-06 16:57:56+00:00,Web Development,1,0,3,1,1.0
995016,Vue Js 2 - The Complete Guide (Incl. Vue Router & Vuex),True,190,17671,4675,329,All Levels,0.0,2016-11-08 18:55:21+00:00,Web Development,1,0,3,1,
1047968,Vue Js 2: From Beginner To Professional,True,145,602,93,214,All Levels,0.0,2016-12-28 03:56:24+00:00,Web Development,0,0,3,1,
900434,Vuejs V1 Introduction To Vuejs Javascript Framework,True,200,3632,28,31,Beginner Level,0.0,2016-07-26 16:53:56+00:00,Web Development,1,1,3,1,1.0
665278,Walking Bass - Quick Start Guide,True,50,193,20,31,All Levels,0.0,2015-12-10 22:33:58+00:00,Musical Instruments,0,0,2,1,
1113170,Walking Bass Fundamentals,True,50,44,3,34,All Levels,0.0,2017-03-13 22:15:23+00:00,Musical Instruments,0,0,2,1,
255280,We Will Pay You To Trade With Us,True,20,2101,51,11,All Levels,0.0,2014-08-18 21:09:54+00:00,Business Finance,1,0,0,1,1.0
361286,Wealth Management,True,30,274,1,21,All Levels,0.0,2014-12-17 14:24:15+00:00,Business Finance,0,0,0,1,0.0
137650,Web Application Development - Learn By Building 3 Web Apps,True,30,1688,16,29,Beginner Level,0.0,2014-06-23 08:06:43+00:00,Web Development,1,1,3,1,1.0
1089652,"Web Application Development Using Redis, Express, And Socket",True,200,300,16,66,Beginner Level,0.0,2017-02-09 17:10:16+00:00,Web Development,0,1,3,1,1.0
948204,Web Building Starter Pack. Html Css And Jquery Animations,True,30,1033,16,42,All Levels,0.0,2016-10-07 21:58:04+00:00,Web Development,1,0,3,1,
958750,Web Design Creating Websites From Scratch,True,75,13920,64,28,Beginner Level,0.0,2016-09-19 22:32:38+00:00,Web Development,1,1,3,1,
246154,Web Design For Beginners: Real World Coding In Html & Css,True,100,9103,1724,58,All Levels,0.0,2014-09-22 23:58:31+00:00,Web Development,1,0,3,1,
473160,Web Design For Web Developers: Build Beautiful Websites!,False,0,98867,6512,20,All Levels,0.0,2015-04-13 18:29:47+00:00,Web Development,1,0,3,0,
951060,Web Design How To Create A Website Html Css Bootstrap,True,75,5263,29,29,Beginner Level,0.0,2016-09-12 13:14:13+00:00,Web Development,1,1,3,1,
947498,Web Design Html Css How To Create A Website From Scratch,True,50,3601,28,22,Beginner Level,0.0,2016-09-03 05:21:37+00:00,Web Development,1,1,3,1,1.0
65330,Web Development By Doing: Html / Css From Scratch,False,0,72932,2575,21,Beginner Level,0.0,2013-09-25 00:42:09+00:00,Web Development,1,1,3,0,
532008,Web Development Essential Skills - Complete Html And Css,True,95,1388,11,58,All Levels,0.0,2015-09-29 21:30:21+00:00,Web Development,1,0,3,1,1.0
965528,Web Development Masterclass - Complete Certificate Course,True,200,4090,178,348,All Levels,0.0,2016-10-12 03:14:13+00:00,Web Development,1,0,3,1,
549064,Web Development Tools The Pros Use: Code Productivity Hacks,True,30,2596,11,39,Beginner Level,0.0,2015-10-08 18:13:22+00:00,Web Development,1,1,3,1,
1002030,Web Development W/ Google’S Go (Golang) Programming Language,True,65,4872,662,171,Intermediate Level,0.0,2017-01-17 22:30:33+00:00,Web Development,1,3,3,1,1.0
403604,Web Development With Bootstrap - 16 Instant Themes Included!,True,40,1355,45,27,All Levels,0.0,2015-07-14 20:32:14+00:00,Web Development,1,0,3,1,0.0
1009236,Web Development With Google Maps,True,50,222,9,60,Beginner Level,0.0,2017-01-03 15:44:32+00:00,Web Development,0,1,3,1,
1231872,Web Development With Html Css Bootstrap Jquery For Beginners,True,35,1156,4,59,Beginner Level,0.0,2017-05-30 17:15:41+00:00,Web Development,1,1,3,1,0.0
65355,Web Development: Make A Website That Will Sell For Thousands,True,50,1116,62,51,All Levels,0.0,2013-09-03 00:08:55+00:00,Web Development,1,0,3,1,0.0
133968,Web Elements Design With Photoshop,True,45,5072,38,44,All Levels,0.0,2014-10-21 19:18:12+00:00,Graphic Design,1,0,1,1,
130694,Web Hosting Fundamentals,True,20,1867,19,8,All Levels,0.0,2013-12-08 07:15:28+00:00,Web Development,1,0,3,1,
380178,Web Hosting Introduction: How To Publish Your Website Online,False,0,5533,137,11,Beginner Level,0.0,2015-02-09 00:55:50+00:00,Web Development,1,1,3,0,
188828,Web Hosting Set Up And Wordpress Installation For Beginners,False,0,12563,239,11,Beginner Level,0.0,2014-04-09 02:58:17+00:00,Web Development,1,1,3,0,
542254,Web Programming Course : Asp.Net Mvc,True,100,2760,76,26,All Levels,0.0,2015-07-13 22:58:32+00:00,Web Development,1,0,3,1,
16646,Web Programming With Python,True,50,35267,217,53,All Levels,0.0,2012-04-25 00:01:43+00:00,Web Development,1,0,3,1,
574082,"Web Scraping With Python, Ruby & Import. Io",True,75,973,50,46,All Levels,0.0,2015-08-09 22:16:41+00:00,Web Development,1,0,3,1,
904818,Web Security: Common Vulnerabilities And Their Mitigation,True,50,1547,30,56,All Levels,0.0,2016-07-14 16:24:08+00:00,Web Development,1,0,3,1,
920306,Web Site For Beginners - Learn Web Building Like Knitting,True,20,9425,147,14,Beginner Level,0.0,2016-08-10 00:40:59+00:00,Web Development,1,1,3,1,
1037666,Webpack 1 & 2 - The Complete Guide,True,40,252,46,79,All Levels,0.0,2017-03-10 22:04:41+00:00,Web Development,0,0,3,1,
1039062,Webpack 2: The Complete Developer'S Guide,True,75,8964,1893,56,All Levels,0.0,2017-01-03 20:09:17+00:00,Web Development,1,0,3,1,1.0
1026206,Website Builder Software Previews,True,25,1406,12,20,Beginner Level,0.0,2016-12-15 04:55:26+00:00,Web Development,1,1,3,1,
923616,Website Investing 101 - Buying & Selling Online Businesses,False,0,6811,151,51,All Levels,0.0,2016-08-05 17:03:15+00:00,Business Finance,1,0,0,0,
217010,Website Secrets: Get A Gorgeous Website On The Cheap,True,50,12328,15,32,All Levels,0.0,2014-07-04 08:17:41+00:00,Web Development,1,0,3,1,
45136,Weekly Options And Study Of Options Expiration Dynamics,True,60,779,56,6,Expert Level,0.0,2013-03-08 12:22:12+00:00,Business Finance,0,2,0,1,
834558,What Finance Job Is For You? Explanation Of 14 Finance Roles,True,200,2951,232,60,All Levels,0.0,2016-05-04 05:22:32+00:00,Business Finance,1,0,0,1,
537748,What Is Bitcoin,True,20,61,3,27,All Levels,0.0,2015-07-09 00:07:44+00:00,Business Finance,0,0,0,1,
592122,What You Can Learn Before Piano Lessons,False,0,61,1,31,Beginner Level,0.0,2015-09-01 20:54:52+00:00,Musical Instruments,0,1,2,0,
968056,What You Should Know To Become A Trader,True,125,17,2,14,All Levels,0.0,2016-09-29 05:13:00+00:00,Business Finance,0,0,0,1,
598970,What’S New In Bootstrap 4,True,20,130,14,20,All Levels,0.0,2015-09-07 21:05:06+00:00,Web Development,0,0,3,1,
1131780,"Whiteboard Animation, Beginner To Expert - In 1 Hour!",True,20,1343,25,16,All Levels,0.0,2017-03-14 20:52:30+00:00,Graphic Design,1,0,1,1,
1039930,"Wie Du, Dir Auch Mit Kleinen Beträgen Ein Vermögen Aufbaust",True,70,187,3,53,All Levels,0.0,2016-12-14 20:18:45+00:00,Business Finance,0,0,0,1,
1210062,Wie Funktionieren Bitcoin? Ein Einführungskurs.,True,20,14,4,14,Beginner Level,0.0,2017-05-10 23:37:44+00:00,Business Finance,0,1,0,1,
1239206,Win 90% Of Trades; Quantitative Investments Models In Excel,True,200,4,1,16,Beginner Level,0.0,2017-06-28 15:09:21+00:00,Business Finance,0,1,0,1,
1242604,Winning Forex Trading With Live Forex Trading Examples,True,200,809,3,25,All Levels,0.0,2017-06-06 02:54:04+00:00,Business Finance,0,0,0,1,
100526,Winning Options Trading System,True,105,367,11,24,All Levels,0.0,2013-10-09 21:12:00+00:00,Business Finance,0,0,0,1,
908664,Word Swag : Create Stunning Images With The Word Swag App,True,100,2416,19,14,All Levels,0.0,2016-08-09 17:56:53+00:00,Graphic Design,1,0,1,1,1.0
651032,Wordpress - Create An Outstanding Website In 2 Hours,True,30,1772,13,48,Beginner Level,0.0,2015-10-28 22:45:22+00:00,Web Development,1,1,3,1,
400280,Wordpress : An Overview,True,45,1783,16,15,Beginner Level,0.0,2015-02-02 04:48:51+00:00,Web Development,1,1,3,1,
510784,Wordpress 2016 For Beginners : Build Awesome Websites!,True,20,2177,13,43,All Levels,0.0,2015-07-13 20:39:05+00:00,Web Development,1,0,3,1,
859936,Wordpress Academy: Learn Wordpress Step By Step,True,150,1873,360,79,Beginner Level,0.0,2016-07-12 23:10:02+00:00,Web Development,1,1,3,1,
934570,Wordpress Backup & Restore,True,95,478,37,18,All Levels,0.0,2016-09-15 17:20:21+00:00,Web Development,0,0,3,1,
226534,Wordpress Backup And Restore Fundamentals,False,0,13242,131,24,Intermediate Level,0.0,2014-06-24 19:23:44+00:00,Web Development,1,3,3,0,
814848,Wordpress Basics To Business: Share And Sell Your Expertise,True,50,1125,10,45,Beginner Level,0.0,2016-04-07 21:06:31+00:00,Web Development,1,1,3,1,
883706,Wordpress Beginner Tutorial: Build Your First Website,False,0,6402,104,23,Beginner Level,0.0,2016-06-21 03:29:46+00:00,Web Development,1,1,3,0,
1121580,Wordpress Blog : Create A Wordpress Website For Beginners,True,20,2076,8,20,Beginner Level,0.0,2017-02-26 18:29:53+00:00,Web Development,1,1,3,1,
1178762,Wordpress Development - Themes And Plugins Complete Guide,True,200,103,11,72,All Levels,0.0,2017-06-30 23:14:31+00:00,Web Development,0,0,3,1,
576054,"Wordpress Development - Themes, Plugins & Single Page Apps",True,150,817,164,131,Intermediate Level,0.0,2016-03-02 06:26:16+00:00,Web Development,0,3,3,1,
610202,Wordpress Development : Create A Custom Wordpress Website,True,120,885,3,13,All Levels,0.0,2015-09-13 18:32:52+00:00,Web Development,0,0,3,1,
722754,Wordpress Development Crash Course: From Zero To Hero,True,60,1699,8,22,All Levels,0.0,2016-02-01 22:07:26+00:00,Web Development,1,0,3,1,1.0
882488,Wordpress Development For Beginners,True,95,23572,210,20,All Levels,0.0,2016-06-20 18:46:15+00:00,Web Development,1,0,3,1,
966794,"Wordpress Development With Nodejs, Gulp, Composer & More",True,25,289,30,30,Intermediate Level,0.0,2016-10-25 13:47:26+00:00,Web Development,0,3,3,1,
1034520,Wordpress Domination #2: Leads & Scarcity,True,95,2362,4,13,Beginner Level,0.0,2017-01-10 17:41:50+00:00,Web Development,1,1,3,1,
579182,Wordpress Essentials: Useful Plugins,True,25,1087,7,24,Beginner Level,0.0,2015-09-15 00:19:49+00:00,Web Development,1,1,3,1,
604044,Wordpress For Beginners - Build A Live Website From Scratch,True,20,3877,92,15,Beginner Level,0.0,2015-09-09 17:53:26+00:00,Web Development,1,1,3,1,1.0
384318,Wordpress For Beginners - Build Your First Website In 2017,True,100,1701,125,88,Beginner Level,0.0,2015-06-23 20:16:55+00:00,Web Development,1,1,3,1,1.0
566920,Wordpress For Beginners - Tutorial - From Novice To Know-How,True,20,3694,48,39,Beginner Level,0.0,2015-08-28 19:41:50+00:00,Web Development,1,1,3,1,
602702,Wordpress For Beginners :Build Websites Fast Without Coding,True,50,1658,72,68,All Levels,0.0,2015-09-08 19:33:25+00:00,Web Development,1,0,3,1,
1147064,Wordpress For Beginners | No Coding Required,True,20,3106,31,13,All Levels,0.0,2017-04-15 00:32:58+00:00,Web Development,1,0,3,1,
1172166,Wordpress For Beginners 2017 + Google Adsense Implementation,True,195,2225,14,64,All Levels,0.0,2017-06-05 18:20:34+00:00,Web Development,1,0,3,1,1.0
507992,Wordpress For Beginners: Create A Professional Website,True,200,5129,183,35,Beginner Level,0.0,2015-06-07 18:57:30+00:00,Web Development,1,1,3,1,1.0
977516,Wordpress For Non-Technical People,True,150,2346,10,65,Beginner Level,0.0,2016-11-15 21:51:28+00:00,Web Development,1,1,3,1,
552598,Wordpress In Under An Hour - Create/Manage Your Own Website!,False,0,6474,86,15,All Levels,0.0,2015-07-15 00:21:56+00:00,Web Development,1,0,3,0,
547298,Wordpress Lms: E-Learning Website Made Easy,True,20,2382,22,16,All Levels,0.0,2015-07-08 00:08:54+00:00,Web Development,1,0,3,1,
1033686,Wordpress Local Server Setup And Site Migration Online,True,55,3801,43,12,All Levels,0.0,2017-01-03 22:28:01+00:00,Web Development,1,0,3,1,
944886,Wordpress Look And Feel With Themes,True,25,2371,10,12,Beginner Level,0.0,2016-09-04 19:34:22+00:00,Web Development,1,1,3,1,
469678,Wordpress On Aws: The Easy Way To Aws For Free Fast Hosting,True,40,245,23,36,All Levels,0.0,2015-08-11 23:47:57+00:00,Web Development,0,0,3,1,1.0
570848,Wordpress Plugin Development -> Deep Dive Discovery!,True,40,2650,19,39,All Levels,0.0,2015-11-05 22:16:20+00:00,Web Development,1,0,3,1,
529028,Wordpress Plugin Development For 2017 - Build 14 Plugins,True,50,3770,108,72,All Levels,0.0,2015-08-11 20:52:21+00:00,Web Development,1,0,3,1,
494510,Wordpress Plugin Tutorial,True,40,1588,8,15,Beginner Level,0.0,2015-05-14 21:38:00+00:00,Web Development,1,1,3,1,
944906,Wordpress Plugins And Widgets,True,40,8711,29,12,Beginner Level,0.0,2016-09-09 18:15:07+00:00,Web Development,1,1,3,1,1.0
568524,Wordpress Plugins Treasure Chest,True,25,1655,10,44,Intermediate Level,0.0,2015-08-06 21:01:21+00:00,Web Development,1,3,3,1,0.0
473338,Wordpress Security,True,95,2888,26,24,All Levels,0.0,2015-04-13 17:53:02+00:00,Web Development,1,0,3,1,1.0
339086,Wordpress Security - The Ultimate Security Guide,True,60,2267,17,29,All Levels,0.0,2015-01-04 20:28:06+00:00,Web Development,1,0,3,1,
911712,Wordpress Site Migration,True,20,1894,40,35,All Levels,0.0,2016-07-28 02:38:31+00:00,Web Development,1,0,3,1,
512000,Wordpress Theme Academy With Bootstrap,True,20,1169,110,64,Intermediate Level,0.0,2015-09-10 00:48:11+00:00,Web Development,1,3,3,1,
520870,Wordpress Theme Customization 101 (For Beginners),True,40,305,40,9,Beginner Level,0.0,2015-06-05 19:58:14+00:00,Web Development,0,1,3,1,
1211800,Wordpress Theme Development For Beginners,True,20,1052,14,47,All Levels,0.0,2017-05-17 22:55:23+00:00,Web Development,1,0,3,1,
1236746,Wordpress Tips And Tricks,True,200,1117,10,37,Intermediate Level,0.0,2017-06-08 17:44:18+00:00,Web Development,1,3,3,1,
361620,Wordpress Tutorial,True,200,2311,8,44,All Levels,0.0,2014-12-04 19:17:17+00:00,Web Development,1,0,3,1,1.0
1068590,Wordpress Website Mastery 2017,False,0,5181,64,22,Beginner Level,0.0,2017-01-18 17:01:40+00:00,Web Development,1,1,3,0,
1122306,Wordpress: Comment Utiliser Le Thème Fable,True,20,1,0,10,Beginner Level,0.0,2017-03-07 16:53:27+00:00,Graphic Design,0,1,1,1,0.0
774910,Wordpress: Create An Amazing Website With Ease,True,200,1109,13,24,All Levels,0.0,2016-05-03 19:53:12+00:00,Web Development,1,0,3,1,
941990,Work From Home Online (Part/Full) : Trade Forex 4 Beginners,True,45,2981,23,17,Beginner Level,0.0,2016-10-09 19:33:35+00:00,Business Finance,1,1,0,1,
1153854,"Working Capital Assessment For Bankers, Credit Analysts",True,20,4,0,29,Beginner Level,0.0,2017-04-06 23:30:07+00:00,Business Finance,0,1,0,1,0.0
326948,Working Capital Management For Ca / Cfa / Cpa Exams,True,25,2342,9,33,Intermediate Level,0.0,2014-10-25 13:00:19+00:00,Business Finance,1,3,0,1,
221872,Working Capital Management For Entrepreneurs,True,20,507,5,15,Expert Level,0.0,2014-11-19 10:36:51+00:00,Business Finance,0,2,0,1,
1271430,Workshop On Banking Credit Analysis Process,True,100,0,0,7,All Levels,0.0,2017-06-28 23:22:27+00:00,Business Finance,0,0,0,1,0.0
1003250,World Percussion: Complete Lessons For Everyone,True,40,68,9,56,All Levels,0.0,2016-11-14 15:36:35+00:00,Musical Instruments,0,0,2,1,
40495,World'S Fastest Piano Method - The Piano Revolution!,True,95,1199,58,31,Beginner Level,0.0,2013-02-18 20:31:06+00:00,Musical Instruments,1,1,2,1,
1108666,Worship Piano: From Beginner To Pro,True,80,117,11,32,All Levels,0.0,2017-02-18 18:03:24+00:00,Musical Instruments,0,0,2,1,
1229274,Wp Plugin Development - Build Your Own Plugin!,True,200,5439,22,24,Beginner Level,0.0,2017-06-13 18:39:12+00:00,Web Development,1,1,3,1,
849632,Write A Successful Business Grant Proposal,True,20,6,0,23,Beginner Level,0.0,2016-07-10 17:11:15+00:00,Business Finance,0,1,0,1,
424864,Write Php Like A Pro: Build A Php Mvc Framework From Scratch,True,70,1703,435,65,All Levels,0.0,2016-02-04 22:36:17+00:00,Web Development,1,0,3,1,
752706,Write Quicker Html5 And Css 3; Productivity Hacks With Emmet,False,0,13016,286,15,All Levels,0.0,2016-03-03 17:45:31+00:00,Web Development,1,0,3,0,
113888,Writing Css With {Less} - Tutorial From Infinite Skills,True,50,788,21,25,All Levels,0.0,2013-11-01 18:13:28+00:00,Web Development,0,0,3,1,
440006,X Theme For Wordpress: Responsive Web Design Without Code!,True,20,1318,81,55,All Levels,0.0,2015-03-22 22:46:36+00:00,Web Development,1,0,3,1,
1073430,Xero Bookkeeping Course & Certification By Accounting Firm,True,20,7,3,15,Beginner Level,0.0,2017-02-13 23:21:49+00:00,Business Finance,0,1,0,1,
967410,Xml :Basics For Beginners,True,40,1062,12,11,All Levels,0.0,2016-09-26 16:38:41+00:00,Web Development,1,0,3,1,
1115128,Xml Dom - Crash Course For Beginners,True,45,396,6,8,All Levels,0.0,2017-02-19 23:41:32+00:00,Web Development,0,0,3,1,0.0
967422,Xml Dom :Basics For Beginners,True,35,920,1,7,All Levels,0.0,2016-09-26 16:47:11+00:00,Web Development,1,0,3,1,
1115064,Xml Dtd - Crash Course For Beginners,True,45,944,1,10,All Levels,0.0,2017-02-18 20:21:12+00:00,Web Development,1,0,3,1,
967424,Xml Dtd :Basics For Beginners,True,35,903,3,7,All Levels,0.0,2016-09-26 16:52:50+00:00,Web Development,0,0,3,1,
688872,Xml For Absolute Beginners: Learn To Create Your Own Tags,True,75,1945,58,10,Beginner Level,0.0,2015-12-17 17:27:32+00:00,Web Development,1,1,3,1,
1115132,Xml Xquery - Crash Course For Beginners,True,45,426,4,10,All Levels,0.0,2017-02-19 22:52:36+00:00,Web Development,0,0,3,1,
1115126,Xml Xslt - Crash Course For Beginners,True,45,426,4,9,All Levels,0.0,2017-02-19 18:11:07+00:00,Web Development,0,0,3,1,0.0
968292,Xpath :Basics For Beginners,True,40,878,6,8,All Levels,0.0,2016-09-27 15:20:47+00:00,Web Development,0,0,3,1,
968304,Xquery :Basics For Beginners,True,40,937,2,6,All Levels,0.0,2016-09-27 15:26:05+00:00,Web Development,1,0,3,1,
969170,Xsd :Basics For Beginners,True,35,755,0,7,All Levels,0.0,2016-09-27 18:01:26+00:00,Web Development,0,0,3,1,
968278,Xslt :Basics For Beginners,True,35,877,6,7,All Levels,0.0,2016-09-27 15:14:59+00:00,Web Development,0,0,3,1,
425126,Year-End Quickbooks Procedures,True,20,51,2,10,Beginner Level,0.0,2015-02-19 22:08:53+00:00,Business Finance,0,1,0,1,
180384,Yield Curve Dynamics,True,50,397,24,19,All Levels,0.0,2014-03-12 14:54:48+00:00,Business Finance,0,0,0,1,
560996,You Can Create Incredible Websites With Html Css Learn How,True,100,11892,50,28,All Levels,0.0,2015-09-12 01:35:41+00:00,Web Development,1,0,3,1,1.0
144222,"You Can Draw, Shade And Paint A Mixed Media Girl...Today!",True,30,1249,44,19,Beginner Level,0.0,2014-01-28 02:30:26+00:00,Graphic Design,1,1,1,1,
1031698,You Can Play Jazz Saxophone,True,20,37,7,6,Beginner Level,0.0,2017-03-15 16:20:15+00:00,Musical Instruments,0,1,2,1,
79364,Your Business By The Numbers,True,25,29,2,42,All Levels,0.0,2013-09-26 14:16:35+00:00,Business Finance,0,0,0,1,0.0
1257976,Your First 10 Guitar Lessons - Learn How To Play Guitar,False,0,924,4,18,Beginner Level,0.0,2017-06-29 00:29:36+00:00,Musical Instruments,1,1,2,0,1.0
551170,Your First Course On Piano,True,70,2002,34,33,Beginner Level,0.0,2015-07-16 17:07:49+00:00,Musical Instruments,1,1,2,1,
498488,Your First Successful Forex Trades - With Case Studies,True,200,1079,34,16,All Levels,0.0,2015-05-26 20:48:48+00:00,Business Finance,1,0,0,1,0.0
328960,Your Own Site In 45 Min: The Complete Wordpress Course,True,120,1566,29,36,All Levels,0.0,2015-04-20 22:15:17+00:00,Web Development,1,0,3,1,
552700,Your Second Course On Piano: Two Handed Playing,True,70,1018,12,22,Beginner Level,0.0,2015-10-26 20:04:21+00:00,Musical Instruments,1,1,2,1,
631754,Zend Framework 2: Learn The Php Framework Zf2 From Scratch,True,40,723,130,37,All Levels,0.0,2015-11-11 18:55:45+00:00,Web Development,0,0,3,1,0.0
1225194,Zoho Books Gestion Financière D'Entreprise Pas À Pas,False,0,229,0,33,All Levels,0.0,2017-05-26 16:45:55+00:00,Business Finance,0,0,0,0,
964478,Zombie Apocalypse Photoshop Actions,True,50,12,1,15,All Levels,0.0,2016-09-26 22:19:48+00:00,Graphic Design,0,0,1,1,
